:020000041000EA
:1000000000B50C4B00219960042159610A4919601F
:100010000A490B480160002159600121996001BC27
:10002000002800D0004707480749086003C880F34C
:10003000088808470000001800031F00180200038A
:10004000F40000180001001008ED00E000000000BE
:1000500000000000000000000000000000000000A0
:100060000000000000000000000000000000000090
:100070000000000000000000000000000000000080
:100080000000000000000000000000000000000070
:100090000000000000000000000000000000000060
:1000A0000000000000000000000000000000000050
:1000B0000000000000000000000000000000000040
:1000C0000000000000000000000000000000000030
:1000D0000000000000000000000000000000000020
:1000E0000000000000000000000000000000000010
:1000F0000000000000000000000000002CEC210DBA
:1001000000200420F7010010C3010010C5010010F9
:10011000C1010010C1010010C1010010C101001097
:10012000C1010010C1010010C1010010C701001081
:10013000C1010010C1010010C9010010CB01001065
:10014000CD010010CD010010CD010010CD01001037
:10015000CD010010CD010010CD010010CD01001027
:10016000CD010010CD010010CD010010CD01001017
:10017000CD010010CD010010CD010010CD01001007
:10018000CD010010CD010010CD010010CD010010F7
:10019000CD010010CD010010CD010010CD010010E7
:1001A000CD010010CD010010CD010010CD010010D7
:1001B000CD010010CD010010CD010010CD010010C7
:1001C00000BE00BE00BE00BE00BE00BE00F04BF888
:1001D000103800BEF2EB8871205703104C57031003
:1001E0003402001090A31AE700202149086006C8D5
:1001F00081F3088810471F48006800282FD10DA4FC
:100200000ECC002902D000F012F8F9E71A491B4A77
:10021000002000E001C19142FCD1194988471949E9
:1002200088471949884700BEFDE701C901C29A42C3
:10023000FBD370474C570310C0000020301B002038
:10024000BC7103100000042000000420BC710310E6
:1002500000100420001004200000000070470B482C
:100260001BF012FD0047EFF30580C0B2704700009D
:1002700008ED00E0000000D0301B0020E83A00202C
:1002800011A50110AD4B0110D1A40110575600006B
:1002900006005250ABB36053F4F602100600525001
:1002A000861C03021CF70210060052505422A29D25
:1002B000CCD3021005005250DE65F468BC71031007
:1002C000F8B5C046044B10B5002B03D003490448D1
:1002D00000E000BF10BDC0460000000068380020EC
:1002E00048BF0210014B03607047C04668BF021050
:1002F000C820704710B5FFF7FBFF10BD704710B561
:100300000400FFF7EFFF0421200020F0FFFE200093
:1003100010BD0000014B03607047C04668BF02106B
:1003200010B50400024B0360FFF7DCFF200010BD96
:10033000A8BF021010B50400FFF7F2FF0C21200047
:1003400020F0E4FE200010BDF0B585B003AC00271E
:100350002770124D01260096012322002321280038
:1003600020F03EF926700096012322002321280068
:1003700020F036F9072323700096063B2200232144
:10038000280020F02DF9132323700097123B220040
:100390002321280020F024F905B0F0BD50150020DD
:1003A00010B584B00400104800230093023303AA60
:1003B000232120F021F9002812DD03AA13781B0263
:1003C000507818181BF090FF084A094B1BF0FDFEEF
:1003D0001BF0A2FF6168A26810F052F904B010BDD2
:1003E00001204042FAE7C04650150020CCCCCCCCCE
:1003F000CCCC0C4010B582B0040003689B689847D1
:100400006168A268C8230093BE3B10F02EF902B0C9
:1004100010BD000010B50400FFF77CFF034B236004
:10042000002363609633A360200010BDA8BF0210B4
:10043000014B03607047C0462CC20210002303E04A
:10044000C218002111710133112BF9D9704710B571
:100450000368DB68984710BD401800797047002991
:1004600005D0112905D040180271012070470020E5
:10047000FCE70020FAE710B50400FFF7D9FF1821C8
:10048000200020F043FE200010BD10B5040083685A
:10049000002B02D0032201009847200010BD10B5A8
:1004A00004004368013B4360002B0BD103689B6849
:1004B0009847A368013BA360002B03D12368DB6846
:1004C0002000984710BD0000014B03607047C046F4
:1004D0002CC2021010B504000068A168091A002897
:1004E00001D020F013FE200010BD70B50600046896
:1004F000456803E0200022F065F91834A542F9D1DF
:100500003000FFF7E7FF300070BD10B50400343055
:1005100022F058F920001C3022F054F92000FFF797
:10052000E4FF200010BD70B582B004000E00551A23
:1005300001950F2D0ED8009420682A00310022F07A
:100540006FF9002200920199616023685B181A70AC
:1005500002B070BD002201A922F016F92060019BB3
:10056000A360E8E770B504000D00030008330360E2
:1005700000290AD008002AF021FE2A1800232900A9
:100580002000FFF7D0FF200070BD014821F0F4FEED
:10059000BCBF021070B582B00400150001AAFFF7BD
:1005A000E1FF260018360C22002130001CF024FC4C
:1005B0000822002130001CF01FFC00236362A561AB
:1005C000034B6362034B2362200002B070BDC04640
:1005D0007D060010FD050010022A0AD007D8002A67
:1005E00003D0012A03D1016001E0034B0360002026
:1005F00070470B680360FAE714C2021010B5002AB6
:1006000004D0012A06D0FFF7E7FF01E0024B0360A8
:10061000002010BD0160FBE714C2021070B50C0091
:10062000150004E001CCFC21490020F06FFDAC4234
:10063000F8D370BD10B504000368002B09D0426ADE
:1006400004324169FFF7EAFF20686168890020F001
:100650005DFD200010BD10B586B00C681100684625
:1006600022F098F96846A047684622F0ABF806B039
:1006700010BD684622F0A6F820F0E6FD10B50A008D
:1006800001000020FFF7E7FF10BDF0B5C64600B53A
:1006900088461700CE68043606E0200022F092F863
:1006A0001834A542F9D10436FB68B34204D9346842
:1006B0002500F935FF35F4E74246D268934215D05C
:1006C00043461C689D6803E0200022F07BF8183444
:1006D000A542F9D17C683D6803E0200022F072F861
:1006E0001834A542F9D180BCB846F0BD43461C6819
:1006F0003D6803E0200022F065F81834A542F9D1E6
:10070000F1E700B589B00B6800934B6801938B68E3
:100710000293CB680393136804935368059393681B
:100720000693D368079304AA6946FFF7AEFF09B0A2
:1007300000BD10B588B0040083680093C3680193BE
:10074000036902934369039383690493C36905931F
:10075000036A0693436A0793030004AA6946FFF7F6
:10076000D0FF2000FFF766FF200008B010BD00009A
:1007700010B5084B8B4205D348004018C00021F04B
:100780003FFB10BD044B994201D921F0E5FD21F05A
:10079000D3FDC04655555505AAAAAA0AF8B50700C3
:1007A0000E0015000C0000E001C4AC4212D2002281
:1007B00015213800FFF7DCFFF6E720F021FE2200CC
:1007C00031003800FFF72AFF21F084FA20F052FEB2
:1007D00020F03AFDF8BD10B50800910020F096FC1D
:1007E00010BD10B50168426803001833994201D06A
:1007F000FFF7F1FF10BDF8B504000E00170015005B
:1008000001E018341835B44213D02100280022F03A
:1008100067FBF6E720F0F4FDBD4205D121F05AFA5E
:1008200020F028FE20F010FD380021F0CBFF183713
:10083000F2E72800F8BD0000F8B504000E0017002C
:10084000551AEA1093009B1819015B1819025B18DE
:1008500019045918490089180B4B9D420ED80029DC
:100860000FD00022FFF784FF020022605519A56017
:1008700039003000FFF7BFFF6060F8BD034821F08A
:1008800093FD0022F1E7C046F8FFFF7FF0BF0210A2
:1008900010B582B004000091019200230360436010
:1008A000836013005200D218D2008A180023FFF789
:1008B000C3FF04E02000FFF70DFE20F0C5FC200080
:1008C00002B010BD10B50800302120F01FFC10BD93
:1008D00070B505000C0008001C30FFF7D6FD201D88
:1008E00021F070FF21002800FFF7ECFF70BD70B50C
:1008F000050004E00C682800FFF7EAFF210000294A
:10090000F8D170BD10B504008168FFF7F0FF2068D2
:100910006268920000211CF06FFA0023E360A3607C
:1009200010BD10B50400FFF7EDFF2000FFF759FFE1
:10093000200010BD10B500238022920591425B413A
:10094000002B03D1880021F05BFA10BD8023DB056A
:10095000994201D321F000FD21F0EEFCF0B585B005
:1009600004000F00152138001BF0E2F9451C082394
:10097000029303300390082814D802AB1968616011
:10098000002201A8FFF7D6FF206063685B1B5B08AD
:100990009B00C618AD0075192A0031002000FFF732
:1009A000FDFE01E003ABE9E766613368E3601A002E
:1009B000F932FF322261043D65622D68E5612A004B
:1009C000F932FF322262A360152138001BF0B0F922
:1009D0004B005918C9006D18A56105B0F0BD20F095
:1009E0000FFD20686168890020F090FB00232360E0
:1009F000636021F06FF920F03DFD20F025FC10B57B
:100A000004000023036043608360C36003614361AB
:100A10008361C361036243620021FFF79FFF2000EF
:100A200010BD10B50400282200211CF0E5F92000BB
:100A3000FFF7E5FF200010BD10B504004168002954
:100A400002D00068FFF744FF200010BD10B500235E
:100A50008022920591425B41002B03D1880021F056
:100A6000CFF910BD8023DB05994201D321F074FC3E
:100A700021F062FC30B583B00C00002201A8FFF722
:100A8000E5FF0500A20000211CF0B6F9280003B024
:100A900030BD70B5040006001836066001234360BF
:100AA00000238360C360FE2292050261436183617B
:100AB000103021F0F1FC0500636883420CD201285C
:100AC00004D001002000FFF7D5FF02E00023A3615E
:100AD00000E0060026606560200070BD2000FFF782
:100AE00020FF20F0B1FBF8B50400160003688D006C
:100AF0005B59002B05D01B68136003685B591A60B3
:100B0000F8BD8368136082601368002B06D0076805
:100B10004168D86A1BF00CF989007E5023680834BC
:100B20005C51EDE710B50C008869002801D0FFF793
:100B3000B6FC1C21200020F0E9FA10BD70B50500BC
:100B40000C00002C0AD0E1682800FFF7F7FFA66828
:100B500021002800FFF7E6FF3400F2E770BD10B572
:100B60000C0008001430C969FFF7E8FF2C212000B1
:100B700020F0CCFA10BD70B505000C00002C0AD096
:100B8000E1682800FFF7F7FFA66821002800FFF7BB
:100B9000E6FF3400F2E770BD10B542684B689A4238
:100BA00001D0002010BD00680968002A05D02AF095
:100BB0000BF9002803D10130F4E70120F2E700200F
:100BC000F0E7F0B5D6464F464646C0B50700884622
:100BD0009246994602688B00D658002E15D034688C
:100BE0000AE02568002D18D07968E86A1BF0A0F8A3
:100BF000260088450FD12C00E56AA945F1D1211DB9
:100C00005046FFF7C9FF0028EBD03000E0BCBA46E1
:100C1000B146A846F0BD0026F7E72E00F5E7F8B587
:100C2000CE46474680B505000F00012907D0FFF7E3
:100C300021FF8046AC680023AB6099460AE00023A0
:100C40008361183398468044F4E7126822601B6879
:100C50001C603400002C1AD02668E06A39001BF0B2
:100C600067F88B0043441A68002AEED1AA68226014
:100C7000AC602A0008321A602368002B05D04B466E
:100C80009B004246D4508946E3E78946E1E72800C5
:100C9000FFF7A7FD6F6043462B60C0BCB946B04666
:100CA000F8BD70B5040015000022FFF7B8FF09E099
:100CB00020F0A6FB2B68636121F00CF820F0DAFB32
:100CC00020F0C2FA70BDF0B5C64600B586B004008B
:100CD000884617001D004369059303AEC368426848
:100CE000010010310C980090300021F027FC33787F
:100CF000002B0DD1EF622A0041462000FFF7F3FEE2
:100D0000E3680133E360280006B080BCB846F0BD5C
:100D1000049905AA2000FFF7C4FF616838001BF0A2
:100D200007F88846E6E7000010B5084B8B4205D36C
:100D300048004018000121F063F810BD044B9942AF
:100D400001D921F009FB21F0F7FAC046AAAAAA02AC
:100D50005555550570B504000D1E0AD00022FFF749
:100D600007FD206060606B005B19DB00C318A360A7
:100D700070BD0020F5E770B504000D000C220021C5
:100D80001CF03AF80822002120001CF035F800235E
:100D9000E360AB68002B07D00222290020009847AF
:100DA000EB68E360AB68A360200070BD2000FFF734
:100DB0006CFB20F049FA70B50400150022F090F8A1
:100DC000200018302900FFF7D6FF04E0200021F0B2
:100DD000F9FC20F039FA200070BD70B50D00160046
:100DE00000220121FFF7A0FF0400002308C0320009
:100DF0002900FFF7E0FF0BE020F002FB302120008C
:100E000020F084F920F066FF20F034FB20F01CFA7B
:100E1000200070BDF0B5C64600B586B00600884615
:100E200017000393CB68142B0ED88C68251E0BD0AB
:100E3000211D3800FFF7B0FE002801D12C68F5E72E
:100E400034600023337136E0386879681F4A20F037
:100E500093FF0400434659681AF06AFF0D004346A9
:100E6000DB68142B0DD923003A004046FFF7A9FE9A
:100E7000002806D00368002B03D0336000233371B1
:100E800019E0039A18320C9B18683900FFF7A5FF88
:100E9000030042460492059001220092220029009C
:100EA0004046FFF710FF0023059330600133337194
:100EB00004A8FFF7C1FD300006B080BCB846F0BD05
:100EC00004A8FFF7B9FD20F0BFF9C04607690FC7B6
:100ED00070B586B005000C00160019000C9B00933D
:100EE0000B9B0A9AFFF7D5FD00E02834B4420ED0E0
:100EF000039503AB009323002200290004A8FFF709
:100F000089FFF2E72800FFF70CFD20F09DF928008B
:100F100006B070BD70B588B0050004AC04910592B0
:100F200006AA110041CC41C1069907988200121807
:100F3000D2008A1803A8002404700E9802900D981D
:100F400001900C9800902800FFF7C2FF280008B01D
:100F500070BDF8B50F001600140002E0280018302C
:100F600018340500B84213D00100200021F0B8FF6A
:100F7000F4E720F045FAB44205D120F0ABFE20F0B2
:100F800079FA20F061F9300021F01CFC1836F2E704
:100F90002000F8BD10B5FFF7DCFF10BD70B50400F0
:100FA0000D004A680B68D21AD21093009B181901E1
:100FB0005B1819025B1819045B185B009918002371
:100FC000036043608360FFF7C5FE28686968226894
:100FD000FFF7E0FF04E02000FFF77CFA20F034F98F
:100FE0006060200070BDF8B504000D0016001F0001
:100FF0000899FFF7D3FF079B1B782373069B1B6899
:1010000023613B6863613368A36120001C302900C1
:1010100021F066FF04E02000FFF767FA20F014F9E2
:101020002000F8BD30B585B004000D0011001A0095
:101030000B9B02930A9B0193099B0093089BFFF76C
:10104000D2FF20003430290021F04AFF08E02000C0
:101050001C3021F0B7FB2000FFF747FA20F0F4F82E
:10106000200005B030BD0000F0B5CE46474680B543
:10107000D74CA54404000D0001280CD0002C04D14D
:10108000D44B9D4201D101F037F8D34B9D44C0BCF5
:10109000B946B046F0BDCF4B9942EFD1CF4B0022BD
:1010A0001A719A60CE49D96019615A61CD4B1E6898
:1010B00001361E60012E30D0CB4A13680133136015
:1010C000012B63D0C94B1F6801371F60012F67D008
:1010D000C74A136801331360012B01D100F096FF5A
:1010E000C44A136801331360012B01D100F0BAFF29
:1010F000C14A136801331360012B01D100F0B7FF1F
:10110000BE4A136801331360012BB7D1BC49BD48F7
:10111000BD4A6A44FFF726FAB0E7BC49BC4840AA7A
:10112000FFF720FABB49BC4841AAFFF71BFA10E0C1
:10113000042605239B1B18245C43B54BE418B44BD1
:101140009C4201D101F029F8183C200021F03AFB23
:10115000F5E7B249B24842AAFFF704FA01E00326D4
:10116000E7E7B049B04843AAFFF7FCF901E00226DF
:10117000DFE7AE49AE4844AAFFF7F4F9AD49AE48FF
:1011800045AAFFF7EFF997E70026D2E7AB4B00221D
:101190001A705A60022199601C3119735A7391E7D1
:1011A00097494CAA46A8FFF7DDF910E01024102358
:1011B0001B1B4C245C43A24BE418A14B9C4201D165
:1011C00001F012F84C3C2000FFF79FF9F5E78C493D
:1011D00053AA4DA8FFF7C6F904E0102446A821F051
:1011E000F1FAE4E70026549601235B4255935693A7
:1011F0006023FF336B441E700C22310058A81BF093
:10120000FBFD589659965A968D4858AB0393602328
:10121000FF336B44029356AB019355AB009354AB31
:101220004DAA46A9FFF7FEFE07E0102458A8FFF7D5
:101230005CF94DA821F0C6FAD0E7824961AA5BA803
:10124000FFF790F901E00F24F0E77F4968AA62A850
:10125000FFF788F904E00F245BA821F0B3FAE5E773
:1012600003236993043B6A936B930026B423FF33F3
:101270006B441E700C2231006DA81BF0BDFD6D96F5
:101280006E966F9671486DAB0393B423FF336B4436
:1012900002936BAB01936AAB009369AB62AA5BA943
:1012A000FFF7C0FE07E00F246DA8FFF71EF962A844
:1012B00021F088FAD0E7664976AA70A8FFF752F9BC
:1012C00001E00E24F0E763497DAA77A8FFF74AF909
:1012D00004E00E2470A821F075FAE5E703237E935D
:1012E000043B7F93809300265B4B6B441E700C2263
:1012F000310082A81BF080FD829683968496574821
:1013000082AB0393544B6B44029380AB01937FAB4E
:1013100000937EAB77AA70A9FFF784FE07E00E2446
:1013200082A8FFF7E2F877A821F04CFAD2E74C49FF
:101330008BAA85A8FFF716F901E00D24F0E74949CB
:1013400092AA8CA8FFF70EF904E00D2485A821F0DD
:1013500039FAE5E70123939300269496FF2252423F
:101360009592414A6A4413700C22310097A81BF0F1
:1013700043FD9796989699963C4897AB03933A4BC2
:101380006B44029395AB019394AB009393AB8CAAFF
:1013900085A9FFF747FE07E00D2497A8FFF7A5F8FA
:1013A0008CA821F00FFAD1E73149A0AA9AA8FFF73B
:1013B000D9F801E00C24F0E71149A7AAA1A8FFF78A
:1013C000D1F857E00C249AA821F0FCF9E5E7C046D3
:1013D000F4F8FFFFFFFF00000C0700004029002089
:1013E000442900206C1C0020701C0020681C002078
:1013F000641C0020601C0020581C00205C1C002085
:101400009CD90210CC1C00200407000024C002104C
:10141000342200202CC002104C22002034C00210C4
:10142000642200203CC002107C22002044C0021034
:10143000942200204CC00210AC220020C4220020C4
:10144000281D002054C0021058C00210741D002036
:10145000101A03105CC0021007020000C01D00201B
:1014600068C002106CC002105B0200000C1E00205D
:101470007CC002100323A893043BA993AA930026DF
:10148000E64B6B441E700C223100ACA81BF0B4FC80
:10149000AC96AD96AE96E248ACAB0393DF4B6B4493
:1014A0000293AAAB0193A9AB0093A8ABA1AA9AA9F6
:1014B000FFF7B8FD07E00C24ACA8FFF716F8A1A8C9
:1014C00021F080F97FE7D749B5AAAFA8FFF74AF81E
:1014D00001E00B24F0E7D449BCAAB6A8FFF742F814
:1014E00004E00B24AFA821F06DF9E5E70423BD93D8
:1014F0000023BE930533BF93CC4B6B4401221A707B
:10150000CB49C6AA1CA8FFF72DF811E005270B242C
:101510000522D21B182353431CAAD5181CAB9D428D
:1015200001D100F05CFE183D280021F04BF9F5E7F1
:10153000C049C7AA22A8FFF715F802E004270B2428
:10154000E6E7BD49C8AA28A8FFF70CF802E0032780
:101550000B24DDE7B949C9AA2EA8FFF703F802E07A
:1015600002270B24D4E7B649CAAA34A8FEF7FAFF2B
:1015700001E00B24CCE7B349CBAA3AA8FEF7F2FF6F
:1015800002E000270B24C3E71CA9C4910622C592E0
:10159000CCABC1A8FFF77CF90BE00B2440AD1CAB32
:1015A0009D4201D100F018FE183D280021F00AF9F3
:1015B000F5E7A548C1AB03939C4B6B440293BFABCB
:1015C0000193BEAB0093BDABB6AAAFA9FFF72AFD4E
:1015D00004E00B24C1A8FEF788FFDFE79B49D3AAEC
:1015E000CDA8FEF7BFFF01E00A24F3E79849DAAA85
:1015F000D4A8FEF7B7FF04E00A24CDA821F0E2F852
:10160000E8E70223DB93033BDC93DD93914B6B44D0
:1016100001221A700B320021DFA81BF0EDFB002322
:10162000DF93E093E1938C48DFAB0393894B6B44EA
:101630000293DDAB0193DCAB0093DBABD4AACDA965
:10164000FFF7F0FC07E00A24DFA8FEF74EFFD4A85E
:1016500021F0B8F8D1E78149E8AAE2A8FEF782FFB5
:1016600001E00924F0E77E49EFAAE9A8FEF77AFF36
:1016700004E00924E2A821F0A5F8E5E70123F093AE
:101680000A22F1925A32F292764A6A4413700C227C
:101690000021F4A81BF0B0FB0023F493F593F6931C
:1016A0007148F4AB03936F4B6B440293F2AB01931D
:1016B000F1AB0093F0ABE9AAE2A9FFF7B3FC07E0B6
:1016C0000924F4A8FEF711FFE9A821F07BF8D1E77F
:1016D0006649FDAAF7A8FEF745FF01E00824F0E7F8
:1016E0006349FFAA1432FEA8FEF73CFF04E0082479
:1016F000F7A821F067F8E4E70323FFAA1832136084
:10170000043BFFAA1C321360FFAA2032136000269C
:10171000FFAB27331E700C223100FFA828301BF0CE
:101720006BFBFFAB28331E60FFAB2C331E60FFAB9F
:1017300030331E604F48FFAB28330393FFAB273392
:101740000293FFAB20330193FFAB1C330093FFAB3D
:101750001833FEAAF7A9FFF765FC08E00824FFA8E4
:101760002830FEF7C2FEFEA821F02CF8C0E742495F
:10177000FFAA4C32FFA83430FEF7F4FE01E0072444
:10178000EDE73E49FFAA6832FFA85030FEF7EAFEB7
:1017900005E00724FFA8343021F014F8DFE7022326
:1017A000FFAA6C321360033BFFAA70321360FFAADA
:1017B00074321360FFAB7B3301221A700B320021AD
:1017C000FFA87C301BF018FB0023FFAA7C321360BB
:1017D000FFAA80321360FFAA843213602848FFAB4F
:1017E0007C330393FFAB7B330293FFAB74330193E2
:1017F000FFAB70330093FFAB6C33FFAA5032FFA9ED
:101800003431FFF70FFC3DE00724FFA87C30FEF7E2
:101810006CFEFFA8503020F0D5FFBBE7AF02000000
:10182000581E002080C0021084C002100303000074
:1018300024C002102CC0021034C002103CC00210A0
:1018400044C002104CC00210A41E002094C002101C
:1018500098C002107B030000F01E0020A8C00210F8
:10186000ACC00210CF0300003C1F0020C0C002101B
:101870009CD90210881F0020C4C00210C8C00210EA
:10188000D41F0020E849FFAAA032FFA88830FEF745
:1018900069FE01E00624B8E7E449FFAABC32FFA8CC
:1018A000A430FEF75FFE05E00624FFA8883020F094
:1018B00089FFAAE70423FFAAC03213600023FFAA0E
:1018C000C43213600333FFAAC8321360FFABCF33B7
:1018D00001221A70D649FFAAE43204A8FEF742FE9C
:1018E00011E0032706240322D21B1823534304AA22
:1018F000D51804AB9D4201D100F068FC183D2800CA
:1019000020F060FFF5E7CB49FFAAE8320AA8FEF70E
:1019100029FE02E002270624E5E7C749FFAAEC32C8
:1019200010A8FEF71FFE01E00624DCE7C349FFAA6A
:10193000F03216A8FEF716FE02E000270624D2E7D2
:1019400004A9FFABDC3319600422FFABE0331A605B
:10195000FFABF433FFA8D030FEF79AFF0BE006246C
:101960001CAD04AB9D4201D100F02DFC183D2800B8
:1019700020F028FFF5E7B248FFABD0330393FFAB6D
:10198000CF330293FFABC8330193FFABC433009353
:10199000FFABC033FFAAA432FFA98831FFF742FB97
:1019A00005E00624FFA8D030FEF79FFDD8E7A54943
:1019B000A54A6A44FFA8F830FEF7D4FD01E00524EB
:1019C000F0E7A249A522D2006A44A220C0006844E0
:1019D000FEF7C8FD05E00524FFA8F83020F0F2FE70
:1019E000E0E702239A4A6A441360033BA622D2002E
:1019F0006A441360974A6A441360974B6B44012210
:101A00001A700B320021954B6B4418001BF0F4F94F
:101A10000023924A6A441360A822D2006A441360E9
:101A20008F4A6A4413608F488C4B6B4403938A4BF4
:101A30006B440293874B6B440193A623DB006B44FA
:101A40000093834B6B44A222D2006A44FFA9F83171
:101A5000FFF7E8FA0AE0052480486844FEF745FDF0
:101A6000A220C000684420F0ADFEB5E77E49AC225C
:101A7000D2006A44A920C0006844FEF773FD01E06B
:101A80000424E9E779497A4A6A447A486844FEF7C7
:101A900069FD06E00424A920C000684420F092FEFD
:101AA000DAE70123B022D2006A4413600026724AAA
:101AB0006A4416606422B121C90069440A606F4A11
:101AC0006A4413700C223100B223DB006B4418000F
:101AD0001BF092F9B223DB006B441E60684B6B4431
:101AE0001E60B323DB006B441E606648B223DB003C
:101AF0006B440393614B6B440293B123DB006B4453
:101B000001935D4B6B440093B023DB006B44594A57
:101B10006A44A921C9006944FFF784FA0AE0042451
:101B2000B220C0006844FEF7E0FC5248684420F050
:101B300049FEB0E75449554A6A4455486844FEF79F
:101B400011FD01E00324EBE75249BA22D2006A44B6
:101B5000B720C0006844FEF705FD05E003244C48AB
:101B6000684420F02FFEDBE702234B4A6A441360EF
:101B7000033BBB22D2006A441360484A6A441360A4
:101B8000474B6B4401221A700B320021454B6B44CA
:101B900018001BF031F90023424A6A441360BD2249
:101BA000D2006A441360404A6A4413603F483D4B88
:101BB0006B4403933A4B6B440293384B6B44019351
:101BC000BB23DB006B440093334B6B44B722D20042
:101BD0006A442F496944FFF725FA0AE00324314893
:101BE0006844FEF782FCB720C000684420F0EAFD9C
:101BF000B5E72F49C122D2006A44BE20C000684424
:101C0000FEF7B0FC01E00224E9E72A492A4A6A44C7
:101C10002A486844FEF7A6FC52E00224BE20C00019
:101C2000684420F0CFFDDAE7D8C00210DCC0021013
:101C3000E8C00210FCC002100CC1021018C1021052
:101C40002020002024C102100C05000028C1021031
:101C50002C050000340500003B0500003C05000099
:101C6000440500006C20002040C1021044C1021055
:101C70007C05000064050000840500008F0500005D
:101C800094050000B820002054C10210B4050000E3
:101C90009C05000058C10210D4050000DC050000BE
:101CA000E3050000E4050000EC050000042100202D
:101CB00064C102109CD90210240600000C0600002A
:101CC0000223C522D2006A441360033BEC4A6A44F3
:101CD0001360C622D2006A441360002399466B4603
:101CE000E84A9B184A461A70C726F6006E440C3222
:101CF000494630001BF080F84A4632607260B2609C
:101D0000E1480396DF4B6B440293C623DB006B4430
:101D10000193DB4B6B440093C523DB006B44DB4A30
:101D20006A44BE21C9006944FFF77CF90BE0022731
:101D3000C720C0006844FEF7D8FBD448684420F0B0
:101D400041FD3C006AE7D249D24A6A44D24868441D
:101D5000FEF708FCD149CF22D2006A44CC20C00053
:101D60006844FEF7FFFB00239946CD4B6B444A467F
:101D70001A6001235B42D022D2006A441360C94A30
:101D80006A4413606B46C84A9B184A461A70C74E8D
:101D90006E440C32494630001BF02EF84A46326041
:101DA0007260B260C2480396BF4B6B440293BD4B56
:101DB0006B440193D023DB006B440093B84B6B441E
:101DC000CC22D2006A44B4496944FFF72BF9B949DF
:101DD000D622D2006A44D320C0006844FEF7C2FB7A
:101DE0000EE00027B1486844FEF77FFBCC20C0001E
:101DF000684420F0E7FCA848684420F0E3FC97E73B
:101E0000A649AD4A6A44AD486844FEF7ABFB0523DA
:101E1000DA22D2006A441360063BA94A6A4413607E
:101E2000DB22D2006A441360A64F6F440023984619
:101E30003B70DC26F6006E440C22190030001AF0CC
:101E4000DBFF424632607260B2609F4803960297A1
:101E5000DB23DB006B440193994B6B440093DA2343
:101E6000DB006B44954A6A44D321C9006944FFF7FB
:101E7000D9F83000FEF739FB9048684420F0A2FC06
:101E8000D320C000684420F09DFC88486844FEF7D9
:101E90002CFBCC20C000684420F094FC7E486844B1
:101EA00020F090FCC720C0006844FEF71EFB774876
:101EB000684420F087FCBE20C000684420F082FC0B
:101EC00082486844FEF711FBB720C000684420F048
:101ED00079FC7F48684420F075FCB220C00068445B
:101EE000FEF703FB7B48684420F06CFCA920C0008F
:101EF000684420F067FC78486844FEF7F6FAA220B0
:101F0000C000684420F05EFCFFA8F83020F05AFCC6
:101F1000FFA8D030FEF7E9FA1CAE04AB9E4204D015
:101F2000183E300020F04EFCF7E7FFA8A43020F068
:101F300049FCFFA8883020F045FCFFA87C30FEF764
:101F4000D4FAFFA8503020F03DFCFFA8343020F038
:101F500039FCFFA82830FEF7C8FAFEA820F032FCB2
:101F6000F7A820F02FFCF4A8FEF7BFFAE9A820F0AC
:101F700029FCE2A820F026FCDFA8FEF7B6FAD4A8D8
:101F800020F020FCCDA820F01DFCC1A8FEF7ADFA82
:101F900040AE1CAB9E4204D0183E300020F012FC34
:101FA000F7E7B6A820F00EFCAFA820F00BFCACA819
:101FB000FEF79BFAA1A820F005FC9AA820F002FCED
:101FC00097A8FEF792FA8CA820F0FCFB85A820F0D9
:101FD000F9FB82A8FEF789FA77A820F0F3FB70A836
:101FE00020F0F0FB6DA8FEF780FA62A820F0EAFB73
:101FF0005BA820F0E7FB58A8FEF777FA4DA820F081
:10200000E1FB46A820F0DEFBFFF762F8334A2049E7
:102010001CAE3000FEF7BEFA314B6B441E6001224D
:10202000DE23DB006B441A602E482F4B6B44029377
:10203000DF23DB006B4401932C4B6B4400930023A4
:102040003100FEF767FF26AE1CAB9E4201D1FFF7C1
:1020500047F8283E30001830FEF717FA300020F01D
:10206000B1FBF1E72248FEF7DCFCFFF741F80B4932
:102070002048E022D2006A44FEF774FAFFF740F8E5
:102080002C06000037060000502100200C0600003E
:1020900068C102105C060000440600009CD90210D2
:1020A0007C060000840600008B0600008C06000001
:1020B0009C21002070C10210CC060000B406000074
:1020C000D4060000DF060000E8210020E40500003F
:1020D0009C050000640500003C0500006D17011020
:1020E000EC0600000C1D0020FC060000F4060000B9
:1020F000E41C0020B41C0020444A1368013B136018
:10210000002B19D0424A1368013B1360002B17D0F3
:10211000404A1368013B1360002B15D03E4A1368F8
:10212000013B1360002B13D03C4A1368013B136042
:10213000002B18D13A4C13E03A4820F043FBE1E77A
:10214000394820F03FFBE3E73848FEF7F2FAE5E7CD
:102150003748FEF7E6FBE7E74C3C2000FEF7D5F9F1
:10216000344B9C42F8D1344A1368013B1360002B76
:1021700008D1324C324B9C4204D0183C200020F055
:1021800021FBF7E72F488168FEF7F5FCFEF77DFF9E
:102190000526FEF7CEFFFEF7CCFF1FF055F8DC203A
:1021A000C0006844FEF7A1F92748684420F00AFB04
:1021B000D320C000684420F005FB002712E6F7E7B3
:1021C00010E618E6B4E50327FFF78DFBFFA8A4305F
:1021D00020F0F8FAFFF769FB0527FFF799F9B6A891
:1021E00020F0F0FAFFF77EF91FF02EF826AC1CABBA
:1021F0009C4208D0283C20001830FEF746F9200009
:1022000020F0E0FAF3E71FF01FF8C0465C1C002046
:10221000581C0020601C0020641C0020681C00204A
:1022200034220020CC1C0020B41C0020E41C002020
:102230000C1D0020281D00206C1C0020C422002042
:102240003422002040290020B406000010B50249C5
:102250000120FEF709FF10BDFFFF000070470000DE
:1022600010B50400024B0360FEF7E2F8200010BD39
:1022700074C2021010B50400FFF7F2FF34212000F1
:102280001EF044FF200010BD70B50500EFF310866E
:1022900072B6002407E0286B2303C018802149018F
:1022A00029F012FE01346B6AA342F4D886F3108839
:1022B00070BD000010B50400FEF706F9094B23605D
:1022C0001223A361113BE361802252002262636208
:1022D00080235B01A3620023E362034B236320009E
:1022E00010BDC04674C2021000F07F00036B802254
:1022F000520594466344585C704710B5112902D8C2
:10230000FFF7F4FF10BD0020FCE7F0B5C64600B5AE
:1023100082B000AF050088467A6011293BD8C369B6
:102320001B026A46D21A95466E46002232706A46F1
:102330000132023B03E000211170013B0132002B0E
:10234000F9DA002405E021002800FFF7CFFF30551F
:102350000134112CF7D943467A68F2542B68DB68B4
:1023600028009847EFF3108872B6002408E0286B25
:102370002102401880227118520029F06DFD0134AD
:10238000EB69A342F3D888F310880120BD4602B060
:1023900080BCB846F0BD0020F8E70000F0B5CE469E
:1023A000474680B5D74CA54404000D0001280CD049
:1023B000002C04D1D44B9D4201D101F037F8D34B0E
:1023C0009D44C0BCB946B046F0BDCF4B9942EFD159
:1023D000CF4B00221A719A60CE49D96019615A61B7
:1023E000CD4B1E6801361E60012E30D0CB4A1368DB
:1023F00001331360012B63D0C94B1F6801371F6085
:10240000012F67D0C74A136801331360012B01D134
:1024100000F096FFC44A136801331360012B01D109
:1024200000F0BAFFC14A136801331360012B01D1D8
:1024300000F0B7FFBE4A136801331360012BB7D118
:10244000BC49BD48BD4A6A44FEF78CF8B0E7BC49B8
:10245000BC4840AAFEF786F8BB49BC4841AAFEF733
:1024600081F810E0042605239B1B18245C43B54B20
:10247000E418B44B9C4201D101F029F8183C20002B
:1024800020F0A0F9F5E7B249B24842AAFEF76AF88F
:1024900001E00326E7E7B049B04843AAFEF762F837
:1024A00001E00226DFE7AE49AE4844AAFEF75AF83B
:1024B000AD49AE4845AAFEF755F897E70026D2E7A2
:1024C000AB4B00221A705A60022199601C311973BB
:1024D0005A7391E797494CAA46A8FEF743F810E0D3
:1024E000102410231B1B4C245C43A24BE418A14B6B
:1024F0009C4201D101F012F84C3C2000FEF705F897
:10250000F5E78C4953AA4DA8FEF72CF804E01024F7
:1025100046A820F057F9E4E70026549601235B42D1
:10252000559356936023FF336B441E700C22310089
:1025300058A81AF061FC589659965A968D4858AB8F
:1025400003936023FF336B44029356AB019355AB67
:10255000009354AB4DAA46A9FEF764FD07E0102492
:1025600058A8FDF7C2FF4DA820F02CF9D0E782490A
:1025700061AA5BA8FDF7F6FF01E00F24F0E77F49B1
:1025800068AA62A8FDF7EEFF04E00F245BA820F024
:1025900019F9E5E703236993043B6A936B930026DB
:1025A000B423FF336B441E700C2231006DA81AF067
:1025B00023FC6D966E966F9671486DAB0393B423B2
:1025C000FF336B4402936BAB01936AAB009369AB2F
:1025D00062AA5BA9FEF726FD07E00F246DA8FDF7B0
:1025E00084FF62A820F0EEF8D0E7664976AA70A8CA
:1025F000FDF7B8FF01E00E24F0E763497DAA77A854
:10260000FDF7B0FF04E00E2470A820F0DBF8E5E74A
:1026100003237E93043B7F93809300265B4B6B44A4
:102620001E700C22310082A81AF0E6FB8296839677
:102630008496574882AB0393544B6B44029380AB10
:1026400001937FAB00937EAB77AA70A9FEF7EAFCFB
:1026500007E00E2482A8FDF748FF77A820F0B2F823
:10266000D2E74C498BAA85A8FDF77CFF01E00D2439
:10267000F0E7494992AA8CA8FDF774FF04E00D2405
:1026800085A820F09FF8E5E7012393930026949610
:10269000FF2252429592414A6A4413700C22310043
:1026A00097A81AF0A9FB9796989699963C4897ABED
:1026B00003933A4B6B44029395AB019394AB009315
:1026C00093AB8CAA85A9FEF7ADFC07E00D2497A873
:1026D000FDF70BFF8CA820F075F8D1E73149A0AACF
:1026E0009AA8FDF73FFF01E00C24F0E71149A7AAE3
:1026F000A1A8FDF737FF57E00C249AA820F062F854
:10270000E5E7C046F4F8FFFFFFFF00000C070000FC
:10271000582900205C2900206C1C0020701C00201F
:10272000681C0020641C0020601C0020581C002035
:102730005C1C00209CD90210CC1C00200407000067
:1027400024C00210342200202CC002104C22002091
:1027500034C00210642200203CC002107C22002001
:1027600044C00210942200204CC00210AC22002071
:10277000C4220020281D002054C0021058C002109E
:10278000741D0020101A03105CC002100702000024
:10279000C01D002068C002106CC002105B02000067
:1027A0000C1E00207CC002100323A893043BA993B5
:1027B000AA930026E64B6B441E700C223100ACA895
:1027C0001AF01AFBAC96AD96AE96E248ACAB03930A
:1027D000DF4B6B440293AAAB0193A9AB0093A8AB68
:1027E000A1AA9AA9FEF71EFC07E00C24ACA8FDF7ED
:1027F0007CFEA1A81FF0E6FF7FE7D749B5AAAFA8E6
:10280000FDF7B0FE01E00B24F0E7D449BCAAB6A85E
:10281000FDF7A8FE04E00B24AFA81FF0D3FFE5E707
:102820000423BD930023BE930533BF93CC4B6B446D
:1028300001221A70CB49C6AA1CA8FDF793FE11E02D
:1028400005270B240522D21B182353431CAAD51895
:102850001CAB9D4201D100F05CFE183D28001FF02A
:10286000B1FFF5E7C049C7AA22A8FDF77BFE02E049
:1028700004270B24E6E7BD49C8AA28A8FDF772FE85
:1028800002E003270B24DDE7B949C9AA2EA8FDF70A
:1028900069FE02E002270B24D4E7B649CAAA34A88D
:1028A000FDF760FE01E00B24CCE7B349CBAA3AA8C0
:1028B000FDF758FE02E000270B24C3E71CA9C491D2
:1028C0000622C592CCABC1A8FDF7E2FF0BE00B24BA
:1028D00040AD1CAB9D4201D100F018FE183D280010
:1028E0001FF070FFF5E7A548C1AB03939C4B6B4409
:1028F0000293BFAB0193BEAB0093BDABB6AAAFA929
:10290000FEF790FB04E00B24C1A8FDF7EEFDDFE726
:102910009B49D3AACDA8FDF725FE01E00A24F3E7E1
:102920009849DAAAD4A8FDF71DFE04E00A24CDA830
:102930001FF048FFE8E70223DB93033BDC93DD93C2
:10294000914B6B4401221A700B320021DFA81AF060
:1029500053FA0023DF93E093E1938C48DFAB0393BA
:10296000894B6B440293DDAB0193DCAB0093DBAB93
:10297000D4AACDA9FEF756FB07E00A24DFA8FDF78D
:10298000B4FDD4A81FF01EFFD1E78149E8AAE2A850
:10299000FDF7E8FD01E00924F0E77E49EFAAE9A888
:1029A000FDF7E0FD04E00924E2A81FF00BFFE5E7D6
:1029B0000123F0930A22F1925A32F292764A6A4443
:1029C00013700C220021F4A81AF016FA0023F493D5
:1029D000F593F6937148F4AB03936F4B6B440293FA
:1029E000F2AB0193F1AB0093F0ABE9AAE2A9FEF7D9
:1029F00019FB07E00924F4A8FDF777FDE9A81FF00B
:102A0000E1FED1E76649FDAAF7A8FDF7ABFD01E0BD
:102A10000824F0E76349FFAA1432FEA8FDF7A2FDDF
:102A200004E00824F7A81FF0CDFEE4E70323FFAA83
:102A300018321360043BFFAA1C321360FFAA203235
:102A400013600026FFAB27331E700C223100FFA855
:102A500028301AF0D1F9FFAB28331E60FFAB2C33BE
:102A60001E60FFAB30331E604F48FFAB283303932B
:102A7000FFAB27330293FFAB20330193FFAB1C3333
:102A80000093FFAB1833FEAAF7A9FEF7CBFA08E0D4
:102A90000824FFA82830FDF728FDFEA81FF092FEAD
:102AA000C0E74249FFAA4C32FFA83430FDF75AFD77
:102AB00001E00724EDE73E49FFAA6832FFA8503045
:102AC000FDF750FD05E00724FFA834301FF07AFE23
:102AD000DFE70223FFAA6C321360033BFFAA7032C8
:102AE0001360FFAA74321360FFAB7B3301221A70AC
:102AF0000B320021FFA87C301AF07EF90023FFAAD8
:102B00007C321360FFAA80321360FFAA8432136004
:102B10002848FFAB7C330393FFAB7B330293FFABBF
:102B200074330193FFAB70330093FFAB6C33FFAA98
:102B30005032FFA93431FEF775FA3DE00724FFA8B3
:102B40007C30FDF7D2FCFFA850301FF03BFEBBE706
:102B5000AF020000581E002080C0021084C0021086
:102B60000303000024C002102CC0021034C0021065
:102B70003CC0021044C002104CC00210A41E002031
:102B800094C0021098C002107B030000F01E0020C9
:102B9000A8C00210ACC00210CF0300003C1F0020F0
:102BA000C0C002109CD90210881F0020C4C00210AF
:102BB000C8C00210D41F0020E849FFAAA032FFA815
:102BC0008830FDF7CFFC01E00624B8E7E449FFAA0E
:102BD000BC32FFA8A430FDF7C5FC05E00624FFA821
:102BE00088301FF0EFFDAAE70423FFAAC03213606C
:102BF0000023FFAAC43213600333FFAAC832136054
:102C0000FFABCF3301221A70D649FFAAE43204A8E1
:102C1000FDF7A8FC11E0032706240322D21B18238A
:102C2000534304AAD51804AB9D4201D100F068FCBF
:102C3000183D28001FF0C6FDF5E7CB49FFAAE83292
:102C40000AA8FDF78FFC02E002270624E5E7C74942
:102C5000FFAAEC3210A8FDF785FC01E00624DCE7B2
:102C6000C349FFAAF03216A8FDF77CFC02E000275A
:102C70000624D2E704A9FFABDC3319600422FFABC2
:102C8000E0331A60FFABF433FFA8D030FDF700FE4D
:102C90000BE006241CAD04AB9D4201D100F02DFCDD
:102CA000183D28001FF08EFDF5E7B248FFABD0338A
:102CB0000393FFABCF330293FFABC8330193FFAB5A
:102CC000C4330093FFABC033FFAAA432FFA98831FD
:102CD000FEF7A8F905E00624FFA8D030FDF705FCB3
:102CE000D8E7A549A54A6A44FFA8F830FDF73AFCA1
:102CF00001E00524F0E7A249A522D2006A44A220FF
:102D0000C0006844FDF72EFC05E00524FFA8F8305C
:102D10001FF058FDE0E702239A4A6A441360033B20
:102D2000A622D2006A441360974A6A441360974B04
:102D30006B4401221A700B320021954B6B44180032
:102D40001AF05AF80023924A6A441360A822D2006B
:102D50006A4413608F4A6A4413608F488C4B6B44FB
:102D600003938A4B6B440293874B6B440193A623D6
:102D7000DB006B440093834B6B44A222D2006A4475
:102D8000FFA9F831FEF74EF90AE0052480486844AF
:102D9000FDF7ABFBA220C00068441FF013FDB5E7B0
:102DA0007E49AC22D2006A44A920C0006844FDF7E5
:102DB000D9FB01E00424E9E779497A4A6A447A4870
:102DC0006844FDF7CFFB06E00424A920C000684456
:102DD0001FF0F8FCDAE70123B022D2006A44136046
:102DE0000026724A6A4416606422B121C90069440F
:102DF0000A606F4A6A4413700C223100B223DB0070
:102E00006B44180019F0F8FFB223DB006B441E601E
:102E1000684B6B441E60B323DB006B441E60664846
:102E2000B223DB006B440393614B6B440293B123E9
:102E3000DB006B4401935D4B6B440093B023DB00DC
:102E40006B44594A6A44A921C9006944FEF7EAF86B
:102E50000AE00424B220C0006844FDF746FB524853
:102E600068441FF0AFFCB0E75449554A6A445548DE
:102E70006844FDF777FB01E00324EBE75249BA22EF
:102E8000D2006A44B720C0006844FDF76BFB05E040
:102E900003244C4868441FF095FCDBE702234B4AAF
:102EA0006A441360033BBB22D2006A441360484A61
:102EB0006A441360474B6B4401221A700B320021A5
:102EC000454B6B44180019F097FF0023424A6A44AF
:102ED0001360BD22D2006A441360404A6A44136002
:102EE0003F483D4B6B4403933A4B6B440293384B42
:102EF0006B440193BB23DB006B440093334B6B4467
:102F0000B722D2006A442F496944FEF78BF80AE0E1
:102F1000032431486844FDF7E8FAB720C00068444C
:102F20001FF050FCB5E72F49C122D2006A44BE20F1
:102F3000C0006844FDF716FB01E00224E9E72A49D6
:102F40002A4A6A442A486844FDF70CFB52E00224EE
:102F5000BE20C00068441FF035FCDAE7D8C002107C
:102F6000DCC00210E8C00210FCC002100CC102104C
:102F700018C102102020002024C102100C050000FE
:102F800028C102102C050000340500003B0500009C
:102F90003C050000440500006C20002040C10210E8
:102FA00044C102107C050000640500008405000097
:102FB0008F05000094050000B820002054C10210C5
:102FC000B40500009C05000058C10210D4050000A3
:102FD000DC050000E3050000E4050000EC0500004E
:102FE0000421002064C102109CD9021024060000B4
:102FF0000C0600000223C522D2006A441360033B82
:10300000EC4A6A441360C622D2006A44136000236B
:1030100099466B46E84A9B184A461A70C726F6003E
:103020006E440C324946300019F0E6FE4A463260E2
:103030007260B260E1480396DF4B6B440293C62393
:10304000DB006B440193DB4B6B440093C523DB0037
:103050006B44DB4A6A44BE21C9006944FDF7E2FFC4
:103060000BE00227C720C0006844FDF73EFAD448B1
:1030700068441FF0A7FB3C006AE7D249D24A6A4481
:10308000D2486844FDF76EFAD149CF22D2006A4493
:10309000CC20C0006844FDF765FA00239946CD4B6B
:1030A0006B444A461A6001235B42D022D2006A4434
:1030B0001360C94A6A4413606B46C84A9B184A4663
:1030C0001A70C74E6E440C324946300019F094FE17
:1030D0004A4632607260B260C2480396BF4B6B448E
:1030E0000293BD4B6B440193D023DB006B440093F0
:1030F000B84B6B44CC22D2006A44B4496944FDF712
:1031000091FFB949D622D2006A44D320C000684456
:10311000FDF728FA0EE00027B1486844FDF7E5F90D
:10312000CC20C00068441FF04DFBA84868441FF045
:1031300049FB97E7A649AD4A6A44AD486844FDF7A4
:1031400011FA0523DA22D2006A441360063BA94A29
:103150006A441360DB22D2006A441360A64F6F44B6
:10316000002398463B70DC26F6006E440C221900C2
:10317000300019F041FE424632607260B2609F48F2
:1031800003960297DB23DB006B440193994B6B445E
:103190000093DA23DB006B44954A6A44D321C900CB
:1031A0006944FDF73FFF3000FDF79FF99048684400
:1031B0001FF008FBD320C00068441FF003FB8848C1
:1031C0006844FDF792F9CC20C00068441FF0FAFA79
:1031D0007E4868441FF0F6FAC720C0006844FDF737
:1031E00084F9774868441FF0EDFABE20C0006844B7
:1031F0001FF0E8FA82486844FDF777F9B720C0006D
:1032000068441FF0DFFA7F4868441FF0DBFAB22001
:10321000C0006844FDF769F97B4868441FF0D2FAA2
:10322000A920C00068441FF0CDFA78486844FDF733
:103230005CF9A220C00068441FF0C4FAFFA8F8306F
:103240001FF0C0FAFFA8D030FDF74FF91CAE04AB59
:103250009E4204D0183E30001FF0B4FAF7E7FFA8F2
:10326000A4301FF0AFFAFFA888301FF0ABFAFFA818
:103270007C30FDF73AF9FFA850301FF0A3FAFFA801
:1032800034301FF09FFAFFA82830FDF72EF9FEA872
:103290001FF098FAF7A81FF095FAF4A8FDF725F9A2
:1032A000E9A81FF08FFAE2A81FF08CFADFA8FDF75B
:1032B0001CF9D4A81FF086FACDA81FF083FAC1A884
:1032C000FDF713F940AE1CAB9E4204D0183E30000F
:1032D0001FF078FAF7E7B6A81FF074FAAFA81FF04E
:1032E00071FAACA8FDF701F9A1A81FF06BFA9AA832
:1032F0001FF068FA97A8FDF7F8F88CA81FF062FA9B
:1033000085A81FF05FFA82A8FDF7EFF877A81FF0F5
:1033100059FA70A81FF056FA6DA8FDF7E6F862A8F2
:103320001FF050FA5BA81FF04DFA58A8FDF7DDF822
:103330004DA81FF047FA46A81FF044FAFFF762F8BD
:10334000334A20491CAE3000FDF724F9314B6B4461
:103350001E600122DE23DB006B441A602E482F4BD7
:103360006B440293DF23DB006B4401932C4B6B44D3
:10337000009300233100FDF7CDFD26AE1CAB9E422D
:1033800001D1FFF747F8283E30001830FDF77DF8EF
:1033900030001FF017FAF1E72248FDF742FBFFF774
:1033A00041F80B492048E022D2006A44FDF7DAF8E0
:1033B000FFF740F82C0600003706000050210020DF
:1033C0000C06000068C102105C0600004406000004
:1033D0009CD902107C060000840600008B060000C9
:1033E0008C0600009C21002070C10210CC06000059
:1033F000B4060000D4060000DF060000E82100202B
:10340000E40500009C050000640500003C05000088
:103410006D170110EC0600000C1D0020FC060000DA
:10342000F4060000E41C0020B41C0020444A136889
:10343000013B1360002B19D0424A1368013B136013
:10344000002B17D0404A1368013B1360002B15D0A6
:103450003E4A1368013B1360002B13D03C4A1368AB
:10346000013B1360002B18D13A4C13E03A481FF08F
:10347000A9F9E1E739481FF0A5F9E3E73848FDF776
:1034800058F9E5E73748FDF74CFAE7E74C3C2000F0
:10349000FDF73BF8344B9C42F8D1344A1368013BAA
:1034A0001360002B08D1324C324B9C4204D0183CA4
:1034B00020001FF087F9F7E72F488168FDF75BFBD5
:1034C000FEF77DFF0526FEF7CEFFFEF7CCFF1DF0D1
:1034D000BBFEDC20C0006844FDF707F827486844BD
:1034E0001FF070F9D320C00068441FF06BF900276B
:1034F00012E6F7E710E618E6B4E50327FFF78DFBC1
:10350000FFA8A4301FF05EF9FFF769FB0527FFF75E
:1035100099F9B6A81FF056F9FFF77EF91DF094FE51
:1035200026AC1CAB9C4208D0283C20001830FCF78D
:10353000ACFF20001FF046F9F3E71DF085FEC04602
:103540005C1C0020581C0020601C0020641C002013
:10355000681C002034220020CC1C0020B41C002059
:10356000E41C00200C1D0020281D00206C1C0020E5
:10357000C42200203422002058290020B406000074
:1035800010B502490120FEF709FF10BDFFFF000042
:103590007047000010B50400024B0360FCF748FFC1
:1035A000200010BDBCC2021010B50400FFF7F2FFEE
:1035B000182120001DF0AAFD200010BD00B585B027
:1035C000084B1B786A461373827D5218D2B20648A4
:1035D0000123009303AB50210DF094F86B46187B48
:1035E00005B000BD9CD902105015002000B585B073
:1035F000112902D9002005B000BD03AB1A70827DED
:103600005218D2B20448012100914F310DF055F803
:10361000431E9841C0B2EEE75015002070B505007A
:10362000002405E0002221002800FFF7DFFF01341D
:10363000112CF7D970BD000010B50400FCF744FF51
:10364000024B23600123A375200010BDBCC20210F1
:10365000F0B5CE46474680B5D74CA54404000D00D2
:1036600001280CD0002C04D1D44B9D4201D101F093
:1036700037F8D34B9D44C0BCB946B046F0BDCF4BE4
:103680009942EFD1CF4B00221A719A60CE49D9608E
:1036900019615A61CD4B1E6801361E60012E30D073
:1036A000CB4A136801331360012B63D0C94B1F68E9
:1036B00001371F60012F67D0C74A136801331360B9
:1036C000012B01D100F096FFC44A13680133136047
:1036D000012B01D100F0BAFFC14A13680133136016
:1036E000012B01D100F0B7FFBE4A1368013313600C
:1036F000012BB7D1BC49BD48BD4A6A44FCF732FF33
:10370000B0E7BC49BC4840AAFCF72CFFBB49BC4809
:1037100041AAFCF727FF10E0042605239B1B182471
:103720005C43B54BE418B44B9C4201D101F029F83D
:10373000183C20001FF046F8F5E7B249B24842AA0B
:10374000FCF710FF01E00326E7E7B049B04843AAC1
:10375000FCF708FF01E00226DFE7AE49AE4844AAC5
:10376000FCF700FFAD49AE4845AAFCF7FBFE97E722
:103770000026D2E7AB4B00221A705A6002219960F2
:103780001C3119735A7391E797494CAA46A8FCF764
:10379000E9FE10E0102410231B1B4C245C43A24BB9
:1037A000E418A14B9C4201D101F012F84C3C2000DE
:1037B000FCF7ABFEF5E78C4953AA4DA8FCF7D2FE07
:1037C00004E0102446A81EF0FDFFE4E7002654960E
:1037D00001235B42559356936023FF336B441E7065
:1037E0000C22310058A819F007FB589659965A96A2
:1037F0008D4858AB03936023FF336B44029356AB61
:10380000019355AB009354AB4DAA46A9FDF70AFCB2
:1038100007E0102458A8FCF768FE4DA81EF0D2FF60
:10382000D0E7824961AA5BA8FCF79CFE01E00F2467
:10383000F0E77F4968AA62A8FCF794FE04E00F2431
:103840005BA81EF0BFFFE5E703236993043B6A937F
:103850006B930026B423FF336B441E700C2231009F
:103860006DA819F0C9FA6D966E966F9671486DAB9A
:103870000393B423FF336B4402936BAB01936AABA6
:10388000009369AB62AA5BA9FDF7CCFB07E00F24AC
:103890006DA8FCF72AFE62A81EF094FFD0E76649E7
:1038A00076AA70A8FCF75EFE01E00E24F0E76349FB
:1038B0007DAA77A8FCF756FE04E00E2470A81EF03F
:1038C00081FFE5E703237E93043B7F9380930026EB
:1038D0005B4B6B441E700C22310082A819F08CFAED
:1038E000829683968496574882AB0393544B6B44DD
:1038F000029380AB01937FAB00937EAB77AA70A954
:10390000FDF790FB07E00E2482A8FCF7EEFD77A8F8
:103910001EF058FFD2E74C498BAA85A8FCF722FE7F
:1039200001E00D24F0E7494992AA8CA8FCF71AFEA1
:1039300004E00D2485A81EF045FFE5E701239393DD
:1039400000269496FF2252429592414A6A4413708F
:103950000C22310097A819F04FFA979698969996ED
:103960003C4897AB03933A4B6B44029395AB01935E
:1039700094AB009393AB8CAA85A9FDF753FB07E0AA
:103980000D2497A8FCF7B1FD8CA81EF01BFFD1E712
:103990003149A0AA9AA8FCF7E5FD01E00C24F0E764
:1039A0001149A7AAA1A8FCF7DDFD57E00C249AA8AD
:1039B0001EF008FFE5E7C046F4F8FFFFFFFF000038
:1039C0000C07000070290020742900206C1C0020C6
:1039D000701C0020681C0020641C0020601C00205B
:1039E000581C00205C1C00209CD90210CC1C00201C
:1039F0000407000024C00210342200202CC0021052
:103A00004C22002034C00210642200203CC002106E
:103A10007C22002044C00210942200204CC00210DE
:103A2000AC220020C4220020281D002054C0021017
:103A300058C00210741D0020101A03105CC0021040
:103A400007020000C01D002068C002106CC00210F8
:103A50005B0200000C1E00207CC002100323A89310
:103A6000043BA993AA930026E64B6B441E700C22DC
:103A70003100ACA819F0C0F9AC96AD96AE96E2480C
:103A8000ACAB0393DF4B6B440293AAAB0193A9AB9E
:103A90000093A8ABA1AA9AA9FDF7C4FA07E00C24E9
:103AA000ACA8FCF722FDA1A81EF08CFE7FE7D74949
:103AB000B5AAAFA8FCF756FD01E00B24F0E7D44906
:103AC000BCAAB6A8FCF74EFD04E00B24AFA81EF07C
:103AD00079FEE5E70423BD930023BE930533BF932E
:103AE000CC4B6B4401221A70CB49C6AA1CA8FCF728
:103AF00039FD11E005270B240522D21B182353435F
:103B00001CAAD5181CAB9D4201D100F05CFE183DEB
:103B100028001EF057FEF5E7C049C7AA22A8FCF707
:103B200021FD02E004270B24E6E7BD49C8AA28A826
:103B3000FCF718FD02E003270B24DDE7B949C9AA09
:103B40002EA8FCF70FFD02E002270B24D4E7B649AC
:103B5000CAAA34A8FCF706FD01E00B24CCE7B34960
:103B6000CBAA3AA8FCF7FEFC02E000270B24C3E72F
:103B70001CA9C4910622C592CCABC1A8FCF788FE53
:103B80000BE00B2440AD1CAB9D4201D100F018FEB0
:103B9000183D28001EF016FEF5E7A548C1AB0393BB
:103BA0009C4B6B440293BFAB0193BEAB0093BDAB88
:103BB000B6AAAFA9FDF736FA04E00B24C1A8FCF7BA
:103BC00094FCDFE79B49D3AACDA8FCF7CBFC01E02E
:103BD0000A24F3E79849DAAAD4A8FCF7C3FC04E066
:103BE0000A24CDA81EF0EEFDE8E70223DB93033B99
:103BF000DC93DD93914B6B4401221A700B32002150
:103C0000DFA819F0F9F80023DF93E093E1938C48E3
:103C1000DFAB0393894B6B440293DDAB0193DCABC9
:103C20000093DBABD4AACDA9FDF7FCF907E00A2489
:103C3000DFA8FCF75AFCD4A81EF0C4FDD1E78149E7
:103C4000E8AAE2A8FCF78EFC01E00924F0E77E492F
:103C5000EFAAE9A8FCF786FC04E00924E2A81EF01C
:103C6000B1FDE5E70123F0930A22F1925A32F29274
:103C7000764A6A4413700C220021F4A819F0BCF8AB
:103C80000023F493F593F6937148F4AB03936F4BD1
:103C90006B440293F2AB0193F1AB0093F0ABE9AA52
:103CA000E2A9FDF7BFF907E00924F4A8FCF71DFC21
:103CB000E9A81EF087FDD1E76649FDAAF7A8FCF741
:103CC00051FC01E00824F0E76349FFAA1432FEA882
:103CD000FCF748FC04E00824F7A81EF073FDE4E7B5
:103CE0000323FFAA18321360043BFFAA1C3213609F
:103CF000FFAA203213600026FFAB27331E700C2270
:103D00003100FFA8283019F077F8FFAB28331E6088
:103D1000FFAB2C331E60FFAB30331E604F48FFAB50
:103D200028330393FFAB27330293FFAB2033019378
:103D3000FFAB1C330093FFAB1833FEAAF7A9FDF7C6
:103D400071F908E00824FFA82830FCF7CEFBFEA894
:103D50001EF038FDC0E74249FFAA4C32FFA83430BC
:103D6000FCF700FC01E00724EDE73E49FFAA6832BA
:103D7000FFA85030FCF7F6FB05E00724FFA834301D
:103D80001EF020FDDFE70223FFAA6C321360033B25
:103D9000FFAA70321360FFAA74321360FFAB7B334B
:103DA00001221A700B320021FFA87C3019F024F890
:103DB0000023FFAA7C321360FFAA80321360FFAA9F
:103DC000843213602848FFAB7C330393FFAB7B3313
:103DD0000293FFAB74330193FFAB70330093FFABDF
:103DE0006C33FFAA5032FFA93431FDF71BF93DE0D7
:103DF0000724FFA87C30FCF778FBFFA850301EF0AA
:103E0000E1FCBBE7AF020000581E002080C002109A
:103E100084C002100303000024C002102CC0021052
:103E200034C002103CC0021044C002104CC002104A
:103E3000A41E002094C0021098C002107B03000052
:103E4000F01E0020A8C00210ACC00210CF0300007A
:103E50003C1F0020C0C002109CD90210881F002007
:103E6000C4C00210C8C00210D41F0020E849FFAA35
:103E7000A032FFA88830FCF775FB01E00624B8E704
:103E8000E449FFAABC32FFA8A430FCF76BFB05E0B5
:103E90000624FFA888301EF095FCAAE70423FFAA99
:103EA000C03213600023FFAAC43213600333FFAA99
:103EB000C8321360FFABCF3301221A70D649FFAA74
:103EC000E43204A8FCF74EFB11E00327062403228A
:103ED000D21B1823534304AAD51804AB9D4201D129
:103EE00000F068FC183D28001EF06CFCF5E7CB499B
:103EF000FFAAE8320AA8FCF735FB02E002270624F5
:103F0000E5E7C749FFAAEC3210A8FCF72BFB01E05C
:103F10000624DCE7C349FFAAF03216A8FCF722FB0F
:103F200002E000270624D2E704A9FFABDC331960C6
:103F30000422FFABE0331A60FFABF433FFA8D030AC
:103F4000FCF7A6FC0BE006241CAD04AB9D4201D19E
:103F500000F02DFC183D28001EF034FCF5E7B248B7
:103F6000FFABD0330393FFABCF330293FFABC83328
:103F70000193FFABC4330093FFABC033FFAAA4325D
:103F8000FFA98831FDF74EF805E00624FFA8D030E0
:103F9000FCF7ABFAD8E7A549A54A6A44FFA8F83070
:103FA000FCF7E0FA01E00524F0E7A249A522D200DF
:103FB0006A44A220C0006844FCF7D4FA05E0052456
:103FC000FFA8F8301EF0FEFBE0E702239A4A6A449D
:103FD0001360033BA622D2006A441360974A6A44E6
:103FE0001360974B6B4401221A700B320021954BE2
:103FF0006B44180018F000FF0023924A6A441360D3
:10400000A822D2006A4413608F4A6A4413608F4822
:104010008C4B6B4403938A4B6B440293874B6B44EA
:104020000193A623DB006B440093834B6B44A222D5
:10403000D2006A44FFA9F831FCF7F4FF0AE0052436
:1040400080486844FCF751FAA220C00068441EF082
:10405000B9FBB5E77E49AC22D2006A44A920C00072
:104060006844FCF77FFA01E00424E9E779497A4AD9
:104070006A447A486844FCF775FA06E00424A920EB
:10408000C00068441EF09EFBDAE70123B022D20094
:104090006A4413600026724A6A4416606422B121A1
:1040A000C90069440A606F4A6A4413700C223100E7
:1040B000B223DB006B44180018F09EFEB223DB0035
:1040C0006B441E60684B6B441E60B323DB006B4483
:1040D0001E606648B223DB006B440393614B6B4464
:1040E0000293B123DB006B4401935D4B6B4400935F
:1040F000B023DB006B44594A6A44A921C9006944D2
:10410000FCF790FF0AE00424B220C0006844FCF7EA
:10411000ECF9524868441EF055FBB0E75449554A43
:104120006A4455486844FCF71DFA01E00324EBE7B4
:104130005249BA22D2006A44B720C0006844FCF752
:1041400011FA05E003244C4868441EF03BFBDBE712
:1041500002234B4A6A441360033BBB22D2006A44E9
:104160001360484A6A441360474B6B4401221A703B
:104170000B320021454B6B44180018F03DFE002324
:10418000424A6A441360BD22D2006A441360404A26
:104190006A4413603F483D4B6B4403933A4B6B4476
:1041A0000293384B6B440193BB23DB006B440093B9
:1041B000334B6B44B722D2006A442F496944FCF761
:1041C00031FF0AE0032431486844FCF78EF9B72038
:1041D000C00068441EF0F6FAB5E72F49C122D200AC
:1041E0006A44BE20C0006844FCF7BCF901E0022428
:1041F000E9E72A492A4A6A442A486844FCF7B2F99E
:1042000052E00224BE20C00068441EF0DBFADAE768
:10421000D8C00210DCC00210E8C00210FCC00210BE
:104220000CC1021018C102102020002024C102106D
:104230000C05000028C102102C0500003405000008
:104240003B0500003C050000440500006C200020F8
:1042500040C1021044C102107C050000640500004A
:10426000840500008F05000094050000B8200020A0
:1042700054C10210B40500009C05000058C1021092
:10428000D4050000DC050000E3050000E4050000A3
:10429000EC0500000421002064C102109CD902102A
:1042A000240600000C0600000223C522D2006A4446
:1042B0001360033BEC4A6A441360C622D2006A448E
:1042C0001360002399466B46E84A9B184A461A70C9
:1042D000C726F6006E440C324946300018F08CFDBB
:1042E0004A4632607260B260E1480396DF4B6B442D
:1042F0000293C623DB006B440193DB4B6B440093BA
:10430000C523DB006B44DB4A6A44BE21C900694413
:10431000FCF788FE0BE00227C720C0006844FCF7CA
:10432000E4F8D44868441EF04DFA3C006AE7D249EC
:10433000D24A6A44D2486844FCF714F9D149CF22E2
:10434000D2006A44CC20C0006844FCF70BF900237B
:104350009946CD4B6B444A461A6001235B42D022FA
:10436000D2006A441360C94A6A4413606B46C84A63
:104370009B184A461A70C74E6E440C3249463000AC
:1043800018F03AFD4A4632607260B260C248039645
:10439000BF4B6B440293BD4B6B440193D023DB00B6
:1043A0006B440093B84B6B44CC22D2006A44B449AE
:1043B0006944FCF737FEB949D622D2006A44D320BB
:1043C000C0006844FCF7CEF80EE00027B14868440E
:1043D000FCF78BF8CC20C00068441EF0F3F9A84825
:1043E00068441EF0EFF997E7A649AD4A6A44AD4824
:1043F0006844FCF7B7F80523DA22D2006A44136058
:10440000063BA94A6A441360DB22D2006A44136067
:10441000A64F6F44002398463B70DC26F6006E449E
:104420000C221900300018F0E7FC4246326072603E
:10443000B2609F4803960297DB23DB006B44019335
:10444000994B6B440093DA23DB006B44954A6A4432
:10445000D321C9006944FCF7E5FD3000FCF745F8BD
:10446000904868441EF0AEF9D320C00068441EF0A6
:10447000A9F988486844FCF738F8CC20C0006844A3
:104480001EF0A0F97E4868441EF09CF9C720C000C9
:104490006844FCF72AF8774868441EF093F9BE2078
:1044A000C00068441EF08EF982486844FCF71DF88D
:1044B000B720C00068441EF085F97F4868441EF0AC
:1044C00081F9B220C0006844FCF70FF87B486844CB
:1044D0001EF078F9A920C00068441EF073F97848EE
:1044E0006844FCF702F8A220C00068441EF06AF994
:1044F000FFA8F8301EF066F9FFA8D030FBF7F5FFF3
:104500001CAE04AB9E4204D0183E30001EF05AF997
:10451000F7E7FFA8A4301EF055F9FFA888301EF079
:1045200051F9FFA87C30FBF7E0FFFFA850301EF0E8
:1045300049F9FFA834301EF045F9FFA82830FBF7F1
:10454000D4FFFEA81EF03EF9F7A81EF03BF9F4A830
:10455000FBF7CBFFE9A81EF035F9E2A81EF032F90F
:10456000DFA8FBF7C2FFD4A81EF02CF9CDA81EF0DF
:1045700029F9C1A8FBF7B9FF40AE1CAB9E4204D09D
:10458000183E30001EF01EF9F7E7B6A81EF01AF923
:10459000AFA81EF017F9ACA8FBF7A7FFA1A81EF063
:1045A00011F99AA81EF00EF997A8FBF79EFF8CA8A8
:1045B0001EF008F985A81EF005F982A8FBF795FF03
:1045C00077A81EF0FFF870A81EF0FCF86DA8FBF7A6
:1045D0008CFF62A81EF0F6F85BA81EF0F3F858A84E
:1045E000FBF783FF4DA81EF0EDF846A81EF0EAF891
:1045F000FFF762F8334A20491CAE3000FBF7CAFFD0
:10460000314B6B441E600122DE23DB006B441A60D9
:104610002E482F4B6B440293DF23DB006B44019346
:104620002C4B6B44009300233100FCF773FC26AE47
:104630001CAB9E4201D1FFF747F8283E30001830EE
:10464000FBF723FF30001EF0BDF8F1E72248FCF72E
:10465000E8F9FFF741F80B492048E022D2006A440C
:10466000FBF780FFFFF740F82C060000370600003C
:10467000502100200C06000068C102105C060000FA
:10468000440600009CD902107C060000840600004D
:104690008B0600008C0600009C21002070C10210D7
:1046A000CC060000B4060000D4060000DF060000BF
:1046B000E8210020E40500009C05000064050000DE
:1046C0003C0500006D170110EC0600000C1D0020D9
:1046D000FC060000F4060000E41C0020B41C0020CE
:1046E000444A1368013B1360002B19D0424A1368F7
:1046F000013B1360002B17D0404A1368013B136045
:10470000002B15D03E4A1368013B1360002B13D0D9
:104710003C4A1368013B1360002B18D13A4C13E05C
:104720003A481EF04FF8E1E739481EF04BF8E3E74E
:104730003848FBF7FEFFE5E73748FCF7F2F8E7E714
:104740004C3C2000FBF7E1FE344B9C42F8D1344A4C
:104750001368013B1360002B08D1324C324B9C4252
:1047600004D0183C20001EF02DF8F7E72F48816890
:10477000FCF701FAFEF77DFF0526FEF7CEFFFEF7F8
:10478000CCFF1CF061FDDC20C0006844FBF7ADFEEF
:10479000274868441EF016F8D320C00068441EF075
:1047A00011F8002712E6F7E710E618E6B4E503274C
:1047B000FFF78DFBFFA8A4301EF004F8FFF769FB9C
:1047C0000527FFF799F9B6A81DF0FCFFFFF77EF962
:1047D0001CF03AFD26AC1CAB9C4208D0283C2000C3
:1047E0001830FBF752FE20001DF0ECFFF3E71CF041
:1047F0002BFDC0465C1C0020581C0020601C0020C3
:10480000641C0020681C002034220020CC1C0020E6
:10481000B41C0020E41C00200C1D0020281D0020DA
:104820006C1C0020C42200203422002070290020AB
:10483000B406000010B502490120FEF709FF10BDC3
:10484000FFFF000010B50400024B036009F090FD6B
:10485000200010BD30C4021010B50400FFF7F2FFB5
:10486000042120001CF052FC200010BD10B50400F3
:1048700009F08EFD014B2360200010BD30C40210F2
:1048800010B504000068A168091A002801D01CF0C6
:104890003DFC200010BD10B500238022520591423E
:1048A0005B41002B03D1C8001DF0AAFA10BD802384
:1048B0009B05994201D31DF04FFD1DF03DFD70B5E4
:1048C00005000C1E08D00022FFF7E5FF2860686095
:1048D000E4000019A86070BD0020F7E730B50300C0
:1048E000100003E0020030CB30C210008B42F9D13F
:1048F00030BD10B5FFF7F2FF10BD70B504000D001C
:1049000049682B68C91AC91000230360436083609B
:10491000FFF7D5FF286869682268FFF7EAFF606043
:10492000200070BDF0B5C64600B586B005000E008B
:104930001F00531E032B08D9D31F0B2B17D90E3B77
:104940000C2B17D90323984601E002239846540004
:10495000A21892000F49511803A8FFF7CEFF009745
:10496000434603AA3100280009F040FE05E0012378
:104970009846ECE700239846E9E703A8FFF780FF95
:1049800006B080BCB846F0BD03A8FFF779FF1CF065
:104990005BFCC04654240020F8B5CE46474680B59F
:1049A00005000E0017001C00089B984605212000FA
:1049B00017F096F98946002906DCA64B5B7B002B95
:1049C00008D04346DB0705D443460F2231002800B8
:1049D000FFF7A8FF4B46012B06DC9E4B5B7B002BB1
:1049E00008D04346DB0705D4434610223100280097
:1049F000FFF798FF4B46022B06DC964B5B7B002BA8
:104A000008D04346DB0705D4434611223100280075
:104A1000FFF788FF4B46032B06DC8E4B5B7B002B9E
:104A200008D04346DB0705D4434612223100280054
:104A3000FFF778FF4346012231002800FFF772FF9D
:104A40004346022231002800FFF76CFF182C04DDDA
:104A5000781C182117F044F90F00002F05D0172FEC
:104A600009D8BF007C4BDB599F46434620223100CA
:104A70002800FFF757FF671F132F6AD92300233B36
:104A8000042B75D92300193B042B78D92300283B2C
:104A9000132B7BD9042C62D8434603223100280013
:104AA000FFF740FF5BE0042C06D84346212231008B
:104AB0002800FFF737FFDEE74346152231002800C4
:104AC000FFF730FFD7E74346162231002800FFF7F3
:104AD00029FFD0E74346172231002800FFF722FFC5
:104AE000C9E74346182231002800FFF71BFFC2E741
:104AF0004346192231002800FFF714FFBBE7434665
:104B00001A2231002800FFF70DFFB4E743461B22AD
:104B100031002800FFF706FFADE743461C223100B5
:104B20002800FFF7FFFEA6E743461D2231002800BC
:104B3000FFF7F8FE9FE743461E2231002800FFF7EB
:104B4000F1FE98E743461F2231002800FFF7EAFEF6
:104B500091E743460C2231002800FFF7E3FE042FC3
:104B60001BD90A3C312C1ED8A4003C4B1B599F4634
:104B700043460C2231002800FFF7D4FEEFE74346FE
:104B80000B2231002800FFF7CDFEE8E743460B2259
:104B900031002800FFF7C6FEE1E743460722310057
:104BA0002800FFF7BFFEC0BCB946B046F8BD43467B
:104BB000082231002800FFF7B5FEF4E743460A2239
:104BC00031002800FFF7AEFEEDE743460922310031
:104BD0002800FFF7A7FEE6E743460722310028003A
:104BE000FFF7A0FE43460D2231002800FFF79AFE92
:104BF000D9E743460D2231002800FFF793FED2E7A4
:104C00004346072231002800FFF78CFE43460D2261
:104C100031002800FFF786FEC5E743460922310030
:104C20002800FFF77FFEBEE743460A223100280036
:104C3000FFF778FEB7E74346082231002800FFF768
:104C400071FEB0E74346072231002800FFF76AFEF5
:104C5000A9E7C046C4220020D4C2021034C3021007
:104C600030B50300100003E0020030CB30C210006A
:104C70008B42F9D130BD0000F8B504000E001700DA
:104C8000551AE9100B4B9D420ED800290FD0002277
:104C9000FFF701FE020022605519A56039003000BF
:104CA000FFF7DEFF6060F8BD03481DF07DFB0022CA
:104CB000F1E7C046F8FFFF7FF0BF021010B582B0E9
:104CC0000400009101920023036043608360D200DE
:104CD0008A18FFF7D1FF04E02000FFF7D1FD1CF098
:104CE000B3FA200002B010BDF0B5CE46474680B5FD
:104CF000E14CA54404000D0001280CD0002C04D187
:104D0000DE4B9D4201D101F0DFFDDD4B9D44C0BC77
:104D1000B946B046F0BDD94B9942EFD1D94B0022EC
:104D20001A719A60D849D96019615A61D74B1E68C7
:104D300001361E60012E56D0D54A13680133136028
:104D4000012B01D101F0F7F8D24A13680133136047
:104D5000012B01D101F01AF9CF4A13680133136016
:104D6000012B01D101F017F9CC4A1368013313600C
:104D7000012B01D101F017F9C94B1E6801361E60E5
:104D8000012E01D101F018F9C64A136801331360EE
:104D9000012B01D101F051F9C34B1E6801361E6091
:104DA000012EABD1C14F0C220021380018F024F89D
:104DB00000233B607B60BB60BD4A6A441360536064
:104DC00001219160D3601100BA4B6B441A6002223A
:104DD00095231B016B441A60B748B84B6B44FFF72F
:104DE0006DFF01F035F9B649D7AAD1A8FBF7BAFB98
:104DF00010E0102410231B1B4C245C43B14BE4181F
:104E0000B04B9C4201D101F0E3FD4C3C2000FBF78C
:104E10007CFBF5E7AA49DEAAD8A8FBF7A3FB04E0D0
:104E20001024D1A81DF0CEFCE4E70027DF97012372
:104E30005B42E093E193A44B6B441F700C2239005A
:104E4000E3A817F0D9FFE397E497E5979D48E3AB14
:104E500003939D4B6B440293E1AB0193E0AB009352
:104E6000DFABD8AAD1A9FCF7DDF807E01024E3A84E
:104E7000FBF73BFBD8A81DF0A5FCD2E79349ECAAB1
:104E8000E6A8FBF76FFB01E00F24F0E79049F3AAD7
:104E9000EDA8FBF767FB04E00F24E6A81DF092FCE9
:104EA000E5E70323F493043BF593F6930027894B3E
:104EB0006B441F700C223900F8A817F09DFFF8977B
:104EC000F997FA978448F8AB0393824B6B440293AB
:104ED000F6AB0193F5AB0093F4ABEDAAE6A9FCF7B2
:104EE000A1F807E00F24F8A8FBF7FFFAEDA81DF0E2
:104EF00069FCD2E77949FFAA0832FBA8FBF732FB2D
:104F000001E00E24EFE77649FFAA2432FFA80C3017
:104F1000FBF728FB04E00E24FBA81DF053FCE2E79E
:104F20000323FFAA28321360043BFFAA2C3213602C
:104F3000FFAA303213600027FFAB37331F700C22FB
:104F40003900FFA8383017F057FFFFAB38331F6028
:104F5000FFAB3C331F60FFAB40331F606148FFABCA
:104F600038330393FFAB37330293FFAB30330193F6
:104F7000FFAB2C330093FFAB2833FFAA0C32FBA905
:104F8000FCF750F809E00E24FFA83830FBF7ADFA23
:104F9000FFA80C301DF016FCBEE75349FFAA5C3297
:104FA000FFA84430FBF7DEFA01E00D24ECE74F499F
:104FB000FFAA7832FFA86030FBF7D4FA05E00D2491
:104FC000FFA844301DF0FEFBDEE70123FFAA7C3280
:104FD00013600027FFAA80321760FF225242FFA908
:104FE00084310A60FFAA8B3213700C223900FFA8AB
:104FF0008C3017F001FFFFAB8C331F60FFAB903399
:105000001F60FFAB94331F603948FFAB8C330393B1
:10501000FFAB8B330293FFAB84330193FFAB803341
:105020000093FFAB7C33FFAA6032FFA94431FBF74A
:10503000F9FF09E00D24FFA88C30FBF756FAFFA812
:1050400060301DF0BFFBBBE72A49FFAAB032FFA8C2
:105050009830FBF787FA01E00C24ECE71849FFAA27
:10506000CC32FFA8B430FBF77DFA45E00C24FFA852
:1050700098301DF0A7FBDEE7ACF4FFFFFFFF000058
:10508000540B0000882900208C290020681C002077
:10509000641C0020601C0020581C00205C1C0020A8
:1050A0006C1C0020701C0020881C00205424002050
:1050B000540900004C09000060240020640900002D
:1050C0009CD90210281D00208B03000054C0021040
:1050D00058C00210DF030000741D0020101A0310D6
:1050E0005CC00210C01D002068C002106CC002101D
:1050F0000C1E00207CC002100323FFAAD0321360D4
:10510000043BFFAAD4321360FFAAD83213600027F1
:10511000FFABDF331F700C223900FFA8E03017F01F
:105120006BFEFFABE0331F60FFABE4331F60FFABF0
:10513000E8331F60D948FFABE0330393FFABDF33A5
:105140000293FFABD8330193FFABD4330093FFAB93
:10515000D033FFAAB432FFA99831FBF763FF09E00F
:105160000C24FFA8E030FBF7C0F9FFA8B4301DF015
:1051700029FB7CE7CA49A022D2006A44FFA8EC3090
:10518000FBF7F0F901E00B24EBE7C649C64A6A4495
:10519000C6486844FBF7E6F905E00B24FFA8EC30AD
:1051A0001DF010FBDDE70423A422D2006A44136043
:1051B0000023BF4A6A4413600533A522D2006A4423
:1051C0001360BC4B6B4401221A70BB49BB4A6A4452
:1051D000ADA8FBF7C7F911E005260B240522921BA9
:1051E00018235343ADAAD518ADAB9D4201D101F0B0
:1051F000E9FB183D28001DF0E5FAF5E7B049A922C2
:10520000D2006A44B3A8FBF7ADF902E004260B24F0
:10521000E4E7AC49AC4A6A44B9A8FBF7A3F902E059
:1052200003260B24DAE7A949AA22D2006A44BFA8C0
:10523000FBF798F902E002260B24CFE7A449A54A20
:105240006A44C5A8FBF78EF901E00B24C6E7A24922
:10525000AB22D2006A44CBA8FBF784F902E0002617
:105260000B24BBE7ADA99D4B6B4419600622A82314
:10527000DB006B441A609A4B6B44A620C000684464
:10528000FBF706FB0BE00B24D1ADADAB9D4201D18A
:1052900001F095FB183D28001DF094FAF5E79148C0
:1052A000A623DB006B440393824B6B440293A5233C
:1052B000DB006B4401937E4B6B440093A423DB0023
:1052C0006B447A4A6A44FFA9EC31FBF7ABFE06E077
:1052D0000B24A620C0006844FBF707F9D4E78249F5
:1052E000AF22D2006A44AC20C0006844FBF73AF910
:1052F00001E00A24EDE77D497D4A6A447D4868441F
:10530000FBF730F906E00A24AC20C00068441DF029
:1053100059FADEE70223B322D2006A441360033B4A
:10532000754A6A441360B422D2006A441360734B16
:105330006B4401221A700B320021B523DB006B4451
:10534000180017F059FD0023B522D2006A441360FB
:105350006B4A6A441360B622D2006A4413606948FB
:10536000B523DB006B440393644B6B440293B4237B
:10537000DB006B440193604B6B440093B323DB0071
:105380006B445C4A6A44AC21C9006944FBF74AFE9D
:105390000AE00A24B520C0006844FBF7A6F8554887
:1053A00068441DF00FFAAFE75749584A6A44584815
:1053B0006844FBF7D7F801E00924EBE75549BD2223
:1053C000D2006A44BA20C0006844FBF7CBF805E07D
:1053D00009244F4868441DF0F5F9DBE701234E4AE4
:1053E0006A4413600A22BE21C90069440A605A3225
:1053F0004A4969440A604A4A6A4413700C220021EF
:10540000484B6B44180017F0F7FC0023454A6A44E8
:105410001360C022D2006A441360434A6A44136096
:105420004248404B6B4403933D4B6B4402933B4BD0
:105430006B440193BE23DB006B440093364B6B44FB
:10544000BA22D2006A4432496944FBF7EBFD0AE014
:10545000092434486844FBF748F8BA20C00068447F
:105460001DF0B0F9B5E73249C422D2006A44C12028
:10547000C0006844FBF776F801E00824E9E72D490D
:105480002D4A6A442D486844FBF76CF858E008241C
:10549000C120C00068441DF095F9DAE7581E0020CD
:1054A00080C0021084C002101C050000040500002A
:1054B000240500002F05000024C002104405000050
:1054C0002CC0021034C002104C0500003CC0021079
:1054D00044C00210540500004CC002103C050000FE
:1054E0005C050000A41E002094C0021098C00210A9
:1054F000940500007C0500009C050000A705000045
:10550000AC050000F01E0020A8C00210CC05000071
:10551000B4050000ACC00210EC050000F40500006A
:10552000FB050000FC050000040600003C1F0020F5
:10553000C0C002109CD902103C06000024060000E6
:105540000323C822D2006A441360043BE14A6A4440
:105550001360C922D2006A4413600027DE4B6B44FB
:105560001F700C223900CA23DB006B44180017F0AF
:1055700043FCCA23DB006B441F60D84B6B441F60A5
:10558000CB23DB006B441F60D548CA23DB006B4490
:105590000393D14B6B440293C923DB006B4401930B
:1055A000CC4B6B440093C823DB006B44CD4A6A4468
:1055B000C121C9006944FBF735FD0AE00824CA206F
:1055C000C0006844FAF791FFC64868441DF0FAF835
:1055D0005EE7C549C54A6A44C5486844FAF7C2FF50
:1055E00001E00724EBE7C349D222D2006A44CF206E
:1055F000C0006844FAF7B6FF05E00724BC486844D9
:105600001DF0E0F8DBE70223BB4A6A441360033B6A
:10561000D322D2006A441360B84A6A441360B84B7C
:105620006B4401221A700B320021B64B6B441800F8
:1056300017F0E2FB0023B34A6A441360D522D2007C
:105640006A441360B04A6A441360B048AD4B6B447F
:105650000393AB4B6B440293A84B6B440193D3234E
:10566000DB006B440093A44B6B44CF22D2006A440E
:105670009F496944FBF7D6FC0AE00724A148684427
:10568000FAF733FFCF20C00068441DF09BF8B5E760
:105690009F49D922D2006A44D620C0006844FAF754
:1056A00061FF01E00624E9E79A499B4A6A449B4866
:1056B0006844FAF757FF06E00624D620C000684485
:1056C0001DF080F8DAE70423DD22D2006A4413607B
:1056D0000023934A6A4413600333DE22D2006A44F3
:1056E0001360904B6B4401221A708F498F4A6A44B1
:1056F00095A8FAF737FF11E0032606240322921B30
:105700001823534395AAD51895AB9D4201D101F0BA
:1057100050F9183D28001DF055F8F5E78449E222BC
:10572000D2006A449BA8FAF71DFF02E00226062475
:10573000E4E78049804A6A44A1A8FAF713FF01E030
:105740000624DBE77D49E322D2006A44A7A8FAF7E2
:1057500009FF02E000260624D0E795A9784B6B44A8
:1057600019600422E123DB006B441A60754B6B4423
:10577000DF20C0006844FBF78BF80BE00624ADADDA
:1057800095AB9D4201D101F011F9183D28001DF0A3
:1057900019F8F5E76C48DF23DB006B440393614B9A
:1057A0006B440293DE23DB006B4401935C4B6B4440
:1057B0000093DD23DB006B44584A6A44D621C900BC
:1057C0006944FBF72FFC06E00624DF20C000684494
:1057D000FAF78BFED3E75D49E722D2006A44E42062
:1057E000C0006844FAF7BEFE01E00524EDE7584921
:1057F000584A6A4458486844FAF7B4FE06E005245B
:10580000E420C00068441CF0DDFFDEE70223EB2249
:10581000D2006A441360033B504A6A441360EC228E
:10582000D2006A4413604E4B6B4401221A700B3253
:105830000021ED23DB006B44180017F0DDFA002394
:10584000ED22D2006A441360464A6A441360EE2295
:10585000D2006A4413604448ED23DB006B44039399
:105860003F4B6B440293EC23DB006B4401933B4BB7
:105870006B440093EB23DB006B44374A6A44E4211A
:10588000C9006944FBF7CEFB0AE00524ED20C00007
:105890006844FAF72AFE304868441CF093FFAFE7EB
:1058A0003249334A6A4433486844FAF75BFE01E000
:1058B0000424EBE73049F522D2006A44F220C0000C
:1058C0006844FAF74FFE59E004242A4868441CF063
:1058D00079FFDBE7440600004F0600005406000095
:1058E000881F002024060000C4C0021074060000B7
:1058F0005C060000C8C00210940600009C06000070
:10590000A3060000A4060000AC060000D41F00207F
:10591000D8C00210DCC00210E4060000CC06000073
:10592000EC060000F7060000E8C002100C070000BB
:10593000FCC002100CC102101407000018C10210B4
:10594000040700001C0700002020002024C10210D2
:1059500028C10210540700003C0700005C0700004B
:10596000670700006C0700006C20002040C1021097
:105970008C0700007407000044C102100123AE4AE6
:105980006A4413600027F622D2006A44176064223A
:10599000AA4969440A60AA4A6A4413700C22390071
:1059A000A84B6B44180017F027FAA64B6B441F60F6
:1059B000F823DB006B441F60A34B6B441F60A348BC
:1059C000A04B6B4403939E4B6B4402939B4B6B44E5
:1059D0000193F623DB006B440093974B6B44F22258
:1059E000D2006A449A496944FBF71CFB0AE004248C
:1059F00094486844FAF779FDF220C00068441CF02E
:105A0000E1FE62E79349FC22D2006A44F920C0001B
:105A10006844FAF7A7FD01E00324E9E78E498F4ABD
:105A20006A448F486844FAF79DFD06E00324F92094
:105A3000C00068441CF0C6FEDAE70223802212018F
:105A40006A441360033B874A6A441360864A6A4487
:105A50001360864B6B4401221A700B3200218123A4
:105A60001B016B44180017F0C7F9002381221201B3
:105A70006A4413607E4A6A4413607E4A6A44136033
:105A80007D4881231B016B440393784B6B44029345
:105A9000754B6B440193734B6B44009380231B0144
:105AA0006B446F4A6A44F921C9006944FBF7BAFAAA
:105AB0000AE00324812000016844FAF716FD6848D3
:105AC00068441CF07FFEB2E76C496D4A6A446D4839
:105AD0006844FAF747FD01E00224EBE76A498522B2
:105AE00012016A4469486844FAF73CFD05E0022463
:105AF000644868441CF066FEDCE70223644A6A449A
:105B00001360033B634A6A441360634A6A44136048
:105B10000027624B6B441F700C223900604B6B44B2
:105B2000180017F069F95E4B6B441F605D4B6B44C6
:105B30001F605D4B6B441F605C48594B6B44039383
:105B4000564B6B440293544B6B440193514B6B4443
:105B500000934F4B6B444D4A6A444A496944FBF7F2
:105B600061FA0AE002264E486844FAF7BEFC47484C
:105B700068441CF027FE3400BAE74D494D4A6A4498
:105B8000872000016844FAF7EDFC3F494A4A6A441D
:105B90004A486844FAF7E6FC0027494B6B441F600B
:105BA00001235B42474A6A4413608B2212016A4414
:105BB0001360454B6B441F700C223900434B6B4400
:105BC000180017F019F9414B6B441F60404B6B44B0
:105BD0001F608C231B016B441F603E483B4B6B4492
:105BE0000393394B6B4402938B231B016B4401934A
:105BF000344B6B440093324B6B44304A6A448721E8
:105C000009016944FBF70EFA3349344A6A443448BF
:105C10006844FAF7A7FC65E000262C486844FAF7C8
:105C200064FC264868441CF0CDFD872000016844D0
:105C30001CF0C8FD97E7C046AC070000B4070000A1
:105C4000BB070000BC070000C4070000B82000200C
:105C50007407000054C1021058C10210FC07000074
:105C6000E407000004080000080800000F08000016
:105C700014080000180800000421002064C102106C
:105C8000340800001C0800009CD9021038080000ED
:105C900054080000580800005C0800006308000079
:105CA00064080000680800006C0800005021002013
:105CB00068C1021088080000A40800008C080000D9
:105CC000A8080000AC080000B7080000B8080000F1
:105CD000BC0800009C21002070C10210DC080000FC
:105CE000C4080000EF49F04A6A448E20000168446D
:105CF000FAF738FC0523ED4A6A441360063B90220C
:105D000012016A441360EA4A6A4413600026E94BB0
:105D10006B441E700C223100E74B6B44180017F0E7
:105D20006BF8E54B6B441E6091231B016B441E60B6
:105D3000E24B6B441E60E248DF4B6B440393DD4B48
:105D40006B440293DA4B6B44019390231B016B4429
:105D50000093D64B6B448E2212016A44D9496944A0
:105D6000FBF760F9D4486844FAF7BFFB8E200001C6
:105D700068441CF027FDD34868441CF023FDD2483A
:105D80006844FAF7B2FBD14868441CF01BFD872039
:105D9000000168441CF016FDCD486844FAF7A5FBE5
:105DA000CC4868441CF00EFDCB4868441CF00AFD4A
:105DB000812000016844FAF798FBC84868441CF049
:105DC00001FDF920C00068441CF0FCFCC448684494
:105DD000FAF78BFBF220C00068441CF0F3FCC148CA
:105DE00068441CF0EFFCED20C0006844FAF77DFB2E
:105DF000BD4868441CF0E6FCE420C00068441CF088
:105E0000E1FCDF20C0006844FAF76FFBADAE95AB54
:105E10009E4204D0183E30001CF0D4FCF7E7B34893
:105E200068441CF0CFFCD620C00068441CF0CAFCBB
:105E3000AF486844FAF759FBCF20C00068441CF013
:105E4000C1FCAC4868441CF0BDFCCA20C0006844DA
:105E5000FAF74BFBA84868441CF0B4FCC120C00012
:105E600068441CF0AFFCA5486844FAF73EFBBA2032
:105E7000C00068441CF0A6FCA14868441CF0A2FCC9
:105E8000B520C0006844FAF730FB9E4868441CF017
:105E900099FCAC20C00068441CF094FCA620C00013
:105EA0006844FAF722FBD1AEADAB9E4204D0183E57
:105EB00030001CF087FCF7E7934868441CF082FC34
:105EC000FFA8EC301CF07EFCFFA8E030FAF70DFBD9
:105ED000FFA8B4301CF076FCFFA898301CF072FCD0
:105EE000FFA88C30FAF701FBFFA860301CF06AFCB9
:105EF000FFA844301CF066FCFFA83830FAF7F5FA2A
:105F0000FFA80C301CF05EFCFBA81CF05BFCF8A8A2
:105F1000FAF7EBFAEDA81CF055FCE6A81CF052FCD1
:105F2000E3A8FAF7E2FAD8A81CF04CFCD1A81CF0C0
:105F300049FCFEF701FF754A7549ADAE3000FAF72E
:105F400029FB744B6B441E600122734B6B441A6037
:105F50007248734B6B440293724B6B4401939223D0
:105F60001B016B44009300233100FAF7D3FFB7AE57
:105F7000ADAB9E4201D1FEF7E7FE283E300018305F
:105F8000FAF783FA30001CF01DFCF1E76648FAF7D7
:105F900048FDFEF7E1FE43496448654A6A44FAF762
:105FA000E1FAFEF7E1FE3F496248932212016A449A
:105FB000FAF7D8FAFEF7E0FE5F496048604A6A44A3
:105FC000FAF7D0FA5F496048604A6A44FAF7CAFAB9
:105FD00010E0042605239B1B18245C43574BE41850
:105FE000564B9C4201D100F097FD183C20001CF05C
:105FF000E9FBF5E756495748574A6A44FAF7B2FAB7
:1060000001E00326E6E755495548942212016A4407
:10601000FAF7A8FA01E00226DCE752495248534A4F
:106020006A44FAF79FFA52495248534A6A44FAF7C7
:1060300099FAFEF7A9FE0026CCE7504B00221A7011
:106040005A60022199601C3119735A73FEF7A4FE3D
:106050009721090169444A4B0A0083CB83C283CB51
:1060600083C2972109016944464B6B44196003229E
:10607000454B6B441A604548454B6B44FEF71EFE8A
:106080008AE0202622239B1B0C245C43414BE4180E
:10609000404B9C4201D100F046FD0C3C2000FEF735
:1060A000EFFBF5E79CD90210F8080000FC0800009F
:1060B000040900000B0900000C090000140900008D
:1060C000E8210020C4080000B80800008C08000087
:1060D00064080000380800001C080000E407000005
:1060E000BC070000740700003C070000CC0600005D
:1060F000A40600005C06000024060000FC05000069
:10610000B40500007C050000040500006D170110B7
:1061100068C10210180900001C0900000C1D0020B5
:106120002809000024090000E41C0020B41C002001
:106130002C090000CC1C002024C0021034220020B6
:10614000340900002CC002104C2200203809000045
:1061500034C00210642200203C0900003CC0021040
:106160007C22002044C00210942200204409000038
:106170004CC00210AC22002048090000C4220020BC
:106180003CC40210680900006C0900006C24002067
:106190008809000054240020E8496944E84B0A00BB
:1061A00083CB83C283CB83C2E4496944E54B6B4410
:1061B0001960032299231B016B441A60E248E34BE8
:1061C0006B44FEF77BFD01E01F265BE705A9E04B72
:1061D0000A0083CB83C283CB83C203CB03C205A94E
:1061E0009B231B016B4419600422DA4B6B441A6039
:1061F000D948DA4B6B44FEF761FD01E01E2641E70A
:10620000D74FD8480C2399461A00002116F0F4FD08
:1062100000239846FB633B647B64380048304A4661
:10622000190016F0E9FD4346BB64FB643B650DA90C
:10623000CD4B0A0083CB83C283CB83C203CB03C283
:106240000DA9CA4B6B44196004229C231B016B44AB
:106250001A60C748C74B6B44FEF730FD01E01B26B0
:1062600010E715A9C44B0A0083CB83C283CB83C23A
:1062700003CB03C215A9C14B6B4419600422C04B68
:106280006B441A60BF489D231B016B44FEF716FD4B
:1062900001E01A26F6E6BC49382295A816F0B2FDB0
:1062A00095A9BA4B6B4419600722B94B6B441A602D
:1062B000B848B94B6B44FEF701FD01E01926E1E651
:1062C000B6493822ADA816F09DFDADA99E231B014D
:1062D0006B4419600722B24B6B441A60B148B24B51
:1062E0006B44FEF7EBFC01E01826CBE6AF496944AE
:1062F000AF4B0A0083CB83C283CB83C2AB496944D3
:10630000AC4B6B44196003229F231B016B441A6042
:10631000A948AA4B6B44FEF7D1FC01E01726B1E671
:106320001DA9A74B0A0083CB83C283CB83C203CBB7
:1063300003C21DA9A1231B016B4419600422A14BB8
:106340006B441A60A048A14B6B44FEF7B7FC01E018
:10635000162697E625A99E4B0A0083CB83C283CBE2
:1063600083C203CB03C225A99A4B6B441960042254
:10637000A2231B016B441A609748984B6B44FEF7AD
:106380009DFC01E015267DE62DA9954B0A0083CBE7
:1063900083C283CB83C203CB03C22DA9914B6B4431
:1063A00019600422904B6B441A609048A3231B0190
:1063B0006B44FEF783FC01E0142663E600238C4A5D
:1063C0006A441360013BA42212016A4413608849A5
:1063D0006944884B6B4419600122874B6B441A60F7
:1063E0008648874B6B44FEF769FC01E0132649E6BB
:1063F0000C23A52212016A4413600D3B814A6A44B2
:106400001360A521090169447F4B6B441960012287
:106410007E4B6B441A607E487E4B6B44FEF74EFC0D
:1064200001E012262EE665237B4A6A441360663B30
:106430007A4A6A4413607A4B6B44774A6A441A601A
:106440000122A6231B016B441A607648764B6B44ED
:1064500071496944FEF732FC01E0112612E671230E
:10646000724A6A441360723B714A6A441360A723FC
:106470001B016B446D4A6A441A6001226D4B6B44E8
:106480001A606D48A8231B016B4468496944FEF7F4
:1064900015FC01E01026F5E5314F68480C239946BC
:1064A0001A00002116F0A8FC00239846E433424667
:1064B000FA500433FA500433FA503800F0304A46A8
:1064C000414616F099FCF0234246FA500433FA5044
:1064D0000433FA5035A95A4B0A0083CB83C283CBCD
:1064E00083C203CB03C235A9564B6B441960042207
:1064F000554B6B441A605548554B6B44FEF7DEFB19
:1065000001E00D26BEE53DA9524B0A0083CB83C2B4
:1065100083CB83C203CB03C23DA9A9231B016B44D8
:10652000196004224C4B6B441A604C484C4B6B4432
:10653000FEF7C4FB96E00C26A4E5C04694090000D3
:1065400054C402108C09000078240020AC0900001B
:106550006CC40210B409000084240020B8090000B3
:1065600054240020902400208CC40210BC09000098
:10657000A8240020C4090000ACC40210C80900000F
:10658000CC090000B4240020CCC40210D4090000BF
:10659000D8090000C0240020DC09000004C5021056
:1065A000E4090000CC240020E8090000F409000000
:1065B0003CC50210EC090000D82400200C0A0000A1
:1065C00054C50210140A0000E4240020180A000038
:1065D00074C502101C0A0000F0240020240A0000E8
:1065E00094C50210280A00002C0A0000FC24002098
:1065F0003C0A0000340A0000380A00000825002088
:10660000440A0000540A0000480A00004C0A000036
:1066100014250020580A0000640A0000680A0000DF
:106620005C0A0000202500206C0A0000780A0000A7
:106630007C0A0000740A00002C2500203825002068
:10664000B4C50210840A0000880A0000502500200A
:106650008C0A0000D4C50210940A00005C250020BA
:10666000980A000045A9E44B0A0083CB83C283CB80
:1066700083C203CB03C245A9E04B6B4419600422DB
:10668000AA231B016B441A60DD48DE4B6B44FEF706
:1066900015FB01E00B26F5E44DA9DB4B0A0083CB8B
:1066A00083C283CB83C203CB03C24DA9D74B6B44B8
:1066B00019600422D64B6B441A60D648AB231B01E9
:1066C0006B44FEF7FBFA01E00A26DBE455A9D24B46
:1066D0000A0083CB83C283CB83C203CB03C255A9F9
:1066E000CE4B6B4419600422CD4B6B441A60CD48ED
:1066F000CD4B6B44FEF7E2FA01E00926C2E475A92E
:10670000CA4B0A0083CB83C283CB83C283CB83C2B1
:106710001B68136075A9AC231B016B44196005222B
:10672000C34B6B441A60C348C34B6B44FEF7C6FAB5
:1067300001E00826A6E489A9C04B0A0083CB83C2E6
:1067400083CB83C283CB83C283CB83C289A9BC4B57
:106750006B4419600622AD231B016B441A60B948D3
:10676000B94B6B44FEF7AAFA01E007268AE45DA95B
:10677000B64B0A0083CB83C283CB83C203CB03C255
:106780005DA9B34B6B4419600422B24B6B441A6091
:10679000B148AE231B016B44FEF790FA01E00626D8
:1067A00070E465A9AD4B0A0083CB83C283CB83C25F
:1067B00003CB03C265A9AA4B6B4419600422A94B01
:1067C0006B441A60A848A94B6B44FEF777FA01E0C6
:1067D000052657E46DA9A64B0A0083CB83C283CB61
:1067E00083C203CB03C26DA9AF231B016B441960A5
:1067F0000422A04B6B441A609F48A04B6B44FEF7E9
:106800005DFA01E004263DE49D4969448C469D4BB8
:106810000A0083CB83C283CB83C29B4B6B4462460B
:106820001A600322B0231B016B441A609748984BEF
:106830006B446146FEF742FA01E0032622E47FA999
:10684000944B0A0083CB83C283CB83C283CB83C2A6
:106850001B6813607FA9B2231B016B4419600522DA
:106860008D4B6B441A608D488D4B6B44FEF726FAB6
:1068700002E00226FFF706FC8A4969448C468A4BEF
:106880000A0083CB83C283CB83C2884B6B446246AE
:106890001A600322B3231B016B441A608448854BA2
:1068A0006B446146FEF70AFA834E84480C220021AD
:1068B00016F0A2FA0022CC21490072500431725025
:1068C00004317250FEF71AFA7D4A1368013B1360D7
:1068D000002B08D17B4C03E00C3C2000FDF7D0FFDF
:1068E000754B9C42F8D1784A1368013B1360002B2A
:1068F00008D1764C764B9C4204D0183C20001BF00B
:1069000061FFF7E7734A1368013B1360002B20D047
:10691000714A1368013B1360002B1ED06F4A136845
:10692000013B1360002B1CD06D4A1368013B1360C0
:10693000002B1AD06B4A1368013B1360002B18D14F
:10694000694C6A4B9C4214D04C3C2000F9F7DDFDA9
:10695000F7E767481BF036FFDAE766481BF032FFBF
:10696000DCE76548F9F7E5FEDEE76448F9F7D9FFAB
:10697000E0E763488168FAF7FEF8FEF7C6F9614878
:106980006844F9F7B2FD8E20000168441BF01AFF3D
:106990005D4868441BF016FF0026FFF73EF9F7E755
:1069A000FFF73BF9FFF741F9FFF7DDF80326FEF7A4
:1069B000A5FE564868441BF005FFFEF77EFE05263F
:1069C000FEF70CFC524868441BF0FCFEFEF7E6FBA9
:1069D0001AF03AFCB7ACADAB9C4208D0283C200082
:1069E0001830F9F752FD20001BF0ECFEF3E71AF027
:1069F0002BFC0526FFF7EEFAF4C502109C0A0000F6
:106A000068250020A40A000014C60210A80A00008D
:106A1000AC0A00007425002034C60210B40A00003D
:106A2000B80A000080250020BC0A000054C60210ED
:106A3000C40A00008C250020C80A00007CC6021091
:106A4000CC0A000098250020D40A0000ACC6021031
:106A5000D80A0000DC0A0000A4250020CCC60210E1
:106A6000E40A0000E80A0000B0250020EC0A00005B
:106A7000ECC60210F40A0000BC250020F80A000051
:106A8000040B00000CC70210FC0A0000C8250020FF
:106A90001C0B000024C70210240B0000D42500208A
:106AA000280B0000340B00004CC702102C0B000018
:106AB000E02500204C0B000054240020EC25002091
:106AC000881C0020F82500206C1C0020C422002017
:106AD000342200205C1C0020581C0020601C002078
:106AE000641C0020681C002034220020281D002087
:106AF000CC1C0020B41C0020E41C00200C1D002035
:106B0000882900200C090000C4080000CC06000001
:106B100004050000FFF75EFA1AF096FB2126FFF746
:106B2000B1FAFFF7AFFA1AF08FFBC04610B5024971
:106B30000120FEF7D9F810BDFFFF000010B50400DA
:106B4000024B036007F014FC200010BDC0C8021007
:106B500010B50400FFF7F2FF042120001AF0D6FA66
:106B6000200010BD10B5040007F012FC014B23609B
:106B7000200010BDC0C80210F0B5C64600B586B0F2
:106B800005000E001F00531E032B08D9D31F0D2B29
:106B900017D9103B0B2B17D90323984601E002238A
:106BA00098465400A21892000F49511803A8FDF707
:106BB000A4FE0097434603AA3100280007F016FD03
:106BC00005E001239846ECE700239846E9E703A88F
:106BD000FDF756FE06B080BCB846F0BD03A8FDF731
:106BE0004FFE1AF031FBC04690270020F8B5CE4684
:106BF000474680B504000D0091461F00089E052100
:106C0000180015F06DF88846002905DC914B5B7B78
:106C1000002B07D0F30705D43300112229002000F0
:106C2000FFF7AAFF4346012B05DC8A4B5B7B002B59
:106C300007D0F30705D43300122229002000FFF704
:106C40009BFF4346022B05DC824B5B7B002B07D06E
:106C5000F30705D43300132229002000FFF78CFF2F
:106C60004346032B05DC7B4B5B7B002B07D0F307F4
:106C700005D43300142229002000FFF77DFF3300E4
:106C8000012229002000FFF777FF330002222900AC
:106C90002000FFF771FF3300032229002000FFF7D7
:106CA0006BFF4B46002B05D0172B09D89A006A4B77
:106CB0009B589F463300222229002000FFF75CFFEB
:106CC0007B1F98461D2B5AD93B00233B182B5DD9BF
:106CD0004346042B61D90A3F312F64D8BF005F4B74
:106CE000DB599F463300172229002000FFF744FF9D
:106CF000E6E73300182229002000FFF73DFFDFE719
:106D00003300192229002000FFF736FFD8E73300AF
:106D10001A2229002000FFF72FFFD1E733001B22A2
:106D200029002000FFF728FFCAE733001C222900B2
:106D30002000FFF721FFC3E733001D2229002000B8
:106D4000FFF71AFFBCE733001E2229002000FFF7DF
:106D500013FFB5E733001F2229002000FFF70CFFC7
:106D6000AEE73300202229002000FFF705FFA7E748
:106D70003300212229002000FFF7FEFEA0E73300A8
:106D8000072229002000FFF7F7FEA1E733000822C1
:106D900029002000FFF7F0FE9AE7330009222900BE
:106DA0002000FFF7E9FEC0BCB946B046F8BD33008D
:106DB0000A2229002000FFF7DFFEF4E733000E224D
:106DC00029002000FFF7D8FE330010222900200000
:106DD000FFF7D2FEE7E733000C2229002000FFF77F
:106DE000CBFEE0E733000F2229002000FFF7C4FEAE
:106DF000D9E733000F2229002000FFF7BDFED2E7BC
:106E00003300092229002000FFF7B6FECBE733004C
:106E10000C2229002000FFF7AFFEC4E733000E224A
:106E200029002000FFF7A8FE3300102229002000CF
:106E3000FFF7A2FEB7E733000A2229002000FFF780
:106E40009BFEB0E73300092229002000FFF794FEE3
:106E5000A9E7C046C422002064C70210C4C70210BC
:106E6000F0B5CE46474680B5D84CA54404000D0089
:106E700001280CD0002C04D1D54B9D4201D101F04A
:106E8000BCFDD44B9D44C0BCB946B046F0BDD04B10
:106E90009942EFD1D04B00221A719A60CF49D96044
:106EA00019615A61CE4B1E6801361E60012E58D002
:106EB000CC4A136801331360012B01D101F0CBF8E8
:106EC000C94A136801331360012B01D101F0EEF8B8
:106ED000C64A136801331360012B01D101F0EBF8AE
:106EE000C34A136801331360012B01D101F0ECF8A0
:106EF000C04B1E6801361E60012E01D101F0ECF876
:106F0000BD4A136801331360012B01D101F025F94B
:106F1000BA4B1E6801361E60012EABD1B84F0C2251
:106F20000021380015F068FF00233B607B60BB60E8
:106F300004A9B44B0A0083CB83C283CB83C203CBA7
:106F400003C204A991231B016B4419600422AE4BB8
:106F50006B441A60AD48AE4B6B44FDF7AFFE01F0D9
:106F600007F9AC49C8AAC2A8F9F7FCFA10E0102446
:106F700010231B1B4C245C43A74BE418A64B9C42DC
:106F800001D101F051FE4C3C2000F9F7BEFAF5E7C3
:106F9000A049CFAAC9A8F9F7E5FA04E01024C2A8CD
:106FA0001BF010FCE4E70027D09701235B42D1934C
:106FB000D2939A4B6B441F700C223900D4A815F061
:106FC0001BFFD497D597D6979348D4AB0393934B95
:106FD0006B440293D2AB0193D1AB0093D0ABC9AA5F
:106FE000C2A9FAF71FF807E01024D4A8F9F77DFA30
:106FF000C9A81BF0E7FBD2E78949DDAAD7A8F9F7B2
:10700000B1FA01E00F24F0E78649E4AADEA8F9F717
:10701000A9FA04E00F24D7A81BF0D4FBE5E703236B
:10702000E593043BE693E79300277F4B6B441F7087
:107030000C223900E9A815F0DFFEE997EA97EB97F3
:107040007A48E9AB0393784B6B440293E7AB019327
:10705000E6AB0093E5ABDEAAD7A9F9F7E3FF07E0BB
:107060000F24E9A8F9F741FADEA81BF0ABFBD2E741
:107070006F49F2AAECA8F9F775FA01E00E24F0E7DF
:107080006C49F9AAF3A8F9F76DFA04E00E24ECA80C
:107090001BF098FBE5E70323FA93043BFB93FC9377
:1070A0000027654B6B441F70FEAB98460C223900DD
:1070B000180015F0A1FEFE9743465F609F605F4891
:1070C00003935D4B6B440293FCAB0193FBAB0093CA
:1070D000FAABF3AAECA9F9F7A5FF07E00E24FEA886
:1070E000F9F703FAF3A81BF06DFBD0E75449FFAAA8
:1070F0002032FFA80830F9F735FA01E00D24EEE759
:107100005049FFAA3C32FFA82430F9F72BFA05E0DA
:107110000D24FFA808301BF055FBE0E70123FFAA70
:10712000403213600027FFAA44321760FF22524208
:10713000FFA948310A60FFAA4F3213700C223900B0
:10714000FFA8503015F058FEFFAB50331F60FFAB67
:1071500054331F60FFAB58331F603B48FFAB5033C5
:107160000393FFAB4F330293FFAB48330193FFAB65
:1071700044330093FFAB4033FFAA2432FFA9083108
:10718000F9F750FF09E00D24FFA85030F9F7ADF9E9
:10719000FFA824301BF016FBBBE72C49FFAA743272
:1071A000FFA85C30F9F7DEF901E00C24ECE719499F
:1071B000FFAA9032FFA87830F9F7D4F948E00C2400
:1071C000FFA85C301BF0FEFADEE7C046D4F4FFFFF8
:1071D000FFFF00002C0B0000A0290020A4290020A4
:1071E000681C0020641C0020601C0020581C00202B
:1071F0005C1C00206C1C0020701C0020901C0020D7
:1072000090270020CCC80210140900009C27002001
:10721000180900009CD90210281D00204F0300000F
:1072200054C0021058C00210A3030000741D0020B7
:10723000101A03105CC00210F7030000C01D0020EC
:1072400068C002106CC002100C1E00207CC002102E
:107250000323FFAA94321360043BFFAA9832136001
:10726000FFAA9C3213600027FFABA3331F700C22D0
:107270003900FFA8A43015F0BFFDFFABA4331F6099
:10728000FFABA8331F60FFABAC331F60D548FFAB2B
:10729000A4330393FFABA3330293FFAB9C3301935F
:1072A000FFAB98330093FFAB9433FFAA7832FFA96A
:1072B0005C31F9F7B7FE09E00C24FFA8A430F9F718
:1072C00014F9FFA878301BF07DFA79E7C649FFAAC8
:1072D000C832FFA8B030F9F745F901E00B24ECE71C
:1072E000C249FFAAE432FFA8CC30F9F73BF905E028
:1072F0000B24FFA8B0301BF065FADEE70423FFAAD9
:10730000E83213600023FFAAEC3213600533FFAAB2
:10731000F0321360FFABF73301221A70B449A12297
:10732000D2006A449EA8F9F71DF911E005260B2446
:107330000522921B182353439EAAD5189EAB9D424B
:1073400001D101F06BFC183D28001BF03BFAF5E77A
:10735000A849A94A6A44A4A8F9F704F902E0042656
:107360000B24E5E7A549A222D2006A44AAA8F9F7AE
:10737000F9F802E003260B24DAE7A149A14A6A449E
:10738000B0A8F9F7EFF802E002260B24D0E79E49F7
:10739000A322D2006A44B6A8F9F7E4F801E00B246E
:1073A000C6E79A499A4A6A44BCA8F9F7DBF802E0B2
:1073B00000260B24BCE79EA9A023DB006B441960C8
:1073C0000622944B6B441A60A423DB006B44FFA895
:1073D000F830F9F75DFA0BE00B24C2AD9EAB9D428D
:1073E00001D101F018FC183D28001BF0EBF9F5E77E
:1073F0008948FFABF8330393FFABF7330293FFAB3E
:10740000F0330193FFABEC330093FFABE833FFAAFB
:10741000CC32FFA9B031F9F705FE05E00B24FFA837
:10742000F830F9F762F8D8E77C497D4A6A447D482C
:107430006844F9F797F801E00A24F0E77A49AB22AB
:10744000D2006A44A820C0006844F9F78BF805E030
:107450000A24744868441BF0B5F9E0E70223734A34
:107460006A441360033BAC22D2006A441360704A42
:107470006A4413606F4B6B4401221A700B32002177
:107480006D4B6B44180015F0B7FC00236A4A6A4440
:107490001360AE22D2006A441360684A6A441360E3
:1074A0006748654B6B440393624B6B440293604B9C
:1074B0006B440193AC23DB006B4400935B4B6B4448
:1074C000A822D2006A4457496944F9F7ABFD0AE0A3
:1074D0000A2459486844F9F708F8A820C00068440D
:1074E0001BF070F9B5E75749B222D2006A44AF20C9
:1074F000C0006844F9F736F801E00924E9E7524989
:10750000524A6A4452486844F9F72CF806E00924C4
:10751000AF20C00068441BF055F9DAE70123B6221A
:10752000D2006A4413600A224A4969440A605A3206
:10753000B721C90069440A60474A6A4413700C22A3
:107540000021B823DB006B44180015F055FC002324
:10755000B822D2006A441360404A6A441360B922D8
:10756000D2006A4413603E48B823DB006B440393A7
:10757000394B6B440293B723DB006B440193354BCB
:107580006B440093B623DB006B44314A6A44AF215D
:10759000C9006944F9F746FD0AE00924B820C00093
:1075A0006844F8F7A2FF2A4868441BF00BF9AFE7DC
:1075B0002C492D4A6A442D486844F8F7D3FF01E06E
:1075C0000824EBE72A49C022D2006A44BD20C0004B
:1075D0006844F8F7C7FF4DE00824244868441BF0CE
:1075E000F1F8DBE7581E002080C0021084C00210B2
:1075F00024C002102CC002100C05000034C0021080
:107600003CC002101405000044C002104CC002101F
:107610001C05000004050000A41E002094C00210F8
:107620003C0500002405000098C002105C05000025
:10763000640500006B0500006C0500007405000087
:10764000F01E0020A8C00210ACC00210AC05000063
:1076500094050000B4050000BF050000C40500004B
:107660003C1F0020C0C00210E4050000CC05000053
:107670009CD902100323E04A6A441360043BC122F0
:10768000D2006A441360DD4A6A4413600027DC4B71
:107690006B441F700C223900DA4B6B44180015F054
:1076A000ABFBD84B6B441F60C323DB006B441F60F4
:1076B000D54B6B441F60D548D24B6B440393D04BE2
:1076C0006B440293CD4B6B440193C123DB006B44AD
:1076D0000093C94B6B44BD22D2006A44CC49694433
:1076E000F9F7A0FC0AE00824C6486844F8F7FDFE54
:1076F000BD20C00068441BF065F86EE7C549C7228D
:10770000D2006A44C420C0006844F8F72BFF01E0AF
:107710000724E9E7C049C14A6A44C1486844F8F708
:1077200021FF06E00724C420C00068441BF04AF88B
:10773000DAE70223CB22D2006A441360033BB94A42
:107740006A441360CC22D2006A441360B64B6B4487
:1077500001221A700B320021CD23DB006B4418008C
:1077600015F04AFB0023CD22D2006A441360AF4AD1
:107770006A441360CE22D2006A441360AC48CD2321
:10778000DB006B440393A84B6B440293CC23DB00D8
:107790006B440193A34B6B440093CB23DB006B44FE
:1077A0009F4A6A44C421C9006944F9F73BFC0AE0D6
:1077B0000724CD20C0006844F8F797FE9848684435
:1077C0001BF000F8AFE79B499B4A6A449B4868441A
:1077D000F8F7C8FE01E00624EBE79949D522D2006C
:1077E0006A44D220C0006844F8F7BCFE05E00624D5
:1077F000924868441AF0E6FFDBE70423914A6A44A2
:1078000013600023D622D2006A44136003338E4AE9
:107810006A4413608D4B6B4401221A708C49DA2242
:10782000D2006A4486A8F8F79DFE11E003260624DC
:107830000322921B1823534386AAD51886AB9D4278
:1078400001D101F0E1F9183D28001AF0BBFFF5E77E
:107850008049814A6A448CA8F8F784FE02E0022637
:107860000624E5E77D49DB22D2006A4492A8F8F7B6
:1078700079FE01E00624DBE779497A4A6A4498A850
:10788000F8F770FE02E000260624D1E786A9D92386
:10789000DB006B4419600422734B6B441A60DC23D9
:1078A000DB006B4471486844F8F7F2FF0BE00624F4
:1078B0009EAD86AB9D4201D101F0A3F9183D280091
:1078C0001AF080FFF5E76A48684B6B4403935F4BFF
:1078D0006B4402935C4B6B440193D623DB006B44F7
:1078E0000093584B6B44D222D2006A4453496944F6
:1078F000F9F798FB05E006245C486844F8F7F5FDC5
:10790000D6E75C495C4A6A445C486844F8F72AFE5A
:1079100001E00524F0E75A49E322D2006A44E0205E
:10792000C0006844F8F71EFE05E00524534868448B
:107930001AF048FFE0E70223524A6A441360033B0F
:10794000E422D2006A4413604F4A6A4413604F4BEA
:107950006B4401221A700B3200214D4B6B4418000E
:1079600015F04AFA00234A4A6A441360E622D2001C
:107970006A441360474A6A4413604748444B6B4467
:107980000393424B6B4402933F4B6B440193E423BC
:10799000DB006B4400933B4B6B44E022D2006A4413
:1079A00036496944F9F73EFB0AE005243848684443
:1079B000F8F79BFDE020C00068441AF003FFB5E72C
:1079C0003649EA22D2006A44E720C0006844F8F74A
:1079D000C9FD01E00424E9E73149324A6A443248EA
:1079E0006844F8F7BFFD61E00424E720C000684464
:1079F0001AF0E8FEDAE7C046040600000C060000B4
:107A000013060000140600001C060000881F00205A
:107A1000CC050000C4C00210C8C00210540600000B
:107A20003C0600005C060000670600006C060000D3
:107A3000D41F0020D8C002108C060000740600007D
:107A4000DCC00210AC060000B4060000BB0600005B
:107A5000E8C00210FCC00210D40600000CC10210E5
:107A600018C10210DC060000CC060000BC060000B5
:107A70002020002024C10210FC060000E4060000C3
:107A800028C102101C070000240700002B0700007B
:107A90002C070000340700006C20002040C10210B9
:107AA00044C102106C070000540700000123EE22BD
:107AB000D2006A4413600027AF4A6A441760642208
:107AC000EF21C90069440A60AC4A6A4413700C2271
:107AD0003900F023DB006B44180015F08DF9F0231A
:107AE000DB006B441F60A64B6B441F60F123DB007F
:107AF0006B441F60A348F023DB006B4403939F4B50
:107B00006B440293EF23DB006B4401939A4B6B446D
:107B10000093EE23DB006B449B4A6A44E721C900D3
:107B20006944F9F77FFA0AE00424F020C0006844B1
:107B3000F8F7DBFC944868441AF044FE55E7934993
:107B4000934A6A4493486844F8F70CFD01E0032423
:107B5000EBE79149F822D2006A44F520C00068445E
:107B6000F8F700FD05E003248A4868441AF02AFE6D
:107B7000DBE70223894A6A441360033BF922D200FF
:107B80006A441360864A6A441360864B6B44012240
:107B90001A700B320021844B6B44180015F02CF93D
:107BA0000023814A6A441360FB22D2006A441360B6
:107BB0007E4A6A4413607E487B4B6B440393794B47
:107BC0006B440293764B6B440193F923DB006B44C7
:107BD0000093724B6B44F522D2006A446D496944AC
:107BE000F9F720FA0AE003246F486844F8F77DFCAF
:107BF000F520C00068441AF0E5FDB5E76D49FF22A5
:107C0000D2006A44FC20C0006844F8F7ABFC01E0F5
:107C10000224E9E76849694A6A4469486844F8F710
:107C2000A1FC06E00224FC20C00068441AF0CAFD52
:107C3000DAE70223634A6A441360033B624A6A44F8
:107C40001360822212016A44136000275F4B6B4469
:107C50001F700C2239005E4B6B44180015F0CCF8F5
:107C60005B4B6B441F605B4B6B441F6083231B01AA
:107C70006B441F605848564B6B440393534B6B4403
:107C8000029382231B016B4401934F4B6B4400937F
:107C90004C4B6B444A4A6A44FC21C9006944F9F7D9
:107CA000C1F90AE002264A486844F8F71EFC444835
:107CB00068441AF087FD3400B5E74849484A6A44E9
:107CC00048486844F8F74EFC3B49474A6A448520D7
:107CD00000016844F8F746FC0027444B6B441F60E2
:107CE00001235B42872212016A441360404A6A44BE
:107CF0001360404B6B441F700C2239003E4B6B44A9
:107D0000180015F079F83C4B6B441F6088231B0169
:107D10006B441F60394B6B441F603948364B6B44D2
:107D20000393344B6B440293314B6B440193872391
:107D30001B016B4400932D4B6B44852212016A4456
:107D400028496944F9F76EF92E498A2212016A44DA
:107D50002D486844F8F706FC58E000262648684499
:107D6000F8F7C3FB8520000168441AF02BFD1D487D
:107D700068441AF027FD96E7740700007F070000AB
:107D800084070000B82000205407000054C10210EE
:107D9000A40700008C07000058C10210C4070000AF
:107DA000CC070000D3070000D4070000DC07000068
:107DB0000421002064C102109CD9021014080000A4
:107DC000FC070000180800001C080000270800003D
:107DD000280800002C0800005021002068C1021073
:107DE0004C08000034080000680800006C0800001F
:107DF000740800007B0800007C0800008408000074
:107E00009C21002070C1021088080000EC49ED4A56
:107E10006A44ED486844F8F7A5FB05238C2212015B
:107E20006A441360063BE94A6A441360E84A6A44BC
:107E300013600026E74B6B441E700C2231008D232B
:107E40001B016B44180014F0D7FF8D231B016B44FA
:107E50001E60E14B6B441E60E04B6B441E60E048CB
:107E60008D231B016B440393DA4B6B440293D84B75
:107E70006B440193D54B6B4400938C231B016B44E3
:107E8000D14A6A44D7496944F9F7CCF88D200001FA
:107E90006844F8F72AFBCC4868441AF093FCD148B0
:107EA00068441AF08FFCD0486844F8F71EFB852020
:107EB000000168441AF086FCCC4868441AF082FC41
:107EC000CB486844F8F711FBCA4868441AF07AFCBA
:107ED000FC20C00068441AF075FCC7486844F8F7F5
:107EE00004FBF520C00068441AF06CFCC3486844E9
:107EF0001AF068FCF020C0006844F8F7F6FAC048B1
:107F000068441AF05FFCE720C00068441AF05AFC8D
:107F1000BC486844F8F7E9FAE020C00068441AF069
:107F200051FCB94868441AF04DFCB8486844F8F769
:107F3000DCFA9EAE86AB9E4204D0183E30001AF0AA
:107F400041FCF7E7D220C00068441AF03BFCB0487F
:107F500068441AF037FCCD20C0006844F8F7C5FA31
:107F6000AC4868441AF02EFCC420C00068441AF0E3
:107F700029FCA9486844F8F7B8FABD20C000684455
:107F80001AF020FCA54868441AF01CFCB820C00078
:107F90006844F8F7AAFAA24868441AF013FCAF2024
:107FA000C00068441AF00EFC9E486844F8F79DFA39
:107FB000A820C00068441AF005FC9B4868441AF0E9
:107FC00001FCFFA8F830F8F790FAC2AE9EAB9E42D3
:107FD00004D0183E30001AF0F5FBF7E7FFA8CC30CC
:107FE0001AF0F0FBFFA8B0301AF0ECFBFFA8A430A9
:107FF000F8F77BFAFFA878301AF0E4FBFFA85C30B2
:108000001AF0E0FBFFA85030F8F76FFAFFA8243011
:108010001AF0D8FBFFA808301AF0D4FBFEA8F8F736
:1080200064FAF3A81AF0CEFBECA81AF0CBFBE9A88F
:10803000F8F75BFADEA81AF0C5FBD7A81AF0C2FB66
:10804000D4A8F8F752FAC9A81AF0BCFBC2A81AF0D3
:10805000B9FBFEF72DFF754A75499EAE3000F8F763
:1080600099FA744B6B441E6001228E231B016B44F2
:108070001A607148714B6B440293714B6B440193CE
:10808000704B6B44009300233100F8F743FFA8AE18
:108090009EAB9E4201D1FEF713FF283E3000183000
:1080A000F8F7F3F930001AF08DFBF1E76648F8F7BE
:1080B000B8FCFEF70DFF424964488F2212016A4462
:1080C000F8F750FAFEF70CFF3D496148614A6A44EF
:1080D000F8F748FAFEF70CFF5F496048604A6A44C7
:1080E000F8F740FA5F496048604A6A44F8F73AFA9C
:1080F00010E0042605239B1B18245C43574BE4180F
:10810000564B9C4201D100F0A5FD183C20001AF00E
:1081100059FBF5E756495748902212016A44F8F78F
:1081200021FA01E00326E5E753495448544A6A44DA
:10813000F8F718FA01E00226DCE752495248534AA0
:108140006A44F8F70FFA52495248534A6A44F8F71A
:1081500009FAFEF7D5FE0026CCE7504B00221A7034
:108160005A60022199601C3119735A73FEF7D0FED0
:108170004B4A6A444B4B83CB83C21B68136048490C
:108180006944494B6B441960022292231B016B44E2
:108190001A604648464B6B44FCF790FD8CE0212664
:1081A00023239B1B0C245C43424BE418414B9C4211
:1081B00001D100F056FD0C3C2000FCF761FBF5E717
:1081C0009CD90210BC080000A4080000C4080000EC
:1081D000C8080000CF080000D4080000D80800003C
:1081E000E8210020880800007C0800003408000016
:1081F00028080000FC070000D40700008C070000DE
:10820000540700002C070000E4060000BC06000034
:10821000740600003C06000014060000CC050000B7
:10822000940500006C050000240500006D17011086
:1082300068C10210DC0800000C1D0020EC080000E2
:10824000E8080000E4080000E41C0020B41C002042
:10825000CC1C0020F408000024C0021034220020AE
:10826000F80800002CC002104C220020FC0800007E
:1082700034C00210642200203CC002107C22002086
:108280000409000044C002109422002008090000E4
:108290004CC00210AC2200200C090000C4220020B7
:1082A00024090000ECC802101C090000A8270020C7
:1082B0003409000090270020942109016944D34B20
:1082C0000A0083CB83C283CB83C294210901694412
:1082D000CF4B6B4419600322CE4B6B441A60CE48DF
:1082E000CE4B6B44FCF7EAFC01E0202658E7002364
:1082F000CB4A6A4413600733CA4A6A441360C849C8
:108300006944C94B6B441960012296231B016B44DD
:108310001A60C648C64B6B44FCF7D0FC01E01F2630
:108320003EE7C44FC4480C2399461A00002114F0BC
:1083300063FD00239846FB633B647B643800483050
:108340004A46190014F058FD4346BB64FB643B6584
:10835000BA4B6B4442461A600723B94A6A44136019
:10836000B649694497231B016B4419600122B54B40
:108370006B441A60B44898231B016B44FCF79EFCC5
:1083800001E01C260CE70CAAB04B83CB83C2110082
:1083900085CB85C105CB05C10CA9AD4B6B441960DC
:1083A0000422AC4B6B441A60AB48AC4B6B44FCF7FB
:1083B00085FC01E01B26F3E656A9A94B0A0083CBF6
:1083C00083C283CB83C283CB83C283CB83C256A9B0
:1083D00099231B016B4419600622A24B6B441A605F
:1083E000A148A24B6B44FCF769FC01E01A26D7E6D2
:1083F00024AA9F4B83CB83C2110085CB85C185CB3B
:1084000085C11B680B6024A99A4B6B441960052237
:108410009A231B016B441A609748984B6B44FCF7F6
:108420004DFC01E01926BBE6824F95480C22002145
:1084300014F0E2FC002284217A5004317A50043195
:108440007A502EAA8F4B83CB83C2110085CB85C176
:1084500085CB85C11B680B602EA98B4B6B441960C3
:1084600005228A4B6B441A6089489B231B016B448D
:10847000FCF724FC01E0172692E66E4F85480C229B
:10848000002114F0B9FC00229C217A5004317A506A
:1084900004317A50804A6A44804B83CB83C21B6884
:1084A00013607D4969447E4B6B44196002227D4B09
:1084B0006B441A607C487D4B6B44FCF7FFFB01E08A
:1084C00015266DE638AA7A4B83CB83C2110085CB83
:1084D00085C185CB85C11B680B6038A99D231B0115
:1084E0006B4419600522734B6B441A607248734BDE
:1084F0006B44FCF7E3FB01E0142651E662A9704BE4
:108500000A0083CB83C283CB83C283CB83C283CB5A
:1085100083C262A96B4B6B44196006229E231B0128
:108520006B441A606848694B6B44FCF7C7FB01E079
:10853000132635E600239F2212016A441360013B93
:10854000634A6A4413609F2109016944614B6B448B
:1085500019600122604B6B441A606048604B6B44A9
:10856000FCF7ACFB01E012261AE60C235D4A6A44D4
:1085700013600D3B5C4A6A4413605A4969445B4B83
:108580006B4419600122A0231B016B441A605848F8
:10859000584B6B44FCF792FB01E0112600E6652383
:1085A000554A6A441360663B544A6A441360524910
:1085B0006944A1231B016B4419600122504B6B4499
:1085C0001A605048A2231B016B44FCF777FB01E0C3
:1085D0001026E5E571234C4A6A441360723BA322DE
:1085E00012016A441360494B6B44474A6A441A605B
:1085F0000122474B6B441A604648474B6B44424943
:108600006944FCF75BFB89E00F26C9E5FCC8021052
:10861000380900003C090000B42700205809000078
:1086200064090000680900005C090000C027002000
:108630006C09000090270020CC270020780900005A
:108640007C09000074090000E427002014C902100E
:108650008409000088090000F02700208C09000030
:1086600034C9021094090000FC270020980900007A
:1086700064C902109C09000008280020A409000019
:10868000142800208CC90210A8090000AC090000C1
:10869000202800202C280020BC090000B4C90210AA
:1086A000B4090000B809000038280020CC090000F7
:1086B000C4C90210D409000044280020D8090000D1
:1086C000ECC90210DC09000050280020E409000079
:1086D000F4090000E8090000EC0900005C28002013
:1086E000F8090000040A0000080A0000FC09000064
:1086F000682800200C0A0000180A00001C0A00006C
:10870000140A0000742800202C0A0000240A00002B
:10871000280A000080280020340A0000E44FE548C1
:108720000C2399461A00002114F066FB002398469A
:10873000FC334246FA500433FA500433FA503800FE
:108740000930FF304A46414614F056FB84235B0053
:108750004246FA500433FA500433FA50A421090176
:1087600069448C46D44B0A0083CB83C283CB83C23B
:10877000D24B6B4462461A600322D14B6B441A60A1
:10878000D048D14B6B446146FCF798FA01E00C26C7
:1087900006E5CE4969448C46CD4B0A0083CB83C2A3
:1087A00083CB83C2CB4B6B4462461A600322A62361
:1087B0001B016B441A60C848C84B6B446146FCF708
:1087C0007DFA01E00B26EBE4C54969448C46C54BB4
:1087D0000A0083CB83C283CB83C2A8231B016B44D3
:1087E00062461A600322C04B6B441A60BF48AA233A
:1087F0001B016B446146FCF761FA01E00A26CFE4F5
:10880000BB4938229EA814F0FDFA9EA9B94B6B44CF
:1088100019600722B84B6B441A60B848B84B6B44D8
:10882000FCF74CFA01E00926BAE46EA9B54B0A0040
:1088300083CB83C283CB83C283CB83C283CB83C2EC
:108840006EA9AB231B016B4419600622AE4B6B442F
:108850001A60AE48AE4B6B44FCF730FA01E00826D4
:108860009EE4AC4969448C46AB4B0A0083CB83C27F
:1088700083CB83C2A94B6B4462461A600322AC23AC
:108880001B016B441A60A648A64B6B446146FCF77B
:1088900015FA01E0072683E442AAA34B83CB83C2E7
:1088A000110085CB85C185CB85C11B680B6042A9B2
:1088B000AE231B016B44196005229C4B6B441A606C
:1088C0009B489C4B6B44FCF7F9F901E0062667E4F2
:1088D00014AA994B83CB83C2110085CB85C105CBEC
:1088E00005C114A9954B6B4419600422AF231B01E9
:1088F0006B441A609248934B6B44FCF7DFF901E03C
:1089000005264DE41CAA904B83CB83C2110085CB76
:1089100085C105CB05C11CA98C4B6B441960042291
:108920008B4B6B441A608B48B0231B016B44FCF7E4
:10893000C5F901E0042633E44CAA874B83CB83C2FC
:10894000110085CB85C185CB85C11B680B604CA907
:10895000824B6B4419600522814B6B441A6081483D
:10896000814B6B44FCF7AAF901E0032618E47AAACC
:108970007E4B83CB83C2110085CB85C185CB85C15E
:1089800085CB85C17AA9B1231B016B4419600622EE
:10899000774B6B441A607748774B6B44FCF78EF942
:1089A00002E00226FFF7FCFB86AA744B83CB83C24E
:1089B000110085CB85C185CB85C185CB85C186A9B5
:1089C0006F4B6B4419600622B2231B016B441A6083
:1089D0006C486D4B6B44FCF771F9354E6B480C22BB
:1089E000002114F009FA0022D2214900725004310A
:1089F000725004317250FEF73DFA654A1368013B2C
:108A00001360002B08D1634C03E00C3C2000FBF703
:108A100037FF274B9C42F8D15F4A1368013B136034
:108A2000002B08D15D4C5E4B9C4204D0183C2000CA
:108A300019F0C8FEF7E75B4A1368013B1360002B8F
:108A400020D0594A1368013B1360002B1ED0574AAF
:108A50001368013B1360002B1CD0554A1368013B7F
:108A60001360002B1AD0534A1368013B1360002B8C
:108A700018D1514C514B9C4214D04C3C2000F7F77C
:108A800044FDF7E74E4819F09DFEDAE74D4819F02E
:108A900099FEDCE74C48F7F74CFEDEE74B48F7F76A
:108AA00040FFE0E74A488168F8F765F8FEF7E9F922
:108AB000902700208C2800201CCA0210380A0000D1
:108AC0003C0A0000A4280020580A0000640A0000A4
:108AD00034CA02105C0A0000B02800207C0A0000A2
:108AE000880A00004CCA0210840A0000BC2800203A
:108AF00064CA0210A40A0000A80A0000C8280020C6
:108B0000AC0A00009CCA0210B40A0000D42800205D
:108B1000B80A0000C40A0000CCCA0210BC0A000057
:108B2000E0280020DC0A0000E4CA0210E40A000089
:108B3000EC280020E80A00000CCB0210EC0A000030
:108B4000F8280020F40A00002CCB0210F80A0000DC
:108B5000FC0A0000042900204CCB0210040B00008A
:108B6000080B0000102900200C0B000074CB021031
:108B7000140B00001C290020180B0000A4CB0210CD
:108B80001C0B000028290020240B000034290020A1
:108B9000901C0020402900206C1C0020C4220020D2
:108BA000342200205C1C0020581C0020601C002087
:108BB000641C0020681C002034220020281D002096
:108BC000CC1C0020B41C0020E41C00200C1D002044
:108BD000A02900208D2000016844F7F786FC224878
:108BE000684419F0EFFD2148684419F0EBFD0026B8
:108BF000FFF7B4F8F7E7FFF7B1F8FFF7B8F8FFF7BA
:108C000052F80326FEF714FED220C000684419F083
:108C1000D9FDFEF7EDFD0526FEF78AFBFFA8CC3057
:108C200019F0D0FDFEF765FB18F00EFBA8AC9EAB6B
:108C30009C4208D0283C20001830F7F726FC200082
:108C400019F0C0FDF3E718F0FFFA0526FFF752FA16
:108C5000FFF750FA18F0F8FA2226FFF7A1FAFFF70B
:108C60009FFA18F0F1FAC046A40800008808000036
:108C700010B502490120FEF7F3F810BDFFFF000018
:108C800010B50400024B036005F072FB200010BD1C
:108C900030CD021010B50400FFF7F2FF04212000D0
:108CA00018F034FA200010BD10B5040005F070FB78
:108CB000014B2360200010BD30CD0210F0B5C64638
:108CC00000B586B005000E001F00531E022B08D908
:108CD000931F0A2B17D90D3B0D2B17D90323984649
:108CE00001E0022398465400A21892000F4951183F
:108CF00003A8FBF702FE0097434603AA31002800B1
:108D000005F074FC05E001239846ECE70023984643
:108D1000E9E703A8FBF7B4FD06B080BCB846F0BD98
:108D200003A8FBF7ADFD18F08FFAC046F825002028
:108D3000F8B5CE46474680B506000F0015001C006A
:108D4000089B98460521200012F0CAFF8946002999
:108D500006DCA94B5B7B002B08D04346DB0705D420
:108D600043460D2239003000FFF7A8FF4B46012B88
:108D700006DCA14B5B7B002B08D04346DB0705D408
:108D800043460E2239003000FFF798FF4B46022B76
:108D900006DC994B5B7B002B08D04346DB0705D4F0
:108DA00043460F2239003000FFF788FF4B46032B64
:108DB00006DC914B5B7B002B08D04346DB0705D4D8
:108DC0004346102239003000FFF778FF4346012266
:108DD00039003000FFF772FF4346022239003000AD
:108DE000FFF76CFF0C2D14DD4346202239003000C4
:108DF000FFF764FF272C04DD681C182112F070FFB8
:108E00000D00002D0CD0172D10D8AD007B4B5B59F9
:108E10009F4643461F2239003000FFF74FFFE9E726
:108E200043461E2239003000FFF748FF651F132D0F
:108E300061D923001E3B092B6CD92300193B042B5D
:108E40006FD92300283B132B72D9042C59D84346E1
:108E5000032239003000FFF731FF52E0434613226E
:108E600039003000FFF72AFFE0E7434614223900BB
:108E70003000FFF723FFD9E74346152239003000C1
:108E8000FFF71CFFD2E74346162239003000FFF7F8
:108E900015FFCBE74346172239003000FFF70EFFDE
:108EA000C4E74346182239003000FFF707FFBDE74B
:108EB0004346192239003000FFF700FFB6E743466A
:108EC0001A2239003000FFF7F9FEAFE743461B22B4
:108ED00039003000FFF7F2FEA8E743461C223900B4
:108EE0003000FFF7EBFEA1E743461D2239003000BA
:108EF000FFF7E4FE9AE743460C2239003000FFF703
:108F0000DDFE042D1BD90A3C312C1ED8A4003C4B9D
:108F10001B599F4643460C2239003000FFF7CEFE16
:108F2000EFE743460A2239003000FFF7C7FEE8E7C3
:108F300043460A2239003000FFF7C0FEE1E743460E
:108F4000082239003000FFF7B9FEC0BCB946B04670
:108F5000F8BD4346092239003000FFF7AFFEF4E7C1
:108F60004346062239003000FFF7A8FEEDE74346EE
:108F7000072239003000FFF7A1FEE6E7434608224A
:108F800039003000FFF79AFE43460B2239003000CB
:108F9000FFF794FED9E743460B2239003000FFF774
:108FA0008DFED2E74346082239003000FFF786FEE7
:108FB00043460B2239003000FFF780FEC5E74346E9
:108FC000072239003000FFF779FEBEE7434606224C
:108FD00039003000FFF772FEB7E743460922390037
:108FE0003000FFF76BFEB0E743460822390030003F
:108FF000FFF764FEA9E7C046C4220020D4CB0210CC
:1090000034CC0210F0B5C64600B5D14CA5440400DE
:109010000D0001280CD0002C04D1CE4B9D4201D173
:1090200001F064FDAD231B019D4480BCB846F0BD3A
:10903000C84B9942EFD1C84B00221A719A60C749B8
:10904000D96019615A61C64B1E6801361E60012E37
:1090500056D0C44A136801331360012B01D101F0CB
:10906000ADF8C14A136801331360012B01D101F03F
:10907000D0F8BE4A136801331360012B01D101F00F
:10908000CDF8BB4A136801331360012B01D101F005
:10909000CEF8B84B1E6801361E60012E01D101F0DA
:1090A000CEF8B54A136801331360012B01D101F0EA
:1090B00007F9B24A136801331360012BABD1B04EEC
:1090C0000C220021300013F097FE00233360736000
:1090D000B360AC4A6A441360536001219160D3606D
:1090E00011008D231B016B441A600222A64B6B44B6
:1090F0001A60A648A64B6B44FBF7E0FD01F0EBF8C5
:10910000A449B8AAB2A8F7F72DFA10E0102410234A
:109110001B1B4C245C43A04BE4189F4B9C4201D189
:1091200001F069FD4C3C2000F7F7EFF9F5E79949AC
:10913000BFAAB9A8F7F716FA04E01024B2A819F0EC
:1091400041FBE4E70027C09701235B42C193C29330
:10915000924B6B441F700C223900C4A813F04CFED4
:10916000C497C597C6978C48C4AB03938B4B6B448D
:109170000293C2AB0193C1AB0093C0ABB9AAB2A931
:10918000F7F750FF07E01024C4A8F7F7AEF9B9A825
:1091900019F018FBD2E78249CDAAC7A8F7F7E2F980
:1091A00001E00F24F0E77F49D4AACEA8F7F7DAF957
:1091B00004E00F24C7A819F005FBE5E70323D593C6
:1091C000043BD693D7930027774B6B441F700C2238
:1091D0003900D9A813F010FED997DA97DB977348B6
:1091E000D9AB0393704B6B440293D7AB0193D6ABCF
:1091F0000093D5ABCEAAC7A9F7F714FF07E00F2459
:10920000D9A8F7F772F9CEA819F0DCFAD2E76849C5
:10921000E2AADCA8F7F7A6F901E00E24F0E7654919
:10922000E9AAE3A8F7F79EF904E00E24DCA819F0F8
:10923000C9FAE5E70323EA93043BEB93EC93002799
:109240005D4B6B441F700C223900EEA813F0D4FD67
:10925000EE97EF97F0975948EEAB0393564B6B445C
:109260000293ECAB0193EBAB0093EAABE3AADCA96E
:10927000F7F7D8FE07E00E24EEA8F7F736F9E3A8D3
:1092800019F0A0FAD2E74E49F7AAF1A8F7F76AF960
:1092900001E00D24F0E74B49FEAAF8A8F7F762F9C0
:1092A00004E00D24F1A819F08DFAE5E70123FF93FE
:1092B0000027FFAA04321760FF225242FFA908319B
:1092C0000A60FFAA0F3213700C223900FFA8103079
:1092D00013F092FDFFAB10331F60FFAB14331F6020
:1092E000FFAB18331F603848FFAB10330393FFAB5D
:1092F0000F330293FFAB08330193FFAB04330093AA
:10930000FFABF8AAF1A9F7F78DFE08E00D24FFA83E
:109310001030F7F7EAF8F8A819F054FAC2E72B4929
:10932000FFAA3432FFA81C30F7F71CF901E00C2427
:10933000EDE71849FFAA5032FFA83830F7F712F9C5
:1093400046E00C24FFA81C3019F03CFADFE7C046C9
:1093500030F5FFFFFFFF0000B8290020BC290020E6
:10936000681C0020641C0020601C0020581C002089
:109370005C1C00206C1C0020701C00208C1C002039
:10938000F8250020D8080000D4080000042600209A
:10939000E80800009CD90210281D00200F030000DF
:1093A00054C0021058C0021063030000741D002056
:1093B000101A03105CC00210B7030000C01D00208B
:1093C00068C002106CC002100C1E00207CC002108D
:1093D0000323FFAA54321360043BFFAA58321360E0
:1093E000FFAA5C3213600027FFAB63331F700C22AF
:1093F0003900FFA8643013F0FFFCFFAB64331F603B
:10940000FFAB68331F60FFAB6C331F60D348FFAB0B
:1094100064330393FFAB63330293FFAB5C3301937D
:10942000FFAB58330093FFAB5433FFAA3832FFA988
:109430001C31F7F7F7FD09E00C24FFA86430F7F7BB
:1094400054F8FFA8383019F0BDF97BE7C449FFAAEA
:109450008832FFA87030F7F785F801E00B24ECE7BD
:10946000C049FFAAA432FFA88C30F7F77BF805E0CB
:109470000B24FFA8703019F0A5F9DEE70423FFAA3A
:10948000A83213600023FFAAAC3213600533FFAA91
:10949000B0321360FFABB73301221A70B249FFAA92
:1094A000CC328EA8F7F75EF811E005260B240522D2
:1094B000921B182353438EAAD5188EAB9D4201D11F
:1094C00001F093FB183D280019F07CF9F5E7A74956
:1094D000FFAAD03294A8F7F745F802E004260B243F
:1094E000E5E7A349FFAAD4329AA8F7F73BF802E0D0
:1094F00003260B24DBE79F49FFAAD832A0A8F7F781
:1095000031F802E002260B24D1E79B49FFAADC32A6
:10951000A6A8F7F727F801E00B24C8E79749FFAAA8
:10952000E032ACA8F7F71EF802E000260B24BEE7F5
:109530008EA9FFABC43319600622FFABC8331A6093
:10954000FFABE433FFA8B830F7F7A2F90BE00B2428
:10955000B2AD8EAB9D4201D101F044FB183D280015
:1095600019F030F9F5E78648FFABB8330393FFAB4A
:10957000B7330293FFABB0330193FFABAC3300932F
:10958000FFABA833FFAA8C32FFA97031F7F74AFD71
:1095900005E00B24FFA8B830F6F7A7FFD8E7794914
:1095A000794A6A44FFA8E830F6F7DCFF01E00A24B4
:1095B000F0E77649A322D2006A44A020C0006844A4
:1095C000F6F7D0FF05E00A24FFA8E83019F0FAF812
:1095D000E0E702236E4A6A441360033BA422D200F0
:1095E0006A4413606B4A6A4413606B4B6B440122FC
:1095F0001A700B320021694B6B44180013F0FCFB0E
:109600000023664A6A441360A622D2006A441360AB
:10961000634A6A4413606348604B6B4403935E4B38
:109620006B4402935B4B6B440193A423DB006B44BC
:109630000093574B6B44A022D2006A44FFA9E83143
:10964000F7F7F0FC0AE00A2454486844F6F74DFFA7
:10965000A020C000684419F0B5F8B5E75249AA2225
:10966000D2006A44A720C0006844F6F77BFF01E0FF
:109670000924E9E74D494E4A6A444E486844F6F7E2
:1096800071FF06E00924A720C000684419F09AF889
:10969000DAE70123AE22D2006A4413600A22464967
:1096A00069440A605A32AF21C90069440A60434ADA
:1096B0006A4413700C220021B023DB006B441800B5
:1096C00013F09AFB0023B022D2006A4413603C4A94
:1096D0006A441360B122D2006A4413603948B0234F
:1096E000DB006B440393354B6B440293AF23DB00E9
:1096F0006B440193304B6B440093AE23DB006B440F
:109700002C4A6A44A721C9006944F7F78BFC0AE098
:109710000924B020C0006844F6F7E7FE25486844F5
:1097200019F050F8AFE72849284A6A4428486844A5
:10973000F6F718FF01E00824EBE72649B822D2002B
:109740006A44B520C0006844F6F70CFF44E00824E2
:109750001F48684419F036F8DBE7C046581E002061
:1097600080C0021084C0021024C002102CC002105D
:1097700034C002103CC0021044C002104CC00210A1
:10978000A41E002094C00210FC04000098C0021027
:109790001C050000240500002B0500002C0500001E
:1097A00034050000F01E0020A8C00210ACC002105A
:1097B0006C05000054050000740500007F050000E2
:1097C000840500003C1F0020C0C00210A40500005A
:1097D0008C0500009CD902100323E04A6A44136000
:1097E000043BB922D2006A441360DD4A6A44136024
:1097F0000027DC4B6B441F700C223900DA4B6B44A2
:10980000180013F0F9FAD84B6B441F60BB23DB0040
:109810006B441F60D54B6B441F60D548D24B6B44E3
:109820000393D04B6B440293CD4B6B440193B9230C
:10983000DB006B440093C94B6B44B522D2006A44F1
:10984000CC496944F7F7EEFB0AE00824C6486844AF
:10985000F6F74BFEB520C000684418F0B3FF77E779
:10986000C549BF22D2006A44BC20C0006844F6F754
:1098700079FE01E00724E9E7C049C14A6A44C148CA
:109880006844F6F76FFE06E00724BC20C000684479
:1098900018F098FFDAE70223C322D2006A4413606B
:1098A000033BB94A6A441360C422D2006A4413607D
:1098B000B64B6B4401221A700B320021C523DB002A
:1098C0006B44180013F098FA0023C522D2006A44B2
:1098D0001360AF4A6A441360C622D2006A44136020
:1098E000AC48C523DB006B440393A84B6B44029345
:1098F000C423DB006B440193A34B6B440093C3234D
:10990000DB006B449F4A6A44BC21C9006944F7F7F5
:1099100089FB0AE00724C520C0006844F6F7E5FD8E
:109920009848684418F04EFFAFE79B499B4A6A4449
:109930009B486844F6F716FE01E00624EBE79949D8
:10994000CD22D2006A44CA20C0006844F6F70AFE5D
:1099500005E006249248684418F034FFDBE704234E
:10996000914A6A4413600023CE22D2006A441360F5
:1099700003338E4A6A4413608D4B6B4401221A7084
:109980008C49D222D2006A4476A8F6F7EBFD11E0AA
:10999000032606240322921B1823534376AAD518C4
:1099A00076AB9D4201D101F016F9183D280018F060
:1099B00009FFF5E78049814A6A447CA8F6F7D2FDA1
:1099C00002E002260624E5E77D49D322D2006A445C
:1099D00082A8F6F7C7FD01E00624DBE779497A4A59
:1099E0006A4488A8F6F7BEFD02E000260624D1E707
:1099F00076A9D123DB006B4419600422734B6B44BE
:109A00001A60D423DB006B4471486844F6F740FFCA
:109A10000BE006248EAD76AB9D4201D101F0D8F863
:109A2000183D280018F0CEFEF5E76A48684B6B44F5
:109A300003935F4B6B4402935C4B6B440193CE23C7
:109A4000DB006B440093584B6B44CA22D2006A443B
:109A500053496944F7F7E6FA05E006245C48684490
:109A6000F6F743FDD6E75C495C4A6A445C486844C3
:109A7000F6F778FD01E00524F0E75A49DB22D20031
:109A80006A44D820C0006844F6F76CFD05E0052460
:109A90005348684418F096FEE0E70223524A6A44AD
:109AA0001360033BDC22D2006A4413604F4A6A44CD
:109AB00013604F4B6B4401221A700B3200214D4B47
:109AC0006B44180013F098F900234A4A6A44136063
:109AD000DE22D2006A441360474A6A441360474852
:109AE000444B6B440393424B6B4402933F4B6B4498
:109AF0000193DC23DB006B4400933B4B6B44D82287
:109B0000D2006A4436496944F7F78CFA0AE0052422
:109B100038486844F6F7E9FCD820C000684418F0DB
:109B200051FEB5E73649E222D2006A44DF20C00088
:109B30006844F6F717FD01E00424E9E73149324AA9
:109B40006A4432486844F6F70DFD61E00424DF20E2
:109B5000C000684418F036FEDAE7C046C4050000CD
:109B6000CC050000D3050000D4050000DC05000092
:109B7000881F00208C050000C4C00210C8C002105D
:109B800014060000FC0500001C060000270600006B
:109B90002C060000D41F0020D8C002104C06000084
:109BA00034060000DCC002106C06000074060000E1
:109BB0007B060000E8C00210FCC002109406000002
:109BC0000CC1021018C102109C0600008C06000097
:109BD0007C0600002020002024C10210BC060000EA
:109BE000A406000028C10210DC060000E406000004
:109BF000EB060000EC060000F40600006C200020DC
:109C000040C1021044C102102C07000014070000DC
:109C10000123E622D2006A4413600027B24A6A4454
:109C200017606422E721C90069440A60AF4A6A44A8
:109C300013700C223900E823DB006B44180013F08A
:109C4000DBF8E823DB006B441F60A94B6B441F600B
:109C5000E923DB006B441F60A648E823DB006B446C
:109C60000393A24B6B440293E723DB006B44019305
:109C70009D4B6B440093E623DB006B449E4A6A4491
:109C8000DF21C9006944F7F7CDF90AE00424E82090
:109C9000C0006844F6F729FC9748684418F092FD24
:109CA00055E79649964A6A4496486844F6F75AFC3E
:109CB00001E00324EBE79449F022D2006A44ED204E
:109CC000C0006844F6F74EFC05E003248D48684464
:109CD00018F078FDDBE702238C4A6A441360033BEB
:109CE000F122D2006A441360894A6A441360894BA6
:109CF0006B4401221A700B320021874B6B44180011
:109D000013F07AF80023844A6A441360F322D200E5
:109D10006A441360814A6A44136081487E4B6B44F5
:109D200003937C4B6B440293794B6B440193F12377
:109D3000DB006B440093754B6B44ED22D2006A4408
:109D400070496944F7F76EF90AE0032472486844E1
:109D5000F6F7CBFBED20C000684418F033FDB5E703
:109D60007049F722D2006A44F420C0006844F6F734
:109D7000F9FB01E00224E9E76B496C4A6A446C484C
:109D80006844F6F7EFFB06E00224F420C0006844C4
:109D900018F018FDDAE70223FB22D2006A441360B0
:109DA000033B644A6A441360FC22D2006A44136095
:109DB0000027614B6B441F700C223900FD23DB0030
:109DC0006B44180013F018F8FD23DB006B441F6090
:109DD0005A4B6B441F60FE23DB006B441F605848E6
:109DE000FD23DB006B440393534B6B440293FC2332
:109DF000DB006B4401934F4B6B440093FB23DB0070
:109E00006B444B4A6A44F421C9006944F7F70AF9E4
:109E10000BE00226FD20C0006844F6F766FB4448CC
:109E2000684418F0CFFC3400AFE74649464A6A441C
:109E300046486844F6F796FB3B49454A6A44812008
:109E400000016844F6F78EFB0027424B6B441F600D
:109E500001235B42832212016A4413603E4A6A4432
:109E600013603E4B6B441F700C2239003C4B6B441B
:109E7000180012F0C1FF3A4B6B441F6084231B0192
:109E80006B441F60374B6B441F603748344B6B4447
:109E90000393324B6B4402932F4B6B440193832308
:109EA0001B016B4400932B4B6B44812212016A44CB
:109EB00026496944F7F7B6F82C49862212016A440C
:109EC0002B486844F6F74EFB54E0002624486844CB
:109ED000F6F70BFB81200001684418F073FC1B4867
:109EE000684418F06FFC95E7340700003F07000056
:109EF00044070000B82000201407000054C10210DD
:109F0000640700004C07000058C1021084070000DD
:109F10008C07000093070000940700009C070000D6
:109F20000421002064C102109CD90210D407000053
:109F3000BC070000DC070000E7070000EC0700009A
:109F40005021002068C102100C080000F407000036
:109F5000280800002C080000340800003B0800001E
:109F60003C080000440800009C21002070C1021041
:109F700048080000EC49ED4A6A44ED486844F6F7A9
:109F8000F1FA0523882212016A441360063BE94A6C
:109F90006A441360E84A6A4413600026E74B6B4446
:109FA0001E700C22310089231B016B44180012F033
:109FB00023FF89231B016B441E60E14B6B441E6031
:109FC000E04B6B441E60E04889231B016B44039304
:109FD000DA4B6B440293D84B6B440193D54B6B44E3
:109FE000009388231B016B44D14A6A44D7496944D2
:109FF000F7F718F8892000016844F6F776FACC489C
:10A00000684418F0DFFBD148684418F0DBFBD04807
:10A010006844F6F76AFA81200001684418F0D2FB20
:10A02000CC48684418F0CEFBFD20C0006844F6F729
:10A030005CFAC948684418F0C5FBF420C0006844C5
:10A0400018F0C0FBC5486844F6F74FFAED20C00091
:10A05000684418F0B7FBC248684418F0B3FBE82026
:10A06000C0006844F6F741FABE48684418F0AAFBFD
:10A07000DF20C000684418F0A5FBBB486844F6F731
:10A0800034FAD820C000684418F09CFBB7486844F4
:10A0900018F098FBB6486844F6F727FA8EAE76AB10
:10A0A0009E4204D0183E300018F08CFBF7E7CA201F
:10A0B000C000684418F086FBAE48684418F082FB84
:10A0C000C520C0006844F6F710FAAB48684418F0A1
:10A0D00079FBBC20C000684418F074FBA7486844B2
:10A0E000F6F703FAB520C000684418F06BFBA448EB
:10A0F000684418F067FBB020C0006844F6F7F5F933
:10A10000A048684418F05EFBA720C000684418F01F
:10A1100059FB9D486844F6F7E8F9A020C000684460
:10A1200018F050FBFFA8E83018F04CFBFFA8B8303F
:10A13000F6F7DBF9B2AE03E0183E300018F042FB50
:10A140008EAB9E42F8D1FFA88C3018F03BFBFFA8E5
:10A15000703018F037FBFFA86430F6F7C6F9FFA897
:10A16000383018F02FFBFFA81C3018F02BFBFFA88D
:10A170001030F6F7BAF9F8A818F024FBF1A818F097
:10A1800021FBEEA8F6F7B1F9E3A818F01BFBDCA859
:10A1900018F018FBD9A8F6F7A8F9CEA818F012FB0A
:10A1A000C7A818F00FFBC4A8F6F79FF9B9A818F0D4
:10A1B00009FBB2A818F006FBFEF74BFF734A74497F
:10A1C0008EAE3000F6F7E6F9724B6B441E6001224A
:10A1D0008A231B016B441A606F48704B6B440293D7
:10A1E0006F4B6B4401936F4B6B4400930023310022
:10A1F000F6F790FE98AE8EAB9E4201D1FEF731FF8E
:10A20000283E30001830F6F740F9300018F0DAFA3E
:10A21000F1E76548F6F705FCFEF72BFF4249634876
:10A220008B2212016A44F6F79DF9FEF72AFF3E4998
:10A230005F48604A6A44F6F795F9FEF72AFF5E49DF
:10A240005E485F4A6A44F6F78DF95E495E485F4AA8
:10A250006A44F6F787F910E0042605239B1B1824AF
:10A260005C43564BE418554B9C4201D100F0D9FC9D
:10A27000183C200018F0A6FAF5E7554955488C22FD
:10A2800012016A44F6F76EF901E00326E5E7524948
:10A290005248534A6A44F6F765F901E00226DCE7C2
:10A2A00050495148514A6A44F6F75CF950495148BF
:10A2B000514A6A44F6F756F9FEF7F3FE0026CCE75A
:10A2C0004E4B00221A705A60022199601C3119739A
:10A2D0005A73FEF7EEFE4A4A6A444A4BC1CBC1C2EA
:10A2E0001B68136046496944474B6B44196002225E
:10A2F0008F231B016B441A604448454B6B44FAF7AB
:10A30000DDFC89E01F232122D31A0C245C43414B3E
:10A31000E418404B9C4201D100F088FC0C3C20002A
:10A32000FAF7AEFAF5E7C0469CD902107C080000A7
:10A330006408000084080000880800008F080000FE
:10A340009408000098080000E82100204808000058
:10A350003C080000F4070000BC0700009407000060
:10A360004C07000014070000EC060000A4060000E3
:10A370007C06000034060000FC050000D405000047
:10A380008C050000540500002C0500006D1701101D
:10A3900068C102109C0800000C1D0020AC080000E1
:10A3A000A8080000A4080000E41C0020B41C002041
:10A3B000CC1C0020B408000024C00210342200206D
:10A3C000B80800002CC002104C220020BC0800007D
:10A3D00034C00210642200203CC002107C22002005
:10A3E000C408000044C0021094220020C8080000E5
:10A3F0004CC00210AC220020CC080000C422002077
:10A40000F40800003CCD0210EC08000010260020EB
:10A4100004090000F825002052A9E74B0A00C1CB2F
:10A42000C1C243CB43C243CB43C243CB43C252A975
:10A43000E24B6B4419600622E14B6B441A60E14821
:10A4400091231B016B44FAF739FC01E01E235AE704
:10A45000DD4EDE480C2398461A00002112F0CCFC99
:10A46000002737637763B76330003C3042463900DA
:10A4700012F0C2FCF76337647764D54938228EA89E
:10A4800012F0C0FC8EA9D34B6B4419600722D24B4B
:10A490006B441A60D148D24B6B44FAF70FFC01E0D1
:10A4A0001B2330E75EA9CF4B0A00C1CBC1C243CB0F
:10A4B00043C243CB43C243CB43C25EA992231B0199
:10A4C0006B4419600622C84B6B441A60C748C84BDE
:10A4D0006B44FAF7F3FB01E01A2314E704A9C54B18
:10A4E0000A00C1CBC1C243CB43C203CB03C204A900
:10A4F000C14B6B441960042293231B016B441A6007
:10A50000BE48BF4B6B44FAF7D9FB01E01923FAE6CA
:10A51000942109016944BB4B0A00C1CBC1C243CBA2
:10A5200043C2942109016944B74B6B44196003226B
:10A53000B64B6B441A60B648B64B6B44FAF7BEFB99
:10A5400001E01823DFE6B44A6A44B44BC1CBC1C270
:10A550001B681360B0496944B14B6B441960022217
:10A5600096231B016B441A60AE48AF4B6B44FAF75D
:10A57000A5FB01E01723C6E60CA9AC4B0A00C1CB32
:10A58000C1C243CB43C203CB03C20CA9A84B6B444B
:10A5900019600422A74B6B441A60A74898231B013B
:10A5A0006B44FAF78BFB01E01623ACE614A9A34B2E
:10A5B0000A00C1CBC1C243CB43C203CB03C214A91F
:10A5C0009F4B6B44196004229E4B6B441A609E485B
:10A5D0009E4B6B44FAF772FB01E0152393E60023D0
:10A5E0009B4A6A441360013B9A4A6A441360984943
:10A5F000694499231B016B4419600122964B6B44FB
:10A600001A6096489A231B016B44FAF757FB01E046
:10A61000142378E60C23924A6A4413600D3B9B2274
:10A6200012016A4413608E4969448E4B6B44196071
:10A6300001228D4B6B441A608C488D4B6B44FAF7AA
:10A640003DFB01E013235EE665239C2212016A4470
:10A650001360663B874A6A4413609C210901694480
:10A66000854B6B4419600122844B6B441A6084480B
:10A67000844B6B44FAF722FB01E0122343E671237B
:10A68000814A6A441360723B804A6A441360804B7B
:10A690006B447D4A6A441A6001229D231B016B446E
:10A6A0001A607C487C4B6B4477496944FAF706FB97
:10A6B00001E0112327E6444E78480C2398461A00FF
:10A6C000002112F099FB0027CC23F7500433F750F8
:10A6D0000433F7503000D8304246390012F08CFB7A
:10A6E000D823F7500433F7500433F7506C496944CA
:10A6F0006C4B0A00C1CBC1C2C1CBC1C29E231B019E
:10A700006B4419600322684B6B441A606748A023AE
:10A710001B016B44FAF7D2FA01E00E23F3E564491A
:10A720006944644B0A00C1CBC1C2C1CBC1C2624BF8
:10A730006B4419600322614B6B441A606048614BA3
:10A740006B44FAF7BBFA01E00D23DCE534A95E4B5C
:10A750000A00C1CBC1C243CB43C243CB43C21B6837
:10A76000136034A9594B6B4419600522584B6B4454
:10A770001A605848A3231B016B44FAF79FFA01E0C3
:10A780000C23C0E51CA9544B0A00C1CBC1C243CB6A
:10A7900043C203CB03C21CA9504B6B441960042273
:10A7A0004F4B6B441A604F484F4B6B44FAF786FA95
:10A7B0009CE00B23A7E5C0464CCD02100809000021
:10A7C0000C0900001C260020F82500202826002067
:10A7D0007CCD02101409000018090000402600205A
:10A7E0001C090000B4CD0210240900004C260020F2
:10A7F00028090000E4CD02102C0900005826002092
:10A800003409000004CE0210380900003C090000A1
:10A810006426002058090000640900001CCE0210C4
:10A820005C09000070260020740900002CCE021084
:10A83000780900007C0900007C2600204CCE021024
:10A840008409000088090000882600208C09000087
:10A85000980900009C09000094090000942600203B
:10A86000AC090000A4090000A8090000A0260020EF
:10A87000B4090000C4090000B8090000BC090000C8
:10A88000AC260020C8090000D4090000D809000047
:10A89000CC090000B8260020DC090000C4260020F6
:10A8A000E80900006CCE0210E4090000DC2600205C
:10A8B0000C0A000084CE0210040A0000080A0000FE
:10A8C000E8260020240A00009CCE0210280A00007E
:10A8D0002C0A0000F4260020C4CE0210340A000026
:10A8E000380A0000002700203C0A000024A9D04BB1
:10A8F0000A00C1CBC1C243CB43C203CB03C224A9CC
:10A90000A4231B016B4419600422CA4B6B441A60D8
:10A91000C948CA4B6B44FAF7D1F901E00A23F2E4C3
:10A92000C7496944C74B0A00C1CBC1C2C1CBC1C230
:10A93000C54B6B4419600322A5231B016B441A60AD
:10A94000C248C34B6B44FAF7B9F901E00923DAE4D2
:10A950003EA9C04B0A00C1CBC1C243CB43C243CBCB
:10A9600043C21B6813603EA9A7231B016B441960F7
:10A970000522B94B6B441A60B848B94B6B44FAF7DF
:10A980009DF901E00823BEE448A9B64B0A00C1CBFB
:10A99000C1C243CB43C243CB43C21B68136048A927
:10A9A000B14B6B4419600522A8231B016B441A604C
:10A9B000AE48AF4B6B44FAF781F901E00723A2E4FC
:10A9C0002CA9AC4B0A00C1CBC1C243CB43C203CBC1
:10A9D00003C22CA9A84B6B4419600422A74B6B44FB
:10A9E0001A60A748A9231B016B44FAF767F901E035
:10A9F000062388E4A3496944A34B0A00C1CBC1C222
:10AA0000C1CBC1C2A14B6B4419600322A04B6B4464
:10AA10001A60A048A04B6B44FAF750F901E00523F7
:10AA200071E46AA99D4B0A00C1CBC1C243CB43C2AA
:10AA300043CB43C243CB43C26AA9994B6B441960D1
:10AA40000622984B6B441A609748AC231B016B4459
:10AA5000FAF734F901E0042355E476A9934B0A0090
:10AA6000C1CBC1C243CB43C243CB43C243CB43C29E
:10AA700076A98F4B6B44196006228E4B6B441A608B
:10AA80008D488E4B6B44FAF719F901E003233AE441
:10AA90008B4E8C480C2398461A00002112F0ACF91A
:10AAA0000027BA235B00F7500433F7500433F75004
:10AAB00030008130FF304246390012F09DF9C0234A
:10AAC0005B00F7500433F7500433F75030008D30FB
:10AAD000FF304246390012F08FF9C6235B00F75071
:10AAE0000433F7500433F750FEF795FA764A1368AB
:10AAF000013B1360002B08D1744C714B9C4204D075
:10AB00000C3C2000F9F7BCFEF7E7714A1368013BE3
:10AB10001360002B08D16F4C6F4B9C4204D0183C43
:10AB2000200017F04FFEF7E76C4A1368013B1360F3
:10AB3000002B20D06A4A1368013B1360002B1ED003
:10AB4000684A1368013B1360002B1CD0664A1368E7
:10AB5000013B1360002B1AD0644A1368013B136059
:10AB6000002B18D1624C634B9C4214D04C3C20000B
:10AB7000F5F7CBFCF7E7604817F024FEDAE75F480B
:10AB800017F020FEDCE75E48F5F7D3FDDEE75D4811
:10AB9000F5F7C7FEE0E75C488168F5F7ECFFFEF7E4
:10ABA00041FA892000016844F5F79FFC5748684442
:10ABB00017F008FE5648684417F004FE0026FFF719
:10ABC00085F9F7E7FFF782F9FFF789F9FFF722F92F
:10ABD0000326FEF7DFFECA20C000684417F0F2FD2E
:10ABE000FEF7B8FE0526FEF762FCFFA88C3017F0D2
:10ABF000E9FDFEF73EFC16F027FB98AC8EAB9C42BD
:10AC000008D0283C20001830F5F73FFC200017F052
:10AC1000D9FDF3E716F018FB0526FFF71EFBFFF73B
:10AC20001CFB16F011FB2023FFF76DFB16F00CFB4D
:10AC3000E4CE0210440A00000C270020480A00005D
:10AC4000540A000004CF02104C0A0000182700200C
:10AC50006C0A00001CCF0210740A00002427002098
:10AC6000780A000044CF02107C0A00003027002040
:10AC7000840A00006CCF0210880A00008C0A0000D1
:10AC80003C2700209C0A00008CCF0210940A000090
:10AC9000980A000048270020B40A0000A4CF021040
:10ACA000B80A0000BC0A000054270020D4CF0210CC
:10ACB000C40A0000C80A000060270020CC0A000077
:10ACC000F82500206C2700208C1C002090270020F5
:10ACD0006C1C0020C4220020342200205C1C0020B8
:10ACE000581C0020601C0020641C0020681C0020F0
:10ACF00034220020281D0020CC1C0020B41C002081
:10AD0000E41C00200C1D0020B8290020640800006D
:10AD10004808000010B502490120FEF773F910BD84
:10AD2000FFFF000010B50400024B036003F020FB9E
:10AD3000200010BD38D0021010B50400FFF7F2FF5C
:10AD40000421200016F0E2F9200010BD30B5436860
:10AD50005B180568DC171F210A002240D218521127
:10AD60009200AD180560E40E1B191940091B01D4AF
:10AD7000416030BD2031043D0560F9E730B585B054
:10AD80006C46230024C824C32000FFF7DFFF009A8D
:10AD9000616801238B400292039310681840431EA0
:10ADA0009841C0B205B030BD10B5040003F0F0FA10
:10ADB000014B2360200010BD38D0021030B587B0A1
:10ADC00001AB0022019202920392049205920200CA
:10ADD00032CB32C203CB03C207B030BD10B5040082
:10ADE0000068002806D02169091A16F08FF92000A2
:10ADF000FFF7E4FF10BD0000F0B5C64600B586B011
:10AE000005000E001F00531E032B08D9D31F072B6C
:10AE100017D90A3B072B17D90323984601E00223D1
:10AE200098465400A21892000F49511803A8F9F748
:10AE300064FD0097434603AA3100280003F0D6FBC7
:10AE400005E001239846ECE700239846E9E703A8CC
:10AE5000F9F716FD06B080BCB846F0BD03A8F9F7B7
:10AE60000FFD16F0F1F9C0461C230020F0B5C646D0
:10AE700000B5B4B005000E00170098463A9C0A2CA5
:10AE800015DC282C20DC0A21404610F029FF0FA8F1
:10AE900006F03EF96421404610F022FF08000A2126
:10AEA00010F01EFF01000AA806F032F91BE0230093
:10AEB0000122FFF7A1FF192CE5DD2300022231005A
:10AEC0002800FFF799FFDCE7230003223100280068
:10AED000FFF792FF372CD6DD230004223100280033
:10AEE000FFF78AFFCFE70A21380010F0F9FE05A826
:10AEF00006F00EF96421380010F0F2FE08000A2175
:10AF000010F0EEFE0100684606F002F90F9B149364
:10AF100000231593002114A8FFF730FF002805D067
:10AF20002300072231002800FFF766FF0F9B1693CE
:10AF300000231793012116A8FFF720FF002805D052
:10AF40002300082231002800FFF756FF0F9B1893BB
:10AF500000231993022118A8FFF710FF002805D03D
:10AF60002300092231002800FFF746FF0F9B1A93A8
:10AF700000231B9303211AA8FFF700FF002805D028
:10AF800023000A2231002800FFF736FF0A9B1C939A
:10AF900000231D9300211CA8FFF7F0FE002805D018
:10AFA00023000B2231002800FFF726FF0A9B1E9387
:10AFB00000231F9301211EA8FFF7E0FE002805D003
:10AFC00023000C2231002800FFF716FF0A9B209374
:10AFD00000232193022120A8FFF7D0FE002805D0EE
:10AFE00023000D2231002800FFF706FF0A9B229361
:10AFF00000232393032122A8FFF7C0FE002805D0D9
:10B0000023000E2231002800FFF7F6FE059B249353
:10B0100000232593002124A8FFF7B0FE002805D0C7
:10B020002300112231002800FFF7E6FE059B26933E
:10B0300000232793012126A8FFF7A0FE002805D0B2
:10B040002300122231002800FFF7D6FE059B28932B
:10B0500000232993022128A8FFF790FE002805D09D
:10B060002300132231002800FFF7C6FE059B2A9318
:10B0700000232B9303212AA8FFF780FE002805D088
:10B080002300142231002800FFF7B6FE009B2C930A
:10B0900000232D9300212CA8FFF770FE002805D077
:10B0A0002300152231002800FFF7A6FE009B2E93F7
:10B0B00000232F9301212EA8FFF760FE002805D062
:10B0C0002300162231002800FFF796FE009B3093E4
:10B0D00000233193022130A8FFF750FE002805D04D
:10B0E0002300172231002800FFF786FE009B3293D1
:10B0F00000233393032132A8FFF740FE002805D038
:10B100002300182231002800FFF776FE6846FFF77B
:10B1100065FE05A8FFF762FE0AA8FFF75FFE0FA80D
:10B12000FFF75CFE34B080BCB846F0BD6846FFF760
:10B1300055FE05A8FFF752FE0AA8FFF74FFE0FA81D
:10B14000FFF74CFE16F080F8F3E7F5E7F7E70000AD
:10B15000F0B5CE46474680B5CE4CA54404000D0060
:10B1600001280CD0002C04D1CB4B9D4201D101F021
:10B1700098FCCA4B9D44C0BCB946B046F0BDC64B16
:10B180009942EFD1C64B00221A719A60C549D96025
:10B1900019615A61C44B1E6801361E60012E58D0D9
:10B1A000C24A136801331360012B01D101F0A3F8E7
:10B1B000BF4A136801331360012B01D101F0C6F8B7
:10B1C000BC4A136801331360012B01D101F0C3F8AD
:10B1D000B94A136801331360012B01D101F0C3F8A0
:10B1E000B64B1E6801361E60012E01D101F0C3F876
:10B1F000B34A136801331360012B01D101F0FDF84C
:10B20000B04B1E6801361E60012EABD1AE4F0C2232
:10B210000021380011F0F0FD00233B607B60BB6033
:10B220008D2212016A441360013BA84A6A441360EC
:10B230008D2109016944A64B6B4419600122A54B7D
:10B240006B441A60A448A54B6B44F9F737FD01F035
:10B25000DFF8A349B6AAB0A8F5F784F910E01024E6
:10B2600010231B1B4C245C439E4BE4189D4B9C42BB
:10B2700001D101F09BFC4C3C2000F5F746F9F5E7C5
:10B280009749BDAAB7A8F5F76DF904E01024B0A856
:10B2900017F098FAE4E70027BE9701235B42BF93BB
:10B2A000C093914B6B441F700C223900C2A811F05F
:10B2B000A3FDC297C397C4978A48C2AB03938A4B36
:10B2C0006B440293C0AB0193BFAB0093BEABB7AA74
:10B2D000B0A9F5F7A7FE07E01024C2A8F5F705F915
:10B2E000B7A817F06FFAD2E78049CBAAC5A8F5F73F
:10B2F00039F901E00F24F0E77D49D2AACCA8F5F78F
:10B3000031F904E00F24C5A817F05CFAE5E7032340
:10B31000D393043BD493D5930027764B6B441F7093
:10B320000C223900D7A811F067FDD797D897D99785
:10B330007148D7AB03936F4B6B440293D5AB01932A
:10B34000D4AB0093D3ABCCAAC5A9F5F76BFE07E04D
:10B350000F24D7A8F5F7C9F8CCA817F033FAD2E72D
:10B360006649E0AADAA8F5F7FDF801E00E24F0E757
:10B370006349E7AAE1A8F5F7F5F804E00E24DAA896
:10B3800017F020FAE5E70323E893043BE993EA93F7
:10B3900000275C4B6B441F700C223900ECA811F0A5
:10B3A0002BFDEC97ED97EE975748ECAB0393554B7D
:10B3B0006B440293EAAB0193E9AB0093E8ABE1AADB
:10B3C000DAA9F5F72FFE07E00E24ECA8F5F78DF8C3
:10B3D000E1A817F0F7F9D2E74C49F5AAEFA8F5F77D
:10B3E000C1F801E00D24F0E74949FCAAF6A8F5F7F9
:10B3F000B9F804E00D24EFA817F0E4F9E5E701231C
:10B40000FD930027FE97FF225242FF92FFAA0732C8
:10B4100013700C223900FFA8083011F0EDFCFFABCF
:10B4200008331F60FFAB0C331F60FFAB10331F608E
:10B430003848FFAB08330393FFAB07330293FFABEE
:10B440000193FEAB0093FDABF6AAEFA9F5F7EAFD79
:10B4500008E00D24FFA80830F5F747F8F6A817F024
:10B46000B1F9C8E72C49FFAA2C32FFA81430F5F730
:10B4700079F801E00C24EDE71949FFAA4832FFA84A
:10B480003030F5F76FF849E00C24FFA8143017F0BE
:10B4900099F9DFE724F6FFFFFFFF0000DC09000059
:10B4A000D0290020D4290020681C0020641C002022
:10B4B000601C0020581C00205C1C00206C1C00201C
:10B4C000701C0020841C00201C230020D4080000D5
:10B4D000C8080000CC08000028230020D80800007D
:10B4E0009CD90210281D00200703000054C0021040
:10B4F00058C002105B030000741D0020101A0310D6
:10B500005CC00210AF030000C01D002068C0021024
:10B510006CC002100C1E00207CC002100323FFAA86
:10B520004C321360043BFFAA50321360FFAA54321E
:10B5300013600027FFAB5B331F700C223900FFA89C
:10B540005C3011F059FCFFAB5C331F60FFAB603324
:10B550001F60FFAB64331F60D148FFAB5C330393C4
:10B56000FFAB5B330293FFAB54330193FFAB50331C
:10B570000093FFAB4C33FFAA3032FFA91431F5F72B
:10B5800051FD09E00C24FFA85C30F4F7AEFFFFA8E2
:10B59000303017F017F978E7C249FFAA8032FFA8C8
:10B5A0006830F4F7DFFF01E00B24ECE7BE49FFAAA7
:10B5B0009C32FFA88430F4F7D5FF05E00B24FFA8E8
:10B5C000683017F0FFF8DEE70423FFAAA03213600B
:10B5D0000023FFAAA43213600533FFAAA832136028
:10B5E000FFABAF3301221A70B049FFAAC4328CA856
:10B5F000F4F7B8FF11E005260B240522921B18234F
:10B6000053438CAAD5188CAB9D4201D101F0C8FAE6
:10B61000183D280017F0D6F8F5E7A549FFAAC8326B
:10B6200092A8F4F79FFF02E004260B24E5E7A14966
:10B63000FFAACC3298A8F4F795FF02E003260B246A
:10B64000DBE79D49FFAAD0329EA8F4F78BFF02E00A
:10B6500002260B24D1E79949FFAAD432A4A8F4F713
:10B6600081FF01E00B24C8E79549FFAAD832AAA8B8
:10B67000F4F778FF02E000260B24BEE78CA9FFABAD
:10B68000BC3319600622FFABC0331A60FFABDC335A
:10B69000FFA8B030F5F7FCF80BE00B24B0AD8CAB95
:10B6A0009D4201D101F079FA183D280017F08AF87F
:10B6B000F5E78448FFABB0330393FFABAF3302939E
:10B6C000FFABA8330193FFABA4330093FFABA033D0
:10B6D000FFAA8432FFA96831F5F7A4FC05E00B242A
:10B6E000FFA8B030F4F701FFD8E77749FFAAF83296
:10B6F000FFA8E030F4F736FF01E00A24F0E77349D1
:10B70000A222D2006A44FFA8FC30F4F72BFF05E028
:10B710000A24FFA8E03017F055F8E1E702236C4A4D
:10B720006A441360033BA322D2006A441360694A4F
:10B730006A441360684B6B4401221A700B3200217B
:10B74000664B6B44180011F057FB0023634A6A44B0
:10B750001360A522D2006A441360614A6A441360F0
:10B7600060485E4B6B4403935B4B6B440293594BB5
:10B770006B440193A323DB006B440093544B6B4455
:10B78000FFAAFC32FFA9E031F5F74CFC09E00A24DE
:10B7900052486844F4F7A9FEFFA8FC3017F012F8ED
:10B7A000B7E75149A922D2006A44A620C0006844E4
:10B7B000F4F7D8FE01E00924EAE74C494C4A6A4410
:10B7C0004C486844F4F7CEFE06E00924A620C000E9
:10B7D000684416F0F7FFDBE70123AD22D2006A448C
:10B7E00013600A22444969440A605A32AE21C900F2
:10B7F00069440A60414A6A4413700C220021AF2355
:10B80000DB006B44180011F0F7FA0023AF22D200DE
:10B810006A4413603A4A6A441360B022D2006A4410
:10B8200013603848AF23DB006B440393334B6B4406
:10B830000293AE23DB006B4401932F4B6B440093C8
:10B84000AD23DB006B442B4A6A44A621C90069443E
:10B85000F5F7E8FB0AE00924AF20C0006844F4F7DC
:10B8600044FE2448684416F0ADFFAFE72649274A56
:10B870006A4427486844F4F775FE01E00824EBE7C2
:10B880002449B722D2006A44B420C0006844F4F7C7
:10B8900069FE41E008241E48684416F093FFDBE788
:10B8A000581E002080C0021084C0021024C0021064
:10B8B0002CC0021034C002103CC0021044C0021060
:10B8C0004CC00210A41E002094C0021098C00210A8
:10B8D000140500001C0500002305000024050000DD
:10B8E0002C050000F01E0020A8C00210ACC0021001
:10B8F000640500004C0500006C05000077050000A1
:10B900007C0500003C1F0020C0C002109C05000008
:10B91000840500009CD902100323E04A6A441360A6
:10B92000043BB822D2006A441360DD4A6A441360C3
:10B930000027DC4B6B441F700C223900DA4B6B4440
:10B94000180011F059FAD84B6B441F60BA23DB0082
:10B950006B441F60D54B6B441F60D548D24B6B4482
:10B960000393D04B6B440293CD4B6B440193B823AC
:10B97000DB006B440093C94B6B44B422D2006A4491
:10B98000CC496944F5F74EFB0AE00824C6486844F0
:10B99000F4F7ABFDB420C000684416F013FF7AE75B
:10B9A000C549BE22D2006A44BB20C0006844F4F7F7
:10B9B000D9FD01E00724E9E7C049C14A6A44C1480A
:10B9C0006844F4F7CFFD06E00724BB20C0006844BC
:10B9D00016F0F8FEDAE70223C222D2006A441360AE
:10B9E000033BB94A6A441360C322D2006A4413601D
:10B9F000B64B6B4401221A700B320021C423DB00CA
:10BA00006B44180011F0F8F90023C422D2006A44F4
:10BA10001360AF4A6A441360C522D2006A441360BF
:10BA2000AC48C423DB006B440393A84B6B440293E4
:10BA3000C323DB006B440193A34B6B440093C223ED
:10BA4000DB006B449F4A6A44BB21C9006944F5F797
:10BA5000E9FA0AE00724C420C0006844F4F745FD71
:10BA60009848684416F0AEFEAFE79B499B4A6A448B
:10BA70009B486844F4F776FD01E00624EBE799491A
:10BA8000CC22D2006A44C920C0006844F4F76AFDA1
:10BA900005E006249248684416F094FEDBE7042390
:10BAA000914A6A4413600023CD22D2006A44136095
:10BAB00003338E4A6A4413608D4B6B4401221A7023
:10BAC0008C49D122D2006A4474A8F4F74BFD11E0EE
:10BAD000032606240322921B1823534374AAD51865
:10BAE00074AB9D4201D101F051F8183D280016F0C9
:10BAF00069FEF5E78049814A6A447AA8F4F732FD85
:10BB000002E002260624E5E77D49D222D2006A44FB
:10BB100080A8F4F727FD01E00624DBE779497A4A9B
:10BB20006A4486A8F4F71EFD02E000260624D1E749
:10BB300074A9D023DB006B4419600422734B6B445F
:10BB40001A60D323DB006B4471486844F4F7A0FE0D
:10BB50000BE006248CAD74AB9D4201D101F013F8CB
:10BB6000183D280016F02EFEF5E76A48684B6B4436
:10BB700003935F4B6B4402935C4B6B440193CD2367
:10BB8000DB006B440093584B6B44C922D2006A44DB
:10BB900053496944F5F746FA05E006245C486844D1
:10BBA000F4F7A3FCD6E75C495C4A6A445C48684405
:10BBB000F4F7D8FC01E00524F0E75A49DA22D20074
:10BBC0006A44D720C0006844F4F7CCFC05E00524A3
:10BBD0005348684416F0F6FDE0E70223524A6A44EF
:10BBE0001360033BDB22D2006A4413604F4A6A446D
:10BBF00013604F4B6B4401221A700B3200214D4BE6
:10BC00006B44180011F0F8F800234A4A6A441360A4
:10BC1000DD22D2006A441360474A6A4413604748F1
:10BC2000444B6B440393424B6B4402933F4B6B4436
:10BC30000193DB23DB006B4400933B4B6B44D72227
:10BC4000D2006A4436496944F5F7ECF90AE0052464
:10BC500038486844F4F749FCD720C000684416F01F
:10BC6000B1FDB5E73649E122D2006A44DE20C000CA
:10BC70006844F4F777FC01E00424E9E73149324AEB
:10BC80006A4432486844F4F76DFC61E00424DE2025
:10BC9000C000684416F096FDDAE7C046BC05000017
:10BCA000C4050000CB050000CC050000D405000051
:10BCB000881F002084050000C4C00210C8C0021004
:10BCC0000C060000F4050000140600001F0600002A
:10BCD00024060000D41F0020D8C002104406000033
:10BCE0002C060000DCC00210640600006C06000098
:10BCF00073060000E8C00210FCC002108C060000B1
:10BD00000CC1021018C10210940600008406000045
:10BD1000740600002020002024C10210B406000098
:10BD20009C06000028C10210D4060000DC060000BA
:10BD3000E3060000E4060000EC0600006C20002092
:10BD400040C1021044C10210240700000C0700008B
:10BD50000123E522D2006A4413600027B04A6A44F6
:10BD600017606422E621C90069440A60AD4A6A444A
:10BD700013700C223900E723DB006B44180011F02C
:10BD80003BF8E723DB006B441F60A74B6B441F604D
:10BD9000E823DB006B441F60A448E723DB006B440F
:10BDA0000393A04B6B440293E623DB006B440193A7
:10BDB0009B4B6B440093E523DB006B449C4A6A4435
:10BDC000DE21C9006944F5F72DF90AE00424E720D3
:10BDD000C0006844F4F789FB9548684416F0F2FC0B
:10BDE00055E79449944A6A4494486844F4F7BAFB86
:10BDF00001E00324EBE79249EF22D2006A44EC20F1
:10BE0000C0006844F4F7AEFB05E003248B486844A7
:10BE100016F0D8FCDBE702238A4A6A441360033B2E
:10BE2000F022D2006A441360874A6A441360874B49
:10BE30006B4401221A700B320021854B6B441800B1
:10BE400010F0DAFF0023824A6A441360F222D20023
:10BE50006A4413607F4A6A4413607F487C4B6B449A
:10BE600003937A4B6B440293774B6B440193F0231B
:10BE7000DB006B440093734B6B44EC22D2006A44AA
:10BE80006E496944F5F7CEF80AE003247048684427
:10BE9000F4F72BFBEC20C000684416F093FCB5E7E8
:10BEA0006E49F622D2006A44F320C0006844F4F7D9
:10BEB00059FB01E00224E9E769496A4A6A446A4891
:10BEC0006844F4F74FFB06E00224F320C000684406
:10BED00016F078FCDAE70223FA22D2006A441360F3
:10BEE000033B624A6A441360FB22D2006A44136037
:10BEF00000275F4B6B441F700C223900FC23DB00D2
:10BF00006B44180010F078FFFC23DB006B441F60CB
:10BF1000584B6B441F60FD23DB006B441F60564889
:10BF2000FC23DB006B440393514B6B440293FB23D4
:10BF3000DB006B4401934D4B6B440093FA23DB0011
:10BF40006B44494A6A44F321C9006944F5F76AF829
:10BF50000BE00226FC20C0006844F4F7C6FA424811
:10BF6000684416F02FFC3400AFE74449444A6A4461
:10BF700044486844F4F7F6FA3949822212016A44C7
:10BF800041486844F4F7EEFA0027404B6B441F60C9
:10BF900001235B423E4A6A4413603E4A6A4413608E
:10BFA0003D4B6B441F700C2239003C4B6B44180016
:10BFB00010F022FF394B6B441F60394B6B441F60FC
:10BFC000384B6B441F603848344B6B440393324BFF
:10BFD0006B4402932F4B6B4401932D4B6B440093A6
:10BFE0002A4B6B44284A6A4426496944F5F71AF8F3
:10BFF0002E492F4A6A44842000016844F4F7B2FABB
:10C0000058E0002625486844F4F76FFA1E48684453
:10C0100016F0D8FB1B48684416F0D4FB9AE7C046DC
:10C020002C070000370700003C070000B820002064
:10C030000C07000054C102105C0700004407000018
:10C0400058C102107C070000840700008B07000025
:10C050008C070000940700000421002064C1021036
:10C060009CD90210CC070000B4070000D4070000E0
:10C07000DF070000E40700005021002068C1021023
:10C0800004080000EC070000080800002408000075
:10C09000280800002C0800003308000034080000C5
:10C0A000380800003C0800009C21002070C10210EC
:10C0B00058080000EB49EC4A6A44EC486844F4F73D
:10C0C00051FA0523EA4A6A441360063BE94A6A4486
:10C0D0001360882212016A4413600026E64B6B4409
:10C0E0001E700C223100E54B6B44180010F084FEEA
:10C0F000E24B6B441E60E24B6B441E6089231B01C4
:10C100006B441E60DF48DD4B6B440393DA4B6B449A
:10C11000029388231B016B440193D64B6B4400931D
:10C12000D34B6B44D14A6A44842109016944F4F732
:10C1300079FFD2486844F4F7D8F9CC48684416F03F
:10C1400041FB84200001684416F03CFBCE48684463
:10C15000F4F7CBF9CD48684416F034FBCC4868447A
:10C1600016F030FBFC20C0006844F4F7BEF9C94863
:10C17000684416F027FBF320C000684416F022FB49
:10C18000C5486844F4F7B1F9EC20C000684416F0E3
:10C1900019FBC248684416F015FBE720C00068444C
:10C1A000F4F7A3F9BE48684416F00CFBDE20C0008B
:10C1B000684416F007FBBB486844F4F796F9D720AB
:10C1C000C000684416F0FEFAB748684416F0FAFA60
:10C1D000B6486844F4F789F98CAE03E0183E3000A5
:10C1E00016F0F0FA74AB9E42F8D1C920C000684442
:10C1F00016F0E8FAAE48684416F0E4FAC420C0002D
:10C200006844F4F772F9AB48684416F0DBFABB20D7
:10C21000C000684416F0D6FAA7486844F4F765F9F8
:10C22000B420C000684416F0CDFAA448684416F063
:10C23000C9FAAF20C0006844F4F757F9A048684431
:10C2400016F0C0FAA620C000684416F0BBFA9D485C
:10C250006844F4F74AF9FFA8FC3016F0B3FAFFA8D7
:10C26000E03016F0AFFAFFA8B030F4F73EF9B0AE08
:10C2700003E0183E300016F0A5FA8CAB9E42F8D1D0
:10C28000FFA8843016F09EFAFFA8683016F09AFADC
:10C29000FFA85C30F4F729F9FFA8303016F092FAC5
:10C2A000FFA8143016F08EFAFFA80830F4F71DF935
:10C2B000F6A816F087FAEFA816F084FAECA8F4F7BF
:10C2C00014F9E1A816F07EFADAA816F07BFAD7A8DE
:10C2D000F4F70BF9CCA816F075FAC5A816F072FAA7
:10C2E000C2A8F4F702F9B7A816F06CFAB0A816F0D5
:10C2F00069FAFEF755FF744A74498CAE3000F4F7C2
:10C3000049F9734B6B441E600122724B6B441A60F7
:10C310007148724B6B4402938A231B016B44019357
:10C320006F4B6B44009300233100F4F7F3FD96AE9E
:10C330008CAB9E4201D1FEF73BFF283E3000183007
:10C34000F4F7A3F8300016F03DFAF1E76548F4F78A
:10C3500068FBFEF735FF43496348644A6A44F4F7D3
:10C3600001F9FEF735FF3F496148624A6A44F4F734
:10C37000F9F8FEF735FF604960488B2212016A44E4
:10C38000F4F7F0F85E495F485F4A6A44F4F7EAF868
:10C3900010E0042605239B1B18245C43574BE4182C
:10C3A000564B9C4201D100F017FC183C200016F0BF
:10C3B00009FAF5E755495648564A6A44F4F7D2F85F
:10C3C00001E00326E6E754495448554A6A44F4F725
:10C3D000C9F801E00226DDE7524953488C221201D8
:10C3E0006A44F4F7BFF851495148524A6A44F4F795
:10C3F000B9F8FEF7FDFE0026CCE74F4B00221A707D
:10C400005A60022199601C3119735A73FEF7F8FEC5
:10C410000C234A4A6A4413600D3B494A6A4413603C
:10C42000484B6B44454A6A441A6001228E231B0123
:10C430006B441A604448454B6B4440496944F8F7E3
:10C440003DFC87E0172619239B1B0C245C43404BC3
:10C45000E4183F4B9C4200D1C3E30C3C2000F8F7AA
:10C460000FFAF6E79CD90210740800005C0800007F
:10C47000780800007C080000870800008808000099
:10C480008C080000E82100203408000008080000A3
:10C49000EC070000B40700008C0700004407000010
:10C4A0000C070000E40600009C0600007406000073
:10C4B0002C060000F4050000CC05000084050000F7
:10C4C0004C050000240500006D17011068C1021022
:10C4D00094080000980800000C1D0020A40800002B
:10C4E0009C080000E41C0020B41C0020A8080000E8
:10C4F000CC1C0020AC08000024C002103422002014
:10C500002CC002104C220020B408000034C00210DD
:10C5100064220020B80800003CC002107C220020E9
:10C52000BC08000044C00210942200204CC002103D
:10C53000AC220020C4080000C4220020E40800004F
:10C54000E8080000DC08000034230020EC080000AC
:10C550001C2300206523EA4A6A441360663BE94ACB
:10C560006A4413608F231B016B44E54A6A441A60D6
:10C570000122E54B6B441A60E44890231B016B4495
:10C58000DF496944F8F79AFB01E016265BE771235F
:10C59000DF4A6A441360723B912212016A441360BD
:10C5A000DC4B6B44DA4A6A441A600122DA4B6B4472
:10C5B0001A60DA48DA4B6B44D5496944F8F77EFBD8
:10C5C00001E015263FE7D74FD7480C2399461A00BC
:10C5D000002110F011FC00239846FB633B647B6450
:10C5E000380048304A46190010F006FC4346BB6448
:10C5F000FB643B6504A9CD4B0A0083CB83C283CB8C
:10C6000083C203CB03C204A9C94B6B441960042243
:10C61000C84B6B441A60C84892231B016B44F8F75F
:10C620004DFB01E012260EE70CAAC44B83CB83C25C
:10C63000110085CB85C105CB05C10CA9C04B6B444E
:10C6400019600422BF4B6B441A60BF48BF4B6B4458
:10C65000F8F734FB01E01126F5E614AABC4B83CBB6
:10C6600083C2110085CB85C105CB05C114A99323D5
:10C670001B016B4419600422B64B6B441A60B64828
:10C68000B64B6B44F8F71AFB01E01026DBE61CAA58
:10C69000B34B83CB83C2110085CB85C105CB05C1CC
:10C6A0001CA9B04B6B441960042294231B016B44FA
:10C6B0001A60AD48AD4B6B44F8F700FB01E00F2664
:10C6C000C1E624AAAA4B83CB83C2110085CB85C1C6
:10C6D00005CB05C124A9A74B6B4419600422A64BC6
:10C6E0006B441A60A54895231B016B44F8F7E6FAE2
:10C6F00001E00E26A7E62CAAA14B83CB83C2110032
:10C7000085CB85C105CB05C12CA99E4B6B44196017
:10C7100004229D4B6B441A609C489D4B6B44F8F778
:10C72000CDFA01E00D268EE634AA9A4B83CB83C264
:10C73000110085CB85C105CB05C134A996231B010A
:10C740006B4419600422944B6B441A609348944BD9
:10C750006B44F8F7B3FA01E00C2674E63CAA914B5F
:10C7600083CB83C2110085CB85C105CB05C13CA914
:10C770008D4B6B441960042297231B016B441A6094
:10C780008A488B4B6B44F8F799FA01E00B265AE67E
:10C79000644F88480C2399461A00002110F02CFBA6
:10C7A00000239846B4334246FA500433FA50043317
:10C7B000FA503800C0304A46414610F01DFBC023F5
:10C7C0004246FA500433FA500433FA5044AA7A4BE2
:10C7D00083CB83C2110085CB85C105CB05C144A99C
:10C7E000764B6B4419600422754B6B441A60754894
:10C7F00098231B016B44F8F761FA01E0082622E652
:10C800004CAA714B83CB83C2110085CB85C105CB6C
:10C8100005C14CA96D4B6B44196004226C4B6B44F1
:10C820001A606C486C4B6B44F8F748FA01E0072635
:10C8300009E654AA694B83CB83C2110085CB85C11D
:10C8400005CB05C154A999231B016B44196004222F
:10C85000634B6B441A606348634B6B44F8F72EFAE2
:10C8600001E00626EFE55CAA604B83CB83C2110092
:10C8700085CB85C105CB05C15CA95D4B6B441960B7
:10C8800004229A231B016B441A605A485A4B6B448A
:10C89000F8F714FA01E00526D5E564AA574B83CBD7
:10C8A00083C2110085CB85C105CB05C164A9544B5A
:10C8B0006B4419600422534B6B441A6052489B230B
:10C8C0001B016B44F8F7FAF901E00426BBE56CAAFA
:10C8D0004E4B83CB83C2110085CB85C105CB05C1EF
:10C8E0006CA94B4B6B44196004224A4B6B441A6091
:10C8F00049484A4B6B44F8F7E1F991E00326A2E579
:10C90000F8080000FC080000F408000040230020A4
:10C910000C09000004090000080900004C23002055
:10C92000140900001C2300205823002044D00210CA
:10C93000180900001C0900007023002064D00210B8
:10C9400024090000280900007C2300202C09000095
:10C9500084D0021034090000882300203809000028
:10C96000A4D002103C0900009423002044090000D8
:10C97000C4D00210480900004C090000A023002088
:10C98000E4D002105409000058090000AC23002034
:10C990005C09000004D1021064090000B8230020E3
:10C9A0006809000024D102106C090000C423002093
:10C9B00074090000D023002044D10210780900003F
:10C9C0007C090000E823002064D1021084090000E3
:10C9D00088090000F42300208C09000084D1021093
:10C9E000940900000024002098090000A4D102103E
:10C9F0009C0900000C240020A4090000C4D10210EE
:10CA0000A8090000AC09000018240020E4D102109D
:10CA1000B4090000B809000024240020BC0900006B
:10CA200074AA714B83CB83C2110085CB85C105CB22
:10CA300005C174A99C231B016B44196004226B4B34
:10CA40006B441A606A486B4B6B44F8F737F901E0A6
:10CA50000226F8E48CAA684B83CB83C2110085CBF5
:10CA600085C105CB05C18CA9644B6B4419600422B8
:10CA70009D231B016B441A606148624B6B44F8F7BD
:10CA80001DF9614E61480C22002110F0B5F9002219
:10CA90009621490072500431725004317250FEF7F1
:10CAA00061FB5B4A1368013B1360002B08D1594CB2
:10CAB00003E00C3C2000F7F7E3FE534B9C42F8D117
:10CAC000554A1368013B1360002B08D1534C544B5B
:10CAD0009C4204D0183C200015F074FEF7E7514A40
:10CAE0001368013B1360002B20D04F4A1368013BB1
:10CAF0001360002B1ED04D4A1368013B1360002BBE
:10CB00001CD04B4A1368013B1360002B1AD0494AD2
:10CB10001368013B1360002B18D1474C474B9C42D4
:10CB200014D04C3C2000F3F7F0FCF7E7444815F034
:10CB300049FEDAE7434815F045FEDCE74248F3F7E3
:10CB4000F8FDDEE74148F3F7ECFEE0E74048816896
:10CB5000F4F711F8FEF70DFB3E486844F3F7C5FC07
:10CB60003D48684415F02EFE84200001684415F00D
:10CB700029FE0026FFF746FAF6E7FFF743FAFFF72C
:10CB800049FAFFF7E7F90326FEF7A4FFC920C00022
:10CB9000684415F017FEFEF77DFF0526FEF72DFD14
:10CBA000FFA8843015F00EFEFEF709FD14F04CFBD3
:10CBB00096AC8CAB9C4208D0283C20001830F3F790
:10CBC00064FC200015F0FEFDF3E714F03DFB0526A4
:10CBD000FFF7E0FBFFF7DEFB14F036FB182632E42C
:10CBE00031E414F031FBC04604D20210C409000045
:10CBF00030240020C809000024D20210CC09000013
:10CC00003C240020D40900001C23002048240020DC
:10CC1000841C0020542400206C1C0020C42200200E
:10CC2000342200205C1C0020581C0020601C0020C6
:10CC3000641C0020681C002034220020281D0020D5
:10CC4000CC1C0020B41C0020E41C00200C1D002083
:10CC5000D0290020880800005C08000010B50249B7
:10CC60000120FEF775FA10BDFFFF000010B50400AB
:10CC7000024B036001F07CFB200010BD74D2021057
:10CC800010B50400FFF7F2FF0421200014F03EFA73
:10CC9000200010BD10B5040001F07AFB014B2360A9
:10CCA000200010BD74D20210F0B5DE4657464E4645
:10CCB0004546E0B5B3B007008846934699463C9E8A
:10CCC0000A2E06DC282E35DC002400239A46002597
:10CCD0006CE007A900230793013B4B6005910233E9
:10CCE000069309AB012202A8F7F7E8FF009602239A
:10CCF00002AA4146380001F079FC02A8F7F7C0FD0E
:10CD0000192EE1DD0FA95B4B0A0011CB11C20D9169
:10CD100001230E93130001220AA8F7F7CFFF009614
:10CD200002230AAA4146380001F060FC0AA8F7F77E
:10CD3000A7FDC7E717A9504B0A0011CB11C21591E7
:10CD4000012316931300012212A8F7F7B7FF0096EC
:10CD5000022312AA4146380001F048FC12A8F7F756
:10CD60008FFD372EB0DD1FA9444B0A0011CB11C235
:10CD70001D9101231E93130001221AA8F7F79EFFAD
:10CD8000009602231AAA4146380001F02FFC1AA887
:10CD9000F7F776FD98E722A8F7F772FD01340A2C21
:10CDA00003DD01239C46E24400240135AB4513D941
:10CDB00027A9279453464B6025910123269329AB3D
:10CDC000012222A8F7F77AFF0096002322AA414603
:10CDD000380001F00BFCDEE7002400239A46002512
:10CDE0000AE02AA8F7F74CFD01340A2C03DD0123E1
:10CDF0009C46E24400240135A94533D90923524613
:10CE00009B1A2FA92F944B602D9101232E9331ABA8
:10CE100001222AA8F7F752FF009601232AAA4146C9
:10CE2000380001F0E3FBDCE702A8F7F729FD14F076
:10CE30000BFA0AA8F7F724FD14F006FA12A8F7F780
:10CE40001FFD14F001FA1AA8F7F71AFD14F0FCF907
:10CE500022A8F7F715FD14F0F7F92AA8F7F710FD47
:10CE600014F0F2F933B0F0BCBB46B246A946A04676
:10CE7000F0BDC04680D2021088D2021090D20210BB
:10CE8000F0B5CE46474680B5D84CA54404000D0009
:10CE900001280CD0002C04D1D54B9D4201D101F0CA
:10CEA00043F8D44B9D44C0BCB946B046F0BDD04B0E
:10CEB0009942EFD1D04B00221A719A60CF49D960C4
:10CEC00019615A61CE4B1F6801371F60012F37D09F
:10CED000CC4A136801331360012B01D100F048FFE5
:10CEE000C94A136801331360012B01D100F06CFFB4
:10CEF000C64A136801331360012B01D100F069FFAA
:10CF0000C34A136801331360012B01D100F06AFF9B
:10CF1000C04B1E6801361E60012E01D100F06AFF71
:10CF2000BD4A136801331360012BB3D1BB4B002200
:10CF30001A705A60022199601C3119735A73A9E75B
:10CF4000B74946AA40A8F3F70DFB10E010241023C0
:10CF50001B1B4C245C43B34BE418B24B9C4201D1E5
:10CF600001F053F84C3C2000F3F7CFFAF5E7AC4959
:10CF70004DAA47A8F3F7F6FA04E0102440A815F0EC
:10CF800021FCE4E700264E9601235B424F93509329
:10CF90004823FF336B441E700C22310052A80FF05F
:10CFA0002BFF5296539654969E4852AB03934823B8
:10CFB000FF336B44029350AB01934FAB00934EABE6
:10CFC00047AA40A9F4F72EF807E0102452A8F3F777
:10CFD0008CFA47A815F0F6FBD0E793495BAA55A851
:10CFE000F3F7C0FA01E00F24F0E7904962AA5CA8C9
:10CFF000F3F7B8FA04E00F2455A815F0E3FBE5E7D2
:10D0000003236393043B6493659300269C23FF33BF
:10D010006B441E700C22310067A80FF0EDFE67967E
:10D0200068966996824867AB03939C23FF336B44F1
:10D03000029365AB019364AB009363AB5CAA55A903
:10D04000F3F7F0FF07E00F2467A8F3F74EFA5CA8A8
:10D0500015F0B8FBD0E7774970AA6AA8F3F782FA0F
:10D0600001E00E24F0E7744977AA71A8F3F77AFA81
:10D0700004E00E246AA815F0A5FBE5E703237893E6
:10D08000043B79937A930026F023FF336B441E70A0
:10D090000C2231007CA80FF0AFFE7C967D967E9628
:10D0A00066487CAB0393F023FF336B4402937AAB67
:10D0B000019379AB009378AB71AA6AA9F3F7B2FF39
:10D0C00007E00E247CA8F3F710FA71A815F07AFB9C
:10D0D000D0E75B4985AA7FA8F3F744FA01E00D2465
:10D0E000F0E758498CAA86A8F3F73CFA04E00D242F
:10D0F0007FA815F067FBE5E701238D9300268E9648
:10D10000FF2252428F92504A6A4413700C2231001F
:10D1100091A80FF071FE9196929693964B4891AB21
:10D120000393494B6B4402938FAB01938EAB0093F7
:10D130008DAB86AA7FA9F3F775FF07E00D2491A8B0
:10D14000F3F7D3F986A815F03DFBD1E740499AAA39
:10D1500094A8F3F707FA01E00C24F0E73049A1AAFC
:10D160009BA8F3F7FFF904E00C2494A815F02AFB20
:10D17000E5E70323A293043BA393A4930026354B36
:10D180006B441E700C223100A6A80FF035FEA69647
:10D19000A796A8963048A6AB03932E4B6B440293F8
:10D1A000A4AB0193A3AB0093A2AB9BAA94A9F3F702
:10D1B00039FF07E00C24A6A8F3F797F99BA815F010
:10D1C00001FBD2E72549AFAAA9A8F3F7CBF901E003
:10D1D0000B24F0E72249B6AAB0A8F3F7C3F941E05F
:10D1E0000B24A9A815F0EEFAE5E7C046F4F8FFFF16
:10D1F000FFFF00000C070000E8290020EC290020B8
:10D20000681C0020641C0020601C0020581C0020AA
:10D210005C1C00206C1C0020701C0020C42200201C
:10D220009CD90210281D002054C0021058C00210C2
:10D23000741D0020101A03105CC00210C01D0020D5
:10D2400068C002106CC00210430200000C1E0020D7
:10D250007CC0021097020000581E002080C00210FF
:10D2600084C002100423B7930023B8930533B99305
:10D27000DE4B6B4401221A70DD49C0AA1CA8F3F7EB
:10D2800071F911E005270B240522D21B1823534303
:10D290001CAAD5181CAB9D4201D100F0B1FE183D6F
:10D2A000280015F08FFAF5E7D249C1AA22A8F3F7B2
:10D2B00059F902E004270B24E6E7CF49C2AA28A8BF
:10D2C000F3F750F902E003270B24DDE7CB49C3AAAB
:10D2D0002EA8F3F747F902E002270B24D4E7C84948
:10D2E000C4AA34A8F3F73EF901E00B24CCE7C54902
:10D2F000C5AA3AA8F3F736F902E000270B24C3E7E2
:10D300001CA9BE910622BF92C6ABBBA8F3F7C0FA18
:10D310000BE00B2440AD1CAB9D4201D100F06DFE33
:10D32000183D280015F04EFAF5E7B748BBAB03935C
:10D33000AE4B6B440293B9AB0193B8AB0093B7AB60
:10D34000B0AAA9A9F3F76EFE04E00B24BBA8F3F77B
:10D35000CCF8DFE7AD49CDAAC7A8F3F703F901E0A0
:10D360000A24F3E7AA49D4AACEA8F3F7FBF804E00D
:10D370000A24C7A815F026FAE8E70223D593033B51
:10D38000D693D793A34B6B4401221A700B32002122
:10D39000D9A80FF031FD0023D993DA93DB939E488F
:10D3A000D9AB03939B4B6B440293D7AB0193D6ABA2
:10D3B0000093D5ABCEAAC7A9F3F734FE07E00A2441
:10D3C000D9A8F3F792F8CEA815F0FCF9D1E7934964
:10D3D000E2AADCA8F3F7C6F801E00924F0E79049D7
:10D3E000E9AAE3A8F3F7BEF804E00924DCA815F0E5
:10D3F000E9F9E5E70123EA930A22EB925A32EC922B
:10D40000884A6A4413700C220021EEA80FF0F4FC45
:10D410000023EE93EF93F0938348EEAB0393814B9D
:10D420006B440293ECAB0193EBAB0093EAABE3AA42
:10D43000DCA9F3F7F7FD07E00924EEA8F3F755F8A8
:10D44000E3A815F0BFF9D1E77849F7AAF1A8F3F7F7
:10D4500089F801E00824F0E77549FEAAF8A8F3F777
:10D4600081F804E00824F1A815F0ACF9E5E70323FE
:10D47000FF93043BFFAA04321360FFAA0832136033
:10D480000026FFAB0F331E700C223100FFA81030B6
:10D490000FF0B2FCFFAB10331E60FFAB14331E6005
:10D4A000FFAB18331E606348FFAB10330393FFAB31
:10D4B0000F330293FFAB08330193FFAB04330093A8
:10D4C000FFABF8AAF1A9F3F7ADFD08E00824FFA827
:10D4D0001030F3F70AF8F8A815F074F9C3E75649C5
:10D4E000FFAA3432FFA81C30F3F73CF801E0072410
:10D4F000EDE75249FFAA5032FFA83830F3F732F86F
:10D5000005E00724FFA81C3015F05CF9DFE70223D3
:10D51000FFAA54321360033BFFAA58321360FFAADC
:10D520005C321360FFAB633301221A700B320021AF
:10D53000FFA864300FF060FC0023FFAA6432136080
:10D54000FFAA68321360FFAA6C3213603C48FFAB3D
:10D5500064330393FFAB63330293FFAB5C330193FC
:10D56000FFAB58330093FFAB5433FFAA3832FFA907
:10D570001C31F3F757FD09E00724FFA86430F2F7E8
:10D58000B4FFFFA8383015F01DF9BBE72D49FFAAFD
:10D590008832FFA87030F2F7E5FF01E00624ECE7DF
:10D5A0002949FFAAA432FFA88C30F2F7DBFF05E07F
:10D5B0000624FFA8703015F005F9DEE70423FFAA62
:10D5C000A83213600023FFAAAC3213600333FFAA12
:10D5D000B0321360FFABB73301221A701B49FFAAA8
:10D5E000CC3204A8F2F7BEFF44E0C046EB020000D4
:10D5F00024C002102CC0021034C002103CC0021023
:10D6000044C002104CC00210A41E002094C002109E
:10D6100098C0021063030000F01E0020A8C0021092
:10D62000ACC00210B70300003C1F0020C0C00210B5
:10D630009CD90210881F0020C4C00210C8C002106C
:10D64000D41F0020D8C00210DCC00210E8C00210B5
:10D65000032706240322D21B1823534304AAD518F8
:10D6600004AB9D4201D100F0C2FC183D280015F02A
:10D67000A9F8F5E7E849FFAAD0320AA8F2F772FF45
:10D6800002E002270624E5E7E449FFAAD43210A805
:10D69000F2F768FF01E00624DCE7E149FFAAD8328F
:10D6A00016A8F2F75FFF02E000270624D2E704A9DC
:10D6B000FFABC43319600422FFABC8331A60FFAB61
:10D6C000DC33FFA8B830F3F7E3F80BE006241CAD19
:10D6D00004AB9D4201D100F087FC183D280015F0F5
:10D6E00071F8F5E7CF48FFABB8330393FFABB7331F
:10D6F0000293FFABB0330193FFABAC330093FFABAE
:10D70000A833FFAA8C32FFA97031F3F78BFC05E038
:10D710000624FFA8B830F2F7E8FED8E7C249FFAA0E
:10D72000F832FFA8E030F2F71DFF01E00524F0E732
:10D73000BE49A222D2006A44FFA8FC30F2F712FFD1
:10D7400005E00524FFA8E03015F03CF8E1E70223EE
:10D75000B74A6A441360033BA322D2006A441360B1
:10D76000B44A6A441360B44B6B4401221A700B3202
:10D770000021B24B6B4418000FF03EFB0023AF4A70
:10D780006A441360A522D2006A441360AC4A6A441A
:10D790001360AC48A94B6B440393A74B6B440293B3
:10D7A000A44B6B440193A323DB006B440093A04B79
:10D7B0006B44FFAAFC32FFA9E031F3F733FC09E028
:10D7C00005249E486844F2F790FEFFA8FC3014F050
:10D7D000F9FFB7E79C49A922D2006A44A620C000FD
:10D7E0006844F2F7BFFE01E00424EAE79749984A4B
:10D7F0006A4498486844F2F7B5FE06E00424A6207F
:10D80000C000684414F0DEFFDBE70123AD22D20044
:10D810006A4413600026904A6A4416606422AE216E
:10D82000C90069440A608D4A6A4413700C223100B1
:10D83000AF23DB006B4418000FF0DEFAAF23DB00F0
:10D840006B441E60864B6B441E60B023DB006B4450
:10D850001E608448AF23DB006B4403937F4B6B4413
:10D860000293AE23DB006B4401937B4B6B4400932C
:10D87000AD23DB006B44774A6A44A621C9006944A2
:10D88000F3F7D0FB0AE00424AF20C0006844F2F7AD
:10D890002CFE7048684414F095FFB0E77249734A53
:10D8A0006A4473486844F2F75DFE01E00324EBE745
:10D8B0007049B722D2006A44B420C0006844F2F72D
:10D8C00051FE05E003246A48684414F07BFFDBE75F
:10D8D0000223694A6A441360033BB822D2006A44B7
:10D8E0001360664A6A441360654B6B4401221A70E8
:10D8F0000B320021634B6B4418000FF07DFA0023BC
:10D90000604A6A441360BA22D2006A4413605E4AD5
:10D910006A4413605D485B4B6B440393584B6B4404
:10D920000293564B6B440193B823DB006B44009386
:10D93000514B6B44B422D2006A444D496944F3F719
:10D9400071FB0AE003244F486844F2F7CEFDB4208F
:10D95000C000684414F036FFB5E74D49BE22D2003E
:10D960006A44BB20C0006844F2F7FCFD01E00224D9
:10D97000E9E74849484A6A4448486844F2F7F2FDF2
:10D9800006E00224BB20C000684414F01BFFDAE765
:10D990000223C222D2006A441360033B404A6A4415
:10D9A0001360C322D2006A441360002399466B4679
:10D9B0003C4A9B184A461A70C426F6006E440C3244
:10D9C000494630000FF018FA4A4632607260B26081
:10D9D00035480396334B6B440293C323DB006B44FF
:10D9E00001932F4B6B440093C223DB006B442B4A03
:10D9F0006A44BB21C9006944F3F714FB56E00227CF
:10DA0000C420C0006844F2F770FD2448684414F054
:10DA1000D9FE3C00B6E7C046FCC002100CC10210A3
:10DA200018C102102020002024C1021028C10210B9
:10DA3000140500001C05000023050000240500005B
:10DA40002C0500006C20002040C1021044C10210CF
:10DA5000640500004C0500006C050000770500001F
:10DA60007C050000B820002054C102109C05000075
:10DA70008405000058C10210BC050000C405000068
:10DA8000CB050000CC050000D405000004210020D7
:10DA900064C102109CD902100C060000F4050000BD
:10DAA000140600001F06000050210020F249F34A2E
:10DAB0006A44F3486844F2F755FDF249CC22D2009B
:10DAC0006A44C920C0006844F2F74CFD002399461F
:10DAD000ED4B6B444A461A6001235B42CD22D200D3
:10DAE0006A441360E94A6A4413606B46E84A9B182B
:10DAF0004A461A70E74E6E440C32494630000FF029
:10DB00007BF94A4632607260B260E3480396E04BAC
:10DB10006B440293DD4B6B440193CD23DB006B44DC
:10DB20000093D94B6B44C922D2006A44D44969445A
:10DB3000F3F778FAD949D322D2006A44D020C00042
:10DB40006844F2F70FFD0EE00027D2486844F2F770
:10DB5000CCFCC920C000684414F034FEC8486844B6
:10DB600014F030FE4CE7C749CD4A6A44CD486844BA
:10DB7000F2F7F8FC0523D722D2006A441360063B73
:10DB8000C94A6A441360D822D2006A441360C74F5E
:10DB90006F44002398463B70D926F6006E440C2251
:10DBA000190030000FF028F9424632607260B2600E
:10DBB000BF4803960297D823DB006B440193BA4B0E
:10DBC0006B440093D723DB006B44B64A6A44D021F0
:10DBD000C9006944F3F726FA3000F2F786FCB14831
:10DBE000684414F0EFFDD020C000684414F0EAFD52
:10DBF000A8486844F2F779FCC920C000684414F0D2
:10DC0000E1FD9F48684414F0DDFDC420C000684475
:10DC1000F2F76BFCA748684414F0D4FDBB20C000A9
:10DC2000684414F0CFFDA4486844F2F75EFCB420C9
:10DC3000C000684414F0C6FDA048684414F0C2FD5A
:10DC4000AF20C0006844F2F750FC9D48684414F0CF
:10DC5000B9FDA620C000684414F0B4FD994868449A
:10DC6000F2F743FCFFA8FC3014F0ACFDFFA8E03055
:10DC700014F0A8FDFFA8B830F2F737FC1CAE04ABD7
:10DC80009E4204D0183E300014F09CFDF7E7FFA838
:10DC90008C3014F097FDFFA8703014F093FDFFA8AE
:10DCA0006430F2F722FCFFA8383014F08BFDFFA897
:10DCB0001C3014F087FDFFA81030F2F716FCF8A80E
:10DCC00014F080FDF1A814F07DFDEEA8F2F70DFC34
:10DCD000E3A814F077FDDCA814F074FDD9A8F2F7DE
:10DCE00004FCCEA814F06EFDC7A814F06BFDBBA811
:10DCF000F2F7FBFB40AE1CAB9E4204D0183E300056
:10DD000014F060FDF7E7B0A814F05CFDA9A814F0CA
:10DD100059FDA6A8F2F7E9FB9BA814F053FD94A8BF
:10DD200014F050FD91A8F2F7E0FB86A814F04AFD2C
:10DD30007FA814F047FD7CA8F2F7D7FB71A814F078
:10DD400041FD6AA814F03EFD67A8F2F7CEFB5CA87F
:10DD500014F038FD55A814F035FD52A8F2F7C5FBB4
:10DD600047A814F02FFD40A814F02CFDFFF7B0F8E1
:10DD7000554A41491CAE3000F2F70CFC534B6B4442
:10DD80001E600122DB23DB006B441A605048514BBC
:10DD90006B440293DC23DB006B4401934E4B6B44DA
:10DDA000009300233100F3F7B5F826AE1CAB9E427A
:10DDB00001D1FFF795F8283E30001830F2F765FBE7
:10DDC000300014F0FFFCF1E74448F2F72AFEFFF7B9
:10DDD0008FF82C494248DD22D2006A44F2F7C2FB98
:10DDE000FFF78EF827493F483F4A6A44F2F7BAFBEB
:10DDF000FFF78EF83D493E48DE22D2006A44F2F732
:10DE0000B1FB3C493C483D4A6A44F2F7ABFB0FE0AA
:10DE1000042605239B1B18245C43354BE418344B24
:10DE20009C4200D105E1183C200014F0CBFCF6E741
:10DE300033493448DF22D2006A44F2F793FB01E011
:10DE40000326E6E730493148314A6A44F2F78AFB53
:10DE500001E00226DDE72F492F48E022D2006A4484
:10DE6000F2F780FB2D492E482E4A6A44F2F77AFBDE
:10DE7000FFF756F80026CCE768C102104406000000
:10DE80002C0600009CD90210640600006C060000FD
:10DE900073060000740600009C21002070C102106F
:10DEA000B40600009C060000BC060000C706000087
:10DEB000E8210020F4050000CC05000084050000E6
:10DEC0004C050000240500006D170110D406000069
:10DED0000C1D0020E4060000DC060000E41C00200D
:10DEE000B41C0020CC1C0020EC06000024C0021052
:10DEF000342200202CC002104C220020F406000026
:10DF000034C00210642200203CC002107C22002099
:10DF1000FC06000044C00210942200204CC00210F5
:10DF2000AC22002004070000434A1368013B136041
:10DF3000002B08D1414C424B9C4204D0183C20009D
:10DF400014F040FCF7E73F4A1368013B1360002BD5
:10DF500020D03D4A1368013B1360002B1ED03B4A82
:10DF60001368013B1360002B1CD0394A1368013B36
:10DF70001360002B1AD0374A1368013B1360002B43
:10DF800018D1354C354B9C4214D04C3C2000F2F754
:10DF9000BCFAF7E7324814F015FCDAE7314814F020
:10DFA00011FCDCE73048F2F7C4FBDEE72F48F2F75C
:10DFB000B8FCE0E72E488168F2F7DDFDFEF771FF5F
:10DFC000D920C0006844F2F790FA2A48684414F057
:10DFD000F9FBD020C000684414F0F4FB0027B4E53E
:10DFE000F7E7B2E5BAE50BE50327FFF733FBFFA838
:10DFF0008C3014F0E7FBFFF7DCFA0527FFF744F954
:10E00000B0A814F0DFFBFFF7ECF813F01DF926AC15
:10E010001CAB9C4208D0283C20001830F2F735FA9F
:10E02000200014F0CFFBF3E713F00EF90526F0E61D
:10E03000EFE613F009F9C0466C1C0020C422002052
:10E04000342200205C1C0020581C0020601C002092
:10E05000641C0020681C002034220020281D0020A1
:10E06000CC1C0020B41C0020E41C00200C1D00204F
:10E07000E82900209C06000010B502490120FEF7A7
:10E08000FFFE10BDFFFF000030B585B06B46D871B4
:10E090009D1D99715A71D87903AB18702978597000
:10E0A000D2B29A70884217D86B46073319788A42E1
:10E0B00015D31A7803ABDA705A7812021878104325
:10E0C0009A781204074908401043DB781B060002C7
:10E0D000000A184305B030BD6B460633E6E76B46D1
:10E0E0000533E6E7FFFF00FFF0B583B004000E0044
:10E0F0001500002916D101AB1A705A709A700022CF
:10E10000DA7001AB5A781202187810439A78120428
:10E11000494908401043DB781B060002000A1843F7
:10E1200003B0F0BD2B210DF003FEC2B283069B1A93
:10E130009B009B189B009B189B009B18E418630096
:10E14000E4186400E4B2FF23981B68430012C0B2D5
:10E150006946C870210071430912591A69430912AE
:10E16000C9B26F46B9701C1B744324121B1B6B434E
:10E170001B12DBB27B70042A4ED892002F4CA2589F
:10E18000974601AA157053709070984205D36B465C
:10E1900001331A7801ABDA70B3E76B460333F8E763
:10E1A00001AB19705D709870884205D36B460233DD
:10E1B0001A7801ABDA70A4E76B460333F8E701AADB
:10E1C000107055709370984205D36B4601331A78DE
:10E1D00001ABDA7095E76B460333F8E701AB1870D3
:10E1E00059709D70884205D36B4602331A7801AB93
:10E1F000DA7086E76B460333F8E701AA13705070B4
:10E200009570984205D36B4601331A7801ABDA70EA
:10E2100077E76B460333F8E701AB1D7058709970D0
:10E22000884205D36B4602331A7801ABDA7068E78F
:10E230006B460333F8E7C046FFFF00FF98D2021099
:10E24000F0B58BB007AD0790069116001F00287837
:10E250000EF046F832003B000DF0D1FF049005911E
:10E2600006AB18780EF03CF80290039132003B00A8
:10E2700000203D490DF09FFF03000C000093019426
:10E2800002000B00029803990DF0B9FF02000B0089
:10E29000049805990DF094FF0EF062F809AC207017
:10E2A00068780EF01DF832003B000DF0A8FF0290D8
:10E2B000039106AA50780EF013F802000B000098A4
:10E2C00001990DF09CFF02000B00029803990DF0DC
:10E2D00077FF0EF045F86070A8780EF001F8320074
:10E2E0003B000DF08CFF0290039106AA90780DF090
:10E2F000F7FF02000B00009801990DF080FF02006B
:10E300000B00029803990DF05BFF0EF029F8A07046
:10E31000E8780DF0E5FF32003B000DF070FF0600DD
:10E320000F0006AAD0780DF0DBFF02000B0000986A
:10E3300001990DF064FF02000B00300039000DF070
:10E340003FFF0EF00DF8E07063781B022078184351
:10E35000A3781B04054A10401843E3781B0600020B
:10E36000000A18430BB0F0BD0000F03FFFFF00FFB4
:10E37000014B03607047C04648D3021010B504003B
:10E38000FFF7F6FF0421200012F0C0FE200010BDB0
:10E39000014B03607047C04648D3021010B582B0ED
:10E3A0000C001000032913D03C210DF099FC8900CA
:10E3B000244B9B68002B22D1A300E4182301E4180E
:10E3C0006018C0B2FF22FF21FFF78EFE019005E02A
:10E3D000802280218020FFF757FE019001AB5A7800
:10E3E0001202187810439A78120417490840104313
:10E3F000DB781B060002000A184302B010BD012B97
:10E400000AD0022B0FD0032B14D080228021802031
:10E41000FFF73AFE0190E1E7C8B2FF22FF21FFF7C4
:10E4200063FE0190DAE7FA22FA21FF20FFF72CFEC3
:10E430000190D3E733227321B820FFF725FE019026
:10E44000CCE7C046C4220020FFFF00FF10B5002B20
:10E4500008D0516809235B1A11680A22521A026017
:10E46000436010BD030012CA12C3FAE7F0B585B0CD
:10E47000002003280CDC6A46084B1400E0CBE0C403
:10E480001B68236083009B588B4204D00130F0E767
:10E49000002005B0F0BD0120FBE7C04654D30210B8
:10E4A000F0B5C64600B582B005000C0090461F00CE
:10E4B000080012F0A7FA2B68089A00921E683B0029
:10E4C000424621002800B047200012F0ABFA02B00B
:10E4D00080BCB846F0BD00B583B000230093002295
:10E4E000FFF7DEFF03B000BD032901D8014B99609F
:10E4F0007047C046C4220020F0B5CE46474680B5DE
:10E500008DB00A684B680A2A0EDC092B0CDCD9078F
:10E5100017D49800C0184000C018804690440021CD
:10E5200000260023994617E01B4907AA01A8F2F725
:10E5300019F801A802F05BFF01A814F043F90020CC
:10E5400020E00B20801A9A00D2185200D318C0186D
:10E55000431E9846E3E70131032911D80136B4463A
:10E56000C44408AA0D4B1400A1CBA1C41B682360AE
:10E570008B009B589C45EEDD01239C46E144EAE775
:10E58000404648440DB0C0BCB946B046F0BD01A8F5
:10E5900014F018F912F058FEACD2021054D3021045
:10E5A00010B5436802689B1ADB109A00D21810015C
:10E5B000121810021218100412185200D2189142A8
:10E5C00000D210BD014813F007FFC046CCD20210A4
:10E5D00010B542680368D21AD210914200D210BD21
:10E5E000014813F0F9FEC046CCD20210F0B5CE4679
:10E5F000474680B58BB00600884615001900129A70
:10E60000FFF7CCFE049000241AE005AA6B46110027
:10E6100081CB81C11F00274B1B7831003800FFF7E9
:10E6200015FF07A90B0005CF05C33000FFF764FFF6
:10E6300007001DE0049A3900404612F0CBF901347E
:10E640006B682A689B1ADB109C422ED2210028009E
:10E65000FFF7BEFF2B68E2009B186A4681CB81C2A0
:10E66000019B0133D1D1009872210DF039FB0F00CD
:10E6700039003000FFF7FAFE0028DBD0002200212D
:10E680000020FFF701FD814609900A4B187B0DF031
:10E690002BFE0022084B0DF098FD02000B004946AE
:10E6A0000498FFF7CDFD0490C4E70BB0C0BCB94699
:10E6B000B046F0BDC422002000005940F0B5EBB0D8
:10E6C00004000D00709E03A9BC4B0A0083CB83C2DB
:10E6D00083CB83C203CB03C203A9239104232493D6
:10E6E00025AB042220A8F6F7E9FA20A926A8F6F718
:10E6F00004F90096002326AA29002000FFF776FFE0
:10E7000026A8F6F7BDF803A9AD4B0A0083CB83C258
:10E7100083CB83C203CB03C203A9299104232A9389
:10E720002BAB04221DA8F6F7C9FA1DA92CA8F6F7F1
:10E73000E4F8009601232CAA29002000FFF756FFD9
:10E740002CA8F6F79DF831A99E4B0A0081CB81C217
:10E750002F9101233093130001221AA8F6F7AEFA85
:10E760001AA934A8F6F7C9F80096012334AA29009B
:10E770002000FFF73BFF34A8F6F782F839A9924B47
:10E780000A0081CB81C23791012338931300012203
:10E7900017A8F6F793FA17A93CA8F6F7AEF8009673
:10E7A00003233CAA29002000FFF720FF3CA8F6F72E
:10E7B00067F841A9854B0A0081CB81C23F910123B3
:10E7C00040931300012214A8F6F778FA14A944A87C
:10E7D000F6F793F80096032344AA29002000FFF7D8
:10E7E00005FF44A8F6F74CF80023119312931393F6
:10E7F00077494DAA47A8F1F7B5FE764911AA47A86F
:10E8000002F0B3F847A813F0DDFF129B119A9B1A90
:10E81000302B3AD9002111A8FFF7C2FE119B1868CE
:10E820001BF080FA509004235193012111A8FFF7A7
:10E83000B7FE119B98691BF075FA5290052353930C
:10E84000022111A8FFF7ACFE119B186B1BF06AFAAE
:10E8500050A9086106234B614E91033B4F9356AB81
:10E86000032203A8F6F72AFA03A957A8F6F745F8F2
:10E870000096012357AA29002000FFF7B7FE57A8EA
:10E88000F5F7FEFF03A8F5F7FBFF5CA9524B0A0062
:10E8900081CB81C25A9101235B93130001220EA800
:10E8A000F6F70CFA0EA95FA8F6F727F800960323EF
:10E8B0005FAA29002000FFF799FE5FA8F5F7E0FFA7
:10E8C00064A9464B0A0081CB81C262910123639304
:10E8D000130001220BA8F6F7F1F90BA967A8F6F7C8
:10E8E0000CF80096032367AA29002000FFF77EFE9C
:10E8F00067A8F5F7C5FF0BA8F5F7C2FF0EA8F5F757
:10E90000BFFF11A8F1F7F1FD14A8F5F7B9FF17A89B
:10E91000F5F7B6FF1AA8F5F7B3FF1DA8F5F7B0FF96
:10E9200020A8F5F7ADFF6BB0F0BD26A8F5F7A8FF5E
:10E9300020A8F5F7A5FF12F087FC2CA8F5F7A0FF9B
:10E940001DA8F5F79DFFF3E734A8F5F799FF1AA87E
:10E95000F5F796FFF4E73CA8F5F792FF17A8F5F74F
:10E960008FFFF4E744A8F5F78BFF14A8F5F788FFAD
:10E97000F4E747A813F026FF11A8F1F7B6FDF4E776
:10E9800057A8F5F77DFF03A8F5F77AFFF4E7FAE754
:10E990005FA8F5F775FF0EA8F5F772FFECE767A81B
:10E9A000F5F76EFF0BA8F5F76BFFF4E7FAE7F2E770
:10E9B000E2E7DAE7D2E7CAE7C2E7B9E764D30210D1
:10E9C00084D30210A4D30210ACD30210B4D302102B
:10E9D00018D30210C41B0310BCD30210C4D30210FE
:10E9E000F0B5CE46474680B5D84CA54404000D008E
:10E9F00001280CD0002C04D1D54B9D4201D101F04F
:10EA000043F8D44B9D44C0BCB946B046F0BDD04B92
:10EA10009942EFD1D04B00221A719A60CF49D96048
:10EA200019615A61CE4B1F6801371F60012F37D023
:10EA3000CC4A136801331360012B01D100F048FF69
:10EA4000C94A136801331360012B01D100F06CFF38
:10EA5000C64A136801331360012B01D100F069FF2E
:10EA6000C34A136801331360012B01D100F06AFF20
:10EA7000C04B1E6801361E60012E01D100F06AFFF6
:10EA8000BD4A136801331360012BB3D1BB4B002285
:10EA90001A705A60022199601C3119735A73A9E7E0
:10EAA000B74946AA40A8F1F75DFD10E010241023F5
:10EAB0001B1B4C245C43B34BE418B24B9C4201D16A
:10EAC00001F053F84C3C2000F1F71FFDF5E7AC498D
:10EAD0004DAA47A8F1F746FD04E0102440A813F022
:10EAE00071FEE4E700264E9601235B424F9350935C
:10EAF0004823FF336B441E700C22310052A80EF0E5
:10EB00007BF95296539654969E4852AB03934823F2
:10EB1000FF336B44029350AB01934FAB00934EAB6A
:10EB200047AA40A9F2F77EFA07E0102452A8F1F7AD
:10EB3000DCFC47A813F046FED0E793495BAA55A832
:10EB4000F1F710FD01E00F24F0E7904962AA5CA8FC
:10EB5000F1F708FD04E00F2455A813F033FEE5E7B4
:10EB600003236393043B6493659300269C23FF3344
:10EB70006B441E700C22310067A80EF03DF96796B9
:10EB800068966996824867AB03939C23FF336B4476
:10EB9000029365AB019364AB009363AB5CAA55A988
:10EBA000F2F740FA07E00F2467A8F1F79EFC5CA893
:10EBB00013F008FED0E7774970AA6AA8F1F7D2FCF3
:10EBC00001E00E24F0E7744977AA71A8F1F7CAFCB6
:10EBD00004E00E246AA813F0F5FDE5E7032378931B
:10EBE000043B79937A930026F023FF336B441E7025
:10EBF0000C2231007CA80EF0FFF87C967D967E9664
:10EC000066487CAB0393F023FF336B4402937AABEB
:10EC1000019379AB009378AB71AA6AA9F2F702FA73
:10EC200007E00E247CA8F1F760FC71A813F0CAFD80
:10EC3000D0E75B4985AA7FA8F1F794FC01E00D2499
:10EC4000F0E758498CAA86A8F1F78CFC04E00D2463
:10EC50007FA813F0B7FDE5E701238D9300268E967C
:10EC6000FF2252428F92504A6A4413700C223100A4
:10EC700091A80EF0C1F89196929693964B4891AB5D
:10EC80000393494B6B4402938FAB01938EAB00937C
:10EC90008DAB86AA7FA9F2F7C5F907E00D2491A8EC
:10ECA000F1F723FC86A813F08DFDD1E740499AAA1D
:10ECB00094A8F1F757FC01E00C24F0E73049A1AA31
:10ECC0009BA8F1F74FFC04E00C2494A813F07AFD04
:10ECD000E5E70323A293043BA393A4930026354BBB
:10ECE0006B441E700C223100A6A80EF085F8A69683
:10ECF000A796A8963048A6AB03932E4B6B4402937D
:10ED0000A4AB0193A3AB0093A2AB9BAA94A9F2F787
:10ED100089F907E00C24A6A8F1F7E7FB9BA813F0FC
:10ED200051FDD2E72549AFAAA9A8F1F71BFC01E0E4
:10ED30000B24F0E72249B6AAB0A8F1F713FC41E092
:10ED40000B24A9A813F03EFDE5E7C046F4F8FFFF49
:10ED5000FFFF00000C070000002A0020042A00200A
:10ED6000681C0020641C0020601C0020581C00202F
:10ED70005C1C00206C1C0020701C0020C4220020A1
:10ED80009CD90210281D002054C0021058C0021047
:10ED9000741D0020101A03105CC00210C01D00205A
:10EDA00068C002106CC00210430200000C1E00205C
:10EDB0007CC0021097020000581E002080C0021084
:10EDC00084C002100423B7930023B8930533B9938A
:10EDD000DE4B6B4401221A70DD49C0AA1CA8F1F772
:10EDE000C1FB11E005270B240522D21B1823534336
:10EDF0001CAAD5181CAB9D4201D100F0B1FE183DF4
:10EE0000280013F0DFFCF5E7D249C1AA22A8F1F7E8
:10EE1000A9FB02E004270B24E6E7CF49C2AA28A8F1
:10EE2000F1F7A0FB02E003270B24DDE7CB49C3AADF
:10EE30002EA8F1F797FB02E002270B24D4E7C8497C
:10EE4000C4AA34A8F1F78EFB01E00B24CCE7C54936
:10EE5000C5AA3AA8F1F786FB02E000270B24C3E716
:10EE60001CA9BE910622BF92C6ABBBA8F1F710FD4C
:10EE70000BE00B2440AD1CAB9D4201D100F06DFEB8
:10EE8000183D280013F09EFCF5E7B748BBAB039391
:10EE9000AE4B6B440293B9AB0193B8AB0093B7ABE5
:10EEA000B0AAA9A9F2F7BEF804E00B24BBA8F1F7B9
:10EEB0001CFBDFE7AD49CDAAC7A8F1F753FB01E082
:10EEC0000A24F3E7AA49D4AACEA8F1F74BFB04E041
:10EED0000A24C7A813F076FCE8E70223D593033B86
:10EEE000D693D793A34B6B4401221A700B320021A7
:10EEF000D9A80DF081FF0023D993DA93DB939E48C4
:10EF0000D9AB03939B4B6B440293D7AB0193D6AB26
:10EF10000093D5ABCEAAC7A9F2F784F807E00A247C
:10EF2000D9A8F1F7E2FACEA813F04CFCD1E7934947
:10EF3000E2AADCA8F1F716FB01E00924F0E790490A
:10EF4000E9AAE3A8F1F70EFB04E00924DCA813F01A
:10EF500039FCE5E70123EA930A22EB925A32EC925C
:10EF6000884A6A4413700C220021EEA80DF044FF79
:10EF70000023EE93EF93F0938348EEAB0393814B22
:10EF80006B440293ECAB0193EBAB0093EAABE3AAC7
:10EF9000DCA9F2F747F807E00924EEA8F1F7A5FA93
:10EFA000E3A813F00FFCD1E77849F7AAF1A8F1F72D
:10EFB000D9FA01E00824F0E77549FEAAF8A8F1F7AC
:10EFC000D1FA04E00824F1A813F0FCFBE5E70323E1
:10EFD000FF93043BFFAA04321360FFAA08321360B8
:10EFE0000026FFAB0F331E700C223100FFA810303B
:10EFF0000DF002FFFFAB10331E60FFAB14331E6039
:10F00000FFAB18331E606348FFAB10330393FFABB5
:10F010000F330293FFAB08330193FFAB043300932C
:10F02000FFABF8AAF1A9F1F7FDFF08E00824FFA85B
:10F030001030F1F75AFAF8A813F0C4FBC3E75649A9
:10F04000FFAA3432FFA81C30F1F78CFA01E0072444
:10F05000EDE75249FFAA5032FFA83830F1F782FAA3
:10F0600005E00724FFA81C3013F0ACFBDFE7022308
:10F07000FFAA54321360033BFFAA58321360FFAA61
:10F080005C321360FFAB633301221A700B32002134
:10F09000FFA864300DF0B0FE0023FFAA64321360B5
:10F0A000FFAA68321360FFAA6C3213603C48FFABC2
:10F0B00064330393FFAB63330293FFAB5C33019381
:10F0C000FFAB58330093FFAB5433FFAA3832FFA98C
:10F0D0001C31F1F7A7FF09E00724FFA86430F1F71E
:10F0E00004FAFFA8383013F06DFBBBE72D49FFAAE7
:10F0F0008832FFA87030F1F735FA01E00624ECE71A
:10F100002949FFAAA432FFA88C30F1F72BFA05E0B9
:10F110000624FFA8703013F055FBDEE70423FFAA96
:10F12000A83213600023FFAAAC3213600333FFAA96
:10F13000B0321360FFABB73301221A701B49FFAA2C
:10F14000CC3204A8F1F70EFA44E0C046EB0200000E
:10F1500024C002102CC0021034C002103CC00210A7
:10F1600044C002104CC00210A41E002094C0021023
:10F1700098C0021063030000F01E0020A8C0021017
:10F18000ACC00210B70300003C1F0020C0C002103A
:10F190009CD90210881F0020C4C00210C8C00210F1
:10F1A000D41F0020D8C00210DCC00210E8C002103A
:10F1B000032706240322D21B1823534304AAD5187D
:10F1C00004AB9D4201D100F0C2FC183D280013F0B1
:10F1D000F9FAF5E7E849FFAAD0320AA8F1F7C2F92F
:10F1E00002E002270624E5E7E449FFAAD43210A88A
:10F1F000F1F7B8F901E00624DCE7E149FFAAD832CB
:10F2000016A8F1F7AFF902E000270624D2E704A917
:10F21000FFABC43319600422FFABC8331A60FFABE5
:10F22000DC33FFA8B830F1F733FB0BE006241CAD4C
:10F2300004AB9D4201D100F087FC183D280013F07B
:10F24000C1FAF5E7CF48FFABB8330393FFABB73351
:10F250000293FFABB0330193FFABAC330093FFAB32
:10F26000A833FFAA8C32FFA97031F1F7DBFE05E06D
:10F270000624FFA8B830F1F738F9D8E7C249FFAA49
:10F28000F832FFA8E030F1F76DF901E00524F0E76E
:10F29000BE49A222D2006A44FFA8FC30F1F762F90D
:10F2A00005E00524FFA8E03013F08CFAE1E7022323
:10F2B000B74A6A441360033BA322D2006A44136036
:10F2C000B44A6A441360B44B6B4401221A700B3287
:10F2D0000021B24B6B4418000DF08EFD0023AF4AA5
:10F2E0006A441360A522D2006A441360AC4A6A449F
:10F2F0001360AC48A94B6B440393A74B6B44029338
:10F30000A44B6B440193A323DB006B440093A04BFD
:10F310006B44FFAAFC32FFA9E031F1F783FE09E05C
:10F3200005249E486844F1F7E0F8FFA8FC3013F08C
:10F3300049FAB7E79C49A922D2006A44A620C00036
:10F340006844F1F70FF901E00424EAE79749984A85
:10F350006A4498486844F1F705F906E00424A620B9
:10F36000C000684413F02EFADBE70123AD22D2007F
:10F370006A4413600026904A6A4416606422AE21F3
:10F38000C90069440A608D4A6A4413700C22310036
:10F39000AF23DB006B4418000DF02EFDAF23DB0024
:10F3A0006B441E60864B6B441E60B023DB006B44D5
:10F3B0001E608448AF23DB006B4403937F4B6B4498
:10F3C0000293AE23DB006B4401937B4B6B440093B1
:10F3D000AD23DB006B44774A6A44A621C900694427
:10F3E000F1F720FE0AE00424AF20C0006844F1F7E2
:10F3F0007CF87048684413F0E5F9B0E77249734A45
:10F400006A4473486844F1F7ADF801E00324EBE780
:10F410007049B722D2006A44B420C0006844F1F7B2
:10F42000A1F805E003246A48684413F0CBF9DBE750
:10F430000223694A6A441360033BB822D2006A443B
:10F440001360664A6A441360654B6B4401221A706C
:10F450000B320021634B6B4418000DF0CDFC0023F0
:10F46000604A6A441360BA22D2006A4413605E4A5A
:10F470006A4413605D485B4B6B440393584B6B4489
:10F480000293564B6B440193B823DB006B4400930B
:10F49000514B6B44B422D2006A444D496944F1F7A0
:10F4A000C1FD0AE003244F486844F1F71EF8B42078
:10F4B000C000684413F086F9B5E74D49BE22D2007A
:10F4C0006A44BB20C0006844F1F74CF801E0022414
:10F4D000E9E74849484A6A4448486844F1F742F82D
:10F4E00006E00224BB20C000684413F06BF9DAE7A1
:10F4F0000223C222D2006A441360033B404A6A449A
:10F500001360C322D2006A441360002399466B46FD
:10F510003C4A9B184A461A70C426F6006E440C32C8
:10F52000494630000DF068FC4A4632607260B260B5
:10F5300035480396334B6B440293C323DB006B4483
:10F5400001932F4B6B440093C223DB006B442B4A87
:10F550006A44BB21C9006944F1F764FD56E0022703
:10F56000C420C0006844F0F7C0FF2448684413F08A
:10F5700029F93C00B6E7C046FCC002100CC10210DD
:10F5800018C102102020002024C1021028C102103E
:10F59000140500001C0500002305000024050000E0
:10F5A0002C0500006C20002040C1021044C1021054
:10F5B000640500004C0500006C05000077050000A4
:10F5C0007C050000B820002054C102109C050000FA
:10F5D0008405000058C10210BC050000C4050000ED
:10F5E000CB050000CC050000D4050000042100205C
:10F5F00064C102109CD902100C060000F405000042
:10F60000140600001F06000050210020F249F34AB2
:10F610006A44F3486844F0F7A5FFF249CC22D200CF
:10F620006A44C920C0006844F0F79CFF0023994653
:10F63000ED4B6B444A461A6001235B42CD22D20057
:10F640006A441360E94A6A4413606B46E84A9B18AF
:10F650004A461A70E74E6E440C32494630000DF0AF
:10F66000CBFB4A4632607260B260E3480396E04BDF
:10F670006B440293DD4B6B440193CD23DB006B4461
:10F680000093D94B6B44C922D2006A44D4496944DF
:10F69000F1F7C8FCD949D322D2006A44D020C00077
:10F6A0006844F0F75FFF0EE00027D2486844F0F7A7
:10F6B0001CFFC920C000684413F084F8C84868449F
:10F6C00013F080F84CE7C749CD4A6A44CD486844F6
:10F6D000F0F748FF0523D722D2006A441360063BA7
:10F6E000C94A6A441360D822D2006A441360C74FE3
:10F6F0006F44002398463B70D926F6006E440C22D6
:10F70000190030000DF078FB424632607260B26042
:10F71000BF4803960297D823DB006B440193BA4B92
:10F720006B440093D723DB006B44B64A6A44D02174
:10F73000C9006944F1F776FC3000F0F7D6FEB14815
:10F74000684413F03FF8D020C000684413F03AF842
:10F75000A8486844F0F7C9FEC920C000684413F007
:10F7600031F89F48684413F02DF8C420C000684465
:10F77000F0F7BBFEA748684413F024F8BB20C00094
:10F78000684413F01FF8A4486844F0F7AEFEB420B4
:10F79000C000684413F016F8A048684413F012F84B
:10F7A000AF20C0006844F0F7A0FE9D48684413F005
:10F7B00009F8A620C000684413F004F8994868448A
:10F7C000F0F793FEFFA8FC3012F0FCFFFFA8E0303A
:10F7D00012F0F8FFFFA8B830F0F787FE1CAE04ABBC
:10F7E0009E4204D0183E300012F0ECFFF7E7FFA86D
:10F7F0008C3012F0E7FFFFA8703012F0E3FFFFA893
:10F800006430F0F772FEFFA8383012F0DBFFFFA87B
:10F810001C3012F0D7FFFFA81030F0F766FEF8A8F2
:10F8200012F0D0FFF1A812F0CDFFEEA8F0F75DFEC8
:10F83000E3A812F0C7FFDCA812F0C4FFD9A8F0F7C4
:10F8400054FECEA812F0BEFFC7A812F0BBFFBBA8A3
:10F85000F0F74BFE40AE1CAB9E4204D0183E300089
:10F8600012F0B0FFF7E7B0A812F0ACFFA9A812F0B1
:10F87000A9FFA6A8F0F739FE9BA812F0A3FF94A851
:10F8800012F0A0FF91A8F0F730FE86A812F09AFFC0
:10F890007FA812F097FF7CA8F0F727FE71A812F05E
:10F8A00091FF6AA812F08EFF67A8F0F71EFE5CA811
:10F8B00012F088FF55A812F085FF52A8F0F715FE48
:10F8C00047A812F07FFF40A812F07CFFFFF7B0F8C6
:10F8D000554A41491CAE3000F0F75CFE534B6B4477
:10F8E0001E600122DB23DB006B441A605048514B41
:10F8F0006B440293DC23DB006B4401934E4B6B445F
:10F90000009300233100F1F705FB26AE1CAB9E42AD
:10F9100001D1FFF795F8283E30001830F0F7B5FD1B
:10F92000300012F04FFFF1E74448F1F77AF8FFF7A3
:10F930008FF82C494248DD22D2006A44F0F712FECB
:10F94000FFF78EF827493F483F4A6A44F0F70AFE1E
:10F95000FFF78EF83D493E48DE22D2006A44F0F7B8
:10F9600001FE3C493C483D4A6A44F0F7FBFD0FE08C
:10F97000042605239B1B18245C43354BE418344BA9
:10F980009C4200D105E1183C200012F01BFFF6E775
:10F9900033493448DF22D2006A44F0F7E3FD01E046
:10F9A0000326E6E730493148314A6A44F0F7DAFD88
:10F9B00001E00226DDE72F492F48E022D2006A4409
:10F9C000F0F7D0FD2D492E482E4A6A44F0F7CAFDC3
:10F9D000FFF756F80026CCE768C102104406000085
:10F9E0002C0600009CD90210640600006C06000082
:10F9F00073060000740600009C21002070C10210F4
:10FA0000B40600009C060000BC060000C70600000B
:10FA1000E8210020F4050000CC050000840500006A
:10FA20004C050000240500006D170110D4060000ED
:10FA30000C1D0020E4060000DC060000E41C002091
:10FA4000B41C0020CC1C0020EC06000024C00210D6
:10FA5000342200202CC002104C220020F4060000AA
:10FA600034C00210642200203CC002107C2200201E
:10FA7000FC06000044C00210942200204CC002107A
:10FA8000AC22002004070000434A1368013B1360C6
:10FA9000002B08D1414C424B9C4204D0183C200022
:10FAA00012F090FEF7E73F4A1368013B1360002B0A
:10FAB00020D03D4A1368013B1360002B1ED03B4A07
:10FAC0001368013B1360002B1CD0394A1368013BBB
:10FAD0001360002B1AD0374A1368013B1360002BC8
:10FAE00018D1354C354B9C4214D04C3C2000F0F7DB
:10FAF0000CFDF7E7324812F065FEDAE7314812F004
:10FB000061FEDCE73048F0F714FEDEE72F48F0F73F
:10FB100008FFE0E72E488168F1F72DF8FEF771FF46
:10FB2000D920C0006844F0F7E0FC2A48684412F08D
:10FB300049FED020C000684412F044FE0027B4E51E
:10FB4000F7E7B2E5BAE50BE50327FFF733FBFFA8BC
:10FB50008C3012F037FEFFF7DCFA0527FFF744F987
:10FB6000B0A812F02FFEFFF7ECF811F06DFB26ACF9
:10FB70001CAB9C4208D0283C20001830F0F785FCD4
:10FB8000200012F01FFEF3E711F05EFB0526F0E601
:10FB9000EFE611F059FBC0466C1C0020C422002087
:10FBA000342200205C1C0020581C0020601C002017
:10FBB000641C0020681C002034220020281D002026
:10FBC000CC1C0020B41C0020E41C00200C1D0020D4
:10FBD000002A00209C06000010B502490120FEF713
:10FBE000FFFE10BDFFFF0000014B03607047C046E1
:10FBF00038D40210F0B5C64600B582B09C4608ACB9
:10FC000026786D46041D88CC88C5002E0ED016249B
:10FC10008480153C8471C47105340472417282720F
:10FC20006346C37202B080BCB846F0BD6B46002785
:10FC3000DF5F6B4602269E5703255D5704241C5741
:10FC400087808671C5710472417282726346C37285
:10FC5000E8E710B50400FFF7C7FF0C21200011F002
:10FC600055FA200010BD0000014B03607047C046EC
:10FC700038D40210014B19707047C0465C14002044
:10FC800010B5094B984204DCFA239B00984206DA2F
:10FC900010BDFA2189000CF023F80800F8E7642170
:10FCA0000CF01EF80800F3E70F270000F0B5C64679
:10FCB00000B588B005000F00904601A9254B0A0049
:10FCC00051CB51C213CB13C21B881380EE0076199F
:10FCD000F6007619B300F618042402E00136043465
:10FCE000A4B2AC4213DA002CF9D0A307F7D16421F7
:10FCF00020000CF01DF889B20029EFD19131FF31BD
:10FD000020000CF015F889B20029E8D1E6E77B1E47
:10FD10005B0001AA9C5A4444A419022F11DD002D56
:10FD20000FDDAB070DD1642128000BF0D9FF0029AE
:10FD300006D19131FF3128000BF0D2FF002900D10C
:10FD40000134072120000BF0F3FF080008B080BC4D
:10FD5000B846F0BD28D50210F0B5CE4600B584B047
:10FD600004000E0091461A0002AD031D2F0003CBC4
:10FD700003C701921000FFF783FF47B23FB26B4603
:10FD800004229A5649463000FFF790FF0521695634
:10FD90000622AA560723EB56A7804D46A571E671A9
:10FDA00020726172A272E37204B080BCB946F0BDE9
:10FDB000F8B507000C0016001D00CBB2DA1ED2B257
:10FDC000072A37D8043BDBB2052B35D9032919D0D4
:10FDD0000A2C33D1BB00DB19DA1703201040C018FE
:10FDE0008010013007210BF07BFF1F235B1A5900A5
:10FDF000C918C90073009B19DB00ED18A9421FDA6E
:10FE0000002018E083001B18DA1703201040C018E8
:10FE10008010043007210BF063FF1F235B1A590089
:10FE2000C918C90073009B19DB00EB189942CFDA9F
:10FE3000012000E00020F8BD0120FCE70020FAE7E7
:10FE40000120F8E770B50400043108220CF0DAFF55
:10FE50000F4B1B78002B15D00023E05E052565575E
:10FE60000322A256022161562B00FFF7A1FF0028B2
:10FE700008D1EDB26B1E58B21B0605D418210BF049
:10FE80002FFF6171200070BD173568B2F6E7C046DC
:10FE90005C140020F0B5C64600B50C000E004E43C1
:10FEA000884637004F437C43012580450BD8B0423C
:10FEB00008D3B8420BD3A0420BD321000BF038FF7C
:10FEC0000435F2E70135280080BCB846F0BD0235A4
:10FED000F9E70335F7E70000F8B5070014004E1EF8
:10FEE00011E0642120000BF023FF4D00642120006D
:10FEF0000BF01EFF04006A1C0A4B9A5CBA55721E76
:10FF00005B5DBB54023E632CEBD8092C07D964001F
:10FF1000621C044B9A5C7A701B5D3B70F8BD3034F8
:10FF20003C70FBE75CD40210F8B50500CF0F002948
:10FF300015DB0C000A212000FFF7ACFF0600391882
:10FF40002B0008332B602D22280012F045FC286876
:10FF5000C01922003100FFF7BFFF2800F8BD4C4256
:10FF6000E8E770B50400150012F0BAFF2900200080
:10FF700012F034FF04E0200012F024FC11F064F9C8
:10FF8000200070BDF0B583B00500080014004E6875
:10FF9000526891190368070008379F4215D0876897
:10FFA000B94208D92768BC4627000837BC450ED09F
:10FFB000A768B9420DD9216812F000FF010028009E
:10FFC00012F0E8FC280003B0F0BD0F27E8E70F2788
:10FFD000EFE7009600220021200012F0A9FE0100A8
:10FFE000280012F0D7FCEDE7F0B5C64600B586B0A4
:10FFF0000400080015004B68002B03D106B080BC3C
:020000041001E9
:10000000B846F0BD00230393049305931A4903AA4D
:1000100000F0ABFC049B039A9B1A302B22D9236877
:10002000DB689846002103A8FEF7BAFA039B18681C
:1000300019F078FE46B2012103A8FEF7B1FA039B3E
:10004000986919F06FFE47B2022103A8FEF7A8FADB
:10005000039B186B19F066FE43B200953A0031001D
:100060002000C04703A8F0F740FAC7E703A8F0F75D
:100070003CFA11F0E9F8C04680120310F0B585B0E3
:10008000040008004B68002B01D105B0F0BD00232F
:10009000019302930393194901AA00F066FC029BA5
:1000A000019A9B1A302B20D923685F69002101A88F
:1000B000FEF776FA019B186819F034FE45B201216B
:1000C00001A8FEF76DFA019B986919F02BFE46B264
:1000D000022101A8FEF764FA019B186B19F022FEB9
:1000E0000300320029002000B84701A8F0F7FDF90D
:1000F000CBE701A8F0F7F9F911F0A6F8C41B03103B
:1001000030B5ABB00400704910AA0AA8F0F72AFA7B
:1001100000230793089309936C4907AA0AA800F0E3
:1001200024FC089B079A9B1A302B00D8AAE00021D8
:1001300007A8FEF735FA079901A812F0D1FE644925
:1001400001A812F091FE002805D10125012107A880
:10015000FEF726FA59E05F4901A812F085FE002853
:1001600001D10225F2E75C4901A812F07DFE0028CA
:1001700001D10325EAE7594901A812F075FE0028CC
:1001800001D10425E2E7564901A812F06DFE0028CE
:1001900001D10525DAE7534901A812F065FE0028D0
:1001A00001D10625D2E7504901A812F05DFE0028D2
:1001B00001D10725CAE74D4901A812F055FE0028D4
:1001C00001D10825C2E74A4901A812F04DFE0028D6
:1001D00001D10925BAE7474901A812F045FE0028D8
:1001E00001D10A25B2E7444901A812F03DFE0028DA
:1001F00001D10B25AAE7414901A812F035FE0028DC
:1002000001D00025A2E70C25A0E7079918313C4A48
:100210001DA8FFF7A6FE290023A8FFF785FE23AA45
:100220001DA917A8FFF7AEFE354917A812F0D6FD95
:10023000010011A812F0AEFB022107A8FEF7B0F9E9
:10024000079B196B5A6B11A812F0B8FD0100200032
:1002500012F0A0FB11A812F0B5FA17A812F0B2FA2A
:1002600023A812F0AFFA1DA812F0ACFA01A812F000
:10027000A9FA07A8F0F739F90AA812F0A3FA2000A2
:100280002BB030BD1F4929AA2000F0F76BF9F0E729
:1002900011A812F097FA17A812F094FA23A812F0F6
:1002A00091FA1DA812F08EFA01A812F08BFA07A895
:1002B000F0F71BF90AA812F085FA10F0C5FFEAE77B
:1002C000ECE7F1E7F3E7C046CCD302102C1803109B
:1002D000D8D30210DCD30210E0D30210E4D3021012
:1002E000E8D30210ECD30210F0D30210F4D30210C2
:1002F000F8D30210FCD3021000D4021004D4021070
:100300008012031008D4021010B58EB004001149F9
:1003100007AA01A8F0F726F9012201A92000FFF79A
:1003200063FE01A812F04EFA08A8FFF7E9FE08A93B
:100330002000FFF7A3FE08A812F044FA0EB010BD8B
:1003400001A812F03FFA10F07FFF08A812F03AFA65
:1003500010F07AFF14D4021010B5FFF7D5FF10BDCE
:1003600010B50400024B0360FFF73EFC200010BDF7
:1003700068D5021010B50400FFF7F2FF0C21200031
:1003800010F0C4FE200010BD10B50400FFF76CFC97
:10039000014B2360200010BD68D5021010B5040089
:1003A0000FF03EFF200010BDF0B585B00F00160025
:1003B0001D000AAB1B78002B1CD001006846FFF71C
:1003C000EDFF02AC0822002120000CF015FD1623E1
:1003D0002380153BA370E370053323716771A67109
:1003E000E57120000FF0E8FE4020002109F032FC0A
:1003F00005B0F0BD01006846FFF7D0FF6B46002254
:100400009B5E02A803806B469B785BB283706B4651
:10041000DB785BB2C3706B461B795BB203714771CB
:100420008671C5710FF0C8FE4020002109F012FC52
:10043000DEE7F0B583B00E0017001C00010068462F
:10044000FFF7ACFF2000FFF71BFC45B22DB262B2F4
:1004500039003000FFF72AFC6B461D809F70DE706C
:10046000187168460FF0A8FE4020002109F0F2FB49
:1004700003B0F0BD10B50400FFF790FF0F4B1B78E1
:10048000002B01D1200010BD0023E05E0523E356C0
:100490000322A25602216156FFF78AFC0028F1D000
:1004A0006279531E58B21B0604D418210BF018FCB5
:1004B0006171E7E7173250B2F7E7C0465C140020DD
:1004C000F0B5C64600B586B00400080015004B68BC
:1004D000002B03D106B080BCB846F0BD00230393C7
:1004E000049305931A4903AA00F03FFA049B039A68
:1004F0009B1A302B22D92368DB689846002103A879
:10050000FEF74EF8039B186819F00CFC46B2012167
:1005100003A8FEF745F8039B986919F003FC47B25E
:10052000022103A8FEF73CF8039B186B19F0FAFBB5
:1005300043B200953A0031002000C04703A8EFF70E
:10054000D4FFC7E703A8EFF7D0FF10F07DFEC04649
:1005500080120310F0B585B0040008004B68002B32
:1005600001D105B0F0BD0023019302930393194913
:1005700001AA00F0FAF9029B019A9B1A302B20D9AC
:1005800023685F69002101A8FEF70AF8019B18683B
:1005900019F0C8FB45B2012101A8FEF701F8019B43
:1005A000986919F0BFFB46B2022101A8FDF7F8FFD8
:1005B000019B186B19F0B6FB0300320029002000E4
:1005C000B84701A8EFF791FFCBE701A8EFF78DFF40
:1005D00010F03AFEC41B031010B58EB00400114990
:1005E00007AA01A8EFF7BEFF012201A92000FFF72B
:1005F00067FF01A812F0E6F808A8FFF781FD08A937
:100600002000FFF7A7FF08A812F0DCF80EB010BD1D
:1006100001A812F0D7F810F017FE08A812F0D2F8CF
:1006200010F012FE14D4021010B504000FF08EFD6D
:100630002000FFF7D1FF10BD002905D00268136824
:1006400041680B43136070470268136841688B432D
:100650001360F8E710B50B681B68496819404B1E1A
:100660009941C9B2FFF7E8FF10BD10B51C00431A4D
:100670000298001B5843511A0BF032FB001910BDB1
:1006800084B0039002910192019B984208DB01AB78
:10069000029A1968914200DC02AB186804B07047F6
:1006A00003ABF5E770B50C001500006819F03AFBD4
:1006B0002A002100FFF7E4FF70BDF0B583B002AF60
:1006C00015001E003C7E2300621C94460834E4089A
:1006D000E4006A46121B954602AA002B0ED0157044
:1006E000002403E025000134755D1555A342F9DCB3
:1006F000C9B20023009363460FF072FF0020BD468D
:1007000001B0F0BDF0B585B004001E000AAB1F7843
:100710000F236B441A70002F02D1002005B0F0BDEA
:10072000CDB2012300930F226A4429000FF058FF35
:10073000002300933B003200290020000FF05CFFF3
:10074000ECE770B50400150012F0CAFB29686A686E
:10075000200012F033FB04E0200012F033F810F018
:1007600073FD200070BD406818387047F0B595B033
:10077000050001918368C46806930794006804909B
:1007800000210591191AC9000919164E761A019F00
:10079000BE421ED3129313941090002211920E9316
:1007A0000F940C900D9203918F4215D803AA1068F4
:1007B00040180A930B942A680892002109919B1A09
:1007C000DB00E418A04209D3064B984208D815B0C4
:1007D000F0BD100011F0E8FD01AAE8E70148F6E7D6
:1007E0000048F4E7E0FFFF7F70B584B00500019199
:1007F000416804680C1BE410A3001B1918011B18A6
:1008000018021B1818041B185B001B191348C01A88
:10081000019CA04219D303939C4219D803AA1068E3
:10082000C0182A688A1AD21093009B1819015B1805
:1008300019025B1819045B185B009B18984209D3D6
:10084000064B984208D804B070BD100011F0ACFD02
:1008500001AAE4E70148F6E70048F4E755555505D5
:1008600010B500238022920591425B41002B03D1F9
:10087000880011F0C5FA10BD8023DB05994201D331
:1008800011F06AFD11F058FD70B504000E0015005E
:1008900008E02100280012F07DF8200011F092FFFE
:1008A00018341835B442F4D1280070BDF8B5DE46CE
:1008B00057464E464546E0B504000F0093461F4A92
:1008C0000121FFF791FF0600236898466368994667
:1008D0004346FB1A9A4600282DD000220100200032
:1008E000EFF746FF05005346E818594612F052F854
:1008F00023002A0039004046FFF7C6FF02001832E5
:10090000230049463800FFF7BFFF0700A1684346B0
:10091000C91A002B02D0404610F0F8FB2560676032
:1009200073009B19DB00ED18A560F0BCBB46B24616
:10093000A946A046F8BD0025D5E7C0468CD50210D3
:1009400010B504004068A368984208D012F022F85D
:100950006368183363602000FFF705FF10BD0A00CD
:1009600001002000FFF7A2FFF5E730B589B00C00C9
:10097000150000681AF0D6FA010007E001A811F08E
:1009800021FF210000201AF0CDFA010000290DD02E
:1009900007AA01A8EFF7E6FD01A92800FFF7D0FF9D
:1009A000ECE701A811F00EFF10F04EFC09B030BDCD
:1009B00010B590B00023019302930393204901AA3C
:1009C000FFF7D3FF029B019A9B1A302B2CD90021F1
:1009D00001A8FDF7E5FD019C012101A8FDF7E0FD5F
:1009E000019A183221000AA8FFF7ABFE022101A8E4
:1009F000FDF7D6FD019B196B5A6B0AA812F0DEF9C0
:100A0000010004A811F0C6FF049819F08BF9040046
:100A100004A811F0D7FE0AA811F0D4FE01A8EFF740
:100A200064FD200010B010BD0024F7E70AA811F003
:100A3000C9FE01A8EFF759FD10F006FCF9E7C04622
:100A4000C41B031082B030B587B00500009101923D
:100A50000B935C1AE4000C9BE418A41A0AE00D9AAC
:100A60000E9901238B400492059302A904A8FFF775
:100A7000F1FD013C002C1ADD0C9B5A1E0C92002B40
:100A800004D11F330C930B9B043B0B930B9A0C99D3
:100A900001238B40029203930E9B5A1E0E92002B51
:100AA000DDD11F330E930D9B043B0D93D7E70DABA8
:100AB0002A0003CB03C2280007B030BC08BC02B038
:100AC000184782B0F0B58DB0050004AC04910592D2
:100AD00013A8139306AA130042CC42C3190050C8AE
:100AE00050C31C00C0C8C0C401A8C0CBC0C04B6864
:100AF0000093089B0699079A2800FFF7A3FF280098
:100B00000DB0F0BC08BC02B0184782B070B590B010
:100B1000050004A80491059215AE159306AC2300B8
:100B200006C806C30822210018000CF06BF9230048
:100B300006CE06C3082221000AA80CF063F9330090
:100B4000220003CB03C20CAE0822210030000CF0BF
:100B500059F901AB03CE03C30B9B00930A9B089981
:100B6000099A3000FFF7ADFF0822310020000CF099
:100B700049F92B0006CC06C3280010B070BC08BC95
:100B800002B0184782B0F0B58DB0060004AD0491F4
:100B9000059213AF139306AC230006CD06C30822BB
:100BA000210018000CF02EF9230006CF06C30822FE
:100BB00021000AA80CF026F93B0001AA11CB11C2B2
:100BC0000B9B00930A9B0899099A3000FFF79DFF41
:100BD00030000DB0F0BC08BC02B0184782B0F0B5D0
:100BE000CE46474680B587B08046009101920F936C
:100BF0005C1AE400109BE418A41A06E00023019399
:100C00004B460433009318E0013C002C1EDD009B92
:100C10009946019E01231A00B2404946029103926F
:100C2000119F129DAB400497059302A904A8FFF7FA
:100C300011FD731C01931F2EE0D06B1C12931F2D0E
:100C4000E2D10023129304371197DDE711AB42463E
:100C500003CB03C2404607B0C0BCB946B046F0BCA7
:100C600008BC02B0184782B0F0B58DB0050004ACE6
:100C70000491059213A8139306AA130042CC42C311
:100C8000190050C850C31C00C0C8C0C401A8C0CBC4
:100C9000C0C04B680093089B0699079A2800FFF78D
:100CA0009DFF28000DB0F0BC08BC02B0184782B010
:100CB00070B590B0050004A80491059215AE159387
:100CC00006AC230006C806C30822210018000CF059
:100CD00099F8230006CE06C3082221000AA80CF0CA
:100CE00091F83300220003CB03C20CAE082221008E
:100CF00030000CF087F801AB03CE03C30B9B0093CD
:100D00000A9B0899099A3000FFF7ADFF08223100CD
:100D100020000CF077F82B0006CC06C3280010B09A
:100D200070BC08BC02B0184782B0F0B58DB00600A8
:100D300004AD0491059213AF139306AC230006CDC6
:100D400006C30822210018000CF05CF8230006CF2F
:100D500006C3082221000AA80CF054F83B0001AA9F
:100D600011CB11C20B9B00930A9B0899099A300082
:100D7000FFF79DFF30000DB0F0BC08BC02B0184773
:100D800082B0F0B5CE46474680B587B08146009127
:100D900001920F935C1AE400109BE418A41A05E07A
:100DA00000230193043500951BE0013C002C23DD5A
:100DB000009D019E01231A00B24004950592296806
:100DC00011404A1E9141C9B2119F129A9046934018
:100DD0000297039302A8FFF72FFC731C01931F2EA9
:100DE000DED043460133129343461F2BDDD100234F
:100DF00012933B1D1193D8E711AB4A4603CB03C2B4
:100E0000484607B0C0BCB946B046F0BC08BC02B00A
:100E1000184782B0F0B58DB0050004AC049105927E
:100E200013A8139306AA130042CC42C3190050C85A
:100E300050C31C00C0C8C0C401A8C0CBC0C04B6810
:100E40000093089B0699079A2800FFF799FF28004E
:100E50000DB0F0BC08BC02B0184782B070B590B0BD
:100E6000050004A80491059215AE159306AC230065
:100E700006C806C30822210018000BF0C3FF230098
:100E800006CE06C3082221000AA80BF0BBFF3300E0
:100E9000220003CB03C20CAE0822210030000BF06D
:100EA000B1FF01AB03CE03C30B9B00930A9B0899D0
:100EB000099A3000FFF7ADFF0822310020000BF047
:100EC000A1FF2B0006CC06C3280010B070BC08BCE4
:100ED00002B0184782B0F0B58DB0060004AD0491A1
:100EE000059213AF139306AC230006CD06C3082268
:100EF000210018000BF086FF230006CF06C308224E
:100F000021000AA80BF07EFF3B0001AA11CB11C201
:100F10000B9B00930A9B0899099A3000FFF79DFFED
:100F200030000DB0F0BC08BC02B01847F0B58BB073
:100F30000400049205931100109D129EAF1AAA425C
:100F400003D03A00300019F061FFF619069500222F
:100F5000079208AB0896099201AA41CB41C2119BA6
:100F60000093109B290000222000FFF7B3FF200010
:100F70000BB0F0BDF0B5CE46474680B59FB004003B
:100F8000049105921E00826803699A422ED00EAD2C
:100F9000030008332A0003CB03C201212800F9F71C
:100FA000D5FE01AB03CD03C3E3680093A3680499A6
:100FB000059A0CA8FFF7E6FD049A059901238B40DA
:100FC0001092119331002800FFF736FBE3685A1C9A
:100FD000E2601F2B04D01FB0C0BCB946B046F0BDC4
:100FE0000023E360A3680433A360F4E7324A0121DD
:100FF000FFF7BCFB1F304309984600221900200070
:10100000FFF72EFC070006A906900023079322682D
:101010001492159312921393049B9C46059B16A859
:101020008146604616904846436002A828C928C0F9
:1010300069464B4621CB21C10023210008A8FFF7B8
:1010400075FF082208A91AA80BF0DCFE099A531CA8
:1010500009931F2A29D01A990123934018911993B3
:10106000310018A8FFF7E8FA1CAB2200083219007B
:1010700041CA41C10AAE08AA01A921CA21C11D9BCA
:1010800000931C9B0499059A3000FFF74DFE200049
:10109000F9F7A4FE43469D007F19276106AB2200A5
:1010A00003CB03C203CE03C295E700230993089B39
:1010B00004330893CFE7C046A8D50210F0B587B037
:1010C00085680269954217D002AC02000832C0CA96
:1010D000C0C4C468631CC3601F2C08D00122A24096
:1010E000009501926846FFF7A7FA07B0F0BD00230C
:1010F000C3602B1D8360F1E704AA030008331400CA
:1011000060CB60C40B000499059AFFF733FFECE74E
:1011100070B506000C000023036043608360C36069
:101120000361002503E0E30F1C1964100135072D4E
:101130000ADC012121403000FFF7C0FFF3E7300057
:10114000F9F74CFE10F080F8300070BD10B582B099
:101150000C00154B98420AD00022144B5200D35E6B
:10116000A34206D06B46DA1D1470002117E001225D
:10117000F3E76B46DA1D0D23137000210029F1D12E
:1011800083699B06FCD41378036001310132F5E7D3
:1011900083699B06FCD41378036001310132002976
:1011A000F6D002B010BDC04600800340C03A002017
:1011B00030B583B004000D00002313E06B46DA1D48
:1011C0001170002006E0A3699B06FCD4137823600D
:1011D000013001320028F6D02B780D3B5A425341A2
:1011E000DBB201352978002905D0002BE6D120009B
:1011F000FFF7ACFFF0E703B030BD82B000226B46D2
:10120000D91D06E08369DB06FCD403680B7001324C
:101210000131002AF6D06B46D87902B07047000041
:1012200070B5040005000835030010338360002307
:10123000C360037443600749280011F069FD04E0AE
:10124000280011F0BFFA0FF0FFFF002323702000E9
:1012500070BDC0469CD9021010B59621094C890179
:10126000200009F0D7F80221002007F049FC0221F4
:10127000012007F045FCE26A10239343024A136001
:1012800010BDC046004003402C50034010B5836899
:10129000002B02D0C368984710BD11F0EDF870B56F
:1012A0000400150011F01CFE2A000121200011F09D
:1012B00053FC04E0200011F085FA0FF0C5FF200078
:1012C00070BD70B504000E00150003000833036004
:1012D0000023436003725168013111F07FFB32003B
:1012E0000121200011F038FC29686A68200011F003
:1012F00065FD04E0200011F065FA0FF0A5FF200065
:1013000070BD000010B59EB00C00112801DD1EB0AC
:1013100010BD4C21484328494118343106A811F02A
:10132000DFFD06AA252118A8FFF7CBFF234918A83F
:1013300011F054FD010012A811F02CFB2168626825
:1013400012A811F03BFD01000CA811F023FB1C4971
:101350000CA811F043FD0100684611F01BFB0CA81E
:1013600011F030FA12A811F02DFA18A811F02AFA8B
:10137000009914480BF044FF00991348FFF718FF39
:10138000684611F01FFA06A811F01CFABFE70CA876
:1013900011F018FA12A811F015FA18A811F012FAA3
:1013A00006A811F00FFA0FF04FFFF3E7F5E76846D4
:1013B00011F008FAF4E7F3E7281D0020C4D5021065
:1013C000C8D50210D0D502100040034010B582B03D
:1013D00004000800496800920123002211F062FB1A
:1013E0000100200011F0D6FA200002B010BD00B5B7
:1013F00089B0016807AA01A8EFF7B4F801A9012094
:10140000FFF780FF01A811F0DDF909B000BD01A8C8
:1014100011F0D8F90FF018FF30B5A3B005000C009B
:10142000FFF7FEFE00232B705F2221001CA8FFF7B0
:1014300036FF1D9B022B5FD9002301930293039378
:101440003F4901AA1CA8FFF790FA0299019BC91A0B
:10145000CA1093009B1818011B1818021B181804B7
:101460001B185B009A1830294CD9002101A8FDF700
:1014700097F8019904A811F033FD012101A8FDF7A7
:101480008FF8019918310AA811F02AFD022101A84C
:10149000FDF786F80199303110A811F021FD0123E4
:1014A0002B7000236B6000240AE016A904A8EFF754
:1014B00073FB002800D06C6016A811F083F901348A
:1014C000102C08DC4C2161431E4BC918343116A87E
:1014D00011F006FDE9E7280008300AA911F0ACF97F
:1014E00010A811F06FF90AA811F06CF904A811F016
:1014F00069F901A8EEF7F9FF1CA811F063F92800BB
:1015000023B030BD1C9910480BF07AFEF1E710A80B
:1015100011F058F90AA811F055F904A811F052F980
:1015200001A8EEF7E2FF1CA811F04CF928000830E2
:1015300011F048F90FF088FEECE7EEE7F0E7F5E789
:10154000C4D50210281D0020D4D5021070B582B079
:101550006B461A00040060CC60C20A0060CA60C01A
:1015600011CB11C102B070BD70B505000C00FFF7C2
:10157000EDFFAB68A268AA60A360EB68E268EA606E
:10158000E36070BD10B584B004006846EFF7F3FB6C
:1015900021006846FFF7E8FF6846EEF776FF200077
:1015A00004B010BD10B5C268CB68D31A9B10541E8E
:1015B000A2419B1A5A00D318DC00E41A026843685F
:1015C000D21AD21093009B1818011B1818021B186E
:1015D00018041B185B009B18E0188A680B68D21A65
:1015E000D21093009B1819015B1819025B1819049B
:1015F0005B185B009B18C01810BD10B50400806814
:1016000011F0E0F8E068FC2149000FF07FFD63690C
:101610001A1D62615B68E3601A00F932FF322261D1
:10162000A36010BD10B5040080682369183B984280
:1016300005D011F0C7F8A3681833A36010BD2000CF
:10164000FFF7DBFFFAE7F0B5D6464F464646C0B592
:10165000070088469246994602688B00D658002EAD
:1016600015D034680AE02568002D18D07968E86A3A
:101670000AF05EFB260088450FD12C00E56AA945DB
:10168000F1D1211D5046EFF787FA0028EBD030004A
:10169000E0BCBA46B146A846F0BD0026F7E72E00EA
:1016A000F5E7000070B504000E00C368142B0ED8D7
:1016B0008468251E09D0211D3000EFF76DFA00283F
:1016C00001D12C68F5E7200000E0002070BD08681B
:1016D0004968084A10F050FB050061680AF028FBD1
:1016E0002B0032002000FFF7AEFF0028EED000688C
:1016F000ECE7C04607690FC770B504000D00EFF7AF
:101700004DFC2B7B23732B6923616B696361AB6990
:10171000A361200070BD70B505000C00FFF7ECFF61
:1017200021001C3128001C3011F0DAFB04E02800F5
:10173000EEF7DBFE0FF088FD280070BD70B50500E8
:101740000C00FFF7E8FF210034312800343011F09D
:10175000C7FB08E028001C3011F034F82800EEF731
:10176000C4FE0FF071FD280070BD000070B58B4CF9
:10177000A5440026AEE01D991E9A5FA811F01EFB3D
:10178000010059A811F006F9232259A953A8FFF71F
:101790001DFE1C9965A8FEF7C7FB65AA53A94DA8B5
:1017A000FEF7F0FB23224DA947A8FFF70FFE1B9978
:1017B0006BA8FEF7B9FB6BAA47A941A8FEF7E2FBAD
:1017C000232241A93BA8FFF701FE1A9971A8FEF751
:1017D000ABFB71AA3BA935A8FEF7D4FB232235A9A0
:1017E0002FA8FFF7F3FD16AB197B77A8FEF79CFB3C
:1017F00077AA2FA929A8FEF7C5FB232229A904A8A7
:10180000FFF7E4FD29A810F0DDFF77A810F0DAFF5C
:101810002FA810F0D7FF35A810F0D4FF71A810F052
:10182000D1FF3BA810F0CEFF41A810F0CBFF6BA872
:1018300010F0C8FF47A810F0C5FF4DA810F0C2FF78
:1018400065A810F0BFFF53A810F0BCFF59A810F016
:10185000B9FF5FA810F0B6FF51497DAA0AA8EEF7BC
:1018600081FE16A901A8EFF799FB0199029D11E0ED
:101870002C2210A97EA8FFF712FD7E997F9A0AA854
:1018800011F09CFA7EA810F09DFF10A810F09AFFAE
:10189000210018310C008D4203D010A811F020FB5C
:1018A000E6E70AAA04A984A8FEF74BFF84A9102042
:1018B000FFF728FD84A810F085FF01A8EEF715FEBC
:1018C0000AA810F07FFF04A810F07CFF16A8EEF71E
:1018D0001CFE0136102E5DD84C217143314BC918C6
:1018E00016A8FFF72BFF232223A95FA8FFF7D7FC39
:1018F00041E729A810F066FF77A810F063FF2FA832
:1019000010F060FF35A810F05DFF71A810F05AFFCD
:101910003BA810F057FF41A810F054FF6BA810F03F
:1019200051FF47A810F04EFF4DA810F04BFF65A8DF
:1019300010F048FF53A810F045FF59A810F042FFDF
:101940005FA810F03FFF16A8EEF7DFFD0FF07CFC5C
:10195000D2E7D7E7D9E7DEE7E0E7E5E7E7E7ECE757
:10196000EEE77EA810F02EFF10A810F02BFF01A8C4
:10197000EEF7BBFD0AA810F025FF04A810F022FF27
:10198000E1E7F1E784A810F01DFFF0E7EFE7F1E7EA
:10199000F3E7D8E78A239B009D4470BDD8FDFFFF85
:1019A0009CD90210281D002070B514000D1A884221
:1019B00004D02A000100200019F028FA601970BD37
:1019C00070B50400096811F08BFA250018350C2257
:1019D000002128000BF010FA0822002128000BF04B
:1019E0000BFA00236362200070BD30B585B015008E
:1019F00000220121EFF798F90400002308C02B68AA
:101A000003936B4600221A70002302AA03A9FFF772
:101A1000D7FF0BE00FF0F4FC302120000FF076FB35
:101A200010F058F90FF026FD0FF00EFC200005B065
:101A300030BD0000F0B587B005000C0008684968AB
:101A40001A4A10F099F9060069680AF071F90F0056
:101A5000330022002800FFF7F6FD002807D00068B9
:101A6000002804D01C300400200007B0F0BD04940E
:101A700002950F4905AB04AA2800FFF7B6FF030043
:101A8000039001220092320039002800EFF71BF981
:101A9000002303931C30040002A8EEF7CDFFE3E718
:101AA00002A8EEF7C9FF0FF0CFFBC04607690FC7CA
:101AB0004CD6021010B50400112912D08368002BF7
:101AC00011D00A4B01221A704C235943084BC918F4
:101AD00034310848FFF7AEFF2100FFF753FD012026
:101AE00010BD0020FCE70120FAE7C046DB3A0020E9
:101AF000281D00200C1D002030B5A7B004001AA836
:101B000011F0EEF91AA92000FFF786FC1AA810F0D0
:101B100059FE2378002B03D0284B1B78002B02D1D1
:101B2000200027B030BD63684C215943244BC918AD
:101B3000343101A811F0D4F9224801A9FFF7B2FD10
:101B4000002814D01F4801A9FFF774FF05002100E9
:101B5000083120A811F0C4F920A92800FFF796FB4E
:101B600020A810F02FFE01A810F02CFED8E7636823
:101B70004C215943124BC91807A8FFF7DFFD124843
:101B800007A90BF03DFB07A8EEF7BFFCEBE71AA88F
:101B900010F018FE0FF058FB20A810F013FE01A85B
:101BA00010F010FE2000083010F00CFE0FF04CFB7F
:101BB00007A8EEF7AAFCF2E7F1E7F3E7DB3A00202B
:101BC000281D00200C1D0020FCD5021010B598B077
:101BD000194908001030FFF7E5FC002801D118B0C2
:101BE00010BD164CA1681491E368159323691693F0
:101BF00063691793684611F073F92000FFF712FD2F
:101C000069460EA811F06CF90EA906A8FFF774FF3B
:101C100008A810F0D7FD0EA810F0D4FD684610F00B
:101C2000D1FDDCE70EA810F0CDFD684610F0CAFD2E
:101C30000FF00AFBF9E7C046EC1C0020E41C002072
:101C400070B514000D1A814205D0531B2A00010003
:101C5000180019F0DBF8601B70BDF0B5D6464F4692
:101C60004646C0B584B0050001919246416A40697C
:101C70000E1AB4100134019A14196B686700BB4244
:101C80001AD92F68BC461B1B5B089B005446002CCE
:101C900001D0920000E000229B1863441C0098428F
:101CA00004D904311A00FFF77FFE30E00431321D01
:101CB0009A18FFF7C5FF2AE0291D9A4213D80A682F
:101CC0009B18023398460022190003A8EEF732FE53
:101CD000814643461C1B6408A4005346002B04D0D5
:101CE000019B9B0002E001A9E9E70023E4184C44B2
:101CF000696A043168692200FFF756FE286869683E
:101D000089000FF003FA4B462B6043466B606C6111
:101D10002368EB60F933FF332B61A4196C622368ED
:101D2000EB61F933FF332B6204B0E0BCBA46B14635
:101D3000A846F0BD70B54C1C4268436A05685B1B41
:101D40009B10D31A9C4200D870BD0022FFF785FF7C
:101D5000FAE7000070B504000D00183021000831CA
:101D6000FFF720FC174B98420FD001212000FFF70E
:101D7000E1FF666A002215212000EEF7F9FC706091
:101D8000A069290011F0ACF802E00F4810F00CFB3C
:101D9000636A1A1D62625B68E3611A00F932FF32FE
:101DA0002262A36170BD0FF02BFB636A5868FC21AF
:101DB00049000FF0ABF90FF08DFF0FF05BFB0FF058
:101DC00043FAC046555555051CD6021010B50400FF
:101DD0008069236A183B984205D011F081F8A36905
:101DE0001833A36110BD2000FFF7B4FFFAE700002D
:101DF00010B513E01D4C1E482100FFF7E7FF1D49F9
:101E0000200010F085FF1C4B00221A70D0231B0607
:101E1000802292049A61012007F029FF174B9B69E9
:101E2000DB0621D4D0231B06802292045A6113487A
:101E3000FFF7E3F90A28DDD0252809D00E4B1B78DF
:101E4000002BE3D0094B0100180010F001FEDDE784
:101E5000094B1B78002BF1D10649044810F058FFBC
:101E6000054B01221A70D1E710BDC046B41C0020FA
:101E7000E41C00209CD90210DA3A00200040034004
:101E8000F0B5CE46474680B5D74CA54404000D00BA
:101E900001280CD0002C04D1D44B9D4201D101F07B
:101EA00037F8D34B9D44C0BCB946B046F0BDCF4BCC
:101EB0009942EFD1CF4B00221A719A60CE49D96076
:101EC00019615A61CD4B1E6801361E60012E30D05B
:101ED000CB4A136801331360012B63D0C94B1F68D1
:101EE00001371F60012F67D0C74A136801331360A1
:101EF000012B01D100F096FFC44A1368013313602F
:101F0000012B01D100F0BAFFC14A136801331360FD
:101F1000012B01D100F0B7FFBE4A136801331360F3
:101F2000012BB7D1BC49BD48BD4A6A44EEF71AFB44
:101F3000B0E7BC49BC4840AAEEF714FBBB49BC481B
:101F400041AAEEF70FFB10E0042605239B1B182483
:101F50005C43B54BE418B44B9C4201D101F029F825
:101F6000183C200010F02EFCF5E7B249B24842AA16
:101F7000EEF7F8FA01E00326E7E7B049B04843AAD4
:101F8000EEF7F0FA01E00226DFE7AE49AE4844AAD8
:101F9000EEF7E8FAAD49AE4845AAEEF7E3FA97E75F
:101FA0000026D2E7AB4B00221A705A6002219960DA
:101FB0001C3119735A7391E797494CAA46A8EEF75A
:101FC000D1FA10E0102410231B1B4C245C43A24BBD
:101FD000E418A14B9C4201D101F012F84C3C2000C6
:101FE000EEF793FAF5E78C4953AA4DA8EEF7BAFA43
:101FF00004E0102446A810F0E5FBE4E70026549620
:1020000001235B42559356936023FF336B441E704C
:102010000C22310058A80AF0EFFE589659965A96AD
:102020008D4858AB03936023FF336B44029356AB48
:10203000019355AB009354AB4DAA46A9EEF7F2FFBE
:1020400007E0102458A8EEF750FA4DA810F0BAFB9C
:10205000D0E7824961AA5BA8EEF784FA01E00F2479
:10206000F0E77F4968AA62A8EEF77CFA04E00F2443
:102070005BA810F0A7FBE5E703236993043B6A9391
:102080006B930026B423FF336B441E700C22310087
:102090006DA80AF0B1FE6D966E966F9671486DABA5
:1020A0000393B423FF336B4402936BAB01936AAB8E
:1020B000009369AB62AA5BA9EEF7B4FF07E00F24B7
:1020C0006DA8EEF712FA62A810F07CFBD0E7664923
:1020D00076AA70A8EEF746FA01E00E24F0E763490D
:1020E0007DAA77A8EEF73EFA04E00E2470A810F05F
:1020F00069FBE5E703237E93043B7F9380930026EF
:102100005B4B6B441E700C22310082A80AF074FEF7
:10211000829683968496574882AB0393544B6B44C4
:10212000029380AB01937FAB00937EAB77AA70A93B
:10213000EEF778FF07E00E2482A8EEF7D6F977A82D
:1021400010F040FBD2E74C498BAA85A8EEF70AFABB
:1021500001E00D24F0E7494992AA8CA8EEF702FAB3
:1021600004E00D2485A810F02DFBE5E701239393EF
:1021700000269496FF2252429592414A6A44137077
:102180000C22310097A80AF037FE979698969996F8
:102190003C4897AB03933A4B6B44029395AB019346
:1021A00094AB009393AB8CAA85A9EEF73BFF07E0B5
:1021B0000D2497A8EEF799F98CA810F003FBD1E74E
:1021C0003149A0AA9AA8EEF7CDF901E00C24F0E776
:1021D0001149A7AAA1A8EEF7C5F957E00C249AA8BF
:1021E00010F0F0FAE5E7C046F4F8FFFFFFFF00004B
:1021F0000C070000182A00201C2A00206C1C00205C
:10220000701C0020681C0020641C0020601C002042
:10221000581C00205C1C00209CD90210CC1C002003
:102220000407000024C00210342200202CC0021039
:102230004C22002034C00210642200203CC0021056
:102240007C22002044C00210942200204CC00210C6
:10225000AC220020C4220020281D002054C00210FF
:1022600058C00210741D0020101A03105CC0021028
:1022700007020000C01D002068C002106CC00210E0
:102280005B0200000C1E00207CC002100323A893F8
:10229000043BA993AA930026E64B6B441E700C22C4
:1022A0003100ACA80AF0A8FDAC96AD96AE96E24817
:1022B000ACAB0393DF4B6B440293AAAB0193A9AB86
:1022C0000093A8ABA1AA9AA9EEF7ACFE07E00C24F4
:1022D000ACA8EEF70AF9A1A810F074FA7FE7D74985
:1022E000B5AAAFA8EEF73EF901E00B24F0E7D44918
:1022F000BCAAB6A8EEF736F904E00B24AFA810F09C
:1023000061FAE5E70423BD930023BE930533BF9331
:10231000CC4B6B4401221A70CB49C6AA1CA8EEF71D
:1023200021F911E005270B240522D21B1823534362
:102330001CAAD5181CAB9D4201D100F05CFE183DD3
:10234000280010F03FFAF5E7C049C7AA22A8EEF727
:1023500009F902E004270B24E6E7BD49C8AA28A82A
:10236000EEF700F902E003270B24DDE7B949C9AA1B
:102370002EA8EEF7F7F802E002270B24D4E7B649BF
:10238000CAAA34A8EEF7EEF801E00B24CCE7B34973
:10239000CBAA3AA8EEF7E6F802E000270B24C3E741
:1023A0001CA9C4910622C592CCABC1A8EEF770FA65
:1023B0000BE00B2440AD1CAB9D4201D100F018FE98
:1023C000183D280010F0FEF9F5E7A548C1AB0393CE
:1023D0009C4B6B440293BFAB0193BEAB0093BDAB70
:1023E000B6AAAFA9EEF71EFE04E00B24C1A8EEF7D3
:1023F0007CF8DFE79B49D3AACDA8EEF7B3F801E05C
:102400000A24F3E79849DAAAD4A8EEF7ABF804E077
:102410000A24CDA810F0D6F9E8E70223DB93033BAA
:10242000DC93DD93914B6B4401221A700B32002137
:10243000DFA80AF0E1FC0023DF93E093E1938C48EE
:10244000DFAB0393894B6B440293DDAB0193DCABB1
:102450000093DBABD4AACDA9EEF7E4FD07E00A2494
:10246000DFA8EEF742F8D4A810F0ACF9D1E7814923
:10247000E8AAE2A8EEF776F801E00924F0E77E4941
:10248000EFAAE9A8EEF76EF804E00924E2A810F03C
:1024900099F9E5E70123F0930A22F1925A32F29278
:1024A000764A6A4413700C220021F4A80AF0A4FCB6
:1024B0000023F493F593F6937148F4AB03936F4BB9
:1024C0006B440293F2AB0193F1AB0093F0ABE9AA3A
:1024D000E2A9EEF7A7FD07E00924F4A8EEF705F856
:1024E000E9A810F06FF9D1E76649FDAAF7A8EEF761
:1024F00039F801E00824F0E76349FFAA1432FEA886
:10250000EEF730F804E00824F7A810F05BF9E4E7F0
:102510000323FFAA18321360043BFFAA1C32136086
:10252000FFAA203213600026FFAB27331E700C2257
:102530003100FFA828300AF05FFCFFAB28331E6093
:10254000FFAB2C331E60FFAB30331E604F48FFAB38
:1025500028330393FFAB27330293FFAB2033019360
:10256000FFAB1C330093FFAB1833FEAAF7A9EEF7BD
:1025700059FD08E00824FFA82830EDF7B6FFFEA8B3
:1025800010F020F9C0E74249FFAA4C32FFA83430CE
:10259000EDF7E8FF01E00724EDE73E49FFAA6832C6
:1025A000FFA85030EDF7DEFF05E00724FFA8343028
:1025B00010F008F9DFE70223FFAA6C321360033B37
:1025C000FFAA70321360FFAA74321360FFAB7B3333
:1025D00001221A700B320021FFA87C300AF00CFC9B
:1025E0000023FFAA7C321360FFAA80321360FFAA87
:1025F000843213602848FFAB7C330393FFAB7B33FB
:102600000293FFAB74330193FFAB70330093FFABC6
:102610006C33FFAA5032FFA93431EEF703FD3DE0E1
:102620000724FFA87C30EDF760FFFFA8503010F0C2
:10263000C9F8BBE7AF020000581E002080C002109E
:1026400084C002100303000024C002102CC002103A
:1026500034C002103CC0021044C002104CC0021032
:10266000A41E002094C0021098C002107B0300003A
:10267000F01E0020A8C00210ACC00210CF03000062
:102680003C1F0020C0C002109CD90210881F0020EF
:10269000C4C00210C8C00210D41F0020E849FFAA1D
:1026A000A032FFA88830EDF75DFF01E00624B8E70F
:1026B000E449FFAABC32FFA8A430EDF753FF05E0C0
:1026C0000624FFA8883010F07DF8AAE70423FFAAAB
:1026D000C03213600023FFAAC43213600333FFAA81
:1026E000C8321360FFABCF3301221A70D649FFAA5C
:1026F000E43204A8EDF736FF11E003270624032295
:10270000D21B1823534304AAD51804AB9D4201D110
:1027100000F068FC183D280010F054F8F5E7CB49AC
:10272000FFAAE8320AA8EDF71DFF02E002270624FF
:10273000E5E7C749FFAAEC3210A8EDF713FF01E067
:102740000624DCE7C349FFAAF03216A8EDF70AFF1A
:1027500002E000270624D2E704A9FFABDC331960AE
:102760000422FFABE0331A60FFABF433FFA8D03094
:10277000EEF78EF80BE006241CAD04AB9D4201D1B0
:1027800000F02DFC183D280010F01CF8F5E7B248C9
:10279000FFABD0330393FFABCF330293FFABC83310
:1027A0000193FFABC4330093FFABC033FFAAA43245
:1027B000FFA98831EEF736FC05E00624FFA8D030EB
:1027C000EDF793FED8E7A549A54A6A44FFA8F8307B
:1027D000EDF7C8FE01E00524F0E7A249A522D200EA
:1027E0006A44A220C0006844EDF7BCFE05E0052461
:1027F000FFA8F8300FF0E6FFE0E702239A4A6A44A8
:102800001360033BA622D2006A441360974A6A44CD
:102810001360974B6B4401221A700B320021954BC9
:102820006B4418000AF0E8FA0023924A6A441360E5
:10283000A822D2006A4413608F4A6A4413608F480A
:102840008C4B6B4403938A4B6B440293874B6B44D2
:102850000193A623DB006B440093834B6B44A222BD
:10286000D2006A44FFA9F831EEF7DCFB0AE0052448
:1028700080486844EDF739FEA220C00068440FF09C
:10288000A1FFB5E77E49AC22D2006A44A920C0006E
:102890006844EDF767FE01E00424E9E779497A4AE4
:1028A0006A447A486844EDF75DFE06E00424A920F6
:1028B000C00068440FF086FFDAE70123B022D2009F
:1028C0006A4413600026724A6A4416606422B12189
:1028D000C90069440A606F4A6A4413700C223100CF
:1028E000B223DB006B4418000AF086FAB223DB0047
:1028F0006B441E60684B6B441E60B323DB006B446B
:102900001E606648B223DB006B440393614B6B444B
:102910000293B123DB006B4401935D4B6B44009346
:10292000B023DB006B44594A6A44A921C9006944B9
:10293000EEF778FB0AE00424B220C0006844EDF70B
:10294000D4FD524868440FF03DFFB0E75449554A62
:102950006A4455486844EDF705FE01E00324EBE7BF
:102960005249BA22D2006A44B720C0006844EDF749
:10297000F9FD05E003244C4868440FF023FFDBE732
:1029800002234B4A6A441360033BBB22D2006A44D1
:102990001360484A6A441360474B6B4401221A7023
:1029A0000B320021454B6B4418000AF025FA002336
:1029B000424A6A441360BD22D2006A441360404A0E
:1029C0006A4413603F483D4B6B4403933A4B6B445E
:1029D0000293384B6B440193BB23DB006B440093A1
:1029E000334B6B44B722D2006A442F496944EEF757
:1029F00019FB0AE0032431486844EDF776FDB7205F
:102A0000C00068440FF0DEFEB5E72F49C122D200B6
:102A10006A44BE20C0006844EDF7A4FD01E0022432
:102A2000E9E72A492A4A6A442A486844EDF79AFDA8
:102A300052E00224BE20C00068440FF0C3FEDAE773
:102A4000D8C00210DCC00210E8C00210FCC00210A6
:102A50000CC1021018C102102020002024C1021055
:102A60000C05000028C102102C05000034050000F0
:102A70003B0500003C050000440500006C200020E0
:102A800040C1021044C102107C0500006405000032
:102A9000840500008F05000094050000B820002088
:102AA00054C10210B40500009C05000058C102107A
:102AB000D4050000DC050000E3050000E40500008B
:102AC000EC0500000421002064C102109CD9021012
:102AD000240600000C0600000223C522D2006A442E
:102AE0001360033BEC4A6A441360C622D2006A4476
:102AF0001360002399466B46E84A9B184A461A70B1
:102B0000C726F6006E440C32494630000AF074F9CC
:102B10004A4632607260B260E1480396DF4B6B4414
:102B20000293C623DB006B440193DB4B6B440093A1
:102B3000C523DB006B44DB4A6A44BE21C9006944FB
:102B4000EEF770FA0BE00227C720C0006844EDF7EB
:102B5000CCFCD44868440FF035FE3C006AE7D2490B
:102B6000D24A6A44D2486844EDF7FCFCD149CF22EE
:102B7000D2006A44CC20C0006844EDF7F3FC002387
:102B80009946CD4B6B444A461A6001235B42D022E2
:102B9000D2006A441360C94A6A4413606B46C84A4B
:102BA0009B184A461A70C74E6E440C324946300094
:102BB0000AF022F94A4632607260B260C248039657
:102BC000BF4B6B440293BD4B6B440193D023DB009E
:102BD0006B440093B84B6B44CC22D2006A44B44996
:102BE0006944EEF71FFAB949D622D2006A44D320CD
:102BF000C0006844EDF7B6FC0EE00027B148684419
:102C0000EDF773FCCC20C00068440FF0DBFDA84852
:102C100068440FF0D7FD97E7A649AD4A6A44AD482E
:102C20006844EDF79FFC0523DA22D2006A44136062
:102C3000063BA94A6A441360DB22D2006A4413604F
:102C4000A64F6F44002398463B70DC26F6006E4486
:102C50000C22190030000AF0CFF842463260726050
:102C6000B2609F4803960297DB23DB006B4401931D
:102C7000994B6B440093DA23DB006B44954A6A441A
:102C8000D321C9006944EEF7CDF93000EDF72DFCF2
:102C9000904868440FF096FDD320C00068440FF0C0
:102CA00091FD88486844EDF720FCCC20C0006844C2
:102CB0000FF088FD7E4868440FF084FDC720C000F7
:102CC0006844EDF712FC774868440FF07BFDBE20A6
:102CD000C00068440FF076FD82486844EDF705FCBB
:102CE000B720C00068440FF06DFD7F4868440FF0C6
:102CF00069FDB220C0006844EDF7F7FB7B486844EB
:102D00000FF060FDA920C00068440FF05BFD78481B
:102D10006844EDF7EAFBA220C00068440FF052FDC2
:102D2000FFA8F8300FF04EFDFFA8D030EDF7DDFB27
:102D30001CAE04AB9E4204D0183E30000FF042FDA2
:102D4000F7E7FFA8A4300FF03DFDFFA888300FF093
:102D500039FDFFA87C30EDF7C8FBFFA850300FF01D
:102D600031FDFFA834300FF02DFDFFA82830EDF71E
:102D7000BCFBFEA80FF026FDF7A80FF023FDF4A87A
:102D8000EDF7B3FBE9A80FF01DFDE2A80FF01AFD67
:102D9000DFA8EDF7AAFBD4A80FF014FDCDA80FF023
:102DA00011FDC1A8EDF7A1FB40AE1CAB9E4204D0C3
:102DB000183E30000FF006FDF7E7B6A80FF002FD51
:102DC000AFA80FF0FFFCACA8EDF78FFBA1A80FF0A8
:102DD000F9FC9AA80FF0F6FC97A8EDF786FB8CA8F3
:102DE0000FF0F0FC85A80FF0EDFC82A8EDF77DFB5D
:102DF00077A80FF0E7FC70A80FF0E4FC6DA8EDF7E2
:102E000074FB62A80FF0DEFC5BA80FF0DBFC58A897
:102E1000EDF76BFB4DA80FF0D5FC46A80FF0D2FCE8
:102E2000FFF762F8334A20491CAE3000EDF7B2FBE1
:102E3000314B6B441E600122DE23DB006B441A60C1
:102E40002E482F4B6B440293DF23DB006B4401932E
:102E50002C4B6B44009300233100EEF75BF826AE59
:102E60001CAB9E4201D1FFF747F8283E30001830D6
:102E7000EDF70BFB30000FF0A5FCF1E72248EDF772
:102E8000D0FDFFF741F80B492048E022D2006A4408
:102E9000EDF768FBFFF740F82C060000370600004E
:102EA000502100200C06000068C102105C060000E2
:102EB000440600009CD902107C0600008406000035
:102EC0008B0600008C0600009C21002070C10210BF
:102ED000CC060000B4060000D4060000DF060000A7
:102EE000E8210020E40500009C05000064050000C6
:102EF0003C0500006D170110EC0600000C1D0020C1
:102F0000FC060000F4060000E41C0020B41C0020B5
:102F1000444A1368013B1360002B19D0424A1368DE
:102F2000013B1360002B17D0404A1368013B13602C
:102F3000002B15D03E4A1368013B1360002B13D0C1
:102F40003C4A1368013B1360002B18D13A4C13E044
:102F50003A480FF037FCE1E739480FF033FCE3E77C
:102F60003848EDF7E6FBE5E73748EDF7DAFCE7E749
:102F70004C3C2000EDF7C9FA344B9C42F8D1344A5E
:102F80001368013B1360002B08D1324C324B9C423A
:102F900004D0183C20000FF015FCF7E72F4881689B
:102FA000EDF7E9FDFEF77DFF0526FEF7CEFFFEF704
:102FB000CCFF0EF049F9DC20C0006844EDF795FA2B
:102FC000274868440FF0FEFBD320C00068440FF090
:102FD000F9FB002712E6F7E710E618E6B4E5032749
:102FE000FFF78DFBFFA8A4300FF0ECFBFFF769FBA8
:102FF0000527FFF799F9B6A80FF0E4FBFFF77EF974
:103000000EF022F926AC1CAB9C4208D0283C2000D4
:103010001830EDF73AFA20000FF0D4FBF3E70EF08A
:1030200013F9C0465C1C0020581C0020601C0020C6
:10303000641C0020681C002034220020CC1C0020CE
:10304000B41C0020E41C00200C1D0020281D0020C2
:103050006C1C0020C422002034220020182A0020EA
:10306000B406000010B502490120FEF709FF10BDAB
:10307000FFFF0000F0B583B0019200230B60002633
:1030800043681B6805686F68BB4213D22C68E45C18
:103090002200303A092A0DD8012E0BD80D68AB005A
:1030A0005B195B009B180B60446823680133236045
:1030B0000136E5E7002E0CD0BB4204D02868C35C83
:1030C000303B092B08D90B68019A934206DC01209A
:1030D00000E0002003B0F0BD0020FBE70020F9E78E
:1030E00070B584B0040015001E0000230393019006
:1030F00003AB0293172201A8FFF7BCFF002809D0F9
:103100006268039B934205D25A1C03922268D35CE7
:103110003A2B02D0002004B070BD3B22290001A848
:10312000FFF7A8FF0028F5D06268039B9342F1D215
:103130005A1C03922268D35C3A2BEBD13B2231001C
:1031400001A8FFF797FF0028E4D06368039A9A422A
:10315000E1D0DFE7F8B504000F000E1AB61007E063
:103160002000F8BD2000FCE72000FAE72C1D013EFE
:10317000002E19DD207816F0C5FD0028F0D02500BE
:103180006078013416F0BEFD0028EBD0AC1CA878A6
:1031900016F0B8FD0028E7D0EC1CE87816F0B2FD78
:1031A0000028E3D12000DCE73B1B022B0DD0032BD2
:1031B00003D0012B11D03800D3E7207816F0A2FD00
:1031C000002801D12000CCE70134207816F09AFDC8
:1031D000002801D12000C4E70134207816F092FDC8
:1031E0000028E8D12000BCE710B500230022FFF73B
:1031F000B1FF10BD10B50B68013B187816F082FDC9
:1032000043425841C0B210BD70B504000E00150015
:1032100005E0207816F08CFD287001340135B442A9
:10322000F7D1280070BD70B505000C00086849682A
:10323000411800230200FFF7E7FF210028000FF0EC
:10324000A9FB280070BD000010B5094809F0A6FFD1
:10325000084809F0A3FF084809F0A0FF074809F053
:103260009DFF074809F09AFF064809F097FF10BD37
:1032700050D602105CD6021088D60210CCD60210AE
:1032800010D7021044D7021010B584B003910292F7
:1032900001938368002B06D0C46801AB02AA03A97E
:1032A000A04704B010BD0FF0E7F810B58368002BFD
:1032B00002D0C368984710BD0FF0DEF800B583B0A8
:1032C0006B46D9718368002B05D0C3686A46D11D4F
:1032D000984703B000BD0FF0CFF8000070B582B082
:1032E00004000D00012806D0002C02D13B4B9D426A
:1032F0004CD002B070BD394B9942F5D1384A1368B1
:1033000001331360012B1FD0364A13680133136059
:10331000012B1FD0344A136801331360012B27D0CF
:10332000324A136801331360012BDDD1304E0C2279
:103330000021300009F060FD08220021300009F072
:103340005BFD0023F360CFE72A492B4801AAEDF784
:1033500009F9D9E7294E0C220021300009F04CFD73
:1033600008220021300009F047FD0023F360D1E777
:10337000234E0C220021300009F03EFD08220021DE
:10338000300009F039FD0023F360C9E7174A1368DC
:10339000013B1360002B15D0134A1368013B1360E7
:1033A000002B13D00F4A1368013B1360002B11D080
:1033B0000B4A1368013B1360002B9AD10E480FF0A3
:1033C00001FA96E70A48EDF760F8E5E70C48EDF7F3
:1033D0005CF8E7E70948EDF758F8E9E7FFFF000078
:1033E000741C0020801C00207C1C0020781C002005
:1033F000EC2200209CD90210D42200200C230020B3
:10340000FC22002070B582B004000E001500531A93
:1034100001930F2B0ED800942068AA1B31000FF0E7
:10342000FFF9002200920199616023685B181A700D
:1034300002B070BD002201A90FF0A6F92060019B27
:10344000A360E8E770B504000D000C22002109F02C
:10345000D3FC08220021200009F0CEFC0023E36009
:10346000AB68002B07D00222290020009847EB68A8
:10347000E360AB68A360200070BD2000EDF705F8A5
:103480000DF0E2FE70B504000D000C22002109F0E1
:10349000B3FC08220021200009F0AEFC0023E36009
:1034A000AB68002B07D00222290020009847EB6868
:1034B000E360AB68A360200070BD2000ECF7E5FF7F
:1034C0000DF0C2FE70B504000D000C22002109F0C1
:1034D00093FC08220021200009F08EFC0023E36009
:1034E000AB68002B07D00222290020009847EB6828
:1034F000E360AB68A360200070BD2000ECF7C5FF5F
:103500000DF0A2FE0B680068181A7047F0B58BB07A
:1035100006000C00170001AA13703800FFF7F2FF35
:1035200085100EE02368336030000BB0F0BD2368D7
:103530003360F9E723683360F6E72368013B2360D3
:10354000013D002D28DD2368039303A901A8FFF79F
:1035500051FE0028E6D12368013B2360049304A9AF
:1035600001A8FFF747FE0028E1D12368013B236053
:10357000059305A901A8FFF73DFE0028DAD12368CD
:10358000013B2360069306A901A8FFF733FE00283C
:10359000D3D023683360C7E721003800FFF7B2FFBC
:1035A000022814D0032804D001281ED03B683360C1
:1035B000BAE72368079307A901A8FFF71BFE0028B5
:1035C00002D023683360AFE72368013B23602368A0
:1035D000089308A901A8FFF70DFE002802D0236870
:1035E0003360A1E72368013B23602368099309A99D
:1035F00001A8FFF7FFFD002802D02368336093E79E
:103600002368013B2360D1E710B584B004000B6848
:103610000293136803936B4600221A70002303AAD7
:1036200002A9FFF773FF200004B010BD10B582B0EF
:1036300004000B68009313680193002301AA6946F4
:10364000FFF7E2FF200002B010BD000070B584B0AB
:1036500005000C000868496841180022FFF7C4FD06
:103660000600210001A80FF0B1F9210002A80FF017
:10367000B1F9002302AA01A96846FFF7D7FF009A13
:10368000964207D3084903AA2800ECF76BFF2800ED
:1036900004B070BD2B0008332B6000236B60310039
:1036A0002800FFF7AFFEF2E79CD9021010B5AEB0CC
:1036B000010015A8FFF7CAFF7349002215A80FF0F3
:1036C000C5FB04000300002215A91BA80FF016FC7F
:1036D0001BA90FA8FFF7A7FD1BA80FF073F8631C29
:1036E00007D00123621C5B4215A922A80FF006FC3B
:1036F00005E0664921AA09A8ECF734FF06E022A9F3
:1037000009A8FFF7A3FF22A80FF05CF860490FA8F3
:103710000FF0AAFB002802D1FFF796FD8FE05D496C
:103720000FA80FF0A1FB002825D1002301930293DD
:10373000039303AB02AA01A909A8FFF7D1FC002853
:103740000AD0554B9B68002B0AD0039B029A019923
:103750005148FFF799FD07E0504809F01FFD61E06F
:103760004F4809F01BFD5DE0039B029A01994D480B
:1037700009F046FD63E04C490FA80FF075FB0028E7
:103780005AD10A9B002B14D1484B9B68002B03D0C5
:103790004648FFF78AFD03E0454809F0FFFC41E099
:1037A000002804D04349444809F02AFD3AE043493F
:1037B000F9E709A928A80FF093FB28A903A8FFF7A8
:1037C00032FD28A80EF0FEFF3A4903A80FF04CFB8B
:1037D00000280ED13A4B9B68002B14D0354903A822
:1037E0000FF042FB43425841C1B23548FFF766FD36
:1037F0000DE0324903A80FF037FB0028EAD031482A
:1038000009F0CCFC0BE02A4809F0C8FC07E003995A
:103810002D4809F0F5FC03A80EF0D4FF0FE003A833
:103820000EF0D0FF09A80EF0CDFF0FA80EF0CAFFD2
:1038300015A80EF0C7FF0BE0109B002B0AD109A8BA
:103840000EF0C0FF0FA80EF0BDFF15A80EF0BAFFD6
:103850002EB010BD0F991D4809F0D2FCEFE722A849
:103860000EF0B0FF0FA80EF0ADFF15A80EF0AAFFE6
:103870000DF0EAFC03A80EF0A5FF09A80EF0A2FFC8
:10388000F0E7FAE7EEE7F0E770D702109CD90210F4
:1038900074D702107CD702100C23002084D70210AA
:1038A000B8D70210DCD70210FCD70210EC2200209F
:1038B00010D80210BC03031038D802106CD70210C5
:1038C000FC22002050D8021078D8021094D80210A0
:1038D00070B5002504E01F4B5B68002B1FD101353C
:1038E0004F2D36D8002009F09BFC431C31D0C4B2C8
:1038F0000D2CF0D00A2CEED0082C19D07F2C17D02C
:10390000FF23184016F0F6F90028E8D0114B5B6849
:103910004F2B15D80F4821000FF09AF8DFE70D4C18
:103920002000FFF7C3FE0023636022681370D6E710
:10393000084B5B68002BD2D006480FF0ABF8CEE7FF
:10394000044B00225A601B681A70034809F026FCD9
:10395000C5E770BDD4220020C0D8021070B50500A4
:103960000C00FDF7F3FDAB68A268AA60A360EB68EA
:10397000E268EA60E36070BD10B584B00400684698
:10398000FFF760FD21006846FFF7E8FF6846ECF7A7
:103990007CFD200004B010BD70B505000C00FDF7E3
:1039A000D5FDAB68A268AA60A360EB68E268EA6034
:1039B000E36070BD10B584B004006846FFF762FD97
:1039C00021006846FFF7E8FF6846ECF75EFD20003F
:1039D00004B010BD70B505000C00FDF7B7FDAB6875
:1039E000A268AA60A360EB68E268EA60E36070BD69
:1039F00010B584B004006846FFF764FD21006846F6
:103A0000FFF7E8FF6846ECF740FD200004B010BD6A
:103A100070B50D0014000B4B01001800FFF7ACFF50
:103A200009482900FFF7C6FF08482100FFF7E0FF1B
:103A3000074B00225A601B681A70064809F0AEFB5B
:103A400070BDC0460C230020FC220020EC22002088
:103A5000D4220020DCD8021010B502490120FFF763
:103A60003DFC10BDFFFF000030B583B0074B1C6864
:103A700053B24AB241B2206800250095C5682000C3
:103A8000A847034B01221A7003B030BDBC3A002096
:103A90006414002010B50200044B1870044B186821
:103AA00003685B690E21984710BDC046E13A0020CB
:103AB00098390020014B18787047C046E13A002041
:103AC00010B503685B68984710BD000030B587B03B
:103AD00001000A4B1C6823681D6968460FF000FA54
:103AE00069462000A84768460EF06CFE07B030BD5E
:103AF00068460EF067FE0DF0A7FBC046BC3A0020FA
:103B000010B50400080011001A68096800682368ED
:103B1000984710BD10B50A7803681000984710BD8B
:103B200010B50368984710BD024B0360024B036059
:103B30007047C0463CDC0210F8DB021010B5C068CC
:103B4000002802D00368DB69984710BD0020704749
:103B500010B50400044B0360044B036010210DF00A
:103B6000D5FA200010BDC0463CDC0210F8DB021084
:103B700010B5044B0360044B036010210DF0C6FA2E
:103B800010BDC0463CDC0210F8DB021010B54368E3
:103B9000002B02D1084B00221A60FF220021FCF703
:103BA00081FD0200044B1860044B1868D2B2036810
:103BB0005B690321984710BDD83300209839002055
:103BC00010B501220021FCF76DFD431E9841C2B2E1
:103BD000044B1A70044B186803685B690621984708
:103BE00010BDC046C42200209839002010B56422C0
:103BF0000021FCF757FDC2B2044B1A73044B18683E
:103C000003685B690C21984710BDC046C4220020A0
:103C10009839002010B564220A21FCF743FD020008
:103C2000044B1860044B1868D2B203685B69072123
:103C3000984710BD601400209839002010B501226B
:103C40000021FCF72FFD431E9841C2B2044B5A736A
:103C5000044B186803685B690D21984710BDC04686
:103C6000C42200209839002030B587B001000F4BE6
:103C70001B78002B0BD10E4B1C6823689D6868468F
:103C80000FF02EF9002269462000A84703E00948FA
:103C900009F084FA02E068460EF094FD07B030BDEA
:103CA00068460EF08FFD0DF0CFFAC046E13A0020D5
:103CB000BC3A002010D9021010B501220021FCF7F7
:103CC000F1FC43425841C4B2064B18682100FBF78F
:103CD000D1FF054B186803685B69220009219847EA
:103CE00010BDC046BC3A00209839002010B504220F
:103CF0000021FCF7D7FC0100064B1868FAF7F4FB2B
:103D0000054B1868054B1A7A03685B690A219847C6
:103D100010BDC0464C34002098390020C422002039
:103D200010B501004368002B00D110BD01480EF012
:103D300083FDFAE7401C002010B50400024B03602D
:103D40000DF0E0FB200010BD14DC021010B50400E3
:103D5000044B03600DF0D6FB042120000DF0D6F9D2
:103D6000200010BD14DC021010B50400024B0360EB
:103D70000DF0C8FB200010BD28DC021010B50400B7
:103D8000044B03600DF0BEFB042120000DF0BEF9D2
:103D9000200010BD28DC021010B50C00002802D055
:103DA00003689B689847334B5C60062C2DD8A400B1
:103DB000314B1B599F4604200EF022F80400FAF7FD
:103DC000E7FA2BE004200EF01BF80400F0F74EFD9C
:103DD00024E004200EF014F80400F6F7E5FF1DE0DF
:103DE00004200EF00DF80400F4F75EFF16E0042046
:103DF0000EF006F80400F2F7B5FE0FE004200DF017
:103E0000FFFF0400F8F746FF08E004200DF0F8FF7C
:103E10000400FAF7BDFA174B06225A6010BD0421C0
:103E200020000DF073F90DF00FFA042120000DF0C1
:103E30006DF90DF009FA042120000DF067F90DF07D
:103E400003FA042120000DF061F90DF0FDF90421C1
:103E500020000DF05BF90DF0F7F9042120000DF0C2
:103E600055F90DF0F1F9042120000DF04FF90DF096
:103E7000EBF9C046C42200202CD9021010B500284E
:103E80000DDB0D4B1868002802D003685B6898476B
:103E90000C200DF0B5FF0400ECF7BCFA03E0074876
:103EA00009F0AEF901E0044B1C6010BD0C212000AC
:103EB0000DF02CF90DF0C8F95C38002048D902103B
:103EC00010B500280DDB0D4B1868002802D00368E0
:103ED0005B68984718200DF093FF0400EFF7ACFBE8
:103EE00003E0074809F08CF901E0044B1C6010BDA9
:103EF000182120000DF00AF90DF0A6F998390020DC
:103F00005CD9021010B5002800DB10BD014809F093
:103F100077F9FAE770D9021010B584B02248234926
:103F20000CF032FB0321022004F0EAFD0321032000
:103F300004F0E6FD00220121022004F0F9FD002238
:103F40000121032004F0F4FD002406E0232C1DD001
:103F5000512C1FD0502C21D001347F2C22DC78230F
:103F60001A0022402342F1D0782AEFD0E1B20E4865
:103F70000023009301330F226A440CF03DFB00281C
:103F8000E4DD0B48210009F03BF9DFE72000FFF7F3
:103F900075FFE1E72000FFF7B5FFDDE72000FFF741
:103FA0008FFFD9E704B010BD50150020A086010096
:103FB00088D9021010B582B00400064800680028B5
:103FC00005D0009313000A002100FAF769FA02B045
:103FD00010BDC0464C34002010B506220021FCF76D
:103FE0004FFB0400034B18682100FFF7D5FE2000AB
:103FF00010BDC0464C34002010B506220021FCF74D
:1040000051FBFFF7E9FF0200034B1868D2B20368C7
:104010005B690521984710BD98390020D0B5040090
:10402000104B18680A2801DC2000D0BD08F05CF9AC
:1040300000220D4B08F0C9F800220C4B08F0C0F824
:1040400006000F00200008F04FF932003B0008F096
:1040500019FD08F061F9C8220A21FCF711FB0400E0
:10406000E2E7C04660140020000034400000F03F4A
:1040700070B58AB0060001A80BF07CFE5D4909AA64
:1040800003A8ECF76FFA03A8FCF792FC040003A85E
:104090000EF098FB023401AA1378D2799B181819F4
:1040A000FF2107F01DFE0D00002E07D1524B1868AE
:1040B00003681B6900219847A8423DD04E4C2068F8
:1040C000EAB203685B6900219847206803685B696E
:1040D000002205219847206803685B6900220621B9
:1040E0009847206803685B6900220321984720688D
:1040F00003685B69012209219847206803685B69AE
:104100000F2207219847206803685B6900220A2173
:104110009847206803685B691E220C219847206835
:1041200003685B6900220E219847344B1868002809
:1041300002D003681B6A98472F4C206803681B69EC
:10414000032198472E4B1860206803681B690521DE
:104150009847FFF741FF206803681B6906219847CD
:1041600001220021FCF78CFA431E9841254D28704E
:10417000224B1E68206803681B69092198470122A9
:104180000021FCF77DFA431E9841C1B23000FBF7D5
:1041900071FD206803681B69072198471A4B186056
:1041A0001A4B1E68206803681B690A2198470100A2
:1041B0003000FAF799F9206803681B690C219847C9
:1041C0002873206803681B690D219847431E984196
:1041D0006873206803681B690E21984701384342C1
:1041E00058410B4B18700AB070BD03A80EF0EAFAE4
:1041F0000DF02AF818D3021098390020BC3A00209C
:10420000D8330020C4220020601400204C34002049
:10421000E13A002070B5D02424068025AD04656104
:104220000120FFF725FF642005F021FDA56170BD89
:10423000F0B5CE46474680B587B0804608000023DB
:10424000039304930593384903AAFCF78EFB55E0CA
:104250000398001939000EF0EFFB0478303CFF2181
:10426000200007F03DFD314B1F683C2107F038FD71
:1042700000910023220041463800FAF711F9FA2094
:10428000800005F0F4FC0135310003A8FAF788F945
:1042900001E00025F8E7039B7400A419E4001B1952
:1042A0005B682F009D4208D2204B1B68002BE6D094
:1042B000310003A8FAF774F9CAE70A2140460CF066
:1042C000E0FAFA20C00005F0D2FC01239C46E1444C
:1042D000049A039BD21AD21093009B1819015B1801
:1042E00019025B1819045B185B009B184E46994530
:1042F00007D2802140460CF0C4FACAE70023994651
:10430000E6E70B4B197840460CF0BBFA03A8ECF734
:10431000ECF807B0C0BCB946B046F0BD03A8ECF756
:10432000E4F80CF091FFC046C41B03104C3400208D
:1043300058380020022A0AD007D8002A03D0012AC0
:1043400003D1016001E0034B0360002070470B685C
:104350000360FAE75CDB021010B5002A04D0012AE2
:1043600006D0FFF7E7FF01E0024B0360002010BD1D
:104370000160FBE75CDB0210022A0AD007D8002AA2
:1043800003D0012A03D1016001E0034B0360002048
:1043900070470B680360FAE774DB021010B5002A5F
:1043A00004D0012A06D0FFF7E7FF01E0024B0360CB
:1043B000002010BD0160FBE774DB0210022A0AD066
:1043C00007D8002A03D0012A03D1016001E0034B82
:1043D0000360002070470B680360FAE78CDB021073
:1043E00010B5002A04D0012A06D0FFF7E7FF01E04C
:1043F000024B0360002010BD0160FBE78CDB021064
:1044000030B5100000E0C968002906D00D691C68AD
:10441000A542F8D308008968F6E730BD10B50B0057
:104420008168021DFFF7ECFF10BD70B50D008168BB
:10443000041D2B002200FFF7E3FF844203D02A680B
:1044400003699A4200D2200070BD70B504000D6867
:104450000368AB420AD0002D02D06B6801336B6059
:104460002068002801D0ECF71AF82560200070BD04
:1044700030B5100000E0C968002906D00D691C683D
:10448000A542F8D308008968F6E730BD10B50B00E7
:104490008168021DFFF7ECFF10BDF0B5C64600B500
:1044A000804617008C680D1D012302E0E26825009C
:1044B0001400002C08D03E682569AE429B415B4247
:1044C000AE42F3D2A268F2E72800002B04D0CB68FA
:1044D000AB420CD00DF052FE02693B689A420AD200
:1044E00043461C605D60404680BCB846F0BD434614
:1044F0001C605D60F7E74346186000234246536046
:10450000F1E7F0B5C64600B504000E0015001F0027
:104510000A1D954213D03A6890462A6942452FD920
:10452000CA68AA4220D028000DF028FE036943453E
:1045300020D2C368002B1AD02560656010E04B695B
:10454000002B08D00B691A693968914203D90022FF
:104550000260436004E03A0031002000FFF79DFF55
:10456000200080BCB846F0BD02604260F8E72360DE
:104570006060F5E73A0031002000FFF78EFFEFE7BB
:1045800042451BD20A69AA420BD028000DF0E0FD7B
:10459000036998450CD2EB68002B06D02060606060
:1045A000DEE7002303604260DAE723606560D7E757
:1045B0003A0031002000FFF770FFD1E705600023CB
:1045C0004360CDE770B504001D00002909D001202B
:1045D000231D29000DF0EEFD63690133636128009E
:1045E00070BD031D9A4205D02B691169994203D809
:1045F0000020EDE70120EBE70120E9E710B582B0EC
:1046000004000091019200686368FFF7DBFF00235C
:10461000636002B010BD000070B504000D000023FF
:10462000036010200DF0ECFB0DE00CF0E9FE002D16
:1046300003D02B68DB69280098470DF04BFB0CF08A
:1046400019FF0CF001FE054B0360012343608360FA
:10465000034B0360C5602060200070BDF8DB0210D2
:104660003CDC021010B504004168002902D000684B
:10467000ECF758FA200010BDF0B5C64600B58046EC
:1046800017008C680D1D012302E0E268250014006C
:10469000002C08D03E682569AE429B415B42AE4289
:1046A000F3D2A268F2E72800002B04D0CB68AB421B
:1046B0000CD00DF063FD02693B689A420AD2434672
:1046C0001C605D60404680BCB846F0BD43461C603F
:1046D0005D60F7E743461860002342465360F1E708
:1046E000F0B5C64600B504000E0015001F000A1DF7
:1046F000954213D03A6890462A6942452FD9CA6834
:10470000AA4220D028000DF039FD0369434520D28C
:10471000C368002B1AD02560656010E04B69002B40
:1047200008D00B691A693968914203D900220260E6
:10473000436004E03A0031002000FFF79DFF2000B5
:1047400080BCB846F0BD02604260F8E7236060605C
:10475000F5E73A0031002000FFF78EFFEFE7424512
:104760001BD20A69AA420BD028000DF0F1FC0369A4
:1047700098450CD2EB68002B06D020606060DEE725
:10478000002303604260DAE723606560D7E73A0000
:1047900031002000FFF770FFD1E705600023436080
:1047A000CDE770B504001D00002909D00120231DAC
:1047B00029000DF0FFFC636901336361280070BDBF
:1047C000031D9A4205D02B691169994203D8002034
:1047D000EDE70120EBE70120E9E710B582B0040026
:1047E0000091019200686368FFF7DBFF00236360BC
:1047F00002B010BD10B504004168002902D0006865
:10480000ECF7ADF9200010BD10B5074B8B4204D377
:104810002C2048430DF0F4FA10BD044B994201D905
:104820000DF09AFD0DF088FD2EBAE8025D74D105F9
:1048300030B583B0150000220121FFF7E5FF040029
:104840002B6801931B68036114301822002108F0C3
:10485000D3FA00232376E3612200183222626262D7
:10486000A362200003B030BD30B585B004000D0058
:1048700011001A000290089BFFF7DAFF0300039073
:1048800010332A0021006846FFF73BFE019B002BF6
:104890000BD000991A0002A8FFF7B0FE040002A88E
:1048A000FFF7A8FF200005B030BD009CF7E700002F
:1048B00030B585B004000D00FFF7E8FD231D0100B1
:1048C000834203D02A6803699A4207D20295054AB7
:1048D00003AB009302AB2000FFF7C6FF143005B016
:1048E00030BDC0464CD6021010B5084B8B4205D3E4
:1048F000C800401A80000DF083FA10BD044B9942A5
:1049000001D90DF029FD0DF017FDC0462449920490
:104910004992240910B582B0140000220121FFF74A
:10492000E3FF236801931B680361002343618361F4
:1049300002B010BD30B585B004000D0011001A00A2
:104940000290089BFFF7E6FF0300039010332A0054
:1049500021006846FFF7C4FE019B002B0BD0009995
:104960001A0002A8FFF739FF040002A8FFF77AFE39
:10497000200005B030BD009CF7E7000030B585B0E1
:1049800004000D00FFF74AFD231D0100834203D000
:104990002A6803699A4207D20295054A03AB00933D
:1049A00002AB2000FFF7C6FF143005B030BDC04693
:1049B0004CD60210F0B5DE4657464E464546E0B5A9
:1049C00091B005000C00099208931AAB80CB1B78BC
:1049D00098461CAB1B7899461DAB1B789A461EABBC
:1049E0001B789B464F4B994228D04F4B994228D178
:1049F00001230D934D4E0DA93000FFF759FF09A972
:104A0000FFF713FD07900DA93000FFF751FF0430A9
:104A1000079B834227D120200DF0F2F90600099A66
:104A20005B460493534603934B46029343460193DC
:104A30000097089B21000CF0B5F926E000230D93A8
:104A4000D8E704200CF0C4FB040004200DF0D8F9D2
:104A500000220260364B0360364B0360206036490B
:104A600020000DF01DF904200CF0B2FB040004201E
:104A70000DF0C6F9002202602D4B03602F4B03603E
:104A800020602F4920000DF00BF90B9631000CA887
:104A9000FFF7C2FD25480DA9FFF70AFF09A9FFF797
:104AA0006DFF0B9B08C00CA9FFF7CFFC0B9B0E936F
:104AB0000C9B0F93002B02D05A6801325A600EA94A
:104AC00028000BF0C9FE0F98002801D0EBF7E7FC97
:104AD0000C98002801D0EBF7E2FC280011B0F0BCE4
:104AE000BB46B246A946A046F0BD20000CF086FBAE
:104AF0000CF0AAFB20000CF081FB0CF0A5FB2021A0
:104B000030000CF003FB0CF09FFB0F98002801D045
:104B1000EBF7C5FC0C98002801D0EBF7C0FC0CF0BB
:104B200093FBF7E70000205000003050302A0020AF
:104B30006804031014DC021014DB021028DC0210DD
:104B400044DB021030B587B004000AA820C8007802
:104B500000280ED002281BD00020049003300390C0
:104B6000023802900130019000952000FFF722FFEB
:104B70000BE00020049003300390013802900138CC
:104B8000019000952000FFF715FF200007B030BD11
:104B900004200490013803900138029001380190FC
:104BA00000952000FFF706FFEFE70000F0B5D646BE
:104BB0004F464646C0B5D2B008F02EFB192003F090
:104BC000D1FFD0231B06802292045A625A610CAB9B
:104BD00000221A700D9202210E911C3119735A7322
:104BE0003C4A13CB13C21B881380FFF795F93A4B4D
:104BF0001B68002B2ED0394B1B68002B34D0384B50
:104C00001B68002B3AD0344B1868002842D0334B35
:104C10001B68002B40D0324B1B68002B38D0036838
:104C20009B6898472D4B186803689B6998472C4BE5
:104C3000186803681B699847012301937133009337
:104C4000623B0022274909A8FFF77CFF09A80BF067
:104C5000D9FE4BE034200DF0D3F88046EDF72AFB67
:104C60001D4B42461A60C6E70C200DF0C9F880467D
:104C7000FBF78AFB194B42461A60C0E704200DF08F
:104C8000BFF88046EBF746FB154B42461A60BAE781
:104C900000240BE0002409E0002407E0D0231B06D9
:104CA000802292049A61642004F0E1FF0C4B1B689F
:104CB0000A4A1268084909680B4808F0A1FA01235A
:104CC0005C40E4B2002CE9D0D0231B068022920481
:104CD0005A61E8E7C422002098390020BC3A00203D
:104CE0005C38002000002050A0D9021009A80BF069
:104CF00099FE802109A80BF0C4FDFA20400004F0C1
:104D0000B6FFEC4B09A91868F9F7E5FBEA4804F08F
:104D1000AEFFFCF7A1FA0C22002110A808F06CF8F5
:104D20000822002110A808F067F800231393E34B32
:104D30001093E34B1393E34B1293022110A8FCF75B
:104D4000B9FE10A8EBF7A1FB0C22002114A808F073
:104D500053F80822002114A808F04EF800231793F6
:104D6000D94B1493D64B1793D64B1693032114A803
:104D7000FCF7A0FE14A8EBF788FB0C22002118A872
:104D800008F03AF80822002118A808F035F80023A6
:104D90001B93CE4B1893CA4B1B93CA4B1A930521F6
:104DA00018A8FCF787FE18A8EBF76FFB0C22002170
:104DB0001CA808F021F8082200211CA808F01CF803
:104DC00000231F93C24B1C93BD4B1F93BD4B1E93DF
:104DD00004211CA8FCF76EFE1CA8EBF756FB0C2266
:104DE000002120A808F008F80822002120A808F0D7
:104DF00003F800232393B74B2093B14B2393B14B7C
:104E00002293062120A8FCF755FE20A8EBF73DFBD6
:104E10000C22002124A807F0EFFF0822002124A87B
:104E200007F0EAFF00232793AB4B2493A44B27936F
:104E3000A44B2693092124A8FCF73CFE24A8EBF7F9
:104E400024FB0C22002128A807F0D6FF082200210D
:104E500028A807F0D1FF00232B93A04B2893984B51
:104E60002B93984B2A93072128A8FCF723FE28A808
:104E7000EBF70BFB0C2200212CA807F0BDFF082349
:104E800098461A0000212CA807F0B6FF00232F93A4
:104E9000934B2C938A4B2F938A4B2E9341462CA8ED
:104EA000FCF708FE2CA8EBF7F0FA0C22002130A842
:104EB00007F0A2FF4246002130A807F09DFF002323
:104EC0003393884B30937E4B33937E4B32930A213E
:104ED00030A8FCF7EFFD30A8EBF7D7FA0C22002141
:104EE00034A807F089FF4246002134A807F084FF68
:104EF000002337937C4B3493714B3793714B36932C
:104F00000B2134A8FCF7D6FD34A8EBF7BEFA0C232E
:104F100098461A00002138A807F06EFF08220021E9
:104F200038A807F069FF00233B93704B3893644B1C
:104F30003B93644B3A93414638A8FCF7BBFD38A835
:104F4000EBF7A3FA424600213CA807F055FF0822E0
:104F500000213CA807F050FF00233F93644B3C9393
:104F6000574B3F93574B3E930D213CA8FCF7A2FDB6
:104F70003CA8EBF78AFA0020FFF77AF8C2464246CF
:104F8000002140A807F038FF082399461A000021A5
:104F900040A807F031FF002398464393554B4093B8
:104FA000554B4393554B42935246414644A807F014
:104FB00023FF4A46414644A807F01EFF4346479355
:104FC0004F4B44934F4B47934F4B4693524641466A
:104FD00048A807F011FF4A46414648A807F00CFFD1
:104FE00043464B93494B4893494B4B93494B4A9308
:104FF00048AA44A940A8FEF70BFD48A8EBF745FADC
:1050000044A8EBF742FA40A8EBF73FFAD0231B067F
:10501000802292049A612BE0FEF75AFCFCF7E8FE2E
:10502000FCF7D4FD04F0ACFE04000D003A4B1A6806
:105030005B68121BAB41DE17370031005140049111
:10504000734005930499059A891BBA41049105920E
:10505000002A03DC08D1314B994205D92E4B1C6044
:105060005D602F4B01221A702D4B1B78002B03D152
:105070000A2004F0FCFDCFE7294B00221A70294BCF
:105080005B68002B06D1284B19680B68DB6907A801
:1050900098474DE023494CA80DF022FF4CA909A8E0
:1050A000FFF7C6F84CA80DF08DFB20491D480DF008
:1050B0002FFEE8E74C34002070170000693C011017
:1050C0007D060010FD0500108D3B0110F93F011019
:1050D000213D0110C13B0110B93C0110153C0110EC
:1050E000CD3A0110ED3C011015420110ED3B0110CD
:1050F0003D3C0110693A0110013B01105943011078
:10510000953A0110153B01109D430110B53A01106D
:10511000213B0110E1430110381C0020E093040002
:1051200064140020401C0020BC3A00209CD90210CE
:1051300007ABDB795BB298465B4B1B68984509D19E
:105140005A4B1B68002B3CD1594B18680368DB682D
:10515000984722E0544B42461A6007AB05229A5604
:10516000914606229A56924603229A560221595691
:1051700000201B5E4F480393029101924E4B1B6827
:10518000009343465246494608F03AF84346524691
:10519000494609A8FEF70EFFD2E7FEF73FFF464B50
:1051A0001B68834205DAFF2B03DC434A013313609B
:1051B00009E0834207DD0B2B05DD3F4A013B13600D
:1051C00001E03D4A13603C4B19683C4B1B68CB1A0D
:1051D000DA179B185340002B00DC49E7374B196066
:1051E000C9B209A80BF04DFB07AB052159560622A1
:1051F0009A56434609A8FEF7DDFE39E734214046BA
:105200000BF084FF0CF020F80C2140460BF07EFFE1
:105210000CF01AF8042140460BF078FF0CF014F85B
:1052200010A8EBF732F909A80BF022FB0CF00CF8F0
:1052300014A8EBF72AF9F6E718A8EBF726F9F2E736
:105240001CA8EBF722F9EEE720A8EBF71EF9EAE736
:1052500024A8EBF71AF9E6E728A8EBF716F9E2E736
:105260002CA8EBF712F9DEE730A8EBF70EF9DAE736
:1052700034A8EBF70AF9D6E738A8EBF706F9D2E736
:105280003CA8EBF702F9CEE748A8EBF7FEF844A8F4
:10529000EBF7FBF840A8EBF7F8F8C4E74CA80DF0E3
:1052A00091FAC0E7BFE7C04668140020D833002059
:1052B0005C380020D8D902106C1400205838002027
:1052C000F0B5CE46474680B5CC4CA54404000D0051
:1052D00001280CD0002C04D1C94B9D4201D103F010
:1052E0003AFAC84B9D44C0BCB946B046F0BDC44B69
:1052F0009942EFD1C44B00221A719A60C349D96018
:1053000019615A61C24B1E6801361E60012E7BD0A6
:10531000C04A136801331360012B00D1ADE0BE4BCE
:105320001E6801361E60012E00D1B0E0BB4A136832
:1053300001331360012B01D101F093F9B84A1368CE
:1053400001331360012B01D101F0B6F9B54A13689E
:1053500001331360012B01D101F0B3F9B24A136894
:1053600001331360012B01D101F0B3F9AF4A136887
:1053700001331360012B01D101F0B4F9AC4A136879
:1053800001331360012B01D101F0B4F9A94A13686C
:1053900001331360012B01D101F0BBF9A64A136858
:1053A00001331360012B01D101F02AFAA34B1E68CF
:1053B00001361E60012E01D101F031FAA04B1E68AA
:1053C00001361E60012E01D101F007FE9D4A1368CF
:1053D00001331360012B01D102F07EFA9A4B1E6853
:1053E00001361E60012E01D102F0CBFE974998488C
:1053F000984A6A44EBF7B6F804200CF001FD060069
:10540000F8F7C6FF03F0A3F993499448E3AAEBF732
:10541000A9F893499348E4AAEBF7A4F810E004260E
:1054200005239B1B18245C438C4BE4188B4B9C423C
:1054300001D103F0E9FA183C20000DF0C3F9F5E7BB
:1054400089498A48E5AAEBF78DF801E00326E7E7EA
:1054500087498848E6AAEBF785F801E00226DFE7EE
:1054600085498648E7AAEBF77DF885498548E8AA8B
:10547000EBF778F84CE70026D2E7834B00221A704E
:105480005A60022199601C3119735A7347E76F49BA
:10549000EFAAE9A8EBF766F810E0102410231B1B15
:1054A0004C245C43794BE418784B9C4201D103F0C7
:1054B000D6FA4C3C2000EBF728F8F5E76349F6AA4A
:1054C000F0A8EBF74FF804E01024E9A80DF07AF902
:1054D000E4E70027F79701235B42F893F9936C4BBD
:1054E0006B441F700C223900FBA807F085FCFB976A
:1054F000FC97FD976548FBAB0393654B6B440293A8
:10550000F9AB0193F8AB0093F7ABF0AAE9A9EBF77D
:1055100089FD07E01024FBA8EAF7E7FFF0A80DF0EB
:1055200051F9D2E75B49FFAA1432FEA8EBF71AF84B
:1055300001E00F24EFE75849FFAA3032FFA81830E6
:10554000EBF710F804E00F24FEA80DF03BF9E2E7BA
:105550000323FFAA34321360043BFFAA38321360DE
:10556000FFAA3C3213600027FFAB43331F700C22AD
:105570003900FFA8443007F03FFCFFAB44331F6005
:10558000FFAB48331F60FFAB4C331F604348FFAB9A
:1055900044330393FFAB43330293FFAB3C3301939C
:1055A000FFAB38330093FFAB3433FFAA1832FEA9A8
:1055B000EBF738FD09E00F24FFA84430EAF795FF28
:1055C000FFA818300DF0FEF8BEE73549FFAA683293
:1055D000FFA85030EAF7C6FF01E00E24ECE731499E
:1055E000FFAA8432FFA86C30EAF7BCFF5CE00E240F
:1055F000FFA850300DF0E6F8DEE7C04634EFFFFFBD
:10560000FFFF0000CC100000302A0020342A0020C8
:105610006C1C0020701C0020681C0020641C0020F2
:10562000601C0020581C00205C1C0020741C002002
:10563000801C00207C1C0020781C0020881C00207E
:10564000901C00208C1C0020841C00209CD902107F
:10565000401C0020C410000024C00210342200208E
:105660002CC002104C22002034C002106422002002
:105670003CC002107C22002044C002109422002072
:105680004CC00210AC220020C4220020281D0020A3
:10569000EB03000054C0021058C00210741D00201B
:1056A000101A03105CC002100323FFAA8832136093
:1056B000043BFFAA8C321360FFAA903213600027CC
:1056C000FFAB97331F700C223900FFA8983007F00A
:1056D00093FBFFAB98331F60FFAB9C331F60FFABA6
:1056E000A0331F60D348FFAB98330393FFAB9733CE
:1056F0000293FFAB90330193FFAB8C330093FFAB6E
:105700008833FFAA6C32FFA95031EBF78BFC09E01C
:105710000E24FFA89830EAF7E8FEFFA86C300DF0E1
:1057200051F865E7C449FFAABC32FFA8A430EAF7E4
:1057300019FF01E00D24ECE7C049FFAAD832FFA809
:10574000C030EAF70FFF05E00D24FFA8A4300DF0EC
:1057500039F8DEE70123FFAADC3213600027FFAA35
:10576000E0321760FF225242FFA9E4310A60FFAA2B
:10577000EB3213700C223900FFA8EC3007F03CFB31
:10578000FFABEC331F60FFABF0331F60FFABF433B4
:105790001F60AB48FFABEC330393FFABEB330293DB
:1057A000FFABE4330193FFABE0330093FFABDC339B
:1057B000FFAAC032FFA9A431EBF734FC09E00D24A5
:1057C000FFA8EC30EAF791FEFFA8C0300CF0FAFF1A
:1057D000BBE79C499C4A6A44FFA8F830EAF7C2FE3E
:1057E00001E00C24ECE79949A522D2006A44A220EA
:1057F000C0006844EAF7B6FE05E00C24FFA8F830C4
:105800000CF0E0FFDCE70323914A6A441360043B99
:10581000A622D2006A4413608E4A6A4413600027AD
:105820008D4B6B441F700C2239008C4B6B4418005D
:1058300007F0E2FA894B6B441F60A823DB006B443E
:105840001F60874B6B441F608648844B6B440393F7
:10585000814B6B4402937F4B6B440193A623DB0087
:105860006B4400937A4B6B44A222D2006A44FFA996
:10587000F831EBF7D7FB0AE00C2478486844EAF7E4
:1058800034FEA220C00068440CF09CFFB6E77649C5
:10589000AC22D2006A44A920C0006844EAF762FE44
:1058A00001E00B24E9E77149714A6A447148684490
:1058B000EAF758FE06E00B24A920C00068440CF06B
:1058C00081FFDAE70423B022D2006A441360002388
:1058D000694A6A4413600533B122D2006A441360F6
:1058E000664B6B4401221A706549664A6A44BFA838
:1058F000EAF738FE11E005260B240522921B182337
:105900005343BFAAD518BFAB9D4201D103F0A1F804
:10591000183D28000CF056FFF5E75B49B522D20090
:105920006A44C5A8EAF71EFE02E004260B24E4E759
:105930005649574A6A44CBA8EAF714FE02E0032608
:105940000B24DAE75349B622D2006A44D1A8EAF719
:1059500009FE02E002260B24CFE74F494F4A6A4472
:10596000D7A8EAF7FFFD01E00B24C6E74C49B722B0
:10597000D2006A44DDA8EAF7F5FD02E000260B2418
:10598000BBE7BFA9474B6B4419600622B423DB0079
:105990006B441A60444B6B44B220C0006844EAF781
:1059A00077FF0BE00B24E3ADBFAB9D4201D103F0C9
:1059B0004DF8183D28000CF005FFF5E73B48B223F1
:1059C000DB006B4403932D4B6B440293B123DB004C
:1059D0006B440193284B6B440093B023DB006B4472
:1059E000244A6A44A921C9006944EBF71BFB06E07D
:1059F0000B24B220C0006844EAF777FDD3E72C49B6
:105A0000BB22D2006A44B820C0006844EAF7AAFD6D
:105A100001E00A24EDE72749274A6A4427486844F9
:105A2000EAF7A0FD4CE00A24B820C00068440CF05E
:105A3000C9FEDEE7C01D002068C002106CC0021065
:105A40000C1E00207CC002100C0500009CD9021026
:105A50002C050000340500003B0500003C0500005B
:105A600044050000581E002080C0021084C00210AF
:105A70007C05000064050000840500008F0500001F
:105A800024C00210A40500002CC0021034C0021073
:105A9000AC0500003CC0021044C00210B405000078
:105AA0004CC002109C050000BC050000A41E002094
:105AB00094C0021098C00210F4050000DC0500003C
:105AC0000223BF22D2006A441360033BE54A6A44C2
:105AD0001360C022D2006A441360E34B6B4401227E
:105AE0001A700B320021C123DB006B44180007F051
:105AF00083F90023C122D2006A441360DB4A6A445E
:105B00001360C222D2006A441360D948C123DB006B
:105B10006B440393D44B6B440293C023DB006B4470
:105B20000193D04B6B440093BF23DB006B44D14AFD
:105B30006A44B821C9006944EBF774FA0AE00A2400
:105B4000C120C0006844EAF7D0FCCA4868440CF0A1
:105B500039FE69E7C849C94A6A44C9486844EAF74E
:105B600001FD01E00924EBE7C649C922D2006A44DD
:105B7000C620C0006844EAF7F5FC05E00924C048E7
:105B800068440CF01FFEDBE70123BF4A6A44136040
:105B90000A22CA21C90069440A605A32BB496944D1
:105BA0000A60BB4A6A4413700C220021B94B6B4453
:105BB000180007F021F90023B64A6A441360CC228A
:105BC000D2006A441360B44A6A441360B348B14BCC
:105BD0006B440393AE4B6B440293AC4B6B44019309
:105BE000CA23DB006B440093A74B6B44C622D20050
:105BF0006A44A3496944EBF715FA0AE00924A54869
:105C00006844EAF772FCC620C00068440CF0DAFD74
:105C1000B5E7A349D022D2006A44CD20C000684431
:105C2000EAF7A0FC01E00824E9E79E499E4A6A449D
:105C30009E486844EAF796FC06E00824CD20C000A0
:105C400068440CF0BFFDDAE70323D422D2006A4493
:105C50001360043B964A6A441360D522D2006A441A
:105C600013600027934B6B441F700C223900D6231E
:105C7000DB006B44180007F0BFF8D623DB006B4451
:105C80001F608D4B6B441F60D723DB006B441F608C
:105C90008A48D623DB006B440393864B6B44029304
:105CA000D523DB006B440193814B6B440093D423D9
:105CB000DB006B447D4A6A44CD21C9006944EBF79F
:105CC000B1F90AE00824D620C0006844EAF70DFCC8
:105CD000764868440CF076FDB0E77949794A6A4421
:105CE00079486844EAF73EFC01E00724EBE777498E
:105CF000DE22D2006A44DB20C0006844EAF732FCAE
:105D000005E00724704868440CF05CFDDBE70223E3
:105D10006F4A6A441360033BDF22D2006A44136077
:105D20006C4A6A4413606C4B6B4401221A700B324C
:105D300000216A4B6B44180007F05EF80023674AA5
:105D40006A441360E122D2006A441360644A6A44E0
:105D500013606448614B6B4403935F4B6B44029345
:105D60005C4B6B440193DF23DB006B440093584B87
:105D70006B44DB22D2006A4453496944EBF752F981
:105D80000AE0072455486844EAF7AFFBDB20C0006F
:105D900068440CF017FDB5E75349E522D2006A4488
:105DA000E220C0006844EAF7DDFB01E00624E9E7F1
:105DB0004E494F4A6A444F486844EAF7D3FB06E02D
:105DC0000624E220C00068440CF0FCFCDAE704235F
:105DD000E922D2006A4413600023474A6A441360F0
:105DE0000333EA22D2006A441360444B6B4401221D
:105DF0001A704349434A6A44A7A8EAF7B3FB11E083
:105E0000032606240322921B18235343A7AAD5185E
:105E1000A7AB9D4201D102F013FE183D28000CF003
:105E2000D1FCF5E73849EE22D2006A44ADA8EAF782
:105E300099FB02E002260624E4E73449344A6A4426
:105E4000B3A8EAF78FFB01E00624DBE73149EF2234
:105E5000D2006A44B9A8EAF785FB5DE00026062473
:105E6000D0E7C046FC050000070600000C06000055
:105E7000F01E0020DC050000A8C002102C06000067
:105E800014060000ACC002104C06000054060000CE
:105E90005B0600005C060000640600003C1F00205A
:105EA000C0C002109CD902109C06000084060000AD
:105EB000A4060000AF060000B4060000881F002002
:105EC000C4C00210D4060000BC060000C8C0021006
:105ED000F4060000FC0600000307000004070000B1
:105EE0000C070000D41F0020D8C00210DCC0021034
:105EF000440700002C0700004C0700005707000073
:105F0000E8C002106C070000FCC002100CC10210B7
:105F10007407000018C10210A7A9DB4B6B4419607D
:105F20000422ED23DB006B441A60D84B6B44EB205A
:105F3000C0006844EAF7ACFC0BE00624BFADA7AB99
:105F40009D4201D102F079FD183D28000CF03AFC89
:105F5000F5E7CF48EB23DB006B440393CD4B6B4459
:105F60000293EA23DB006B440193CB4B6B44009319
:105F7000E923DB006B44C94A6A44E221C900694451
:105F8000EBF750F806E00624EB20C0006844EAF77F
:105F9000ACFAD3E7C249F322D2006A44F020C00031
:105FA0006844EAF7DFFA01E00524EDE7BD49BE4A9F
:105FB0006A44BE486844EAF7D5FA06E00524F020B2
:105FC000C00068440CF0FEFBDEE70223F722D2009B
:105FD0006A441360033BB64A6A441360F822D20055
:105FE0006A441360B34B6B4401221A700B320021D8
:105FF000F923DB006B44180006F0FEFE0023F922B3
:10600000D2006A441360AC4A6A441360FA22D20098
:106010006A441360A948F923DB006B440393A54B42
:106020006B440293F823DB006B440193A04B6B4459
:106030000093F723DB006B449C4A6A44F021C900BB
:106040006944EAF7EFFF0AE00524F920C00068443C
:10605000EAF74BFA954868440CF0B4FBAFE798496F
:10606000984A6A4498486844EAF77CFA01E00424B4
:10607000EBE79649964A6A44FE20C0006844EAF776
:1060800071FA05E00424904868440CF09BFBDCE7BF
:106090000123904A6A4413600027812212016A4456
:1060A000176064228C4969440A608C4A6A44137000
:1060B0000C2239008A4B6B44180006F09DFE884B79
:1060C0006B441F6082231B016B441F60854B6B4434
:1060D0001F608548824B6B440393804B6B44029353
:1060E0007D4B6B44019381231B016B440093794BDF
:1060F0006B44FE22D2006A4473496944EAF792FF76
:106100000AE0042476486844EAF7EFF9FE20C0006C
:1061100068440CF057FBB6E77449842212016A44C4
:1061200073486844EAF71EFA01E00324EAE771497C
:10613000714A6A4471486844EAF714FA05E0032496
:106140006B4868440CF03EFBDCE702238622120118
:106150006A441360033B6A4A6A441360694A6A44AA
:106160001360694B6B4401221A700B3200218723A4
:106170001B016B44180006F03FFE0023872212012A
:106180006A441360614A6A441360614A6A44136056
:10619000604887231B016B4403935B4B6B44029362
:1061A000584B6B440193564B6B44009386231B0161
:1061B0006B44524A6A444E496944EAF733FF0AE0A5
:1061C0000324872000016844EAF78FF94B486844AC
:1061D0000CF0F8FAB4E75049504A6A445048684411
:1061E000EAF7C0F901E00224EBE74E498B221201E5
:1061F0006A444D486844EAF7B5F905E00224484886
:1062000068440CF0DFFADCE70223484A6A44136072
:10621000033B474A6A441360464A6A4413600027B6
:10622000454B6B441F700C223900444B6B441800E3
:1062300006F0E2FD414B6B441F60414B6B441F6015
:10624000404B6B441F6040483C4B6B4403933A4BBC
:106250006B440293374B6B440193354B6B44009373
:10626000324B6B44304A6A442D496944EAF7DAFEFE
:106270006CE0022631486844EAF737F92A48684456
:106280000CF0A0FA3400BAE7640700007C070000B5
:1062900020200020570700004C0700002C070000BA
:1062A00024C1021028C10210B40700009C0700009E
:1062B000BC070000C7070000CC0700006C200020CE
:1062C00040C10210EC070000D407000044C10210D6
:1062D000080800000C080000140800001B0800005B
:1062E0001C08000024080000B820002054C102103F
:1062F0002808000058C102105C0800004408000093
:1063000064080000680800006F08000074080000BE
:10631000780800000421002064C1021094080000E5
:106320007C0800009CD9021098080000B408000006
:10633000B8080000BC080000C3080000C408000042
:10634000C8080000CC08000050210020F849F94A94
:106350006A448D2000016844EAF704F9F649F74AD7
:106360006A44F7486844EAF7FDF80027F54B6B44A8
:106370001F6001235B42F44A6A44136091221201B8
:106380006A441360F14B6B441F700C223900F04BD0
:106390006B44180006F030FDED4B6B441F60ED4B75
:1063A0006B441F6092231B016B441F60EA48E84B5B
:1063B0006B440393E54B6B44029391231B016B44A5
:1063C0000193E14B6B440093DE4B6B44DC4A6A441F
:1063D0008D2109016944EAF725FEE049E04A6A4453
:1063E000E0486844EAF7BEF80EE00026D848684462
:1063F000EAF77BF8D24868440CF0E4F98D200001FC
:1064000068440CF0DFF935E7CB49D74A6A44942059
:1064100000016844EAF7A6F80523D44A6A441360E9
:10642000063B962212016A441360D14A6A44136003
:106430000026D04B6B441E700C223100CE4B6B44B7
:10644000180006F0D9FCCC4B6B441E6097231B014F
:106450006B441E60C94B6B441E60C948C64B6B44FD
:106460000393C44B6B440293C14B6B44019396233B
:106470001B016B440093BD4B6B44942212016A4490
:10648000B8496944EAF7CEFDBB486844EAF72DF8FD
:106490009420000168440CF095F9B24868440CF06F
:1064A00091F9AB486844EAF720F8A54868440CF035
:1064B00089F98D20000168440CF084F9B1486844E2
:1064C000EAF713F8B04868440CF07CF9AF48684428
:1064D0000CF078F9872000016844EAF706F8AC4828
:1064E00068440CF06FF9AB4868440CF06BF9AA48AB
:1064F0006844E9F7FAFFFE20C00068440CF062F936
:10650000A64868440CF05EF9F920C0006844E9F739
:10651000ECFFA34868440CF055F9F020C000684433
:106520000CF050F9EB20C0006844E9F7DEFFBFAE85
:10653000A7AB9E4204D0183E30000CF043F9F7E7B9
:10654000984868440CF03EF9E220C00068440CF022
:1065500039F995486844E9F7C8FFDB20C000684472
:106560000CF030F9914868440CF02CF9D620C000AA
:106570006844E9F7BAFF8E4868440CF023F9CD204F
:10658000C00068440CF01EF98A486844E9F7ADFF82
:10659000C620C00068440CF015F9874868440CF028
:1065A00011F9C120C0006844E9F79FFF834868449F
:1065B0000CF008F9B820C00068440CF003F9B220D0
:1065C000C0006844E9F791FFE3AEBFAB9E4204D040
:1065D000183E30000CF0F6F8F7E7794868440CF004
:1065E000F1F8A920C00068440CF0ECF87548684444
:1065F000E9F77BFFA220C00068440CF0E3F8FFA895
:10660000F8300CF0DFF8FFA8EC30E9F76EFFFFA8D8
:10661000C0300CF0D7F8FFA8A4300CF0D3F8FFA8D6
:106620009830E9F762FFFFA86C300CF0CBF8FFA8B8
:1066300050300CF0C7F8FFA84430E9F756FFFFA828
:1066400018300CF0BFF8FEA80CF0BCF8FBA8E9F776
:106650004CFFF0A80CF0B6F8E9A80CF0B3F8FEF780
:1066600065FE594A3249BFAE3000E9F793FF574BF8
:106670006B441E600122564B6B441A605548564BC2
:106680006B440293554B6B44019398231B016B445D
:10669000009300233100EAF73DFCC9AEBFAB9E4238
:1066A00001D1FEF74BFE283E30001830E9F7EDFE31
:1066B00030000CF087F8F1E74948EAF7B2F9FEF745
:1066C00045FE1D494748484A6A44E9F74BFFFEF733
:1066D00045FE19494548992212016A44E9F742FFEB
:1066E000FEF744FE14494248424A6A44E9F73AFF39
:1066F000FEF744FE404E0C220021300006F07CFBE9
:1067000008220021300006F077FB0023F360FEF73B
:106710003DFE3A4E0C220021300006F06DFB0822AF
:106720000021300006F068FB0023F360FEF736FE20
:1067300068C10210E80800009CD90210040900009A
:10674000EC080000080900000C090000170900000F
:10675000180900001C0900009C21002070C10210D3
:106760003C09000024090000580900005C090000F1
:10677000640900006B0900006C0900007409000046
:10678000E8210020C4080000980800007C080000F0
:1067900044080000280800001C080000D40700007E
:1067A0009C0700002C07000004070000BC06000046
:1067B000840600005C06000014060000DC050000F2
:1067C000640500003C0500006D1701107809000009
:1067D0007C0900000C1D00208809000084090000CD
:1067E000E41C0020B41C00208C090000CC1C0020FC
:1067F000D4220020940900000C230020FC22002059
:10680000E94E0C220021300006F0F6FA08220021A1
:10681000300006F0F1FA0023F360FEF7C7FDE34F06
:106820000C220021380006F0E7FA00233B607B6071
:10683000BB609A2212016A44136053600121916087
:10684000D3601100DA4B6B441A600222D94B6B44BF
:106850001A60D9489B231B016B44EEF72FFAD749E6
:106860006944D74B0A0083CB83C283CB83C2D3490D
:106870006944D44B6B4419600322D34B6B441A60B8
:10688000D248D34B6B44EEF719FA10E020262223AE
:106890009B1B0C245C43C54BE418C44B9C4201D1A8
:1068A00002F0F3F80C3C2000EDF7EAFFF5E79E213B
:1068B00009016944C74B0A0083CB83C283CB83C2DF
:1068C0009E2109016944C44B6B4419600322C34BE8
:1068D0006B441A60C248C34B6B44EEF7EFF901E01A
:1068E0001F26D4E705A9C04B0A0083CB83C283CB04
:1068F00083C203CB03C205A9BC4B6B4419600422BD
:10690000A0231B016B441A60B948BA4B6B44EEF7E5
:10691000D5F901E01E26BAE7A44FB7480C239946E3
:106920001A00002106F068FA00239846FB633B64D6
:106930007B64380048304A46190006F05DFA434649
:10694000BB64FB643B650DA9AC4B0A0083CB83C2DF
:1069500083CB83C203CB03C20DA9A94B6B4419603F
:106960000422A84B6B441A60A748A1231B016B4467
:10697000EEF7A4F901E01B2689E715A9A34B0A004D
:1069800083CB83C283CB83C203CB03C215A9A04BA5
:106990006B44196004229F4B6B441A609E489F4BC6
:1069A0006B44EEF78BF901E01A2670E79C49382218
:1069B000A7A806F027FAA7A9A2231B016B44196018
:1069C0000722984B6B441A609748984B6B44EEF73C
:1069D00075F901E019265AE795493822BFA806F053
:1069E00011FABFA9934B6B4419600722A3231B0123
:1069F0006B441A609048914B6B44EEF75FF901E0ED
:106A0000182644E7A421090169448D4B0A0083CB71
:106A100083C283CB83C2A42109016944894B6B449F
:106A200019600322884B6B441A608848884B6B447A
:106A3000EEF744F901E0172629E71DA9854B0A0066
:106A400083CB83C283CB83C203CB03C21DA9824BFA
:106A50006B4419600422A6231B016B441A607F4813
:106A60007F4B6B44EEF72AF901E016260FE725A9C4
:106A70007C4B0A0083CB83C283CB83C203CB03C28C
:106A800025A9794B6B4419600422784B6B441A603A
:106A90007748A7231B016B44EEF710F901E0152698
:106AA000F5E62DA9734B0A0083CB83C283CB83C247
:106AB00003CB03C22DA9704B6B44196004226F4BAA
:106AC0006B441A606E486F4B6B44EEF7F7F801E0C9
:106AD0001426DCE600236C4A6A441360013B6B4ACF
:106AE0006A44136068496944A8231B016B44196018
:106AF0000122674B6B441A606648A9231B016B4453
:106B0000EEF7DCF801E01326C1E60C23624A6A4482
:106B100013600D3BAA2212016A4413605E49694466
:106B20005E4B6B44196001225D4B6B441A605D48FB
:106B30005D4B6B44EEF7C2F801E01226A7E6652331
:106B4000AB2212016A441360663B584A6A441360E0
:106B5000AB2109016944564B6B4419600122554B26
:106B60006B441A605448554B6B44EEF7A7F801E0AC
:106B700011268CE67123524A6A441360723B514AD3
:106B80006A4413604E4969444F4B6B4419600122BB
:106B9000AC231B016B441A604C484D4B6B44EEF721
:106BA0008DF897E0102672E6EC2200205424002095
:106BB000980900009C09000060240020BC09000026
:106BC00050DC0210B4090000B80900006C24002059
:106BD000D409000068DC0210D8090000DC090000BC
:106BE00078240020F809000080DC0210FC09000075
:106BF00084240020040A000090240020A0DC02105D
:106C0000080A00000C0A0000A8240020C0DC0210C2
:106C1000140A0000180A0000B42400201C0A000016
:106C2000E0DC0210240A0000C0240020280A000032
:106C300018DD02102C0A0000CC240020340A0000C9
:106C400050DD0210380A00003C0A0000D824002061
:106C5000580A000068DD02105C0A0000E4240020ED
:106C6000640A000088DD0210680A00006C0A000057
:106C7000F0240020A8DD0210740A0000780A000049
:106C8000FC2400207C0A0000880A00008C0A000016
:106C9000840A0000082500209C0A0000940A0000D5
:106CA000980A000014250020A40A0000B40A00007D
:106CB000A80A0000AC0A000020250020B80A000045
:106CC000C40A0000C80A0000BC0A00002C250020ED
:106CD000CC0A0000E64FE7480C2399461A00002131
:106CE00006F08AF800239846E4334246FA5004330B
:106CF000FA500433FA503800F0304A46414606F064
:106D00007BF8F0234246FA500433FA500433FA5029
:106D100035A9D94B0A0083CB83C283CB83C203CB73
:106D200003C235A9AD231B016B4419600422D34B68
:106D30006B441A60D248D34B6B44EDF7BFFF01E0C0
:106D40000D26A4E53DA9D04B0A0083CB83C283CB9B
:106D500083C203CB03C23DA9CC4B6B441960042210
:106D6000AE231B016B441A60C948CA4B6B44EDF754
:106D7000A5FF01E00C268AE545A9C74B0A0083CB95
:106D800083C283CB83C203CB03C245A9C34B6B44ED
:106D900019600422C24B6B441A60C248AF231B0126
:106DA0006B44EDF78BFF01E00B2670E54FA9BE4B5E
:106DB0000A0083CB83C283CB83C203CB03C24FA918
:106DC000BA4B6B4419600422B94B6B441A60B94842
:106DD000B94B6B44EDF772FF01E00A2657E559A95C
:106DE000B64B0A0083CB83C283CB83C203CB03C2DF
:106DF00059A9B0231B016B4419600422B04B6B44AA
:106E00001A60B048B04B6B44EDF758FF01E009261B
:106E10003DE583A9AD4B0A0083CB83C283CB83C2FC
:106E200083CB83C21B68136083A9A94B6B44196091
:106E30000522B1231B016B441A60A648A64B6B4484
:106E4000EDF73CFF01E0082621E59BA9A34B0A00D2
:106E500083CB83C283CB83C283CB83C283CB83C2E6
:106E60009BA99F4B6B44196006229E4B6B441A6092
:106E70009D48B2231B016B44EDF720FF01E007267C
:106E800005E563A9994B0A0083CB83C283CB83C2F8
:106E900003CB03C263A9964B6B4419600422954B44
:106EA0006B441A609448954B6B44EDF707FF01E083
:106EB0000626ECE46DA9924B0A0083CB83C283CBF8
:106EC00083C203CB03C26DA9B3231B016B441960BA
:106ED00004228C4B6B441A608B488C4B6B44EDF74F
:106EE000EDFE01E00526D2E477A9894B0A0083CBA9
:106EF00083C283CB83C203CB03C277A9854B6B4488
:106F000019600422B4231B016B441A608248834B2E
:106F10006B44EDF7D3FE01E00426B8E4B521090186
:106F200069447F4B0A0083CB83C283CB83C2B521E4
:106F3000090169447B4B6B44196003227A4B6B4413
:106F40001A607A487A4B6B44EDF7B8FE01E00326ED
:106F50009DE48FA9774B0A0083CB83C283CB83C286
:106F600083CB83C21B6813608FA9734B6B4419607A
:106F70000522B7231B016B441A607048704B6B44A9
:106F8000EDF79CFE01E0022681E4B8210901694485
:106F90006C4B0A0083CB83C283CB83C2B821090127
:106FA0006944694B6B4419600322684B6B441A6057
:106FB0006748684B6B44EDF781FE2D4E66480C2206
:106FC000002105F019FF0022CC2149007250043144
:106FD000725004317250FEF7F1F9604F0C2200211B
:106FE000380005F009FF00233B607B60BB6025A9EA
:106FF0005B4B0A0083CB83C283CB83C203CB03C228
:1070000025A9584B6B4419600422BA231B016B4419
:107010001A605548554B6B44EDF750FEBB221201E8
:107020006A44534B83CB83C21B681360BB210901A5
:107030006944504B6B44196002224F4B6B441A60F9
:107040004E48BC231B016B44EDF738FE98E0212627
:1070500023239B1B0C245C43404BE4183F4B9C4276
:1070600001D101F019FD0C3C2000EDF709FCF5E71A
:107070005424002038250020C8DD0210D40A000066
:1070800050250020D80A0000E8DD0210DC0A0000CC
:107090005C250020E40A000008DE0210E80A000077
:1070A000EC0A00006825002028DE0210F40A000027
:1070B000F80A000074250020FC0A000048DE0210D7
:1070C000040B000080250020080B000068DE021081
:1070D0000C0B00008C250020140B000090DE021029
:1070E000180B00001C0B000098250020C0DE0210C9
:1070F000240B0000280B0000A42500202C0B00000E
:10710000E0DE0210340B0000B0250020380B000038
:1071100000DF02103C0B0000BC250020440B0000E7
:1071200020DF0210480B00004C0B0000C825002097
:10713000680B000038DF02106C0B0000D425002023
:10714000740B000060DF0210780B00007C0B000065
:10715000E0250020980B0000EC250020902700205F
:1071600078DF02109C0B00009C270020A40B00007D
:1071700098DF0210A80B0000AC0B0000A82700202D
:10718000EE496944EE4B0A0083CB83C283CB83C2B2
:10719000EA496944EB4B6B4419600322EA4B6B44A8
:1071A0001A60EA48EA4B6B44EDF788FD01E02026BF
:1071B0004EE70023BF2212016A4413600733E54AF9
:1071C0006A441360BF2109016944E34B6B441960B1
:1071D0000122E24B6B441A60E148E24B6B44EDF74D
:1071E0006DFD01E01F2633E7DF4FE0480C23994691
:1071F0001A00002105F000FE00239846FB633B6463
:107200007B64380048304A46190005F0F5FD4346D6
:10721000BB64FB643B65D64B6B4442461A60072354
:10722000D44A6A441360D2496944D34B6B44196011
:107230000122C0231B016B441A60D048D04B6B4421
:10724000EDF73CFD01E01C2602E72DA9CD4B0A001D
:1072500083CB83C283CB83C203CB03C22DA9C123BB
:107260001B016B4419600422C74B6B441A60C7486A
:10727000C74B6B44EDF722FD01E01B26E8E677A93A
:10728000C44B0A0083CB83C283CB83C283CB83C22C
:1072900083CB83C277A9C04B6B4419600622C223FB
:1072A0001B016B441A60BD48BD4B6B44EDF706FDF6
:1072B00001E01A26CCE645A9BA4B0A0083CB83C26B
:1072C00083CB83C283CB83C21B68136045A9B64BB3
:1072D0006B4419600522B54B6B441A60B448C32354
:1072E0001B016B44EDF7EAFC01E01926B0E69E4F66
:1072F000B0480C22002105F07FFD002284217A5045
:1073000004317A5004317A504FA9AB4B0A0083CB39
:1073100083C283CB83C283CB83C21B6813604FA914
:10732000A64B6B4419600522A54B6B441A60A54817
:10733000A54B6B44EDF7C2FC01E0172688E68A4FA7
:10734000A2480C22002105F057FD00229C217A5012
:1073500004317A5004317A509D4A6A449D4B83CB64
:1073600083C21B6813609A496944C4231B016B44A0
:1073700019600222984B6B441A609848984B6B44F2
:10738000EDF79CFC01E0152662E659AA954B83CBEC
:1073900083C2110085CB85C185CB85C11B680B607D
:1073A00059A9914B6B4419600522C6231B016B44FC
:1073B0001A608E488E4B6B44EDF780FC01E014267A
:1073C00046E683AA8B4B83CB83C2110085CB85C154
:1073D00085CB85C185CB85C183A9874B6B4419605B
:1073E0000622864B6B441A608548C7231B016B44F9
:1073F000EDF764FC01E013262AE60023814A6A4483
:107400001360013BC82212016A4413607D4969443C
:107410007D4B6B44196001227C4B6B441A607C48A5
:107420007C4B6B44EDF74AFC01E0122610E60C237E
:10743000C92212016A4413600D3B774A6A44136003
:10744000C92109016944754B6B4419600122744BD1
:107450006B441A607348744B6B44EDF72FFC01E0EA
:107460001126F5E56523714A6A441360663B704A4C
:107470006A4413606D4969446E4B6B441960012284
:10748000CA231B016B441A606B486C4B6B44EDF7CD
:1074900015FC01E01026DBE57123694A6A4413609C
:1074A000723B684A6A44136065496944CB231B01F7
:1074B0006B4419600122644B6B441A606348CC230F
:1074C0001B016B44EDF7FAFB01E00F26C0E5264FE8
:1074D0005F480C2399461A00002105F08DFC00231B
:1074E0009846FC334246FA500433FA500433FA50BB
:1074F00038000930FF304A46414605F07DFC8423C0
:107500005B004246FA500433FA500433FA505149B2
:107510006944514B0A0083CB83C283CB83C24D495C
:1075200069444E4B6B44196003224D4B6B441A6007
:107530004C484D4B6B44EDF7C1FB99E0CC0B000080
:10754000A8DF0210C40B0000C80B0000B427002005
:10755000E40B0000F40B0000E80B0000EC0B000053
:10756000C0270020F80B000090270020CC27002027
:10757000040C0000080C0000FC0B0000E4270020B5
:107580000C0C000028DE0210140C0000F027002074
:10759000180C0000C0DF02101C0C0000FC270020AB
:1075A000240C0000F0DF0210280C00002C0C00005E
:1075B000082800201428002018E00210340C0000D5
:1075C000380C0000202800203C0C00002C28002053
:1075D000480C000040E00210440C00003828002055
:1075E000580C000050E002105C0C00004428002001
:1075F000640C000078E00210680C00006C0C0000C5
:10760000502800207C0C0000740C0000780C000056
:107610005C280020840C0000940C0000880C000002
:107620008C0C000068280020980C0000A40C0000BE
:10763000A80C00009C0C000074280020AC0C00007A
:10764000B80C0000BC0C0000B40C00008028002026
:107650008C280020CC0C0000A8E00210C40C000014
:10766000C80C0000A4280020E40C00000C26EFE465
:10767000CF2109016944EC4B0A0083CB83C283CB41
:1076800083C2CF2109016944E84B6B44196003228E
:10769000E74B6B441A60E748E74B6B44EDF70EFB92
:1076A00001E00B26D4E4E5496944E54B0A0083CBAD
:1076B00083C283CB83C2E1496944E24B6B441960C6
:1076C0000322D1231B016B441A60DF48DF4B6B445C
:1076D000EDF7F4FA01E00A26BAE4DD493822BFA842
:1076E00005F090FBBFA9D3231B016B44196007224F
:1076F000D84B6B441A60D848D84B6B44EDF7DEFA90
:1077000001E00926A4E48FAAD54B83CB83C21100E4
:1077100085CB85C185CB85C185CB85C18FA9D14B53
:107720006B4419600622D4231B016B441A60CE48B7
:10773000CE4B6B44EDF7C2FA01E0082688E4D52170
:1077400009016944CA4B0A0083CB83C283CB83C23D
:10775000D52109016944C74B6B4419600322C64B0C
:107760006B441A60C548C64B6B44EDF7A7FA01E0BD
:1077700007266DE463AAC34B83CB83C2110085CB7C
:1077800085C185CB85C11B680B6063A9BE4B6B446B
:1077900019600522D7231B016B441A60BB48BC4B00
:1077A0006B44EDF78BFA01E0062651E435ABB94A9C
:1077B00083CA83C3190089CA89C109CA09C135A905
:1077C000B54B6B4419600422B44B6B441A60B44847
:1077D000D8231B016B44EDF771FA01E0052637E46D
:1077E0003DABB04A83CA83C3190089CA89C109CA9B
:1077F00009C13DA9AC4B6B4419600422AB4B6B44EF
:107800001A60AB48AB4B6B44EDF758FA01E0042625
:107810001EE46DAAA84B83CB83C2110085CB85C122
:1078200085CB85C11B680B606DA9D9231B016B44F7
:1078300019600522A14B6B441A60A148A14B6B440F
:10784000EDF73CFA02E00326FFF702FC9BAA9E4BF1
:1078500083CB83C2110085CB85C185CB85C185CB08
:1078600085C19BA9994B6B4419600622DA231B0141
:107870006B441A609648974B6B44EDF71FFA02E091
:107880000226FFF7E5FBA7AA934B83CB83C2110027
:1078900085CB85C185CB85C185CB85C1A7A98F4BFC
:1078A0006B44196006228E4B6B441A608D48DB23B3
:1078B0001B016B44EDF702FA8B4E8C480C22002121
:1078C00005F09AFA0022D221490072500431725018
:1078D00004317250FDF77AFD854E0C2200213000F4
:1078E00005F08AFA002333607360B360814A6A440A
:1078F0001360536001219160D36011007E4B6B4493
:107900001A6002227D4B6B441A607D487D4B6B44AC
:10791000EDF7D4F97C4A6A447C4BC1CBC1C21B68E9
:10792000136079496944DD231B016B44196002220D
:10793000774B6B441A607748774B6B44EDF7BEF991
:1079400010E01F232122D31A0C245C43684BE41857
:10795000674B9C4201D101F0A4F80C3C2000ECF7ED
:107960008FFFF5E783AA6D4BC1CBC1C2110045CB98
:1079700045C145CB45C145CB45C183A9684B6B4447
:1079800019600622DF231B016B441A606548664BB1
:107990006B44EDF793F901E01E23D3E7544E63489F
:1079A0000C2398461A00002105F026FA00273763B9
:1079B0007763B76330003C304246390005F01CFA6B
:1079C000F763376477645A493822BFA805F01AFA7A
:1079D000BFA9584B6B4419600722574B6B441A6080
:1079E0005648E0231B016B44EDF768F901E01B23C7
:1079F000A8E78FAA524BC1CBC1C2110045CB45C1EC
:107A000045CB45C145CB45C18FA94E4B6B44196051
:107A100006224D4B6B441A604C484D4B6B44EDF7BE
:107A20004DF997E01A238DE7C0E00210E80C000042
:107A3000EC0C0000B0280020080D0000140D000020
:107A4000D8E002100C0D0000BC2800202C0D000016
:107A5000F0E00210340D0000C8280020380D0000AE
:107A600028E102103C0D0000D4280020440D000045
:107A700058E10210480D00004C0D0000E0280020E5
:107A8000680D000070E102106C0D0000EC28002071
:107A9000740D000098E10210780D00007C0D0000CC
:107AA000F8280020B8E10210840D0000880D0000C5
:107AB000042900208C0D0000D8E10210940D000074
:107AC00010290020980D000000E202109C0D00001B
:107AD0001C290020A40D000030E20210A80D0000B7
:107AE000AC0D000028290020902700203429002018
:107AF000F8250020BC0D0000B40D0000B80D0000FA
:107B000004260020CC0D0000D80D000060E2021019
:107B1000D40D000010260020E80D000070E20210D5
:107B2000EC0D00001C260020F40D0000282600208B
:107B3000A0E20210F80D0000FC0D0000402600201D
:107B4000D8E20210040E0000080E00004C260020AF
:107B50000C0E00002DA9ED4B0A00C1CBC1C243CBD6
:107B600043C203CB03C22DA9E1231B016B4419605F
:107B70000422E74B6B441A60E648E74B6B44EDF791
:107B80009DF801E01923DDE6E4496944E44B0A006D
:107B9000C1CBC1C243CB43C2E0496944E14B6B4412
:107BA00019600322E2231B016B441A60DE48DF4B9D
:107BB0006B44EDF783F801E01823C3E6DC4A6A441E
:107BC000DC4BC1CBC1C21B681360D9496944E423B3
:107BD0001B016B4419600222D74B6B441A60D748D3
:107BE000D74B6B44EDF76AF801E01723AAE635A9F5
:107BF000D44B0A00C1CBC1C243CB43C203CB03C2A7
:107C000035A9D14B6B4419600422E6231B016B4458
:107C10001A60CE48CE4B6B44EDF750F801E01623C6
:107C200090E63DA9CB4B0A00C1CBC1C243CB43C2B6
:107C300003CB03C23DA9C84B6B4419600422C74B58
:107C40006B441A60C648E7231B016B44EDF736F816
:107C500001E0152376E60023C24A6A441360013B23
:107C6000E82212016A441360BE496944BE4B6B446A
:107C700019600122BD4B6B441A60BD48BD4B6B447B
:107C8000EDF71CF801E014235CE60C23E922120155
:107C90006A4413600D3BB84A6A441360E921090144
:107CA0006944B64B6B4419600122B54B6B441A60B2
:107CB000B448B54B6B44EDF701F801E0132341E6FE
:107CC0006523B24A6A441360663BB14A6A44136052
:107CD000AE496944AF4B6B4419600122EA231B0192
:107CE0006B441A60AC48AD4B6B44ECF7E7FF01E026
:107CF000122327E67123AA4A6A441360723BA94AF9
:107D00006A441360A6496944EB231B016B44196064
:107D10000122A54B6B441A60A448EC231B016B4461
:107D2000ECF7CCFF01E011230CE6A14EA1480C2397
:107D300098461A00002105F05FF80027CC23F75081
:107D40000433F7500433F7503000D830424639003E
:107D500005F052F8D823F7500433F7500433F750A6
:107D600095496944954B0A00C1CBC1C243CB43C27C
:107D700091496944924B6B4419600322914B6B44C7
:107D80001A609148914B6B44ECF798FF01E00E2389
:107D9000D8E5EF21090169448D4B0A00C1CBC1C26E
:107DA00043CB43C2EF21090169448A4B6B441960FC
:107DB0000322894B6B441A608848894B6B44ECF76B
:107DC0007DFF01E00D23BDE563AA864BC1CBC1C297
:107DD000110045CB45C145CB45C11B680B6063A96C
:107DE000814B6B4419600522F1231B016B441A601F
:107DF0007E487F4B6B44ECF761FF01E00C23A1E56B
:107E000045A97C4B0A00C1CBC1C243CB43C203CBC3
:107E100003C245A9784B6B4419600422774B6B442D
:107E20001A607748F2231B016B44ECF747FF01E02F
:107E30000B2387E54FA9734B0A00C1CBC1C243CBCB
:107E400043C203CB03C24FA96F4B6B44196004229A
:107E50006E4B6B441A606E486E4B6B44ECF72EFF12
:107E600001E00A236EE56C4969446C4B0A00C1CB02
:107E7000C1C243CB43C268496944F3231B016B442D
:107E800019600322664B6B441A606648F5231B0198
:107E90006B44ECF713FF01E0092353E56DAA624B35
:107EA000C1CBC1C2110045CB45C145CB45C11B6803
:107EB0000B606DA95D4B6B44196005225C4B6B44F4
:107EC0001A605C485C4B6B44ECF7F8FE01E0082359
:107ED00038E577AA594BC1CBC1C2110045CB45C18A
:107EE00045CB45C11B680B6077A9F6231B016B448A
:107EF00019600522524B6B441A605248524B6B4436
:107F0000ECF7DCFEA2E007231CE5C046B8E1021056
:107F1000140E000058260020180E0000240E000049
:107F200008E302101C0E0000642600203C0E000036
:107F3000480E000020E30210440E000070260020CE
:107F4000580E000030E302105C0E00007C2600207A
:107F5000640E000088DD0210680E00006C0E000048
:107F6000882600207C0E0000740E0000780E0000B1
:107F700094260020840E0000940E0000880E00005D
:107F80008C0E0000A0260020980E0000A40E000019
:107F9000A80E00009C0E0000AC260020AC0E0000D5
:107FA000B80E0000BC0E0000B40E0000B826002081
:107FB000F8250020C4260020CC0E000060DF02104F
:107FC000C40E0000C80E0000DC260020E40E0000F5
:107FD00050E30210E80E0000EC0E0000E82600203E
:107FE000080F000068E302100C0F0000F4260020C8
:107FF000140F000008DE0210180F00001C0F000014
:108000000027002090E30210240F0000280F00003A
:108010000C2700202C0F0000380F0000B0E30210E6
:10802000340F000018270020C8E30210540F00008E
:10803000580F0000242700205C0F000018E00210F9
:10804000640F000030270020680F000059A9E74B9B
:108050000A00C1CBC1C243CB43C203CB03C259A95F
:10806000E34B6B4419600422F7231B016B441A6035
:10807000E048E14B6B44ECF721FE01E0062361E4AC
:10808000F82109016944DD4B0A00C1CBC1C243CBD1
:1080900043C2F82109016944D94B6B44196003229A
:1080A000D84B6B441A60D848D84B6B44ECF706FEAB
:1080B00001E0052346E49BAAD54BC1CBC1C2110008
:1080C00045CB45C145CB45C145CB45C19BA9D14B0E
:1080D0006B4419600622FA231B016B441A60CE48D8
:1080E000CE4B6B44ECF7EAFD01E004232AE4A7AA97
:1080F000CB4BC1CBC1C2110045CB45C145CB45C11E
:1081000045CB45C1A7A9C74B6B4419600622C64B96
:108110006B441A60C548FB231B016B44ECF7CEFD92
:1081200001E003230EE4C24EC2480C2398461A0015
:10813000002104F061FE0027BA235B00F7500433EE
:10814000F7500433F75030008130FF304246390099
:1081500004F052FEC0235B00F7500433F7500433A1
:10816000F75030008D30FF304246390004F044FEB5
:10817000C6235B00F7500433F7500433F750FDF784
:108180002DF9AD4F0C220021380004F035FE0023FC
:108190003B607B60BB60A94A6A441360013BFC22E0
:1081A00012016A441360A5496944A54B6B441960E8
:1081B0000122A44B6B441A60A348A44B6B44ECF718
:1081C0007DFD0C23FD2212016A4413600D3BA04A81
:1081D0006A4413609F4B6B44FD2212016A441A608B
:1081E00001229D4B6B441A609C489D4B6B44FD21C2
:1081F00009016944ECF762FD10E0172619239B1B67
:108200000C245C438C4BE4188B4B9C4201D100F056
:108210004FFC0C3C2000ECF733FBF5E76523914A5B
:108220006A441360663B904A6A4413608F4B6B4408
:108230008C4A6A441A600122FE231B016B441A60B7
:108240008B488C4B6B4487496944ECF737FD01E060
:108250001626D3E77123884A6A441360723B874A23
:108260006A441360FF231B016B44834A6A441A600B
:108270000122834B6B441A60824880235B016B446C
:108280007D496944ECF71AFD01E01526B6E76A4F0F
:108290007D480C2399461A00002104F0ADFD00230F
:1082A0009846FB633B647B64380048304A461900BB
:1082B00004F0A2FD4346BB64FB643B651DA9734B00
:1082C0000A0083CB83C283CB83C203CB03C21DA925
:1082D0006F4B6B44196004226E4B6B441A606E48FE
:1082E0006E4B6B44ECF7EAFC01E0122686E725A909
:1082F0006B4B0A0083CB83C283CB83C203CB03C205
:1083000025A9684B6B4419600422674B6B441A60C3
:108310006648674B6B44ECF7D1FC01E011266DE732
:108320002DA9644B0A0083CB83C283CB83C203CBCA
:1083300003C22DA9604B6B441960042281235B01A9
:108340006B441A605D485E4B6B44ECF7B7FC01E090
:10835000102653E735A95B4B0A0083CB83C283CB3E
:1083600083C203CB03C235A9574B6B441960042267
:10837000564B6B441A605648564B6B44ECF79EFCC8
:1083800001E00F263AE73DA9534B0A0083CB83C295
:1083900083CB83C203CB03C23DA9504B6B4419600E
:1083A00004224F4B6B441A604E484F4B6B44ECF722
:1083B00085FC01E00E2621E745A94C4B0A0083CB42
:1083C00083C283CB83C203CB03C245A982235B0153
:1083D0006B4419600422464B6B441A604548464B77
:1083E0006B44ECF76BFC89E00D2607E7F0E3021025
:1083F0006C0F00003C270020740F000010E40210F6
:10840000780F00007C0F000048270020980F000024
:1084100078E002109C0F000054270020A40F0000F9
:10842000C0DF0210A80F0000AC0F00006027002082
:10843000F82500206C2700201C230020BC0F000022
:10844000B40F0000B80F000028230020C40F000064
:10845000D40F0000C80F0000CC0F00003423002010
:10846000D80F0000E40F0000E80F0000DC0F000050
:1084700040230020EC0F0000F80F0000FC0F00006C
:10848000F40F00004C2300205823002028E40210A1
:108490000410000008100000702300200C100000E1
:1084A00048E4021010100000141000007C2300208B
:1084B0001810000068E402101C100000882300203F
:1084C0002410000088E40210281000002C10000086
:1084D0009423002030100000A8E4021034100000A3
:1084E00038100000A02300203C100000C8E4021057
:1084F00044100000AC230020481000004FA9E04BBE
:108500000A0083CB83C283CB83C203CB03C24FA9B0
:10851000DC4B6B4419600422DB4B6B441A60DB4874
:10852000DB4B6B44ECF7CAFB01E00C2666E659A96D
:10853000D84B0A0083CB83C283CB83C203CB03C255
:1085400059A9D54B6B4419600422D44B6B441A6073
:10855000D34883235B016B44ECF7B0FB01E00B26AF
:108560004CE6D04FD0480C2398461A00002104F066
:1085700043FC00239946B4334A46FA500433FA5078
:108580000433FA503800C0304246494604F034FC07
:10859000C0234A46FA500433FA500433FA5063A910
:1085A000C24B0A0083CB83C283CB83C203CB03C2FB
:1085B00063A9BF4B6B4419600422BE4B6B441A6025
:1085C000BD48BE4B6B44ECF779FB01E0082615E68D
:1085D0006DA9BB4B0A0083CB83C283CB83C203CB81
:1085E00003C26DA9B74B6B4419600422B64B6B44B0
:1085F0001A60B648B64B6B44ECF760FB01E0072607
:10860000FCE577A9B34B0A0083CB83C283CB83C23B
:1086100003CB03C277A9B04B6B44196004228423B7
:108620005B016B441A60AD48AD4B6B44ECF746FB05
:1086300001E00626E2E583A9AA4B0A0083CB83C2A8
:1086400083CB83C203CB03C283A9A74B6B441960BE
:108650000422A64B6B441A60A548A64B6B44ECF76A
:108660002DFB01E00526C9E58FA9A34B0A0083CBAA
:1086700083C283CB83C203CB03C28FA99F4B6B44BE
:10868000196004229E4B6B441A609E489E4B6B44BB
:10869000ECF714FB01E00426B0E59BA99B4B0A0014
:1086A00083CB83C283CB83C203CB03C29BA9852325
:1086B0005B016B4419600422954B6B441A6095482A
:1086C000954B6B44ECF7FAFA01E0032696E5A7A96F
:1086D000924B0A0083CB83C283CB83C203CB03C2FA
:1086E000A7A98F4B6B44196004228E4B6B441A6010
:1086F0008D488E4B6B44ECF7E1FA01E002267DE5F4
:10870000BFA98B4B0A0083CB83C283CB83C203CB2D
:1087100003C2BFA9874B6B4419600422864B6B448C
:108720001A60864886235B016B44ECF7C7FA5D4EFE
:1087300083480C22002104F05FFB002296214900AF
:1087400072500431725004317250FCF74FFE7D4B71
:108750001E60FCF7BFFD7C480AF034F87B4A1368C2
:10876000013B1360002B08D1794C03E00C3C200046
:10877000ECF786F84B4B9C42F8D1764A1368013BE4
:108780001360002B08D1744C744B9C4204D00C3CF9
:108790002000ECF775F8F7E7714A1368013B1360A6
:1087A000002B08D16F4C03E00C3C2000ECF768F87C
:1087B0006D4B9C42F8D16D4A1368013B1360002B4E
:1087C00008D16B4C6B4B9C4204D00C3C2000ECF766
:1087D00057F8F7E7684A1368013B1360002B3ED057
:1087E000664A1368013B1360002B3CD0644A13684F
:1087F000013B1360002B3AD0624A1368013B1360BF
:10880000002B38D0604A1368013B1360002B00D165
:10881000D0E05E4A1368013B1360002B00D1CDE02D
:108820005B4A1368013B1360002B00D1CAE0594A30
:108830001368013B1360002B00D1C7E0564A136850
:10884000013B1360002B00D0C4E0544C544B9C42BD
:1088500000D1BFE04C3C2000E7F757FEF6E7514857
:10886000E7F713FEBCE75048E7F70FFEBEE74F48B7
:10887000E7F70BFEC0E74E4809F0A4FFC2E7C04689
:10888000E8E402104C10000050100000B823002053
:108890005410000008E50210581000005C100000A1
:1088A000C42300201C230020D023002028E5021030
:1088B0006410000068100000E82300206C10000025
:1088C00048E502107010000074100000F42300202E
:1088D0007810000068E502107C10000000240020E1
:1088E0008410000088E50210881000008C10000041
:1088F0000C24002090100000A8E502109410000045
:1089000098100000182400209C100000C8E50210F8
:10891000A410000024240020A8100000E8E50210A4
:10892000AC100000B010000030240020B410000093
:1089300008E60210B8100000BC1000003C24002023
:10894000482400204C340020401C0020841C0020BF
:10895000542400208C1C002090270020F8250020A3
:10896000901C00204029002090270020881C002017
:10897000F825002054240020781C00207C1C0020B6
:10898000801C0020741C00205C1C0020581C00204F
:10899000601C0020641C0020681C00203422002081
:1089A000281D0020EC220020FC2200200C230020A7
:1089B000D4220020424809F005FF2AE7414809F087
:1089C00001FF2DE74048E7F7B4FE30E73F48E7F7FF
:1089D000A8FF33E73E4A1368013B1360002B08D120
:1089E0003C4C3D4B9C4204D0183C200009F0EAFE70
:1089F000F7E73A488168E8F7BEF8FCF772FC05260D
:108A0000FCF70EFDFCF70CFD08F01EFC3448684432
:108A1000E7F76BFD94200001684409F0D3FE31486C
:108A2000684409F0CFFE0026FDF7E0FCF7E7FDF70C
:108A3000DDFCFDF7E3FCFDF71DFC0326FDF7E2F985
:108A40002948684409F0BEFEFDF7BBF90526FCF78E
:108A500054FF2648684409F0B5FEFCF72DFF08F0E6
:108A6000F3FBC9ACBFAB9C4208D0283C20001830B7
:108A7000E7F70BFD200009F0A5FEF3E708F0E4FBA3
:108A80002126FDF704FFFDF702FF08F0DDFB22269B
:108A9000FEF7DEFAFEF7DCFA08F0D6FB2023FEF73D
:108AA00051FF08F0D1FB1826FFF7A8FBFFF7A6FB44
:108AB00008F0CAFB0421300008F028FB08F0C4FBD2
:108AC000CC1C0020B41C0020E41C00200C1D002045
:108AD0006C1C0020C422002034220020302A0020F8
:108AE0006C090000240900002C0700006405000048
:108AF00010B502490120FCF7E3FB10BDFFFF0000A9
:108B000010B58300084A944663441A6840246240C2
:108B1000803414408022520113431C60C000034B78
:108B20009C466044416010BD04C0014000400140CB
:108B300080000B4B9C46604400290DD00823002A7E
:108B40000CD004221343026853400C221A408023A5
:108B50005B0103431A6070470023F0E70022F1E74E
:108B600004C0014010B501238340D0221206936255
:108B700093610521FFF7C4FF10BD0000EFF31080E3
:108B800072B6034B1B68002BFBD0BFF35F8F70479F
:108B90002C0100D0BFF35F8F024B00221A6080F3DC
:108BA000108870472C0100D0F8B506000C001500A5
:108BB000FFF7E4FFE308F718F15C072222400123E6
:108BC00093400B4205D1DBB20B433B70FFF7E2FF52
:108BD000F8BD2100280001F017FDF0B583B00600B4
:108BE000019114001F00FFF7C9FF00E00134BC42EF
:108BF0000CD8E308F518F35C0721214001228A40D4
:108C00001A42F3D1D2B21A432A7001E0012464421D
:108C1000FFF7C0FF002C02DB200003B0F0BD019B7A
:108C2000002BF9D0089801F0EFFC0000034B1B6803
:108C300002201840431E9841C0B2704700C0064051
:108C4000002307E0054A9A189200BFF35F8F0021C6
:108C5000116001331F2BF5D97047C0464000003426
:108C6000054A1078431CDBB21370172B02D913008E
:108C700010221A707047C0467014002010B582B0E0
:108C80000100054C054B00931F2318222000FFF71D
:108C9000A4FF02B010BDC046AC33002028E602108D
:108CA000074B9B68103080001950BFF35F8FBFF3F4
:108CB0005F8F044B0021196082F310887047C04613
:108CC00000ED00E0240100D010B50388DA0A1C2A68
:108CD00005D15B055B1502335B00C01810BD034B6B
:108CE000034A0448A72101F0F7FBC04644E60210FE
:108CF000D0E802105CE6021010B5091A0B1F0A4AF0
:108D000088180A4A904208D8C90706D45B105B0548
:108D10005B0D0748184380B210BD064B064A074852
:108D2000992101F0D9FBC046FC070000FE0F0000AE
:108D300000E0FFFFBCE60210C4E802105CE602108F
:108D400010B5091A04394A08090B08D14905490D1B
:108D5000064B0B430380064B1343438010BD054B6A
:108D6000054A0648A12101F0B7FBC04600F0FFFF0D
:108D700000F8FFFFECE6021098E802105CE6021033
:108D800001238340034A10681840431E9841C0B233
:108D90007047C04600E100E0002904D0034B186092
:108DA000034B18607047034B1860FBE780E200E05C
:108DB00000E100E080E100E010B5012383401800ED
:108DC000FFF7EAFF10BD000001238340014A136052
:108DD0007047C04600E200E0024B9B681030800004
:108DE000C058704700ED00E010B5FFF7F5FF002810
:108DF00005D0054BC01A2F2803D8012010BD002034
:108E0000FCE70020FAE7C0467414002070B50400A7
:108E10000D00EFF3108672B60C4B1B68002BFBD0D5
:108E2000BFF35F8F2000FFF7D7FF094B984201D0B7
:108E3000A84205D1320029002000FFF731FF70BDA4
:108E4000044B054A05487C2101F046FB240100D073
:108E5000CD010010FCE60210F8E802105CE60210FA
:108E6000F0B5DE4657464E464546E0B589B08146E8
:108E700001911500EFF3108A72B66E4B1B68002B40
:108E8000FBD0BFF35F8F6C4B00269E57002E41DB5B
:108E90007400A419A400694824180622A256664B3F
:108EA0001A70674B9A684B4610339B00D35898460C
:108EB0001F00181A2F2839D9624B984530D105AFB9
:108EC000614B3B80614973009B46981980005B4B66
:108ED000984640440230FFF70FFF78805C4BBB8020
:108EE000FF23BB71FD71019B079333005B449B0023
:108EF000434407CF07C301231C43A04652464146C3
:108F00004846FFF7CDFE09B0F0BCBB46B246A946C5
:108F1000A046F0BD4F4B504A5048CD2101F0DCFA3D
:108F20004F4B4D4A4D48D42101F0D6FA01380C215F
:108F300002F0FEFE002912D101239F43BB463B00F5
:108F40000027DA79AA4211D90621595600290CDBEB
:108F50004A005218920039491F008B18F1E7414B23
:108F60003D4A3E48E02101F0B7FA1F00002F2FD004
:108F700005AB3D4A1A80813A5A800623FB5602937C
:108F8000002B18DABD20000205AB9B469880029AA0
:108F90009A71DD71019A0792381D2100FFF7ACFE2E
:108FA000B880BE71254B7200921992009B185A46E8
:108FB00013CA13C3A2E7381DFFF786FE0100700035
:108FC000801980001D4BC0180430FFF795FEDBE7C9
:108FD00005AF1D4B3B801D49730002939B199B00FD
:108FE000164A90461A0042440392901CFFF784FEF2
:108FF0007880039A101D5946FFF77EFEB8801B4B00
:109000005A464146521A524153431B0DBB71FD71E2
:10901000019A0792029B9B199B00434407CF07C309
:10902000114B5A461380813B538001231C43A046B9
:1090300064E7C046240100D0E23A00207414002006
:1090400000ED00E0CD01001000A1FFFFA4140020FE
:1090500000BDFFFF34E70210E0E802105CE60210FA
:109060005CE7021084E7021001480000AAAA000091
:10907000F0B5CE46474680B583B006000D00EFF34D
:10908000108872B6504B1B68002BFBD0BFF35F8F6C
:109090004E4B9A6834001034A300D7584C4B9F4273
:1090A00007D0AF4200D18CE001974A4BFB1A2F2B1F
:1090B00009D9424639003000FFF7F2FD03B0C0BCC9
:1090C000B946B046F0BD3000FFF75AFE8146002198
:1090D0003000FFF771FEBFF35F8FE7F7C4F8002899
:1090E00001D0844211D10123019C9C430021A3683B
:1090F000AB4212D00622A256002A0DDB53009B1869
:109100009B00344A2100D418F1E7334B334A2C2119
:109110003348FF3101F0E0F92100AB424AD1062586
:109120006557002D2CDB2B4B6A00521992009B18BF
:109130009A68A260DA79E2719B795BB2A371002B25
:1091400010DABD200002A080224B6A005219920062
:109150009B18244A11789971157049463000FFF721
:109160002BFEA6E76800401980001A4BC018043097
:10917000FFF7AAFD0100231D1800FFF7BDFDE2E780
:10918000002812D100290ED0FF238B71164B8B8043
:1091900014490B78A3710F4A144BA41A644163431A
:1091A0001B0D0B70D9E70A4FF2E71149201DFFF79D
:1091B000C7FDD2E70F4B094A60210948FF3101F092
:1091C0008BF9034F75E7C046240100D000ED00E0A5
:1091D000CD01001074140020F8E70210B0E802106E
:1091E0005CE60210E23A002000BDFFFFAAAA0000E0
:1091F000AE1400201CE8021070B5040001260643DE
:109200002D4BF31A2F2B28D8E7F72DF800282BD059
:10921000EFF3108C72B6294B1B68002BFBD0BFF309
:109220005F8F254A264D2100891A49414D432D0D56
:109230006DB2244B9B6880001B58B3421BD00021A9
:10924000032932D81C4B4A00521892009B189B7974
:109250005BB2AB421FD00131F2E71B4B1B4AC2216C
:109260001B48490001F038F91A4B184A8821184860
:10927000FF3101F031F9134B9B68174A1A50174B15
:109280001A78A2711D70BFF35F8F0C4B00221A6019
:109290008CF3108870BD084B4A00501880001818D5
:1092A000FF2686710E4A8280E9E70E4B074ACC21E1
:1092B0000748490001F010F974140020240100D07F
:1092C000AAAA000000ED00E024E802107CE80210E9
:1092D0005CE602104CE80210CD010010E23A0020DA
:1092E00000BDFFFF58E802100022044B02E00449D1
:1092F00002C30132072AFAD97047C04600E400E0F1
:109300008080808000B583B00100D0231B061B68DD
:1093100006481818064B009305230022FFF75DFC52
:10932000002801DB1F23181A03B000BDD83A002023
:1093300060E80210024B9C4661448900016070475E
:1093400040000034084B5B6A994209D8064A926A89
:10935000824207D2994201D0012002E0002000E0C1
:10936000002070470120FCE70040054010B50029AF
:109370000AD003681B7B8B4206D38068054B9C4652
:1093800061440901401810BD034B044A04483B21C5
:1093900001F0A2F8FFFFFF0F14E90210F0EC021039
:1093A00038E90210F8B504001700FFF7DFFF066880
:1093B000456839002000FFF7D9FF026843680120A3
:1093C000AB4201D802D00020C0B2F8BDB242FBD8F7
:1093D000F9E7000010B5002B02DB0260436010BD0E
:1093E000024B034A03483F2101F076F894E902104A
:1093F000BCEC0210B0E9021070B582B00600140097
:109400001D00069A079B12196B419D4202D804D198
:10941000944202D901225242D3176846FFF7DAFF7D
:10942000009A019B32607360300002B070BD000092
:1094300010B5002908D0037B8B4205D300684B0090
:109440005B18033BC01810BD024B034A0348682158
:1094500001F042F818EA021098EC021034EA021007
:1094600010B5437B8B4201D1012010BDFFF7E0FF17
:109470008378002B01D10020F7E70120F5E770B5D4
:109480000400857B002D01D1280070BD2900FFF765
:10949000CFFF4378A373002B00D1E37300238370C5
:1094A00043700370F0E70000F8B506000C001500EB
:1094B000FFF7BEFF0700002C0DD0002D11D0AC42ED
:1094C00015D029003000FFF7B3FF84703B78002BE4
:1094D00013D13D70F8BD0A4B0A4A0B486F2100F0CA
:1094E000FBFF0A4B074A0848702100F0F5FF084BC4
:1094F000044A0548712100F0EFFF43703D70E9E731
:10950000A4EA021074EC021034EA0210B0EA02106D
:10951000BCEA021070B506000D001400002914D03A
:10952000002A14D0436880689847002806D022009B
:1095300029003000FFF7B8FF280007E02A002100CB
:109540003000FFF7B1FF200000E0100070BD080000
:10955000FCE7000070B504000D1E0CD0FFF768FF9B
:109560000023837043700370617B2A002000FFF7A3
:10957000D1FF607370BD034B034A0448A52100F07E
:10958000ABFFC046D4EA021088EC021034EA0210A5
:1095900070B505000C1E08D0FFF762FF002804D14B
:1095A000E97B002907D1EC7370BD054B054A0648DD
:1095B000F62100F091FF2800FFF73AFF4470F2E730
:1095C000D8EA021064EC021034EA021010B5002947
:1095D00007D003681B7B8B4203D3C0680139401856
:1095E00010BD034B034A0448402100F075FFC046FC
:1095F00014E9021050EC021038E9021070B50500B1
:109600000C00080000F0B0FB200000F0B3FC08499B
:10961000200000F0F3FBFFF723FB064B9C46604461
:10962000800068602C75044BA400E55070BDC046F6
:109630004997011040000034803800200A4B1A6816
:10964000EFF3108172B61368002BFCD0BFF35F8F6D
:10965000054B1B68BFF35F8F00221A6081F31088EF
:1096600040BF002000217047A03A002010B582B012
:10967000040000F085FB02000B006846FFF7AAFE1D
:10968000009A019B22606360200002B010BD70B59B
:1096900084B0040016001D0002A8FFF7E7FF029A3D
:1096A000039B009601952000FFF7A6FE200004B062
:1096B00070BD0000F0B583B0070001921D000AAB39
:1096C0001C780BAB1E78002C0BD000682100FFF734
:1096D000C7FE002809D0194B194A1A48652100F025
:1096E000FBFE0068FFF7CBFE0400002C02D1200037
:1096F00003B0F0BD21003800FFF738FE019B036086
:109700004560089B8360099BC36038682100FFF7B0
:1097100021FFA042EBD1387D019A2B0000F0B6FB6F
:10972000051E01D0002E04D00C9B002BDFD01D7035
:10973000DDE73868210000F055FDF5E7FCEA02108E
:10974000A4EC021038E90210F0B5DE4657464E464A
:109750004546E0B58FB00B900021784B8200D4587D
:10976000894682E029002000FFF700FE804602685B
:109770004368921BBB41002B09DD43461A685B68B6
:109780000B9800F083FB00239846002689E0002B0D
:1097900001D1002AF1D10021584600F019FD07003F
:1097A000A84215D143461A685B680892099343465C
:1097B0009E68DB689846002E10D029002000FFF735
:1097C00005FF037899461B021F432761002068E0CC
:1097D0005B4B5C4A5C488C2100F07EFE5B4B594A37
:1097E0005948902100F078FE2369002B77D0BB42C6
:1097F00019D106980799002342428B4100920193A8
:10980000089A099B0CA8FFF7F7FD0C9A0D9B002105
:109810000491013103910295414601910096200087
:10982000FFF748FF16E04A4B464A47489F2100F0A1
:1098300053FE069A079B002B01D1002A52D12068C3
:109840002900FFF7A5FE29002000FFF7BFFE0378DF
:1098500001330370002323616268BFF35F8F1360DD
:109860008AF310880120002861D00CA8FFF7FEFEC3
:109870000C9E0D9F00220023089209936268EFF36B
:10988000108A72B61368002BFCD0BFF35F8F236879
:109890009B465D7B002D00D064E7002398460026A0
:1098A00000206368BFF35F8F00221A608AF310887C
:1098B000002ED8D04B461F022F4341463800B047F8
:1098C000069007916268EFF3108A72B61368002B56
:1098D000FCD0BFF35F8F079B002B00DA84E7079B68
:1098E000002BA6DD2369002BA9D0BB4219D10CA8FF
:1098F000FFF7BCFE0C9A0D9B06980799009001910A
:109900000CA8FFF779FD0C9A0D9B00210491013101
:10991000039102954146019100962000FFF7CAFE8F
:1099200098E70B4B074A0848A22100F0D5FD0FB07D
:10993000F0BCBB46B246A946A046F0BD8038002028
:1099400024EB0210D4EC021038E902103CEB0210B8
:1099500048EB021010B50A4B5B68002B04D0094895
:109960000A21FFF7E7FC10BD054C074A20682300D9
:10997000102100F0A6FB03212000FFF73FFEEEE7D9
:10998000BC140020A03A0020A593011010B5064B8E
:109990005B68002B01D0044810BD044B044A054805
:1099A0005C2100F099FDC046BC14002084EB02103D
:1099B00038EC021038E90210F0B5DE4657464E4644
:1099C0004546E0B58DB0060090461F00169B9A46AE
:1099D000179B994618AB1B780793272302AA944636
:1099E000634400221A7021E001003000FFF7EEFD11
:1099F00000783CE00698002B5CD0079B002B59D0E8
:109A00004946D04704000D0003000B4359D00029FC
:109A100040DB08A8FFF72AFE089A099B00940195ED
:109A200008A8FFF7E9FC089B9846099F7268EFF3C6
:109A3000108B72B6136859424B41D9B20691002B74
:109A4000F8D1BFF35F8F273302AA9446634404938F
:109A50000023039302934B460193534600934246DF
:109A60003B003000FFF726FE0400051EBCD17368E2
:109A7000BFF35F8F002119608BF31088002D17D082
:109A8000272302AA944663441B78002BB2D100021C
:109A90002043B0E700236242AB410092019342466B
:109AA0003B0008A8FFF7A8FC089B9846099FBDE764
:109AB000012040420DB0F0BCBB46B246A946A046CC
:109AC000F0BD0698F6E7F0B5C64600B584B00500CF
:109AD000884616001F000AAB1C78FFF757FF029458
:109AE000019700962A004346FFF766FF04B080BC4A
:109AF000B846F0BDF0B5C64600B504000D0042689A
:109B0000EFF3108772B61368002BFCD0BFF35F8FA2
:109B1000EEB22368984631001800FFF7A1FC002838
:109B20002AD02369AB4213D02D0AEDB231002000B8
:109B3000FFF74CFD0378AB4211D000206368BFF300
:109B40005F8F00221A6087F3108880BCB846F0BD92
:109B50000C4B0D4A85210D48490000F0BDFC310039
:109B6000404600F03FFB0028E8D1094B064A12218D
:109B70000648FF3100F0B0FC2369AB42DED1002380
:109B80002361DBE7A8EB021020EC021038E9021099
:109B9000CCEB021010B50400FFF7F8FE2100FFF730
:109BA000A9FF10BD30B587B004000D00E6F75BFBE0
:109BB000002820D106225242D31712196B41AB4222
:109BC00002D803D1A24201D90022002304A8FFF742
:109BD00001FC02A8FFF74AFD02980399049A059B2D
:109BE000121A8B41002B0BDC08D02000290000F05A
:109BF000D3F807B030BD144800F006FD002AF4D0B9
:109C0000124A0498059900230093FFF75CFF00288F
:109C100013DAEAE70E4B1A68EFF3108172B6136895
:109C2000002BFCD0BFF35F8F094B1B68BFF35F8F26
:109C300000221A6081F3108820BF04980599FFF76D
:109C400081FB0028E6D0D0E7D0EB02103D96011052
:109C5000A03A002000B583B002000B006846FFF771
:109C600016FD00980199FFF79DFF03B000BD10B5E8
:109C7000FA2292000023002102F0D2FFFFF7EAFF50
:109C800010BD000030B583B005000C000A4A002367
:109C90000093FFF718FF002808DD20BFFFF77AFFC9
:109CA00028002100FFF74EFB03B030BD2800210043
:109CB000FFF748FBF8E7C0463D96011010B5002BB2
:109CC00002DB0260436010BD024B034A03483F21A0
:109CD00000F002FC94E90210D0ED0210B0E902108D
:109CE00070B5EFF305833F2018401038EFF3108C68
:109CF00072B6184B1B68002BFBD0BFF35F8F01239C
:109D000019008140144A5163144A12781400C44067
:109D1000234213D0104B5C6A114B8500EB589C42D8
:109D200005D3104BEB580D4C8A43227007E00A4ACA
:109D3000031D9B0099589950002300E00023BFF3B6
:109D40005F8F044A002111608CF31088002B00D033
:109D5000984770BD280100D000400540E63A002039
:109D6000AC3A00209C32002010B50100024A034B9F
:109D70001800FEF719FF10BD08ED0210E03A0020B0
:109D8000044B5B6A034A906A1900536A9942F9D1FD
:109D90007047C04600400540084B5B6A01E0074B36
:109DA0005B6A8B42FBD301E0044B5B6A8B4203D1BD
:109DB000024B9B6A8342F7D37047C0460040054080
:109DC000F0B583B004000D00FFF7DAFF06000F00C6
:109DD00022002B0092197B41994202D804D1904273
:109DE00002D901225242D3176846FFF767FF009855
:109DF0000199FFF7D1FF03B0F0BD000070B504007A
:109E00000E00EFF3108572B61B4B1B68002BFBD0C6
:109E1000BFF35F8F002E1CD02000FEF7DDFF174B35
:109E200083420BD019002000FEF7F0FF0121200033
:109E3000FEF7C2FF0123A340114A1360114BA40097
:109E4000E650BFF35F8F0C4B00221A6085F3108839
:109E500070BD0C4BA2000021D1500122A2400A4942
:109E60000B7893430B7005492000FFF701F900219F
:109E70002000FEF7A1FFE4E7280100D0E19C0110DB
:109E8000386005409C320020E63A0020F0B5DE46FE
:109E900000B584B00400150001921E000293FFF784
:109EA0006FFF03958E4202D84ED185424CD9EFF315
:109EB000108B72B6274B1B68002BFBD0BFF35F8F54
:109EC000254A17780125A540EBB23B431370234B7D
:109ED0005D63221D92000199D150214AA100029890
:109EE00088501B6A2B4212D11C4B1B6C2B4208D092
:109EF0000020BFF35F8F174B00221A608BF310888E
:109F000023E0184B184A1948C12100F0E5FAFFF781
:109F100037FF8E4214D802D1039B834210D80E4BD8
:109F20001B78BB420ED00D4B1D625D631F22224089
:109F3000012393400E4A1360074B1F700120D8E79E
:109F40000020D6E70120D4E7012004B080BCBB4646
:109F5000F0BDC046280100D0E63A00200040054090
:109F6000AC3A00202CED0210B4ED021050ED0210BE
:109F700080E200E0EFF3108C72B60B4B1B68002BF5
:109F8000FBD0BFF35F8F01238340084A1362084967
:109F90000A789A430A70BFF35F8F034B00221A605E
:109FA0008CF310887047C046280100D0004005405F
:109FB000E63A002010B5002908D0037B8B4205D378
:109FC00000684B005B18033BC01810BD024B034AEE
:109FD0000348682100F080FA18EA0210F8EE021037
:109FE00034EA0210F8B506000C001500FFF7E2FF96
:109FF0000700002C0DD0002D11D0AC4215D0290047
:10A000003000FFF7D7FF84703B78002B13D13D70F1
:10A01000F8BD0A4B0A4A0B486F2100F05DFA0A4B63
:10A02000074A0848702100F057FA084B044A0548CF
:10A03000712100F051FA43703D70E9E7A4EA021083
:10A04000E4EE021034EA0210B0EA0210BCEA021098
:10A0500070B506000D001400002914D0002A14D099
:10A06000436880689847002806D022002900300005
:10A07000FFF7B8FF280007E02A0021003000FFF7B3
:10A08000B1FF200000E0100070BD0800FCE770B5D3
:10A0900005000023437301338373037BC3730124DF
:10A0A00006E021002800FFF785FF0134E4B2447088
:10A0B000297BA142F5D82800FFF77CFF00234370DD
:10A0C00070BD10B5017342608360FFF7E0FF10BD03
:10A0D000F0B5C64600B505000C1E03D1200080BCBB
:10A0E000B846F0BDFFF766FF4678002EF6D0310087
:10A0F0002800FFF75FFF4778002398464370210050
:10A100002800FFF757FF4346437032002100280024
:10A11000FFF79EFF040039002800FFF7D9FF020077
:10A1200021002800FFF794FF0400D7E7F0B5C646EA
:10A1300000B504000D001700002920D0FFF73AFFFA
:10A140004378002B21D18378002B24D10178200083
:10A15000FFF7BEFF06008046002F03D0E17B0029F9
:10A160001FD1E5734346002B20D129002000FFF7C3
:10A1700021FF00234370300080BCB846F0BD0F4B78
:10A180000F4A1048382100F0A7F90F4B0C4A0D4830
:10A190003A2100F0A1F90D4B094A0A483B2100F091
:10A1A0009BF92000FFF706FF4570DAE73100200039
:10A1B000FFF700FF00238370D7E7C046E8ED0210E9
:10A1C000D0EE0210F0ED02104CEE021074EE021010
:10A1D00070B504000A00457B2900FFF7A7FF6073F4
:10A1E000280070BD70B506000C1E40D0437B8B422A
:10A1F00007D0FFF7DFFE05008178002906D1002097
:10A2000036E00121FFF7E4FF012031E03000FFF7E5
:10A21000D1FE0178A1420DD03000FFF7CBFE41788E
:10A22000A1420AD00029F7D1124B134A13486731D3
:10A2300000F052F96B78037001E06B7843700023F3
:10A24000AB706B70012221003000FFF76FFF02003E
:10A25000717B814205D03000FFF7FAFE7073012058
:10A2600006E0074B044A05486D2100F035F900204F
:10A2700070BDC04658E80210B8EE0210F0ED0210B2
:10A2800098EE021010B5002B02DB0260436010BD97
:10A29000024B034A03483F2100F01EF994E90210E3
:10A2A000D8EF0210B0E90210F0B585B00500160035
:10A2B0001F000192FA22920000230A98002102F066
:10A2C000AFFC02000B0092197B419F4202D804D1DF
:10A2D000964202D901225242D31702A8FFF7D2FFB9
:10A2E000029A039B2A606B60280005B0F0BD10B590
:10A2F00082B00400FFF744FD02000B006846FFF740
:10A30000C1FF009A019B22606360200002B010BD73
:10A3100030B585B004000D0002A8FFF7E8FF029AEF
:10A32000039B00952000FFF7BFFF200005B030BD64
:10A3300010B50400FEF794FC01002000FEF7FAFFC0
:10A34000FF232371BFF35F8F10BD10B50400FEF72C
:10A3500087FC01002000FEF7EDFFFF23237100239F
:10A360006371BFF35F8F10BD034B9C46614489004E
:10A370000160BFF35F8F70474000003410B50400E8
:10A380000120FEF77BFC01002000FFF7EDFF10BD70
:10A3900070B504000D00062000F050FAC00029003E
:10A3A00001F0C6FCC60908D00E4B9E4217D87F2389
:10A3B0000340013335005E0800E001256562A662B6
:10A3C0002C3480239B01234300221A60062000F0D6
:10A3D00035FA8000A901891901F0AAFC70BD002698
:10A3E000014DEBE7FEFF0000FFFF0000002909D050
:10A3F0000A22064B9C46604443425841044B4000AD
:10A40000C252704780225200F3E7C0460080FCBF72
:10A41000C03A002070B505000C00062000F00EFACE
:10A42000002829D0164B9D4227D08022D203154BFD
:10A430001A60154B1A60154B9B6811009943FAD1AD
:10A4400000212800FFF7D2FF21002800FFF7A0FF1E
:10A4500029002C31EB6A602253400E321A408023CF
:10A460005B010B431A600A4B2B6380239B010B4358
:10A4700010221A600323AB6470BD80221204D6E759
:10A480000080034000E0004000F0004000C00040B9
:10A490000103000000BEFDE703000A4A1268002A1B
:10A4A00008D0084A1068C318074A9A4206D3054ADA
:10A4B00013607047034A05491160F2E701204042EA
:10A4C000F7E7C0465434002000000420E83A00209A
:10A4D00010B5FFF7DFFF000030B583B00D001900A5
:10A4E000002A0BD0074B084C019200932B0002006E
:10A4F000200002F085FE0120FFF7CCFF034B1A007D
:10A50000F1E7C046F0EF021000F002109CD90210F3
:10A5100070B52B4B2B4A1A602B4B2C4A1A602C4BD4
:10A520009A682A4B9343FAD12A4C01E008CC984709
:10A53000294B9C42FAD300F001F9234B274A1A60B9
:10A54000234B9B68DB43DB01FAD1254B40229A6702
:10A550005A671A67DA66234C09E0234B234A2448DA
:10A560008321FFF7B9FF2000FFF7E2FE0834214BFB
:10A570009C4209D22368002BF5D0012BEDD120009D
:10A58000FFF7E3FE0834F2E71B4DA9681B4CC0221D
:10A59000200002F037FCAC60E5F765FE002800D033
:10A5A00000BEFEF74DFBFEF79FFEFFF7D3F9144CFC
:10A5B00001E008CC9847134B9C42FAD370BDC046CB
:10A5C00000E00040BFCDFBFE00F00040FE7F3C00FD
:10A5D00000C00040B81A0020C81A0020FFFFFF0189
:10A5E00000F00140B01A002030F00210C4F0021058
:10A5F00050F00210B81A002000ED00E0000000202A
:10A60000C81A0020301B00200FB400B583B00848E2
:10A6100002F0C4FD049B002B07D005A9019118008E
:10A6200002F0CCFD034802F0B9FD0120FFF732FF34
:10A63000B4F00210BCD80210F8B5DE4657464E46BC
:10A640004546E0B506000F0015000A9A93424ED326
:10A650001A0E92461B0298460A9A0023404651461B
:10A6600001F0A8FB81467400A419A4002E4B9C465F
:10A6700064446368834200D26060331FDBB29B4650
:10A68000012B3AD9C0239B012343802212011A6077
:10A69000264BB200D158002905D0586901F048FB7B
:10A6A00001300138FDD16D0123685D40E0222A4070
:10A6B00080235B0123431A605A46012A28D980234C
:10A6C0009B012343802212011A604B4663604A4675
:10A6D00000234046514601F06DFB144BB6009851E3
:10A6E0000120F0BCBB46B246A946A046F8BD104BBF
:10A6F000104A11482D21FFF7EFFE012FC2D1C023D0
:10A700009B01234303221A60A368DB07FCD5CAE739
:10A710002168794003220A401A60A3680125BD40E0
:10A720001D42FAD0CBE7C04600800040B033002085
:10A73000D4F0021050F10210E8F0021030B583B0EE
:10A740000C2000F021F9FEF771FA00280DD000234B
:10A7500004E02E4A99002E4888500133092BF8D97D
:10A760002A4B2C4A5A6203B030BD2B4B00229A6709
:10A7700000F07CF9294B01221A60274B5B6C012BFE
:10A78000FBD1274B03221A60234B9B6B012BFBD180
:10A79000013300930433234A0121234800F054F885
:10A7A00005230093214A0121214800F04DF8214B57
:10A7B0000093002202210420FFF73EFF1E4D00956A
:10A7C0002B00002201210520FFF736FF104C0094DA
:10A7D0002300002200210720FFF72EFF0094230012
:10A7E000002200210820FFF727FF0A4B00932300D7
:10A7F000002200210920FFF71FFF00952B000022F7
:10A8000000210620FFF718FFADE7C046B033002057
:10A81000006CDC021BB70000008000403CB0004030
:10A8200030B00040002F685900800240008C8647FD
:10A8300000C00240001BB70040597307014B800065
:10A84000C0587047B0330020F0B5C64600B50400CC
:10A850000F0090461D000C2001F06AFA06003D4AE8
:10A8600042443D4B9A4243D843011B1A9901C91AED
:10A87000C90009188901404601F05AFA0200103A4D
:10A8800098235B009A4239D86B1E062B3CD8069B56
:10A89000013B062B38D8069B9D423BD343461B0900
:10A8A000B3423DD32D04069B1E0335432368002B82
:10A8B0003CDB2A4B9C424AD080235B01284A136030
:10A8C000284A1360284A926819009143FAD12760F8
:10A8D000A060221DC0239B01134321221A6022681D
:10A8E000002AFCDAE56008221A6080BCB846F0BD98
:10A8F0001E4B1F4A1F481121FFF7EEFD1E4B1C4A3D
:10A900001C481921FFF7E8FD1C4B194A19481C2166
:10A91000FFF7E2FD1A4B164A16482221FFF7DCFD2D
:10A92000184B134A13482521FFF7D6FD22683F2311
:10A930001340BB42BDD1A3681B051B0D8342B8D198
:10A94000E368EE22D2021340AB42B2D1CDE78023BE
:10A950009B01B3E780E84BD380F8A93200C00240E6
:10A9600000E0004000F0004000C0004060F1021034
:10A97000BCF20210C0F1021020F202103CF20210F0
:10A9800088F20210A0F2021080239B000343014AC8
:10A99000D362704700800540024B1A68024B5A6030
:10A9A0007047C046603800200080054010B5174B46
:10A9B0008022D2051A60164B164A1A6000290AD066
:10A9C000154BE022D2041A60002809D1124B8022D4
:10A9D00012061A6010BD0D4BE022D2041A60F3E794
:10A9E00043011B1A9B00181800010C4B18608023B0
:10A9F0005B04984202D3094B094A1A60FFF7CCFF67
:10AA0000054B8022D2051A60E4E7C04600B005403D
:10AA100008200140FCFF010000A005406038002034
:10AA2000FFFFFF0010B5030010000C4A8024E4056E
:10AA30001460002B0DD001221343094A094CD46144
:10AA4000094C5C401462516293620021FFF7AEFF33
:10AA500010BD034B0022DA61F7E7C04600B00540A5
:10AA600000800540D3C007B02D3FF84F074BAA2206
:10AA700012011A602132FF32DA60054B054A1A6072
:10AA8000024B5B68002BFBDA7047C0460040024077
:10AA90000060024000B0FA009A4200D28854704729
:10AAA000704710B5002802D00B684968984710BD60
:10AAB0000100002007E083001B185B00501C0860A9
:10AAC0001078C01830380A681378303BDBB2092B95
:10AAD000F1D97047F0B5DE4657464E464546E0B5DB
:10AAE00083B093461F000C9B9A460D9C0E9B994683
:10AAF0000F9B9B0703D0B8460F00060022E001928F
:10AB0000A34688464E46B9460700B44207D2551CB4
:10AB10004B4641462020B84701342A00F5E73D0066
:10AB20004F465C46019B9B46B1464646B8463700B9
:10AB30002E0007E0013C551C5346185D4346390082
:10AB4000B0472A00002CF5D135003E0047460F9B48
:10AB50009B0707D4100003B0F0BCBB46B246A94621
:10AB6000A046F0BDB0464E46B9462F005D46531B89
:10AB7000B342EFD2541C4B4641462020B847220036
:10AB8000F5E7F0B5CE46474680B585B09446984681
:10AB90000C9D0D9C0EAB1B789946109A119B129E32
:10ABA000B7071CD4002B0CD0F7070AD54F46002F4F
:10ABB00002D10C37374204D0013B02E030272F5539
:10ABC0000134944201D21F2CF8D9F70707D59C42D3
:10ABD00005D21F2C03D830272F550134F5E7F7068F
:10ABE00012D5770505D4002C03D0944221D09C4285
:10ABF0001FD00F9A102A32D00F9A022A37D01F2C5A
:10AC00000AD830222A5501341F2C05D84A46002A7A
:10AC100033D02D222A5501340396029301940095D6
:10AC200043466246FFF756FF05B0C0BCB946B04682
:10AC3000F0BD621E012C10D00F9F102F0BD01400FE
:10AC40000F9A102AD8D1B206D6D51F2CD4D85822A4
:10AC50002A550134D3E7023CCBE71400C9E7B2061A
:10AC6000EED41F2CECD878222A550134C7E71F2CCC
:10AC7000D2D860322A550134C1E7720703D52B229E
:10AC80002A550134C8E73207C6D520222A55013497
:10AC9000C2E7F0B5DE4657464E464546E0B593B0AE
:10ACA00081468A46089209931CAB10CB1B789B46C1
:10ACB0001E9D219B9846002C03D1102342469A43A7
:10ACC00090468023DB0046461E4042461A4212D080
:10ACD000002C22D000260EE03033D9B2771C0AAB0C
:10ACE00099552900200001F023F8AC4216D31F2FFC
:10ACF00014D83E0004002900200001F019F8CBB25E
:10AD0000092BE9D94246920605D54121C918C9B295
:10AD10000A39C9B2E2E76121F8E727004346069302
:10AD2000209B05931F9B049303955B460293019719
:10AD30000AAB0093099B089A51464846FFF721FF4A
:10AD400013B0F0BCBB46B246A946A046F0BDF0B574
:10AD5000DE4657464E464546E0B597B00A900B9101
:10AD60000C929A46209B9946219F22AA13789B46D3
:10AD7000249B0993259C289B98464A463A4302D136
:10AD80001032934398468022D200454615404346F0
:10AD900013420AD04A463A4341D000252E0053467A
:10ADA0000D934D46099B9A461BE02E0053460D938A
:10ADB0004D46099B9A4614E03033DAB2731C99462B
:10ADC0000EAB9A55524623002800390000F0F2FFDE
:10ADD000BC4226D819D04B461F2B1CD84E46050026
:10ADE0000F00524623002800390000F0E3FFD3B2E1
:10ADF000092BE1D94246920605D54122D218D2B29A
:10AE00000A3AD2B2DAE76122F8E7AA45E3D94E4618
:10AE10000D9B9A4608E04E460D9B9A4604E000269C
:10AE200002E04E460D9B9A4643460693279B0593A8
:10AE3000269B0493099B03935B46029301960EABFA
:10AE4000009353460C9A0B990A98FFF79AFE17B095
:10AE5000F0BCBB46B246A946A046F0BDF0B5DE4602
:10AE600057464E464546E0B591B0804689460C921D
:10AE70009A461A9C1B9D22002B002000290001F0FD
:10AE800020FA002800D0ECE001225242D44B2000EE
:10AE9000290001F011FA002800D0E2E0012252421C
:10AEA000D04B2000290001F0F1F9002800D0D8E0B3
:10AEB000002200232000290001F0E8F9002800D03A
:10AEC000E4E0069407958023DB001E9A1A400D9259
:10AED0001E9A1A4201D106231C9306980799020074
:10AEE0000B000892099303000A00024300D1D9E045
:10AEF000080D4005400DBC4EB44660440A03120BD9
:10AF00001E00BA4B13431F0001F0EEF9B84AB94BCB
:10AF100001F075F9B84AB94B01F052F9089009915E
:10AF20000022B74B3000390001F045F9B54AB64B65
:10AF300001F065F902000B000898099901F040F949
:10AF400001F0EAF9834601F0CFF906000F00AF4A9D
:10AF5000AF4B01F054F90022AE4B01F031F901F092
:10AF6000DBF90890AC4AAD4B3000390001F047F9ED
:10AF700006000F00089801F0B7F9A94AA94B01F0A3
:10AF80003EF902000B003000390001F014F9060010
:10AF90000F0002000B0001F032F90A900B91089BA0
:10AFA000A14A9446634400210022089109921B059E
:10AFB00009930023089332003B003000390001F070
:10AFC000FFF80E900F9132003B0000208021C90550
:10AFD00001F0F1F806000F000022944B0A980B993B
:10AFE00001F0F3F80022924B01F0EAF802000B00A6
:10AFF0000A980B9901F0E9F800228E4B01F0E0F875
:10B0000002000B000A980B9901F0DFF802000B0018
:10B010003000390001F0D4F802000B000E980F99AF
:10B0200001F0D3F80022714B01F0CAF8089A099B8D
:10B0300001F0E5F806000F0008960997069A079BAD
:10B0400001F03AF900282FD001235B429C46E344EB
:10B050000022774B3000390001F0B7F808900991D1
:10B0600022E01E9B04931D9B03931C9B0293009460
:10B07000019553460C9A4946404600F0FFF811B03E
:10B08000F0BCBB46B246A946A046F0BD0021002256
:10B0900006910792069480231B069C46AC446346A7
:10B0A000079310E700239B465B466333C62B20D8EB
:10B0B00004261E9B1B0528D5089A099B19001143DD
:10B0C0000FD05D4A5D4B0698079901F0EDF8002816
:10B0D0007AD000225A4B0698079901F0D7F8002839
:10B0E00072D01C9B5B4506DD5A469B1A013B1C93A4
:10B0F00003E00526DDE700231C938023DB001E9A76
:10B100001A431E92002600239B461D9B9E4265D239
:10B110009F1B02231E9A1A400A921E9A134202D0C3
:10B12000002E00D000275B46002B07D0089A099B11
:10B130000698079901F049F806900791002200232C
:10B140002000290001F0A2F8002800D07CE03D4B4F
:10B150001E9A1340049303971C9B0293069B079C23
:10B160000093019453460C9A4946404600F086F8F5
:10B17000002E00D183E71E9B9B0671D54525441CFC
:10B180005346020049462800C0475A46D317D218F2
:10B190005A4005230593013E0496002303930A3386
:10B1A00002935B46DB0F019300925346220049460F
:10B1B0004046FFF76EFD0A9B002B00D15FE70200BF
:10B1C00047460C9E1D9D53E01C9B002B9DD00D9B64
:10B1D000002B9AD01C9B013B1C9396E7002798E715
:10B1E000FFFFEF7FFFFFEFFF01FCFFFF0000F03FDD
:10B1F000FB799F501344D33FB3C8608B288AC63F66
:10B200000000F83F61436F63A787D23F71A37909BC
:10B210004F930A400000E03F1655B5BBB16B0240AA
:10B22000EF39FAFE422EE63FFF03000000002C40FB
:10B2300000002440000018402D431CEBE2361A3F6A
:10B2400080842E41FFF7FFFF069C079D2200290006
:10B2500080200006844661440B000692079376E73F
:10B2600065258CE7541C534649462020B8472200E8
:10B27000931BAB42F6D3100001E7C046F0B5DE46A3
:10B2800057464E464546E0B595B006900791934621
:10B290009946209F1E9A1F9B1000190001F011F87B
:10B2A000002831D101225242BF4B1E981F9900F055
:10B2B000EDFF002837D101225242BC4B1E981F9946
:10B2C00000F0FAFF00283DD10022B94B1E981F99CB
:10B2D00000F0F2FF002850D10022B64B1E981F99B3
:10B2E00000F0D4FF002848D1002200231E981F99A7
:10B2F00000F0CCFF002850D100239846229B5B052C
:10B3000000D4B6E0002458E0229B0393219B0293D3
:10B3100003230193A84B00934B465A46079906987E
:10B32000FFF7D8FB0EE1229B0393219B029304239A
:10B330000193A24B00934B465A4607990698FFF794
:10B34000C9FBFFE00423229A1A4022990B4210D035
:10B350009B4B002A0FD0042222990391219902913C
:10B36000019200934B465A4607990698FFF7B2FBA5
:10B37000E8E0944BEDE70322EEE7229B0493219B48
:10B38000039302971E9B1F9C009301944B465A46C1
:10B3900007990698FFF762FDD4E01E9A1F9B0020D4
:10B3A000002100F008FF1E901F9101239846A5E799
:10B3B0000CAB30221A55013F01341F2C01D8092F44
:10B3C000F6D81E981F9900F0A7FF050000F08CFF2B
:10B3D00002000B001E981F9900F0EDFE7A4BFA0058
:10B3E0009B181A685B680A920B9300F008FF08909C
:10B3F000099100F0B5FF060000F072FF02000B009B
:10B400000898099900F0D7FE0890099100226F4B27
:10B4100000F052FF00282ED00136300000F060FF0F
:10B4200002000B000A980B9900F036FF002801D0AB
:10B4300001350026002F2CD1280000F055FF020016
:10B440000B001E981F9900F0B6FE06000F000022A8
:10B450005E4B00F01BFF002846D100225B4B300002
:10B46000390000F029FF00283ED1EB073CD501351B
:10B470003AE0062746E70022544B0898099900F065
:10B4800005FF0028D6D1002E01D0F307D2D5013612
:10B49000D0E7AA461F2C11D8013F0A21300000F046
:10B4A00047FC651C30310CAB19550A21300000F007
:10B4B0003FFC092E0ED906002C00EBE755461F2C49
:10B4C0000CD87B1E002F09D00CAA302111551F006B
:10B4D0000134F4E72B0055461C00F0E71F2C03D87D
:10B4E0000CAB2E221A5501341F2C10D80A2128002B
:10B4F00000F0F6FB661C30310CAB19550A21280010
:10B5000000F0EEFB051E01D03400EDE7340003230C
:10B51000229A1340012B1CD01F2C06D84346002B27
:10B5200032D00CAB2D221A550134229B0393219B60
:10B53000029301940CAB00934B465A460799069828
:10B54000FFF7C8FA15B0F0BCBB46B246A946A04604
:10B55000F0BD219B002B13D04346002B02D10C33AE
:10B5600013420FD0219B013B2193190003E00CAB48
:10B5700030221A5501348C42CED21F2CF7D9CBE79A
:10B580002199F8E72199F6E7229B5B0704D50CABDC
:10B590002B221A550134C8E7229B1B07C5D50CABDB
:10B5A00020221A550134C0E7FFFFEFFFFFFFEF7FB6
:10B5B00065CDCD4165CDCDC1D4F20210D8F20210D7
:10B5C000C8F20210D0F2021080F402100000E03F36
:10B5D000F0B5DE4657464E464546E0B593B0824646
:10B5E000884693461193002900D106E3002556466C
:10B5F000119B1878002800D102E3252809D06C1C83
:10B600005B462A004146B047119B01331193250048
:10B61000EEE701331193002720E001231F4301329D
:10B620001192012418E002231F43013211920124D8
:10B6300012E004231F430132119201240CE008237D
:10B640001F4301321192012406E010231F430132EF
:10B650001192012400E00024002C09D0119A1378E3
:10B66000203BD9B21029F6D88B00C449CB589F464D
:10B67000119B1A781300303BDBB2092B10D92A2A10
:10B6800013D00B94119B1A782E2A1ED0119A13787E
:10B69000683BD9B2122959D88B00B949CB589F467B
:10B6A00011A8FFF705FA0B90ECE71C9B1A1D1C92E2
:10B6B0001B68002B04DB0B93119B01331193E1E713
:10B6C000022217435B420B93F6E78022D200174316
:10B6D0005A1C11925A781300303BDBB2092B0BD95C
:10B6E0002A2AD3D11C9B1A1D1C921C68002C08DB33
:10B6F000119B01331193C9E711A8FFF7D9F9040091
:10B70000C4E70024F4E780235B003B43511C119104
:10B7100051786C2901D01F0018E0C0239B001F4303
:10B720000232119212E080233B43511C1191517857
:10B73000682901D01F0009E0C0231F430232119283
:10B7400004E080235B001F4301321192119B1878A3
:10B75000672816D8252826D30300253BDAB2422ACB
:10B7600021D89300874AD3589F4680239B001F43CC
:10B7700001321192EAE780235B001F4301321192EC
:10B78000E4E778280FD869280DD30200693AD2B2CD
:10B79000012393407C4A13420FD11A0600D507E2D9
:10B7A0005B0500D594E16C1C5B462A004146B0471E
:10B7B000119B0133119325001AE778280AD06228DB
:10B7C0003AD06F283BD058283CD010239F43063BEB
:10B7D0009C4601E010239C46582836D0692803D0A7
:10B7E000642801D00C2297437A0501D501229743A2
:10B7F00069282DD064282BD0BA0500D5A2E0FA051F
:10B8000000D5C3E07A0600D4D5E01C9A111D1C9126
:10B810001168FF220A4005970B9B0493039463462B
:10B8200002930023019300925B462A0041463000B8
:10B83000FFF72FFA05002AE002239C46CCE70823F5
:10B840009C46C9E710239C46C6E720221743C5E75C
:10B85000BA0520D4FA0550D47A0666D51C9A111D73
:10B860001C911168FF220A40D0171118414005971A
:10B870000B9B0493039463460293D20F01920091B1
:10B880005B462A0041463000FFF703FA0500119B92
:10B8900001331193ACE61C9A073207218A43110049
:10B8A00008311C91116853689946DB170C930D936E
:10B8B0000C9A0D9B100048400E904A4653400F933F
:10B8C0000E980F990C9A0D9B801A99410E900F912A
:10B8D00008970B9B079306946346049300230593F4
:10B8E0004B46DA0F0292009001915B462A004146D6
:10B8F0003000FFF72CFA0500C9E71C9A111D1C91B6
:10B900001268D0171118414005970B9B04930394BC
:10B9100063460293D20F019200915B462A00414692
:10B920003000FFF7B6F90500B1E73A0605D51C9AD5
:10B93000111D1C910023D25E96E71C9A111D1C91CB
:10B94000126891E71C9A073207218A4311000831D7
:10B950001C9108970B9B079306946346049300235E
:10B960000593029353681268009201935B462A0084
:10B9700041463000FFF7EBF9050088E7E0F20210DE
:10B9800024F3021070F30210419000001C9A111D64
:10B990001C9105970B9B0493039463460293002329
:10B9A0000193136800935B462A0041463000FFF77D
:10B9B00070F905006BE73A0606D51C9A111D1C911B
:10B9C00012681204120C26E71C9A111D1C911268B1
:10B9D00021E7462819D01C9B0733072293431A00FE
:10B9E00008321C9204970B9A039202941A685B68BF
:10B9F000009201935B462A0041463000FFF73EFC6F
:10BA00000500119B01331193F2E520231F43E2E768
:10BA1000672801D0472802D180231B011F434528F6
:10BA200001D0472801D120231F431C9B0733072245
:10BA300093431A0008321C9204970B9A03920294C3
:10BA40001A685B68009201935B462A004146300009
:10BA5000FFF704FA0500119B01331193C8E5022397
:10BA60001A003A4091463B421DD001241C9B1A1DEE
:10BA70001C926F1C18785B462A004146B0474B4623
:10BA8000002B14D1119B013311933D00B0E5571CDD
:10BA90005B4641462020B04723003A005C1C9D4293
:10BAA000F5D81500E2E701232A000B9DF6E73A00DE
:10BAB000B1460B9E06E0571C5B4641462020C84716
:10BAC0002C003A00651CA642F5D817004E46D9E76F
:10BAD0001C9B1A1D1C921B689A46002C25D1012222
:10BAE0005242534601E001330A001978002902D07E
:10BAF000511E002AF7D152469B1A8022D2003900EB
:10BB000011408946174202D0A34200D923000222E5
:10BB10001100394010913A4209D02A0025005746B9
:10BB20009A4633004E46994621E02200D9E72A0082
:10BB30004546A04606E0541C5B4629002020B0473D
:10BB40003B0022005F1C0B999942F4D84446A8465A
:10BB50003B00250057469A4633004E46994606E07C
:10BB60001D000137541C5B464146C8472200387807
:10BB7000002804D0002EF4D06B1E002DF0D115004B
:10BB800053464E46109A002A03D1119B013311935C
:10BB90002EE50B9F2A0006E0551C5B4641462020FF
:10BBA000B04723002A005C1C9F42F5D81500ECE743
:10BBB00021233B431C9A111D1C91126805930823F5
:10BBC00004930394083302930023019300925B468D
:10BBD0002A0041463000FFF75CF80500119B013355
:10BBE000119305E56C1C5B462A0041462520B047B1
:10BBF000119B013311932500FAE40B4B9A46F5E4AF
:10BC0000B2465D450DD35B465A1E5B464146002059
:10BC1000D047280013B0F0BCBB46B246A946A046A8
:10BC2000F0BD2A00F1E7C046A1AA01100EB430B55C
:10BC300084B0010007AC08CC03940122054D0094A8
:10BC400052422800FFF7C4FC04B030BC08BC03B06B
:10BC50001847C04699AA011000B585B0029003911B
:10BC600001210448009313004A4202A9FFF7B0FCE7
:10BC700005B000BDA3AA011001480421014B1847DB
:10BC8000F0140020A9BC011010B5010018231B8876
:10BC900014221088984710BD10B5010018231B8886
:10BCA00016221088984710BDF0B5C64600B50700AB
:10BCB0000E0000250123984600E00135B5420AD266
:10BCC000AC003C192068FFF7DFFF20600028F4D1AA
:10BCD00000239846F1E7404680BCB846F0BD00001E
:10BCE000124A936F9B0815D29066D166002905D041
:10BCF000FFE7FFE7FFE7516F106F704704B5802142
:10BD00000906C2175140002800D0C84310F0BCF803
:10BD1000002104BDF0B5146E556E576F166FFFF716
:10BD2000E3FF1466556657671667F0BD000000D044
:10BD3000114A936F9B0813D210665166002905D0F3
:10BD4000FFE7FFE7FFE7516F106F704704B500286A
:10BD500001D00020C04310F097F8002104BDC04678
:10BD6000F0B5146E556E576F166FFFF7E5FF14664A
:10BD7000556657671667F0BD000000D094464E4ADE
:10BD8000926F9208624601D230E0C046F0B54A4E4A
:10BD9000B56F6D08FCD3346E756E776F366F00F03B
:10BDA00025F89446444A14665566576716676246F6
:10BDB000F0BDC0469446404A926F9208624601D256
:10BDC00058E0C046F0B53C4EB56F6D08FCD3346EFC
:10BDD000756E776F366F00F04DF89446364A1466EC
:10BDE0005566576716676246F0BDC046002B24DBD8
:10BDF00011D000293EDA00B5C943404200D10131DB
:10BE000000F038F8C943404200D10131DB435242CF
:10BE100000D1013300BD002AEBD1002801D1002957
:10BE200005D00020C90FC90701D1C043410800B5A2
:10BE30000FF0FAFF0022002300BD00B500290ADB45
:10BE4000DB43524200D1013300F014F8C9434042B1
:10BE500000D1013100BDC943404200D10131DB4373
:10BE6000524200D1013300F005F8DB43524200D1C9
:10BE7000013300BD002923D1002B18D1002A0CD09A
:10BE8000BC460D4F38667A6600210023FFE7FFE7C6
:10BE9000FFE77A6F386F67467047002801D0074880
:10BEA000010000B50FF0C0FF0022002300BD02001A
:10BEB0000B00002000217047000000D0FFFFFFFFB3
:10BEC000002B00D0BFE0130C28D1002AE7D080B4AB
:10BED000114F39667A66FFE7FFE730B4040C7B6FD9
:10BEE000396F1B0423433B667A66FFE7FFE7FFE7F2
:10BEF000C04684B27B6F3D6F1B0423433B667A666A
:10BF0000FFE7FFE7C04600232C042D0C7A6F386F43
:10BF100000196941B0BC7047000000D0F0B59446EC
:10BF20000025140E01D112020835140F01D112019F
:10BF30000435940F01D192000235D40F01D1520083
:10BF40000135D40B0134254F7C66254C3C660E0C24
:10BF500093B2FFE7FFE7FFE73C6F6643360C7703DA
:10BF6000BE467343DF0B5B04C01AB941130C734325
:10BF7000DB18C91ACE086643360CB64493B2734335
:10BF80001F0F1B01C01AB941130C73431F0B1B0574
:10BF9000C01AB941860D8F023E436643360C092D07
:10BFA00024DB520A7243801A7703460A6643360C32
:10BFB00016235B1BDE40DF40BF1964466643821BCD
:10BFC0007046043506330100D940A840C01900D39B
:10BFD0000131A24206D20023F0BD0000000000D0D3
:10BFE000FFFFFFFF121B0130F3D3F1E709277F1B8F
:10BFF000FE406446A2B27243801A00D20139220C7C
:10C000007243130C1204821A99410B0070460435D6
:10C0100013370100F940A840801900D30131002BEB
:10C0200002D1A2420AD2F0BD013000D30131121B6D
:10C03000FAD2013BF8D1A24200D2F0BD013000D3C8
:10C040000131121BF7E7F0B51C0C00D080E00CB4F6
:10C0500000251C0A04D11B02160E334312020835B8
:10C060001C0B04D11B01160F3343120104359C0B2A
:10C0700004D19B00960F334392000235DC0B02D1B2
:10C0800092185B4101351C00971864410134464FFA
:10C090007C66464C3C660E0CFFE7FFE7FFE7C046B8
:10C0A0003C6F6643360C7703BE4697B27743C01B9E
:10C0B00000D20139C01B00D201399FB27743C91B9E
:10C0C000C91B170C77437E04FF0B801BB941CE08B8
:10C0D0006643360C0C2D33DBB644120B1F053A4376
:10C0E0001B0B97B27743C01B00D201399FB2774335
:10C0F000C91B170C77433E043F0C801BB941860DCA
:10C100008F023E43664329277F1BFE400C3D774646
:10C11000AF40BF1930BCA2B2ABB272437343801AB6
:10C120009941220C7243130C1204801A99410200A7
:10C130000B000137001BA941F9D2781E0021F0BD88
:10C140000C277F1BFE4077467F0BAF40FF19E0E7CF
:10C1500000245D1C07D0144F7D663966FFE7FFE7BA
:10C16000FFE7FFE73C6F95B29EB265436643401B15
:10C17000B141150C1E0C6543664336042F0C3E433B
:10C180002D04401BB141994204D202000B00200053
:10C190000021F0BD01D19042F7D3801A99410134BA
:10C1A0009942F2D3F6E70000000000D0FFFFFFFF46
:10C1B00048404140484018B4134B5B68019308BDA8
:10C1C00018B4114B1B68019308BD94460F4A926F37
:10C1D000920805D2624618B40B4BDB68019308BD88
:10C1E0000A4AF0B5146E556E576F166F6246FFF728
:10C1F000F2FF064A1466556657671667F0BD18B415
:10C20000014B9B68019308BD98380020000000D0C6
:10C21000FFB550404240504059404B40594000E02B
:10C22000FFB5154F4C00640D03D0BC4204D10C0384
:10C2300014D80020090D09055C00640D03D0BC4230
:10C2400004D11C030AD800221B0D1B0501264B40FC
:10C2500009D44B4003D58B4200D18242FFBD9942A5
:10C26000FCD19042FFBD0B43DB1803431343F5D0D1
:10C27000C9434918FFBD0000FF07000000B5FFF7E4
:10C28000CFFF01D0002000BD012000BD00B5FFF7A9
:10C29000C7FF804100BDC04600B5FFF7C1FF01D90F
:10C2A000002000BD012000BD00B5FFF7B1FF01D99E
:10C2B000002000BD012000BD00B5FFF7A9FF8041AF
:10C2C00000BD012040054A00121804D85A00121877
:10C2D00001D80020704701207047002070470000FF
:10C2E0000021002805D17047C1174840401AFAD0F4
:10C2F000C90713B5064B1B6898470CBC441CA240E9
:10C300001005120B0349091B09051943114310BD00
:10C310009C3900201F04000010B54C00620D8023E2
:10C32000D218DB00D21A5B057E2A10DD9E3A13DAA2
:10C33000CC170903490819435242D1406400013423
:10C340001532202A05DAD0400843604310BD002092
:10C3500010BD0846604310BDC80FC018013810BD9D
:10C3600018B4024B5B6A019308BD000098380020A6
:10C3700018B4024BDB6C019308BD00009838002014
:10C3800018B4024B1B6D019308BD000098380020C3
:10C3900010B50148FEF738F9D0F4021070B5132338
:10C3A0001C78012C12D0012C12DC214B214A936401
:10C3B0002148FFF769FC214B186070BD20491D4AD8
:10C3C0009800815001331F2BF8D9ECE70023FAE7DE
:10C3D0001C48FFF761FC05001B48FFF75DFC0238B5
:10C3E00003789B007F2B09DD12488022290000F092
:10C3F00009FD022C08D0022CDADCD6E7134B144AD4
:10C4000014483221FEF768F8134B1A88B5231B0233
:10C410009A4209D1114B1A88114B9A4204D1114BFF
:10C420001A88114B9A42E6D00020FEF7EDF8C0467C
:10C43000EDCB0110983800204C3300009C390020CF
:10C4400091C301105344000053460000E8F4021069
:10C45000B4F5021048F5021054380000D838000036
:10C46000494600009C3800005946000030B50B0DCD
:10C470005B055C0D002B14D00D4B9C4211D01419A0
:10C48000002C09DD0B4B9C420CDDC90FC9070024B1
:10C4900009480843050002E00024C90FCD07200029
:10C4A000290030BD0024150524184D41F7E7C0468A
:10C4B000FF070000FE0700000000F07F30B50B0D05
:10C4C0005B055A0D002B1FD0134BD2181ED43423FA
:10C4D0009B1A002B1CDD1C00203C0CD40122524274
:10C4E000A240012464429C400300A34391430B43B8
:10C4F00010D1012009E02024E41A01225242150043
:10C50000E5409A402A43ECE7012030BD0020FCE7DB
:10C510000120FAE70020F8E701FCFFFF30B50B0D22
:10C520005B055B0D1B4A9B182CD43422D31A2BD4E9
:10C530001C00203C16D4353AA240012464429C40A1
:10C540000500A5432C000D0095432A0022431DD170
:10C55000342B1DD01A00203A0DD40800D0400123FE
:10C56000184030BD2024E41A012252421500E54053
:10C570009A402A43E1E72022D21A0C009440D84086
:10C580002043ECE70020ECE70020EAE70020E8E7A2
:10C590000120E6E701FCFFFF02000B00090D490541
:10C5A000480D002907D00549884205D01803000B23
:10C5B00010434342584170470020FCE7FF0700004A
:10C5C00070B504000D001600012A0ED0D20F92198A
:10C5D0005210FFF7F5FF02000B00FFF710FEF60701
:10C5E00003D522002B00FFF70AFE70BD10B5141E04
:10C5F00003DB2200FFF7E4FF10BD02000B00002068
:10C600000249FFF7E2FD6442F3E7C0460000F03F55
:10C61000F0B5D6464F464646C0B588B014001D005A
:10C620000E0D7605760D674BF718674A921BFFF7DC
:10C630001DFFFFF7A5FE654A654BFFF7C6FD00220B
:10C64000644B00900191FFF737FE002809D00022CB
:10C65000614B00980199FFF7AEFD009001915F4B8F
:10C66000F718002F11D000225D4B20002900FFF7A2
:10C670001BFE002815D0002F10DB0020594908B000
:10C68000E0BCBA46B146A846F0BD22002B00009897
:10C690000199FFF7B4FD00F0B1F9F0E700200021A7
:10C6A000EDE70022504B20002900FFF7F5FD0028A0
:10C6B00007D0002F02DB00200021E0E700204949DD
:10C6C000DDE72000290000F001F904900591020047
:10C6D0000B0020002900FFF76EFD03000C001A225A
:10C6E0000293039400F0EEF800F0F0F81A225242A0
:10C6F000FFF7BCFE04000D0002000B000298039936
:10C70000FFF759FD0690079104980599FFF704FE7D
:10C710008146010079438A463800FFF7E5FD220093
:10C720002B0004900591FFF76AFD06000F0000F052
:10C73000CDF804000D00FFF7EFFD8046D044220045
:10C740002B0030003900FFF736FD04000D00069A7B
:10C75000079B04980599FFF752FD02000B0020008B
:10C760002900FFF72DFD049005914846FFF7BCFD19
:10C77000009A019BFFF743FD04000D0000F0A6F8AE
:10C7800006000F00FFF7C8FD804432003B00200088
:10C790002900FFF710FD049A059BFFF711FD040027
:10C7A0000D00029A039B00980199FFF728FD2200D3
:10C7B0002B00FFF705FD00F021F94246FFF756FE7A
:10C7C0005DE7C04601FCFFFFFF030000EF39FAFE02
:10C7D000422EE63F0000E03F0000F03F02FCFFFF7A
:10C7E0000000B0400000F07F0000B0C0F0B5C646C9
:10C7F00000B582B004000D0016001F000190002952
:10C800001DDA10001900FFF789FE00280ED0200065
:10C8100080231B06E91832003B00FFF7E7FF802466
:10C820002406091902B080BCB846F0BD01988023E7
:10C830001B06E91832003B00FFF7D8FFF2E71000B3
:10C840001900FFF769FD804620002900FFF7A4FECC
:10C8500000280CD14346002B28D02033402B1FD971
:10C8600032003B0020002900FFF7D2FEDAE72A0D54
:10C870005205520D0F4B9C46624480231B01984584
:10C8800005DA0D4B984504DA0B4B984601E00B4B4B
:10C89000984643465A4300200949FFF7E7FDC1E7A0
:10C8A000424620002900FFF7A1FEBBE70020044913
:10C8B000B8E7C04601FCFFFF00F8FFFFFF070000DC
:10C8C0000000F03F10B5FFF7D1FD10BD70B50B0DA6
:10C8D0005B055B0D214A944663445A1C24DB5A1CB9
:10C8E00028D03422D21A002A1DDD3324E41A250070
:10C8F000203D26D40126AE4033000125A5402A0064
:10C9000012184B412500203D21D40226AE403100B3
:10C910000225A5402800002544428D4116002640EE
:10C9200030002B40190070BD0022C90FCB0710004A
:10C930001900F8E7CB0FDB070020094A1A43110062
:10C94000F1E720252D1B0126EE403300D5E72025F9
:10C950002D1B0226EE403100DAE7C04601FCFFFF46
:10C960000000F03FF0B5C64600B506000F000B0D05
:10C970005B055A0D002B25D01E4BD2182AD4342427
:10C98000A31A9846002B22DD203B28D401259D4088
:10C990002B0001254446A5402A0001246442E517E6
:10C9A000A4185D41002903DA24184D4126002F0008
:10C9B000002554429D413300234018003B002B408A
:10C9C000190004E00022C90FCB071000190080BC39
:10C9D000B846F0BD002909DA00200749F7E720250D
:10C9E0004346ED1A0124EC402300D2E70020002149
:10C9F000EDE7C04601FCFFFF0000F0BF70B504008A
:10CA00000D000A0D194B9A4229D00022184BFFF74E
:10CA100043FC002826D10022164B20002900FFF7F6
:10CA200043FC002802D0002013491DE0200029000B
:10CA3000FFF74CFFFFF770FC0600FFF755FC020004
:10CA40000B0020002900FFF7B6FB0C4A0C4BFFF748
:10CA5000D6FBFFF78DFC3200FFF708FD04E0002055
:10CA6000002101E00020002170BDC046FF0F000042
:10CA70000000B0C00000B0400000F07FEF39FAFEC7
:10CA8000422EE63FF8B5CE46474680B506000F0079
:10CA900014001D0000224E4BFFF7F0FB002821D1AF
:10CAA0002B0D98465B055A0D9146002B1AD000229B
:10CAB000484B30003900FFF7E1FB002802D0464B1D
:10CAC00099456DD03A0D5305590D002B1DD1002D00
:10CAD0000EDB20002900FFF721FD002863D0300085
:10CAE000390001E000203A49C0BCB946B046F8BD63
:10CAF00020002900FFF712FD002857D0FB0FDB07AD
:10CB00000020364A1A431100EEE7334B9A4213D005
:10CB1000334B9A4215D0304B984527D0304B98452F
:10CB20002AD020002900FFF7C9FC00282AD1002FB5
:10CB30002FDA00202949D7E7002D3ADA002000211A
:10CB4000D2E7002D08DB20002900FFF7E7FC0028D2
:10CB500032D000202349C7E720002900FFF7DEFC80
:10CB600000282CD0002080210906BDE71E4B9942E9
:10CB700028DC00200021B7E71B4B994225DC002070
:10CB80001649B1E722002B0030003900FFF72EFED6
:10CB9000AAE722002B0030003900FFF739FDA3E798
:10CBA00000200B49A0E7002000219DE700200B4951
:10CBB0009AE70020094997E70020084994E70020F8
:10CBC000002191E7002005498EE7002000218BE736
:10CBD0000000F03F0000F0BFFF0700000000F07F02
:10CBE000FF0F00000000F0FFFE03000007B56046E5
:10CBF000002800D100BE01880A0A0230DF2AFAD1DB
:10CC0000C9B2820804D3028840880004104300E0BF
:10CC10000068024A5050039007BD00009838002079
:10CC200051434343C9188C46110C83B24B4310B493
:10CC3000040C614392B280B2504362431C041B0C4B
:10CC4000001910BC59411304120CC0185141614421
:10CC5000704700004840414048400E4B5B68184711
:10CC60000C4B1B6818470C4A936F9B0802D2094B68
:10CC7000DB681847F0B5146E556E576F166FFFF7E7
:10CC8000F6FF054A1466556657671667F0BD014BF7
:10CC90009B681847A0390020000000D0491A0028DE
:10CCA00008D1084670470000C10FC90700D54042AF
:10CCB000002817D0F44603B40B4B1B68984706BCFA
:10CCC00081409E384042803107D20B0607D0490090
:10CCD000490AC0051043084360470130F8E7490A94
:10CCE0008902F5E7704700009C390020014B5B6A20
:10CCF00018470000A0390020014BDB6F18470000E7
:10CD0000A039002010B50148FDF77EFC9CD9021027
:10CD100070B513231E781848FEF7BEFF0500012EDC
:10CD200011D0012E09DDAB1E1B789B007F2B1DDD72
:10CD300012488022290000F065F81148FEF7A4FF90
:10CD4000104B186070BD0D485422290000F05AF8AD
:10CD5000002300E001331F2BE3D8084A9C00A258AF
:10CD6000002AF7D10849054AA150F3E7074B084AC2
:10CD700008484221FDF7B0FB53460000A0390020CF
:10CD80004C3300009C39002005CD0110C8F502107D
:10CD900068F60210FCF5021010B5002804D0401807
:10CDA000034B984200D810BD0248FDF72DFCC04649
:10CDB000000004207CF6021070B505000CF0C2FFE4
:10CDC00004002900FFF7E8FF200070BD70B50D00DA
:10CDD0000DF0BEFA04002900FFF7DEFF200070BD51
:10CDE00010B50CF0B9FF10BD01480421014B1847E4
:10CDF00000150020A9BC0110014B1B68184700005A
:10CE000000150020014B5B6818470000001500204A
:10CE1000084B5B6A994209D8064A926A824207D255
:10CE2000994201D0012002E0002000E0002070477C
:10CE30000120FCE70040054010B503000800110088
:10CE40001B68984710BD0000F8B507000D001600DC
:10CE5000437C002B02D0002400200CE0036811006A
:10CE6000280098472DE03B7C10E03B6815480221E4
:10CE70009847601C0134B44214DA002CF3DD2B19FE
:10CE8000013B1B780D3B5A425341DBB22A5D0A2A13
:10CE9000F0D1002BEED1A042E7DA3B68211A281826
:10CEA0009847E2E7B04203DA3B68311A28189847FE
:10CEB000002E06DDAD19013D2B780D3B5A42534142
:10CEC0003B74F8BD20F8021070B505000368002B14
:10CED00016D00C4B1C6805E0290004C92000FFF7A0
:10CEE000B3FFE468002C09D02368002BF9D0064B6F
:10CEF0001B68002BF0D0A342F3D1EDE700232B6099
:10CF000070BDC046443400205034002070B5050088
:10CF10000C000B68802B05D023685A1C2260E41893
:10CF2000257170BD0800FFF7CFFFF5E7F8B5CE46D5
:10CF3000474680B507000E00914698461BE0A3685F
:10CF4000002B04D0310038009847002818DCE46832
:10CF5000002C06D00C4D2D68002DF0D0A542F6D146
:10CF6000EDE748464146FFF753FF002806D1012070
:10CF70000021FCF725FF054B1C68E9E70120404232
:10CF8000C0BCB946B046F8BD50340020443400203F
:10CF900010B5002B02DB0260436010BD024B034A58
:10CFA00003483F21FDF798FA94E90210F4F70210C4
:10CFB000B0E9021070B582B0060014001D00069A98
:10CFC000079B12196B419D4202D804D1944202D9A9
:10CFD00001225242D3176846FFF7DAFF009A019BFD
:10CFE00032607360300002B070BD10B582B00400D2
:10CFF000FCF7C6FE02000B006846FFF7C9FF009A67
:10D00000019B22606360200002B010BD70B584B047
:10D01000040016001D0002A8FFF7E7FF029A039B19
:10D02000009601952000FFF7C5FF200004B070BDF9
:10D0300010B582B0D0231B0600241C57074801A955
:10D040000EF032FF002806D1019B9C4203D003481A
:10D050000EF06AFF012002B010BDC046B01A0020D9
:10D0600010B502480EF0D8FE10BDC046B01A002020
:10D07000F0B5CE46474680B583B006000D00904619
:10D080001C00FFF7D5FF81466B1C05D0002C08D093
:10D09000194F1A4B1C6807E030000EF08FF805009E
:10D0A000F4E7174FF5E7E468002C17D02368002B4E
:10D0B000F9D0144B1B68002B01D0A342F3D12A00F6
:10D0C00031002000B8474346002BECD06B46D91DF9
:10D0D0000A230B7001222000B847E4E74B46002BDF
:10D0E00007D16B1E9D41E8B203B0C0BCB946B04643
:10D0F000F0BDFFF7B5FFF4E739CE0110443400204E
:10D1000049CE01105034002010B503000800110072
:10D11000002B05D1044B1A685B68FFF707FF10BDB1
:10D1200001204042FBE7C04600ED021010B50300AD
:10D1300008001400013B012B06D800230022210027
:10D14000FFF796FF200010BD01204042FBE70000E2
:10D15000094A01E00C331A001368002B08D08342FF
:10D16000F8D1002907D1C36813600023C36002E02F
:10D17000002900D0106070474434002010B5064BE1
:10D180001C6801E09847E468002C03D06368002B1A
:10D19000F8D1F8E710BDC0464434002070B5050052
:10D1A0000EF00CF804000023012201002800FFF714
:10D1B0005FFFFFF7E3FF200070BD000070B5A2B075
:10D1C00004000E00FFF734FF05008422002101A8AF
:10D1D000FFF712FE09483300220001A9FEF73CFDCB
:10D1E000040001A8FFF770FEFFF7C8FF002D02D171
:10D1F000200022B070BDFFF733FFF9E70DCF01101B
:10D200000FB400B583B004A901C90191FFF7D6FF9F
:10D2100003B008BC04B0184710B500F0E7F910BD22
:10D2200000B585B0020000236846FFF7EFFE009AC4
:10D23000019B012103A8FFF779FE002802DB03D040
:10D2400003AB187805B000BD034B044A9521044890
:10D250004900FDF741F9C046CCEB02100CF8021072
:10D2600094F7021070470000014B00221A707047BB
:10D27000E33A00204B79FF2B0CD18B79002B0BD19B
:10D28000CB79012B0AD1082A0AD98A78054B1A7062
:10D29000092000E0002070470020FCE70020FAE7AA
:10D2A0000020F8E7E33A00200120704770B5040041
:10D2B0000D000348FEF7E8FC030029002000984712
:10D2C0005542000010B5002926D1117953791B026F
:10D2D0000B43124909788B4201D0002010BD5378CE
:10D2E000012B03D0022B10D00020F7E79178D378E0
:10D2F0001B021943DB0503D54B0A0120984000E0CF
:10D3000000207F231940FFF7D1FF64220021002075
:10D31000FDF788FB0120E1E70120DFE7E33A002089
:10D32000012303700048704724F8021010B50A78F2
:10D330004B781B0213438A7812041A43CB781B06DE
:10D3400013439622D200934200D010BD0021080062
:10D35000FFF7ACFF30B583B004000D00184801A9F9
:10D360000EF0A2FD002808D1D0231B061B68019AED
:10D370009A4221D012480EF0D7FD002001F028FE7D
:10D38000002807D1032464420D480EF045FD20001B
:10D3900003B030BD002001F037FE002802D1032485
:10D3A0006442F1E72A002100002001F039FE041E4A
:10D3B000EAD103246442E7E703246442E7E7C04676
:10D3C000A43A002010B5064800210EF06DFD00289B
:10D3D00000D110BD01F0B4FB01480EF01DFDF8E7CF
:10D3E000A43A0020F0B5C64600B582B080460D00D4
:10D3F0002E4801A90EF058FD002808D1D0231B06A5
:10D400001B68019A9A420FD028480EF08DFD00202B
:10D4100001F0DEFD002847D1254B002000211860D7
:10D42000596022480EF0F8FC02B080BCB846F0BD4E
:10D4300001F086FB002001F007FE002001F0C8FD8E
:10D440000028EED0002001F081FE00281DD0AC4263
:10D45000E7DA2E1B002001F079FE0200864200DC94
:10D460003200002AE4D043461919002001F052FE90
:10D47000060001F065FB002001F0E6FDA419FCF7B1
:10D480007FFC0B4B18605960E1E7FCF779FC084B17
:10D490001E685F68074A002392197B419942C0D8F1
:10D4A000D5D19042D3D9BCE70024D0E7A43A0020DC
:10D4B000301C002020A1070010B5002B02DB026009
:10D4C000436010BD024B034A03483F21FDF704F8B7
:10D4D00094E90210CCF80210B0E9021010B582B045
:10D4E0000400FCF74DFC02000B006846FFF7E4FF68
:10D4F000009A019B22606360200002B010BD70B5ED
:10D5000082B0060014001D00069A079B12196B4199
:10D510009D4202D804D1944202D901225242D3172B
:10D520006846FFF7C9FF009A019B326073603000C4
:10D5300002B070BD10B50A4B1A78D0231B061B68C9
:10D540009A4207D1074B1878FBF73EFCFA2080007F
:10D55000002110BD044B054A05483221FCF7BCFFF1
:10D56000E53A0020E43A00203CF80210E4F802100A
:10D5700064F8021010B5024B1878FBF725FC10BDBB
:10D58000E43A0020F0B587B0040016001D000EAB91
:10D590001F7804A8FFF7A2FF049A059B0096019547
:10D5A00004A8FFF7ACFF049A059B02970D9901911F
:10D5B0000C9900912000FCF7FFF907B0F0BDF0B521
:10D5C000C64600B584B00500884616001F000AABA9
:10D5D0001C78FCF7DBF90294019700962A00434679
:10D5E000FFF7D0FF04B080BCB846F0BD10B582B0E4
:10D5F000D0231B061A781B4B1A701B4B1B7801F0AB
:10D60000E7FF1A48FCF794FE0120FBF77BFE184C5D
:10D6100020701849FF231840FBF7F8FB2078012100
:10D62000FBF7CAFB0520FBF7DFFB041E0BD01249FA
:10D6300000220520FBF714FC10480121FFF788FDAC
:10D64000200002B010BD0E4A012300930023FA20EF
:10D6500080000021FFF7B3FF431E9841C4B20028A9
:10D66000EED0E9E7E53A002048570310A43A00203D
:10D67000E43A0020C5D3011075D501101015002023
:10D6800035D5011000487047A8F9021000487047CE
:10D6900054F9021010B50400154B1B78002B0ED066
:10D6A000002C11D1134B144A5A80012301335B0023
:10D6B0009BB21048C02292001343038010BD0C4857
:10D6C000112102F05FFBEBE7052C0ED80B4BA400F9
:10D6D000E4580023122BE9D8E15C0029E6D001339D
:10D6E000044A58008152DBB2F4E70020E6E7C04666
:10D6F000C43A00201C340020090400003CF9021048
:10D7000002007F201040D209400080184001014BE8
:10D71000C01870475834002010B582B001AB074ADA
:10D720001A80002406E001AB185DFFF7E9FF012332
:10D73000C3700134012CF6D902B010BD0080FFFF88
:10D7400010B5838B3F333F229343022915D0124CEF
:10D750002268C260D31823609C0610D10F4C62402F
:10D76000634080246401A3420FD8890611438023BB
:10D770001B060B434268136010BD5B00E7E7084BD4
:10D78000084A09485421FCF7A7FE084B054A0648F9
:10D790005621FCF7A1FEC04664380020000010505E
:10D7A000BCF90210F8FA0210ECF9021064FA021047
:10D7B000F8B505000E001400FFF7A2FF7F232B40F1
:10D7C000EF0985707A427A4142700022C2708683E6
:10D7D0008477012F0DD0DA0012498C4662448260B2
:10D7E000826800211160002B09D143600E4BC36099
:10D7F000F8BDDA000D498C4662448260F0E7012FE3
:10D8000009D0013BDB000A4A94466344436021008F
:10D81000FFF796FFECE7013BDB00064A94466344C2
:10D820004360F4E784001050000110508000105055
:10D830000C0010500800105010B5002308E0013310
:10D84000DA00002108481150844662445160DBB27E
:10D850000E2BF4D90548F02292000021FFF7CCFAF4
:10D86000034B044A1A6010BD000010509834002089
:10D870006438002080011050F0B5CE46474680B590
:10D8800083B01D4B9F6D0024012603E0B743760053
:10D890000134E4B2002F29D01F2C27D83E42F6D005
:10D8A000164B9E65630899460123634001221A4086
:10D8B00090464B465D0045446D01114BED18280024
:10D8C00000F0A8FA0028E1D00D4A4B465B00434423
:10D8D0005B01D3189A8A99780123009300230020D2
:10D8E00000F0BEFD280000F005FACFE703B0C0BC91
:10D8F000B946B046F0BDC04600001150003011508E
:10D900005834002070B52B4A9823D45880235B02EA
:10D9100025001D401C420AD1E30616D4E30419D4A5
:10D92000630429D4230433D4A5423ED170BDFFF74C
:10D93000F3FE01222049002000F078FD1F4B8022D9
:10D9400092021A6580256D02E6E710231D43FFF75A
:10D9500093FFE3E780235B011D43164B00221A600F
:10D96000FFF76AFF01220021002000F04AFD134B5F
:10D97000802212031A65D3E78023DB011D430122B5
:10D980000421002000F02AFD0C4B10221A65C9E783
:10D9900080231B021D4301220521002000F01EFDF3
:10D9A000064B802212011A65BEE729006140044837
:10D9B000FCF72AFE000011500000105000301150FA
:10D9C00098FA021070B50C001500FFF799FE2A00B6
:10D9D000210000F0FBF970BD10B5002804D1012131
:10D9E0000520FBF7E9F910BD034B044AB9210448AF
:10D9F0004900FCF771FDC046ACFA0210E8FA0210CB
:10DA0000ECF9021010B5002805D100220021802079
:10DA1000FFF7D8FF10BD034B034ABF21034849005D
:10DA2000FCF75AFDACFA0210D8FA0210ECF9021019
:10DA3000024B80225202DA647047C0460020115027
:10DA400070B5041E25D100F02FF9154D0C23AB67DE
:10DA500014490520FBF7DAF9134840220021FFF7AB
:10DA6000CBF9002240210020FFF7A2FE0022402136
:10DA70008020FFF79DFEFFF7DFFE01232B6480234C
:10DA80009B05EB649023094AEA502000FFF7D0FF82
:10DA900070BD074B074A4E210748FF31FCF71CFDBC
:10DAA0000000115005D901105834002010D0010099
:10DAB000ACFA02100CFB0210ECF902100B785B06BA
:10DAC00002D14B78052B00D070478A78014B1A6041
:10DAD000FAE7C0460000115010B50A0000280DD129
:10DAE00088780C794B790721194009022143D278B3
:10DAF0009207920FFFF75CFE012010BD034B044A12
:10DB0000D62104484900FCF7E7FCC046ACFA0210F5
:10DB1000C8FA0210ECF9021010B5FFF78DFE10BD27
:10DB200010B50400080011001A00002C03D1FFF703
:10DB300049FF012010BD034B034ABC210348FF31BC
:10DB4000FCF7CAFCACFA0210B8FA0210ECF90210A9
:10DB500010B508004B0605D1CB09012B0AD00222D3
:10DB6000054B9A66FFF7CCFD80221201002100F0E0
:10DB7000C7F810BD0122F3E70020115010B50800CE
:10DB80004B0600D110BDFFF7BBFD0023C370002280
:10DB9000014900F0B5F8F5E7FFF7FFFFF8B504001D
:10DBA0000F00438A828B1E1C934200D9161CB6B20A
:10DBB0009B1B63828022D2003243E378002B13D078
:10DBC0008025AD01154301225340E3706378002B9B
:10DBD0000CD0638A002B02D18023DB011D43002F70
:10DBE00000D02D042800F8BD0025EBE7E068BB015C
:10DBF000C018A1693200FFF705F9A3699B19A36159
:10DC000080231B021D43E4E770B5040083681B6892
:10DC1000002900D01B0C9D05AD0D6278002A11D1A2
:10DC20001B0409D4A38A5B19A382A38BAB4201D93D
:10DC300000236382280070BD0D4B0E4A0E48D72189
:10DC4000FCF74AFC1B040DD5A069E368890159184B
:10DC50002A00FFF7D7F8A38A5B19A382A3695B198F
:10DC6000A361E2E7054B034A0348DE21FCF734FCDD
:10DC700018FB021054FC021038FB0210B0FB02101B
:10DC800010B5040083681B680021FFF7BDFF6368BF
:10DC90001B685B0002D5A38B834200D010BD01211D
:10DCA0002000FFF7B1FFF9E710B580235B040C4AB1
:10DCB00013600C4A13600C4B9A6880235B049343F7
:10DCC000F9D10A4C9C2200212000FFF795F8802210
:10DCD000520100210648FFF78FF80923636710BD42
:10DCE00000E0004000F0004000C000400000115083
:10DCF00000001050002303744382838283617047C5
:10DD000010B5002902D083681B681940002A0FD083
:10DD1000114352050CD5826813685B050BD40B4B7D
:10DD20000B401360FFE7FFE7FFE7FFE7FFE7FFE7D1
:10DD30008368196010BD83787F211940DB09044A8C
:10DD40009B0004489A58FCF75FFCC046FFFBFFFFAE
:10DD500024150020D0FB021070B5040043681E6833
:10DD60000021FFF71BFF80256D010543144B1B6C41
:10DD70009B0704D4A378DB0914D1013300E000230E
:10DD8000628A002A01D0002B0ED00E4B1E40802349
:10DD90009B053343626813602A0000212000FFF7CF
:10DDA000AFFF70BD0023EBE701212000FFF7F6FE77
:10DDB0000543054A3240A023DB051343EAE7C0468A
:10DDC00000001150FFFFFFAFFFFFFFDF70B5040041
:10DDD0000D001600037C002B09D166820023A3826C
:10DDE00001332374A5612000FFF7B6FF70BD83786F
:10DDF0007F211940DB09054A9B009A580448FFF728
:10DE0000FFF92000FFF776FFE7E7C0462415002062
:10DE1000F0FB021070B50400057C002D06D0FFF762
:10DE20002FFF638A002B08D1280070BD81787F23E3
:10DE30001940044A0448FCF7E7FB2000FFF78CFF79
:10DE40000025F1E72415002028FC021070B505001C
:10DE500000240EE062001219D200184B1B689B18B8
:10DE600002E0230010E000235B682800984701349B
:10DE7000E4B2134B1B78A3420ED3124A002AF0D00F
:10DE8000A342E7D8E31ADBB2002BECD15A00D31837
:10DE9000DB000D4A9B18E7E70C4C532200212000C1
:10DEA000FEF7AAFFE01C1022FF21FEF7A5FF2000CD
:10DEB00013302022FF21FEF79FFF70BD402E00206F
:10DEC000DD3A002021D30110A4FD0210783100209A
:10DED00010B50400C269EFF3108072B61368002B0E
:10DEE000FCD0BFF35F8F2062200001F097FEE26953
:10DEF000236ABFF35F8F0021116083F3108810BD88
:10DF000010B5FFF7A3FF00F0ADFF10BD70B5050021
:10DF10000C001600C86800F0AFFFE3683200002173
:10DF20002800984770BD0000F0B5DE4657464E46C3
:10DF30004546E0B583B081460139C8B2FFF7A6FB7C
:10DF4000002803D043789846022B0CD055495648F8
:10DF5000564AFFF755F9002003B0F0BCBB46B24665
:10DF6000A946A046F0BDC5796C110122504B144062
:10DF7000240119781026B14321431970AD112A40AC
:10DF80005201C9B22024A1430A431A70070009377D
:10DF90008278C3781B02134382469A4462E0FB787E
:10DFA0009B463B78FF1864E03E493F48414AFFF7F3
:10DFB00027F90020D0E763001B19DB003E4A1568F3
:10DFC000ED1802E0230017E00025AB6832003900AD
:10DFD000484698470190082801D9864214D2013456
:10DFE000E4B2364B1B78A34238D3354A002AE9D035
:10DFF000A342E0D8E31ADBB2002BE5D15D00ED18B7
:10E00000ED00304BED18E0E75B46012B10D000220D
:10E0100093451AD9BB789B18DBB22549C918C97832
:10E02000FF290BD12249CB18DC700132D2B2EFE7C5
:10E03000AA68254B9A42EAD1C346E8E719491A482B
:10E04000224AFFF7DDF8002086E721482300019DE2
:10E050002A00390001F02AFBAC466744174B1B78B5
:10E06000A3420ED3574514D27B780B2B97D00123B4
:10E070009B467B78042B97D15346DE1BB6B2002417
:10E08000AFE7F322074908489200FFF7B9F80020EC
:10E0900062E7104B002B03D000E000BF01205BE7DC
:10E0A000012059E76CFD02106CFC02107B0300009C
:10E0B0007831002096030000402E0020DD3A002039
:10E0C00021D30110A4FD021069F20110BD0300006C
:10E0D0008B3100200000000070B505000C00CB78EB
:10E0E00088780F2B54D89A002F498A589746FFF703
:10E0F000C9FA020012232100280000F067FE48E060
:10E100002A4B002B46D000E000BF02008178C37884
:10E110001B020B432100280000F058FE39E0022BBF
:10E1200010D0234B002B37D000E000BF0200002AA4
:10E130000CD09178D3781B020B432100280000F00B
:10E1400045FE26E0FFF7A2FA0200F0E719491A4857
:10E150001A4AFFF755F800201BE02379617909027C
:10E160001943FFF797FA021E18D003782100280000
:10E1700000F02CFE0DE0124B002B11D000E000BF90
:10E18000021E0FD003782100280000F01FFE00E0DF
:10E19000002070BD0020FCE70020FAE70020F8E72F
:10E1A0000020F6E70020F4E784FC021000000000E5
:10E1B0000000000054FD02106CFC0210140400006A
:10E1C0000000000070B50400C269EFF3108072B661
:10E1D0001368002BFCD0BFF35F8F2062200001F09A
:10E1E00043FD0500E169226ABFF35F8F00200860EC
:10E1F00082F31088002D01D0280070BD0249034829
:10E20000A822FEF7FDFFF7E744FD02106CFC0210A8
:10E21000024B5878431E9841C0B2704778310020B5
:10E22000024B18784007C00F7047C0467831002075
:10E23000014B18787047C046DE3A002070B50500E3
:10E24000274B1878002800D070BD264853220021A3
:10E25000FEF7D2FD244C2000FCF76AF8234B1C602B
:10E26000234C2000FCF78AF81C3C200001F036FD0E
:10E27000204B1C60204B002B04D02048FFF750F8A7
:10E280001F4B186000240DE062001219D2001C4BD5
:10E290001B689B1802E023000FE000231B689847CF
:10E2A0000134E4B2154B1B78A3420ED3124A002A64
:10E2B000F1D0A342E8D8E31ADBB2002BEDD15A002B
:10E2C000D318DB000F4A9B18E8E72800FFF7B8FBDC
:10E2D0002800FFF781FB024B01221A700120B3E7EF
:10E2E000DE3A00207831002030310020CC3100208F
:10E2F00048150020D031002021D30110DD3A002044
:10E30000402E0020A4FD021030B585B004000D00A1
:10E310004378042B47D01DD8022B2DD0032B52D18C
:10E320002C4B1B785B073CD52A4A137804218B437E
:10E3300013700C22002101A8FEF75EFD23786A46C7
:10E34000137105235371244B18682A0001A9FFF7A4
:10E3500039FF26E0052B36D11E4B1B78DB0720D575
:10E360001C4A137804218B4313701B4B18682A0036
:10E370002100FFF727FF14E0164B1A7801218A438A
:10E380001A701A7801318A431A7000225A701A786A
:10E3900002318A431A70104B18682A002100FFF7D7
:10E3A00011FF05B030BD0B4B1B78DB07F9D5094ACF
:10E3B000137804210B431370074B18682A002100BF
:10E3C000FFF700FFEDE7044B18682A002100FFF774
:10E3D000F9FEE6E778310020D031002070B584B036
:10E3E00006000D0014000C22002101A8FEF704FD18
:10E3F0006B461E715D71210001A8FFF785FF04B017
:10E4000070BDF0B585B007000E00150001AC0C2200
:10E4100000212000FEF7F0FC2770012363702671B5
:10E4200029002000FFF770FF05B0F0BD70B584B083
:10E4300006000D0014000C22002101A8FEF7DCFCF0
:10E440006B461E7106236A4653710822290002A8F2
:10E45000FEF7D8FC210001A8FFF756FF04B070BDFD
:10E46000F0B5CE46474680B585B080460F00160011
:10E470001D000CAB1B78994601AC0C22002120003A
:10E48000FEF7BAFC43462370072363702771039697
:10E49000657149462000FFF737FF05B0C0BCB9469B
:10E4A000B046F0BD70B506000D008B7870221A42A0
:10E4B0000DD10D4B9978280001F0A4F8041E0DD061
:10E4C00029003000FFF708FB0400200070BD074959
:10E4D0000748084AFEF794FE0024F6E7034904487B
:10E4E000054AFEF78DFEF0E77831002020FD02108E
:10E4F0006CFC0210C2040000C3040000F0B5D64654
:10E500004F464646C0B581460C0017009846089B0A
:10E510009A46002516E018491848194AFEF770FE79
:10E5200000263000E0BCBA46B146A846F0BD12490C
:10E530001248144AFEF764FEF3E7099A1370237831
:10E54000E4180135AF4214DD6378052BE3D1E1789F
:10E550008907890F4145DED121004846FFF7A2FF18
:10E56000061EE4D0A378DA09012AE6D052461370D9
:10E57000E5E70126D5E7C04630FD02106CFC02102D
:10E580009C0400009D04000070B57F250D40CC095F
:10E590001E4B6A009B181B193033DB78DB07D80F42
:10E5A000002B31D1194B9B181B193033DB785B07DB
:10E5B000DE0F002B29DB164B1868012149420DF0B4
:10E5C0008BFC124B6A009B181B193033DB78DB077E
:10E5D000DA0F002B10D10D4B69005B181B1930337B
:10E5E000DB785B070ED4094B5B181B193033DA78E4
:10E5F00004210A43DA700126054B18680DF00CFC63
:10E60000300002E01600F7E7002070BD78310020EE
:10E61000CC31002070B57F250D40CC09134B186814
:10E62000012149420DF058FC114B6A009B181B193F
:10E630003033DB78DB0711D40D4B9B181B193033BB
:10E64000DB785B07DE0F002B09DA094B9B181B19DF
:10E650003033DA7804218A43DA7000E00026034B75
:10E6600018680DF0D9FB300070BDC046CC310020D9
:10E6700078310020F0B5C64600B582B001937F2501
:10E680000D40CE09174C6F00E419A4193034E4781A
:10E69000E4071DD4134C6F00E419A4193034E37857
:10E6A0000127BC4667463B43E370019BFFF738FAFE
:10E6B000002813D10B4B6D005B199B193033DA78AE
:10E6C00001218A43DA70DA7803318A43DA7005E08F
:10E6D00005490648064AFEF793FD002002B080BCBB
:10E6E000B846F0BD7831002010FD02106CFC02101D
:10E6F0000A05000070B57F240C40CD090C4B620068
:10E700009B185B193033DB789B0700D570BDFFF792
:10E710001FFA074B64001B195B193033DA780221AA
:10E720000A43DA70DA7801210A43DA70EEE7C0466C
:10E730007831002070B57F240C40CD090C4B62006D
:10E740009B185B193033DB789B0700D470BDFFF753
:10E7500015FA074B64001B195B193033DA78022174
:10E760008A43DA70DA7801398A43DA70EEE7C04614
:10E77000783100207F220A40C909044B52009B18BF
:10E780005B183033D8788007C00F7047783100208D
:10E79000F0B5C64600B582B005000C00002000F0C0
:10E7A0006BFB227860231340602B12D0402B17D0D4
:10E7B0002278D206D20E012A00D1D9E0022A00D155
:10E7C00020E1002A1AD00026300002B080BCB846F2
:10E7D000F0BDCC49CC48CD4AFEF712FD0026F3E748
:10E7E000CB4B002B00D180E1180000F045FB22004C
:10E7F0000021280000E000BF0600E5E7202B0AD03A
:10E80000002B00D077E16378092B00D975E19B00DC
:10E81000C04AD3589F4623790F2B00D967E1BE4ADF
:10E82000D318DB78BD4A002A05D0BD4A127893423E
:10E830000FD39B1ADBB2002B00D05AE15900C91844
:10E84000C900B84BC91822002800FFF75FFB06007B
:10E85000BAE75A00D318DB00B34A1168C918002977
:10E86000F1D10026B0E7200000F00CFBA1782800D1
:10E87000FFF7C8F8A84A137802210B43137001264A
:10E88000A2E7A54B5B786A4606321370012321008C
:10E89000280000F09BFA012696E7A7789E4B5B784C
:10E8A000DBB2BB4205D09C4B5B78002B09D1002F1B
:10E8B00013D1994B5F702100280000F073FA0126F4
:10E8C00082E72800FFF728F9934EB378984628008E
:10E8D000FFF7BCFA4346B370E9E739002800FFF7B9
:10E8E00023FB061EE5D187498748904AFEF788FC3E
:10E8F0006AE721002800FFF7EFFB060064E7A27833
:10E90000E3781B021343012B01D000265CE7824A07
:10E91000137808210B4313702100280000F042FAFD
:10E92000012651E7A278E3781B021343012B01D0A3
:10E93000002649E7784A137808218B431370210099
:10E94000280000F02FFA01263EE7734B1A78510990
:10E95000920801230B4002210A4013436A46063203
:10E96000138002232100280000F030FA01262BE753
:10E9700023790F2B00D9C2E0674AD318DB78674AA6
:10E98000002A05D0664A1278934226D39B1ADBB23E
:10E99000002B00D0CEE05900C918C900614BC9183E
:10E9A00022002800FFF7B2FA061E00D00CE72378F9
:10E9B00060221A4200D007E763780A3B012B00D996
:10E9C00002E7002000F058FA63780A2B0FD02100EC
:10E9D000280000F0E7F90126F6E65A00D318DB001C
:10E9E000514A1168C9180029DAD10026ECE66B46B5
:10E9F0009A1D0023137001332100280000F0E6F96E
:10EA00000136E1E621797F200840CE0970220A42D2
:10EA10001FD1414A400012189219D27C3F48002869
:10EA200005D03F48007882421AD3121AD2B2002A87
:10EA30001DD150008218D2003A4E9619002B18D0E2
:10EA4000002E79D0220031002800FFF75FFA06007F
:10EA5000BAE62C492C48364AFEF7D2FB0026B3E62C
:10EA600050008018C000304A16683618E6E70026C5
:10EA7000E4E76378012B12D0032B10D0002B01D0D8
:10EA80000026A1E62800FFF775FE6B469A1D108050
:10EA900002232100280000F099F9012694E6A078CD
:10EAA000E2781202024304D1012B1AD02800FFF7AA
:10EAB00021FE002E42D0220031002800FFF726FA66
:10EAC000002000F0D9F9144B34229B5CDB07DE0FE9
:10EAD000002B00D078E62100280000F063F9012621
:10EAE00072E62800FFF726FEE3E700266CE6002624
:10EAF0006AE6002668E6002666E6002664E600264A
:10EB000062E6C04680FD02106CFC02107F0200002D
:10EB100000000000C4FC02107831002021D3011055
:10EB2000DD3A0020A4FD0210402E0020D302000098
:10EB300033030000002647E6002645E6012643E6AB
:10EB400030B585B000F056FD002808D105B030BDC5
:10EB500001AC2078FFF7D4F92279684B9A70684BA2
:10EB6000186801A9FFF7B4F90028EFD001AB5B7872
:10EB7000082BF4D89B00634AD3589F4601AB187802
:10EB8000FFF7BEF9604B002BE9D000E000BFE6E7DD
:10EB90005A4B1A78012401210A431A703322995CD6
:10EBA000A1439954995C0420814399540132995CA2
:10EBB000A1439954995C8143995401AB187802A9F7
:10EBC000FFF7E6FD0028CAD101AC20780021FEF74E
:10EBD000BFFF20788021FEF7BBFFC0E701AB1979AA
:10EBE0007F220A40CC09454B50001B181B193033BB
:10EBF000D8780125A843D870D8780335A843D870B1
:10EC0000002A1BD03D4B52009B181B19DB7C3F4A4E
:10EC1000002A05D03E4A1278934216D39B1ADBB2E3
:10EC2000002B1AD15A00D318DB003A4A9B181C69F2
:10EC300001A84279039B0078A04790E701A8427998
:10EC4000039B007800F02CF989E75A00D218D20013
:10EC5000314B1B689B18002BE9D130493048314AB1
:10EC6000FEF7CEFA72E7254B1B78DB0700D476E778
:10EC70002D4B002B00D172E7204B18780007C00FF6
:10EC800000E000BF6BE71D4B1B78DB0700D466E795
:10EC9000264B002B00D162E700E000BF5FE7620077
:10ECA0001219D2001C4B1B689B1802E0230014E0D1
:10ECB00000235B69002B02D001AA10789847013429
:10ECC000E4B2134B1B78A34200D248E70F4A002A54
:10ECD000ECD0A342E3D8E31ADBB2002BE8D15A0010
:10ECE000D318DB000B4A9B18E3E70024E9E7029BFB
:10ECF000002B00D133E70398984730E778310020A4
:10ED0000D0310020ECFC02100000000021D30110E3
:10ED1000DD3A0020A4FD0210402E002098FD0210D4
:10ED20006CFC021037020000000000000000000030
:10ED300010B50023CB56002B05DB802100230022D9
:10ED4000FFF798FC10BD0021F8E70000F8B50500BA
:10ED5000124B9F89DE89B91B89B20B1C402900D94F
:10ED600040239CB20D4B1B785BB2002B08DB0021CB
:10ED7000B74211D00A4A23002800FFF77BFCF8BDF8
:10ED8000B74201D18021F3E7044B9968044822007F
:10ED9000FEF738F88021EBE70022ECE71C31002079
:10EDA0003831002070B506000D00074C0822200005
:10EDB000FEF728F80023A360E381A3812900300037
:10EDC000FFF7B6FF70BDC0461C310020F0B5C64647
:10EDD00000B580460C0016001D001F4B08221F00C6
:10EDE0001800FEF70FF8BE600023FB81A379E179DC
:10EDF000090219430B1CA94200D92B1C99B2164ACF
:10EE00009381A279E3791B02134319D0002901D021
:10EE1000002E08D04046FFF799FF041E0AD02000BC
:10EE200080BCB846F0BD0D490D487322FEF7E8F9E5
:10EE30000024F4E709490A487922FEF7E1F9EEE7F0
:10EE400021004046FFF774FF041EE8D1034904483F
:10EE50007E22FEF7D5F9E2E71C310020D4FD021036
:10EE60006CFC021010B5034814220021FDF7C4FF0A
:10EE700010BDC0461C310020014B18617047C046D0
:10EE80001C31002010B50100044C08222000FDF7C1
:10EE9000B9FF0023A360E381A38110BD1C310020D2
:10EEA00070B505001C00C909324B1B78DB098B4289
:10EEB00019D0002C10D1304B002B02D02D49FEF779
:10EEC000FDFD2C4B1B69002B03D02A4A0221280090
:10EED00098470124200070BD28492948AB22FEF73D
:10EEE0008FF90024F6E7234B1B785BB2002B07DB7E
:10EEF000204B986800283BD022492200FDF782FF72
:10EF00001C4AD3891B199BB2D3819168091991605E
:10EF1000D288934201D03F2C1FD8164B1B69002B7F
:10EF200005D0144A01212800984700280BD0114928
:10EF30002800FFF7FDFE041ECCD110491048D8224E
:10EF4000FEF75EF9C6E700212800FEF701FE8021EA
:10EF50002800FEF7FDFD0124BCE72800FFF7F6FEC0
:10EF6000041EB7D105490648E322FEF749F9B1E787
:10EF70000024AFE71C310020BDDA0110BCFD0210F7
:10EF80006CFC02103831002070B50400050010350B
:10EF9000280000F033FE3F2800D870BDE178002043
:10EFA000FFF7F2FA0028F8D0280000F027FE3F28EB
:10EFB00008D996239B00E218E17840230020FFF750
:10EFC00059FBEAE7E1780020FFF724FBE5E70000C2
:10EFD00010B50400FFF71CF9002801D1002010BD76
:10EFE000FFF71EF9002809D1064BB62292006243B2
:10EFF0009B181B79DB0703D50130F0E70020EEE713
:10F000000020ECE7442E002010B5B6239B004343BC
:10F0100010330248181800F0D7FD10BD442E002010
:10F0200070B5B6239B005843064BC51892B21030FA
:10F03000C01800F014FE04002800FFF7A5FF200010
:10F0400070BDC046442E002070B50500FFF7E0F803
:10F05000002804D10023002B09D1002070BDFFF748
:10F06000DFF8002801D10123F5E70023F3E7B624F8
:10F07000A4006C432834244BE4180434200000F02E
:10F08000A3FD002801D10020E8E71F4BB622920023
:10F090006A439B1899780020FFF776FA002801D17F
:10F0A0000020DBE7B626B6006E43A6239B009C46F5
:10F0B0006644154BF61840223100200000F0CFFDC9
:10F0C000041E15D0104BB62292006A439B18997803
:10F0D000030032000020FFF7CDFA002801D0200005
:10F0E000BCE70A490A48C822FEF78AF80020B5E7BB
:10F0F000054BB62292006A439B1899780020FFF7CF
:10F1000089FA0020AAE7C046442E002004FE02101F
:10F110006CFC021070B50500B624A40044432834EA
:10F12000094BE418043492B2200000F0D2FD06002E
:10F13000200000F049FD3F2801D8300070BD2800B4
:10F14000FFF782FFF9E7C046442E002010B5B62332
:10F150009B0058432830034BC018043000F04EFD8C
:10F1600010BDC046442E0020F0B5CE46474680B5BF
:10F1700083B02A48B62292000021FDF73DFE002709
:10F18000002F04D003B0C0BCB946B046F0BD234E3A
:10F19000B624A4007C433519FF236B7100239846E5
:10F1A0001F4AEA8001222A81AB72EB7208232B737B
:10F1B000210048318919F833994620001030801910
:10F1C0004346009301334A4600F0C5FC2100493113
:10F1D000FF31891920002830801904300123009361
:10F1E0004A4600F0B8FC92239B00E3189946B144CC
:10F1F0004846FBF79DF843466B624B46AB6294234F
:10F200009B009C466444A4192000FBF791F82C64F1
:10F2100043466B640137FFB2B2E7C046442E00207C
:10F2200000C2FFFF70B50025002D00D070BDB624D0
:10F23000A4006C430B4EA01905220021FDF7DCFD54
:10F2400020001030801900F049FD2834A41904343E
:10F25000200000F043FD0121200000F065FD013594
:10F26000EDB2E1E7442E0020F0B583B004004B7905
:10F27000022B64D18B79022B65D10023002B07D0A0
:10F280008F22324932485200FDF7BAFF002557E07D
:10F290003048B625AD005D4340198078002802D083
:10F2A0000133DBB2EAE72B4BEE188B7833700F7823
:10F2B000CF1909257B78242B06D1954204D83B78B9
:10F2C0005D19ADB2FF18F5E7052B09D07B78042B4B
:10F2D00002D17B790A2B18D03000FFF755FE2FE0C2
:10F2E00039002000FFF7DEF8002806D0BB787370E5
:10F2F0003B785D19ADB2FF18E8E79922134914482D
:10F300005200FDF77DFF00251AE039784D19ADB2A6
:10F310007918B31C0193F31C0093022302222000EE
:10F32000FFF7ECF8002802D00E35ADB2D4E7A122E9
:10F33000064907485200FDF763FF002500E000255D
:10F34000280003B0F0BD0025FAE7C046F8FD021022
:10F350006CFC0210442E0020F8B5140012786023D3
:10F360001340202B00D07FE0444A0025002D00D020
:10F370007CE01678277963791B023B439E4206D0D6
:10F380000135EDB2B6239B009C466244EEE76378FC
:10F39000222B31D009D8202B11D0212B03D10029C9
:10F3A00023D0012061E000205FE0232B05D100295C
:10F3B00049D002294CD0012057E0002055E0002917
:10F3C00003D0022908D001204FE006320723210094
:10F3D000FFF7FCFC012048E0294B002B48D0911D91
:10F3E0002800FDF7A3FF01203FE00632072321009C
:10F3F000FFF7ECFC012038E0002903D0022906D0F9
:10F40000012032E02100FFF7CDFC01202DE0A178A2
:10F41000E3781B020B430120190001400E005C0839
:10F42000044013714B425941C9B22C32100000F014
:10F430007BFC144B002B1DD022003100280000E083
:10F4400000BF012011E02100FFF7ACFC01200CE01F
:10F450000D4B002B10D0A378E17809021943280046
:10F4600000E000BF012000E00020F8BD0020FCE724
:10F470000120FAE70120F8E70120F6E7442E0020FA
:10F480002DD301100000000000000000F0B5D646AA
:10F4900000B582B001900F0000930024002C0DD025
:10F4A000002C19D1EB78BB421ED0AB78BB4255D0B3
:10F4B0000124200002B080BCBA46F0BDB625AD00E4
:10F4C00065433D4BED18EB78BB42E9D0AB78BB42CE
:10F4D000E6D00134E4B2E1E7B02238493848FF32DF
:10F4E000FDF78EFE0024E4E710239A46AA449623F3
:10F4F0009B00E9186B461A88504600F0EAFB314B36
:10F50000002B1BD06B79FF2B18D0002600E00136B2
:10F51000009B9E4212D26A79AB19962189008C46D3
:10F5200063441B789A42F2D1504600F060FB0028F9
:10F53000EDD16979200000E000BFE8E7224B002B05
:10F5400004D0504600F053FB002803D02800FFF7FA
:10F550001BFDAAE7200000E000BFF7E71B4B002BD4
:10F5600002D0200000E000BF2000FFF76DFD002862
:10F5700001D001249DE728002C3000F025FB002855
:10F5800015D1009B002B14D09E0601D0012490E7DA
:10F59000A9780198FEF7F8FF041E01D1012488E73D
:10F5A000A978002300220198FFF764F881E701247D
:10F5B0007FE701247DE7C046442E0020E8FD0210CD
:10F5C0006CFC0210000000000000000000000000C1
:10F5D00010B50020FEF732FE041E01D0200010BD41
:10F5E000024903482922FDF70BFEF7E730FE02101F
:10F5F0006CFC021010B5FEF71BFE002800D00120A5
:10F6000010BD000010B502794479072323401B0286
:10F610001A43C3789B079B0F022B16D0032B2ED0C7
:10F62000012B01D0002010BD022904D01C4B9342B5
:10F6300004D30120F7E78023DB00F8E719491A48D3
:10F640005022FDF7DDFD0020EDE7022903D0402A1E
:10F650000ED80120E7E780239B009A4201D10120C8
:10F66000E1E7104910485822FDF7CAFD0020DAE70B
:10F670000C490D485C22FDF7C3FD0020D3E70229A9
:10F6800004D04023934204D30120CCE78023DB0045
:10F69000F8E7044904486322FDF7B2FD0020C2E701
:10F6A000FF0300001CFE02106CFC021070B5002469
:10F6B00003E00D786419A4B2491994420AD24D7836
:10F6C000052DF6D18E787A3535406D004519F6094D
:10F6D000AB55EEE770BD03008A1890B2884202D3A2
:10F6E0009A89904202D95B89C01880B2704710B5E0
:10F6F00003008A4204D8881A80B29C89A04204D9A7
:10F70000891A89B25889081A80B210BD838801E02D
:10F71000C91A89B28B42FBD908007047F0B583B093
:10F720000600019111001F00D41AA4B29A4202D21D
:10F730004389E41AA4B2B588A54205D22A00300054
:10F74000FFF7D5FF30822C00002C02D1002003B03F
:10F75000F0BD39003000FFF7D9FF3168F28850431F
:10F7600009180198FDF74EFB0120F0E770B582B053
:10F770000500160093080CE00A784B781B0213432F
:10F780008C7824041C43CB781B0623432B60043164
:10F790000300581E80B2002BEED1033332001A4012
:10F7A0001E4201D102B070BD0023019301A8FDF7F4
:10F7B00029FB019B2B60F5E7F0B5DE4657464E4628
:10F7C0004546E0B583B005008A460CA909788488CF
:10F7D000E01A80B21C1B1419A4B2EE88070077430C
:10F7E000BFB27443A4B2A3462C68A04673439844A6
:10F7F000002908D001291AD003B0F0BCBB46B2469C
:10F80000A946A046F0BD904205D3724341465046FA
:10F81000FDF7F8FAF0E73A0041465046FDF7F2FAF4
:10F820002968380050445A46FDF7ECFAE4E7904264
:10F8300006D3724392B241465046FFF797FFDBE78B
:10F8400003233A009A43914641465046FFF78EFF04
:10F8500042464A440323380018401F4230D0042354
:10F860001B1A9BB2191C5B4500D95946CFB2FF2326
:10F870000B405946CC1AA3B29B460023019301AB1F
:10F8800004E010781870013308000132411EC9B23B
:10F890000028F6D1296804E00878187001331700B1
:10F8A00001317A1ED2B2002FF6D1019B524613606D
:10F8B0005B46002BA0D05A465046FFF757FF9BE708
:10F8C0002968F5E7F0B585B00500029103920AAA10
:10F8D00011880BAA17785C1AA4B28B4202D2428913
:10F8E000A41AA4B2AE88A64208D232001900280099
:10F8F000FFF7FDFE2882298A89B23400002C0DD042
:10F90000039B9C4200D31C002800FFF7FFFE03006E
:10F910000097220002992800FFF74EFF200005B053
:10F92000F0BDF0B583B004000D0016001F00806923
:10F93000002803D0012149420CF0CEFAE3899BB2A2
:10F94000228A01970092320029002000FFF7BAFFB7
:10F950000500218A89B202002000FFF7BCFE208248
:10F96000A069002801D00CF057FA280003B0F0BDC0
:10F9700070B582B01600950809E00B6803701D0A87
:10F9800045701D0C85701B0EC370043025006C1E65
:10F99000A4B2002DF1D1032332001A401E4201D13E
:10F9A00002B070BD0B68019301A9FDF72BFAF7E7D0
:10F9B000F0B5DE4657464E464546E0B583B00500F5
:10F9C0008A460CA90878AC88E11A89B21C1B141964
:10F9D000A4B2EE880F007743BFB27443A4B2A3462B
:10F9E0002C68A04673439844002808D001281AD0F8
:10F9F00003B0F0BCBB46B246A946A046F0BD91425A
:10FA000005D3724351464046FDF7FCF9F0E73A0052
:10FA100051464046FDF7F6F92868390051445A46E8
:10FA2000FDF7F0F9E4E7914206D3724392B25146F2
:10FA30004046FFF79DFFDBE703233A009A439146D8
:10FA400051464046FFF794FF42464A44032338009C
:10FA500018401F422ED004231B1A9BB2191C5B4571
:10FA600000D95946CFB2FF230B405946CC1AA3B256
:10FA70009B4653461B68019301AB04E01878107055
:10FA8000013308000132411EC9B20028F6D12868AE
:10FA900004E0197801700133170001307A1ED2B2E8
:10FAA000002FF6D15B46002BA2D05A465146FFF7F5
:10FAB0005FFF9DE72868F5E7F0B5CE4600B584B056
:10FAC00004008946151E039343D04069002803D0E3
:10FAD000012149420CF000FAE789BFB2238A9BB2A8
:10FAE000227A002A2AD1A288F91A89B29F4202D228
:10FAF0006389C91A89B2531A9BB22E1C9D4200D940
:10FB00001E1CB6B239002000FFF700FE0300039A66
:10FB10000092320049462000FFF74AFF32003900C8
:10FB20002000FFF7D8FDE0816069002801D00CF0CB
:10FB300073F9300004B080BCB946F0BDA688AE426F
:10FB400005D8AA1BE5885543A9441F00DAE72E0013
:10FB5000D8E71600EDE7F0B583B004000F001500FC
:10FB6000019308AB1E7880231B029A4228D8406973
:10FB7000002803D0012149420CF0AEF9A069002809
:10FB800003D0012149420CF0A7F92760A580019B11
:10FB9000E38026726D00ADB26B1EA3816D4265815C
:10FBA0000023E38123826069002801D00CF034F93E
:10FBB000A069002806D00CF02FF9012003B0F0BD99
:10FBC0000020FBE70120F9E710B5C3899CB2028A47
:10FBD00091B29B1A9BB28C4202D242899B1A9BB271
:10FBE0008288101C9A4200D9181C80B210BDC389AB
:10FBF000008A181A43425841C0B2704730B5C389D1
:10FC00009DB2018A8CB282885B1A9BB2A54202D255
:10FC100041895B1A9BB2D01A80B230BD70B5040026
:10FC20000D008069002803D0012149420CF054F9ED
:10FC3000E28992B2238A9BB229002000FFF76EFD71
:10FC40000500218A89B202002000FFF744FD2082CE
:10FC5000A069002801D00CF0DFF8280070BD10B5B5
:10FC60000023FFF75EFE10BD70B504000D00406973
:10FC7000002803D0012149420CF02EF9E3899EB2FD
:10FC8000228A91B29B1A9BB2B14202D962899B1A15
:10FC90009BB2A2889A4202D1207A002816D0310065
:10FCA0002000FFF733FD2368E2885043181829002D
:10FCB000FDF7A8F8012231002000FFF70CFDE081DC
:10FCC0006069002803D00CF0A7F8012070BD012066
:10FCD000FCE710B50023FFF7EFFE10BD10B50400E0
:10FCE0004069002803D0012149420CF0F5F8A069D1
:10FCF000002803D0012149420CF0EEF80023E381F3
:10FD00002382A3885B009BB25A1EA2815B4263815F
:10FD10006069002801D00CF07FF8A069002801D0AC
:10FD20000CF07AF8012010BD70B504000D00406998
:10FD3000002803D0012149420CF0CEF8A069002828
:10FD400003D0012149420CF0C7F8257260690028F0
:10FD500001D00CF061F8A069002801D00CF05CF82B
:10FD6000012070BD10B5024800F03AF810BDC04641
:10FD70009038002010B502490822FDF743F810BD65
:10FD80009038002010B5002901D000230AE0104B64
:10FD9000104A11481F31FAF79FFB00220DE037325D
:10FDA000C25401334A1E9A420ED90F2B0CD85A085E
:10FDB0000A4CA45CDA07F0D4042214410F2222403A
:10FDC000092AECDC3032EBE7C0180023037010BDC9
:10FDD0003CFE0210ACFE021044FE021090380020DF
:10FDE00070B588B0040004AD0026049609220021F5
:10FDF00005A8FDF701F800960922002101A8FCF7EB
:10FE0000FBFF4B232B700D22694628000BF0FCFFF3
:10FE1000002304E05A1D69468A5CE2540133072B33
:10FE2000F8DD08B070BD10B5040010220021FCF709
:10FE3000E3FF80235B022360F8235B02636080237F
:10FE4000DB02A360C0231B03A360200010BD0000E1
:10FE50000523CB56002B01DB934211D1094B9C4665
:10FE6000604443425841084B8000C058097901233F
:10FE70008B40013B9340184043425841C0B2704709
:10FE80000020FCE70000D0AF9432002070B50A7962
:10FE9000202A19D8174B9C46604443425841164BC0
:10FEA0008000C45801239340013B497949B200299D
:10FEB00010DB08002025AA1A914218DC8B401C4256
:10FEC00001D00120404270BD0C4B0D4A0D4840212D
:10FED000FAF702FB2020801A002805DB1A00824076
:10FEE0001442F0D00138F7E701204042EBE701204F
:10FEF0004042E8E70000D0AF9432002080000310B9
:10FF000020010310AC00031070B505000C001600B2
:10FF1000FFF79EFF002801D0002107E01648FAF7FE
:10FF200073FB8B1912339B005A51013123798B4299
:10FF300011D9227863781B021343A27812041A4362
:10FF4000E3781B0613434A009A5A80239B019A4286
:10FF5000E7D29219E5E701229A401300013B074AD4
:10FF6000944665446A4255410549AD006A58B3401C
:10FF700013436B5070BDC0460C0103100000D0AF9E
:10FF800094320020F8B505000E00F8F7F7FD0700E1
:10FF900031002800FFF77AFF041E09DB0200310060
:10FFA0002800FFF7B1FF3800F8F7F4FD2000F8BD96
:10FFB0000148FAF729FBC0460C010310F0B505AC67
:10FFC00025784C006418E4000419DC342468A44645
:10FFD000002D01D01F2614E0002612E05401A025B8
:10FFE0006D0525434C006418E40004192700DC3734
:10FFF0003D600D4D3543D8342560053B05321F2447
:020000041002E8
:100000002240052BEAD89B06520113434C0062188C
:10001000D20082181500DC352B60034B3343D832F5
:10002000136063462B60F0BD80E00000F0B585B042
:1000300004000D00160002680121A9408A430260F5
:10004000002B35D0186869004919C90061180A00E9
:10005000C83210605868043210609868043210602A
:10006000DB68DC310B606A005319DB00D033E31826
:10007000802149010B438021090619601960174B43
:10008000AB40A3602168281D01231F00874039432E
:10009000216021682800083083400B4323601F2320
:1000A00033405219D200A418D834236005B0F0BDF3
:1000B0006846FFF7B8FE00996B005B19DB00E31898
:1000C0001A00C83211600199043211600299043299
:1000D0001160039ADC331A60C5E7C04601010101D3
:1000E000028880235B019A4219D20223C356013B46
:1000F000DBB20B2B15D80323C356013BDBB21E2BFF
:1001000011D80379062B10D84379172B0FD8837990
:100110003B2B0ED8C3793B2B0DD8012000E00020EB
:1001200070470020FCE70020FAE70020F8E70020F5
:10013000F6E70020F4E70020F2E70000024BDB685E
:100140005B0801201840704700C0054010B5092029
:10015000FAF774FB002813D080231B020E4A1360A9
:100160000E4A13600E4B9A6880231B029343F9D109
:10017000013880235B02984208D20A4B186010BDF8
:10018000094B0A4A0A481921FAF7A6F9094B074A06
:1001900007482421FAF7A0F900E0004000F00040F1
:1001A00000C0004000C0054040010310D001031012
:1001B00050010310B001031010B50400FFF790FFC9
:1001C000002829D0154B0022DA60FFF7B7FF00287E
:1001D000FBD10022A35E1B030222A256120213438C
:1001E0000322A25613430D4A53600423E3561B0611
:1001F0000521615609040B430621615609020B4390
:10020000072161560B4393601023D3600F3BD360EB
:10021000FFF794FF0028FBD010BDC04600C005408A
:1002200070B50400FFF78AFF00281CD00E4AD3697E
:1002300092691D0E0721294021711D0C1F210D40BF
:1002400065711E0A3F252E40A6715BB21D40E57107
:10025000130B1B051B0D2380150A0F232B40A370C6
:1002600052B21140E17070BD00C00540F0B5DE46ED
:1002700057464E464546E0B585B007001000984603
:100280000EAB1B7803930F9D109E3B680022DA662D
:100290003B6859603B680132DA66002200239946C8
:1002A0000024C3464146029190462BE03A79002A49
:1002B00031D001222FE00399002901D000212EE046
:1002C00001212CE03000A84703000443E4B2002BD6
:1002D00006D13A68526BD20602D4002DF2D1F6E76D
:1002E000002B09D13A6880215158894600291FD135
:1002F000002C2FD1C2451ED0002C33D101229446B0
:10030000E0440198D8452DDA029A013A92464246D5
:10031000002ACBD000229202C245CCD00021490253
:100320000A43411C01910078396802430A61D4E70D
:10033000526D01240EE0039A002ADDD10AE030005C
:10034000A84703000443E4B2002B06D13A68526B7D
:10035000920502D4002DF2D1F6E7002BCCD13A68F9
:10036000126EC9E74246002C09D0002B15D14B462E
:10037000002B16D0DB0718D44B461B0709D5039B6F
:100380003B71100005B0F0BCBB46B246A946A04682
:10039000F0BD02235B421A00F1E701235B421A0021
:1003A000EDE702235B421A00E9E702235B421A00F1
:1003B000E5E7F0B5DE4657464E464546E0B583B024
:1003C00005009246180001930CAB1A7893460D9ED7
:1003D0000E9F2B680022DA662B6859602B68013269
:1003E000DA668146002398460024C8453FDA019A20
:1003F000541E2A68516F1029FBD0414600290BD0AA
:100400000020800244450ED000214902084380218B
:1004100049000143116118E02979002901D1002028
:10042000EFE70120EDE75946002901D00021ECE774
:100430000121EAE73800B04703000443E4B2002C8E
:1004400015D12A68916F002909D12A688021515855
:10045000546D621E9441E4B2002EEBD1EFE71269B5
:1004600051460A7001229446E044E244BDE7002C64
:1004700004D0002B0CD001235B4298465B462B71C5
:10048000404603B0F0BCBB46B246A946A046F0BD0C
:1004900002235B429846F1E7F0B5D6464F46464602
:1004A000C0B505000C000520FAF7C8F90600600881
:1004B00080192100FBF73CFC07004300994681446A
:1004C00005214846FBF734FC80463B1A9A46284BE8
:1004D0009C4224D8700080192649FBF729FC441C53
:1004E0004346023BA34221D32B680022DA662968E7
:1004F0000B680432534002321A4080235B010B43E5
:100500001A602B685246DA612B6842461A624B46E3
:100510004F2B11D950214846FBF70AFC0DE0700023
:1005200080191549FBF704FC441CD9E7134B144A06
:1005300014485F21F9F7D0FF01202A68A023D0508A
:100540002B681A007C32DB6F5C402404240C80236F
:100550005B0113431C602B680122DA66390030000E
:10056000FBF7E6FBE0BCBA46B146A846F0BDC04684
:100570003F420F008096980040787D01DC01031017
:100580005C020310FC01031010B5114B98421DD002
:100590001022104B1A60104B1A60104B9B6814000D
:1005A0009C43231EF9D104710268D4660268662454
:1005B000FF3414600268D36302689363026888336F
:1005C000633CFF3CD450FFF767FF10BD0822E0E713
:1005D0005815002000E0004000F0004000C000403E
:1005E00030B585B008AC25780024029401940095BC
:1005F000FFF73CFE05B030BD30B585B008AC2578BE
:100600000024029401940095FFF7D3FE05B030BD9D
:1006100010B582B001AC20706170A270E370CBB2F3
:100620001B02C0B21843D3B21B04054A1040184342
:10063000E3781B060002000A184302B010BDC04652
:10064000FFFF00FF40687047007B704701737047F1
:10065000002070477047704770B504AC257805AC32
:100660002478054E06604160FF21017302724372D7
:100670008572C47270BDC0469C020310014B0360BA
:100680007047C0469C02031030B583B004000D00D3
:100690000023002200210020FFF7BAFF009023680A
:1006A000DB68290020009847042308E0042B04D1CC
:1006B0006B46D87001E06B461870000A13005A1E92
:1006C000002B0ED0A3181B7A032B07D0EED8012BDA
:1006D000F1D0022BF1D16B465870EEE76B46987063
:1006E000EBE701AB009A01925A7812021878104396
:1006F0009A781204044908401043DB781B06000274
:10070000000A184303B030BDFFFF00FF10B582B0F0
:10071000040001910022002009E0042B06D101AB66
:10072000DB78184302E001AB1B7818430132032A3F
:1007300011D80002A3181B7A032B08D0EDD8012B87
:10074000F1D0022BF2D101AB5B781843EEE701AB9D
:100750009B781843EAE702B010BD70B582B0040080
:100760000D00019203681E691100FFF7CFFF020020
:1007700029002000B04702B070BDF0B583B005007D
:10078000019114001E00FFF7C1FF0700A3196E6856
:100790009E4208D31E0006E02B681B693A00210028
:1007A000280098470134A642F6D803B0F0BD0000F7
:1007B000064B080018405043090A19405143000AEB
:1007C0001840034B194008437047C046FF00FF0024
:1007D00000FF00FF10B5012805D0002802D10A4B08
:1007E00099420CD010BD084B9942F6D1074B00221C
:1007F0001A719A60064CDC601C615A61EDE703488F
:100800008168E0F7B8F9EDE7FFFF0000482A002013
:100810004C2A002010B502490120FFF7DBFF10BD74
:10082000FFFF000010B582B001AC20706170A270B3
:10083000E370CBB21B02C0B21843D3B21B04054A0B
:1008400010401843E3781B060002000A184302B068
:1008500010BDC046FFFF00FF0B6803604B6843609C
:10086000002B02D05A6801325A600023037270478D
:1008700010B504004068002801D0DFF710FE20000A
:1008800010BD10B5006803689B68984710BD30B56F
:1008900085B005000C000192012B06D0022B58D028
:1008A0000068FFF75AFF05B030BD0068FFF7ECFEA7
:1008B000029002AB1B78DA43D2B203A90A7001A9F5
:1008C00009788A423AD301AA117802AA5B181370F8
:1008D0005378DA43D2B20D2169440A7001A94978EC
:1008E0008A422DD36A460532117802AA5B185370EA
:1008F0009378DA43D2B20E2169440A7001A989784B
:100900008A4220D36A460632117802AA5B18937095
:10091000D378DA43D2B20F2169440A7001A9C978A9
:100920008A4213D36A46073212789B1802AAD37000
:100930002868029A2100FFF710FFB4E703AAC3E773
:100940000D226A44D0E70E226A44DDE70F226A4492
:10095000EAE70068FFF798FE029002AB1B7801AA55
:10096000127893422BD301AA117802AA5B1A137052
:10097000537801AA5278934223D36A4605321178FC
:1009800002AA5B1A5370937801AA927893421BD300
:100990006A460632117802AA5B1A9370D37801AACC
:1009A000D278934213D36A46073212789B1A02AA6E
:1009B000D3702868029A2100FFF7CFFE73E702AADE
:1009C000D2E709226A44DAE70A226A44E2E70B2204
:1009D0006A44EAE700B583B00192037AFFF757FF54
:1009E00003B000BD10B582B00191046823681B6894
:1009F000200098470300002201992000FFF7BDFE68
:100A000002B010BD10B582B0040000230022002106
:100A10000020FFF707FF010001902000FFF7E2FF31
:100A200002B010BD10B5006803685B69984710BD3F
:100A300010B5012805D0002802D10A4B99420CD0EC
:100A400010BD084B9942F6D1074B00221A719A60EB
:100A5000064CDC601C615A61EDE703488168E0F7F1
:100A60008AF8EDE7FFFF0000602A0020642A0020DA
:100A700010B502490120FFF7DBFF10BDFFFF0000AA
:100A800030B585B06B46D8719D1D99715A71D87972
:100A900003AB187029785970D2B29A70884217D86F
:100AA0006B46073319788A4215D31A7803ABDA708C
:100AB0005A781202187810439A78120407490840AD
:100AC0001043DB781B060002000A184305B030BD56
:100AD0006B460633E6E76B460533E6E7FFFF00FFAC
:100AE000C3698900C8587047C36989005A50704764
:100AF00010B50400064B0360C069002802D0042131
:100B000000F004FB2000FFF7B9FD200010BDC04637
:100B1000DC02031010B50400FFF7EAFF20212000DB
:100B200000F0F4FA200010BDF8B50600002713E02D
:100B300035697469F169BB00327BC9583000FFF731
:100B400037FE6A682100103101238B401342F8D12F
:100B50000434A400605101377368BB42E8D8F8BD83
:100B6000F0B5C64600B584B00400884617001E00E4
:100B70000AAB20CB1A780CAB1B780DA909780EA80C
:100B800000780190009129002000FFF765FD134BCC
:100B90002360434623616761A661114B9D4210D8D3
:100BA000A80001F04DF9E061002200210020FFF7CC
:100BB00067FF010003902B0000222000FFF7DDFDFE
:100BC00006E000F00DFC2000FFF758FD00F03CFBB4
:100BD000200004B080BCB846F0BDC046DC02031063
:100BE000FEFFFF1F10B5012805D0002802D10A4BD7
:100BF00099420CD010BD084B9942F6D1074B002208
:100C00001A719A60064CDC601C615A61EDE703487A
:100C10008168DFF7B0FFEDE7FFFF0000782A0020D2
:100C20007C2A002010B502490120FFF7DBFF10BD30
:100C3000FFFF000070B506000D1C081CFCF756F8FD
:100C400084B2002C12D02000FCF728F8011C281CCC
:100C5000FCF703F88721C905FCF719F8FCF746F8FB
:100C6000C3B21B0224041C43346070BD0023F8E7A8
:100C700070B504000D0010220021FCF7BDF88023A0
:100C80005B022360F8235B0263608023DB02A360C6
:100C9000C0231B03A360EB1CED011B031D43656018
:100CA00080239B05E360024B1D406560200070BD02
:100CB000FFFFFF9F10B50400024B0360FFF718FF12
:100CC000200010BD2403031010B50400044B036082
:100CD000FFF70EFF2021200000F018FA200010BDC1
:100CE00024030310F0B5C64600B586B004000D001D
:100CF00017009846274B984249D007214046F7F7FE
:100D0000FFFE012600960123424629002000FFF73E
:100D100055F9390002A8FFF7ABFF059B1E4A1340A7
:100D20004246920213430593049A1C4B1A408023B7
:100D30009B0213430D9A5206F82189050A4013437A
:100D400004939B009B088022D20513430493052043
:100D5000F9F774FDFBF7A2FF804611490C98FBF7E9
:100D600096FF011C4046FBF77EFF011C02A8FFF71F
:100D700061FF02AB3A0029002000FFF757F9236812
:100D8000AE403343236006B080BCB846F0BD0621B8
:100D9000B4E7C04600002050FF83FFFFFFFFF5C10E
:100DA00000002041F0B5CE46474680B587B004002C
:100DB0000D0016001F000EAB04CB1B78994610A93E
:100DC000097811A8007812AB1B7898460493039019
:100DD00002914B46019300923B0032002900200013
:100DE000FFF7BEFE104B236010492800FFF7CAF83A
:100DF00002004346002B09D1183301930C4B00939A
:100E00003B0031002800FFF76DFF06E02023F4E7E8
:100E10002000FFF76DFE00F017FA200007B0C0BCFD
:100E2000B946B046F0BDC046240303104403031086
:100E30000050C34810B5012805D0002802D10A4B44
:100E400099420CD010BD084B9942F6D1074B0022B5
:100E50001A719A60064CDC601C615A61EDE7034828
:100E60008168DFF788FEEDE7FFFF0000902A002091
:100E7000942A002010B502490120FFF7DBFF10BDC6
:100E8000FFFF000010B5012805D0002802D10A4B51
:100E900099420CD010BD084B9942F6D1074B002265
:100EA0001A719A60064CDC601C615A61EDE70348D8
:100EB0008168DFF760FEEDE7FFFF0000A82A002051
:100EC000AC2A002010B502490120FFF7DBFF10BD5E
:100ED000FFFF000010B5012805D0002802D10A4B01
:100EE00099420CD010BD084B9942F6D1074B002215
:100EF0001A719A60064CDC601C615A61EDE7034888
:100F00008168DFF738FEEDE7FFFF0000C02A002010
:100F1000C42A002010B502490120FFF7DBFF10BDF5
:100F2000FFFF000010B5012805D0002802D10A4BB0
:100F300099420CD010BD084B9942F6D1074B0022C4
:100F40001A719A60064CDC601C615A61EDE7034837
:100F50008168DFF710FEEDE7FFFF0000D82A0020D0
:100F6000DC2A002010B502490120FFF7DBFF10BD8D
:100F7000FFFF000010B5012805D0002802D10A4B60
:100F800099420CD010BD084B9942F6D1074B002274
:100F90001A719A60064CDC601C615A61EDE70348E7
:100FA0008168DFF7E8FDEDE7FFFF0000F02A002091
:100FB000F42A002010B502490120FFF7DBFF10BD25
:100FC000FFFF000010B5012805D0002802D10A4B10
:100FD00099420CD010BD084B9942F6D1074B002224
:100FE0001A719A60064CDC601C615A61EDE7034897
:100FF0008168DFF7C0FDEDE7FFFF0000082B002050
:101000000C2B002010B502490120FFF7DBFF10BDBB
:10101000FFFF0000002330B51400102285B00093BC
:1010200001930393036802929D6922686B46A84767
:101030006B461A79062300201340062B02D1009B31
:101040000130236005B030BD009B05209A1A534241
:101050005A415242104001307047C04610B504005A
:10106000024B036000F0B4FF200010BD8C0303109E
:1010700010B50400044B036000F0AAFF2000082113
:1010800000F044F8200010BD8C03031070B516006A
:101090001D00069A049B040093420ED029002000F4
:1010A00000F0B4FF002806D0079B049A1E711A6056
:1010B0000123079A9371002070BD059900F0A6FFE7
:1010C0000028EBD0079B5E71F5E7C04670B51500B0
:1010D0001C0000F09BFF002804D00823E360023BC3
:1010E0002560237170BDC046F8B505000C001700DF
:1010F0001E0000F08BFF002807D1032E05D82368BF
:101100003A00290020005B699847F8BD10B508F047
:1011100021FB10BD70B5194C083863680668002BB8
:1011200020D08519AB421DD85A6821D00434002A3A
:1011300006D10DE051681C1D1300002907D00A00DC
:101140009542F7D303D12A68B6186A685A602368B3
:101150001A689918884208D05B6806604360236863
:10116000586001E04360606070BD92191A60FBE74F
:101170001B6842609B1903606060F5E7A41C0020B7
:10118000020030B50832083000D3082207230F4987
:10119000073248689A430431002804D10EE0011D4B
:1011A000406800280AD003689A42F8D845689C1A1B
:1011B000072C04D803602B000B60083030BD831867
:1011C0005D6008681C600260F6E7C046A41C002051
:1011D00070B580300500FBF7EFFD041E07D08022BC
:1011E00000212000FBF708FE2000803070BD2800A1
:1011F000FFF7C6FF041EF2D100F0F2FC074A803868
:10120000936810B5984203D9D2689B18984202D3CC
:10121000FBF7E6FD10BDFFF77DFFFBE7A41C0020F8
:1012200070B59E25074C2D012800E560FBF7C4FD35
:10123000A060002804D0002305604360606070BD9A
:10124000E060FBE7A41C00201EB400F091F81EBC77
:101250000AF022FEF0B5C64600B51E0003780C0069
:1012600082B0472B1FD00020274D2B6801909B6830
:101270002800984701239846002804D0019B1B684A
:10128000019302239846236829001F692000012347
:1012900001AAB847002824D100239846404602B04E
:1012A00080BCB846F0BD43784E2BDCD18378552BFB
:1012B000D9D1C378432BD6D10379462B19D0432BF0
:1012C000D1D143792B2BCED183792B2BCBD1C279A2
:1012D000012AC8D80300203B1D68012A04D05830D9
:1012E000C3E7019B3360D9E72B00783B28001D68DA
:1012F000BBE743794F2BB6D18379522BB3D1C07959
:10130000024D0028B1D0AEE7580403102C0403109E
:1013100010B5040000F018F922002378203A472B7A
:1013200005D08368002B20D18260012010BD637836
:101330004E2BF6D1A378552BF3D1E378432BF0D184
:101340002379432BEDD163792B2BEAD1A3792B2B76
:10135000E7D1E379012BE4D8D3690133D361012BC1
:10136000E3D1836893618260DFE700F039FCC04617
:1013700010B500F0E9F80300806800282DD0202285
:10138000825C472A03D000229A60203010BD263AA2
:10139000825C4E2AF7D12C3A825C552AF3D1323A3C
:1013A000825C432AEFD11F3A825C432AEBD11E3A7A
:1013B000825C2B2AE7D1053A825C2B2AE3D1043ADE
:1013C000825C012ADFD8C269013AC261002ADCD1FD
:1013D00082699A6000238361D7E700F001FCC04670
:1013E000042010B5FFF7F4FE024B034A03490360E3
:1013F00000F056FCEC0C0310892F0210D80C0310DF
:1014000070B5040000F0A0F8220023780568203AA7
:10141000472B04D0002D2BD10260280070BD6378CB
:101420004E2BF7D1A378552BF4D1E378432BF1D190
:101430002379432BEED163792B2BEBD1A3792B2B83
:10144000E8D1E379012BE5D85369002B0DDB01339B
:1014500053614368013B4360954201D015610260CE
:101460002000656A0AF028FDD7E70121CB1AEFE7D3
:1014700000F0B6FB10B500F063F80368002B09D04C
:1014800020229A5C472A06D00022203302601800EE
:101490000AF0EAFC10BD263A9A5C4E2AF4D12C3AA6
:1014A0009A5C552AF0D1323A9A5C432AECD11F3A21
:1014B0009A5C432AE8D11E3A9A5C2B2AE4D1053A79
:1014C0009A5C2B2AE0D1043A9A5C012ADCD85A694A
:1014D000002A08DB511E012A0CD04A1C01D0596198
:1014E000D8E700F07DFB511C0132F8D11A69026087
:1014F0005961CFE71A692033026018000AF0B4FC82
:10150000C8E7C0467047C0467047C04600487047AD
:10151000B003031000487047C003031010B5040067
:101520000421FFF7F3FD200010BDC04610B50400F4
:101530000421FFF7EBFD200010BDC0467047C046F8
:1015400000487047941C002000487047941C0020FD
:1015500010B5034A0349044801F0EEFC10BDC04633
:10156000581400203D150210941C0020F0B5D646FA
:1015700046464F468A46C0B50600502824D00F2460
:1015800004400C2C00D96FE03848A400005987466D
:101590005478107824020443907800042043D478CF
:1015A00024060443101D002C08D070253540102D52
:1015B00000D1924676B25444002E0ADB1C60E0BC97
:1015C000BA46B146A846F0BDD01C0322904310C8CD
:1015D000F4E72468F2E75478107824020443907802
:1015E00000042043D4782406044310000830DAE7CE
:1015F0005478107824020443901CD4E7547810786F
:101600002402044324042414901CCCE77F211500F9
:101610000024002788464046297801350840B84014
:10162000044348B207370028F5DB28001F2FBAD83B
:101630004D06B8D50125BD406D422C43B5E70021CC
:101640008C467F311500002488464746614628783D
:10165000013507408F400721894640B23C43CC44C6
:101660000028F2DB28009EE708F03CFB880403100A
:10167000020010B50800FF2A10D070231340302B51
:1016800013D004D8202B07D10AF0B6FB03E0402B7F
:1016900006D10AF029FC10BD202B04D80020FAE75F
:1016A0000020502BF7D008F01DFB0AF0E5FBF2E715
:1016B000F8B505000E0014000020002D02D028000F
:1016C0000AF012FC2060771C3678FF2E28D160606B
:1016D0003B78781CFF2B32D01023002500217F2679
:1016E00023753200037801301A408A405BB21543FB
:1016F0000731002BF5DB4519E560002200257F2628
:10170000037801306375310003780130194091404E
:101710005BB20D430732002BF5DB45192561F8BD9F
:1017200029003000FFF7A4FF3A000100231D30001C
:10173000FFF71CFF07003B78781CFF2BCCD100255E
:101740002375D9E7F0B557464546DE464E46002399
:10175000E0B595B00A9303330F0090460340012B88
:1017600016D0022B0DD1414638000AF06DFB00283F
:101770000CD1082015B0F0BCBB46B246A946A04625
:10178000F0BD002B00D19DE008F0ACFA0920F1E794
:1017900008231A000240034200D19DE002231A43AD
:1017A0000EAB9A4604920E910C2200210093404603
:1017B00000230AF041FB40460AF0BEFB05900028DA
:1017C000D1D0524605994046FFF772FF53461B7D24
:1017D0004146040018000693FFF74AFF53469860FD
:1017E0000DAB0F22079000939B460021002340463B
:1017F0000AF082FB01220D9B9343013B994653461D
:101800001B6903939C423BD253465E7D0E9B7F2512
:1018100002934B46A1461C0000213000FFF728FF31
:101820004A4601000BAB3000FFF7A0FE00218146C5
:101830003000FFF71DFF4A4601000CAB3000FFF7F8
:1018400095FE002181463000FFF712FF4A46010055
:101850005B463000FFF78AFEA146002100222C00E3
:10186000037801301C4094405BB221430732002BC7
:10187000F5DB029A0B9B944663444C464B4518D9C2
:10188000002300251E000133049AD2077AD55B4657
:101890000D2200930021002340460A9C0AF02CFBF5
:1018A0000D9B06203B62059B7C62BE62FB623D6332
:1018B00060E70C9A9B184B456ED8039B8146834288
:1018C000AAD8DDE7000700D54DE7012304930EAB4E
:1018D0009A4653460E9767E70EAB0C6A9A460093FA
:1018E0000D220023002140460AF006FB0E9B9C427D
:1018F00002D002230493ECE753460C22009300210C
:10190000002340460E970AF097FA3D6BBC6AFB6ACB
:10191000002D3ED005930DAB26009B46002E00DA2D
:10192000ABE003265B4600220021009340460023E3
:101930000D970AF081FA5B46012200210093404690
:1019400000230D940AF078FA5B460F2200210093E1
:10195000404600230AF0D0FA01230D9A00211340DB
:101960002B430D935B460F220093404600230AF061
:1019700063FA022E01D00720FCE63800FFF7C8FC0E
:101980000720F7E6082204990A426DD13400012BA2
:10199000C4D1380007F000FF0D9B002B00D1E2E618
:1019A000524655685D19002900D1FCE0039B4C1E8E
:1019B0009C466444002D00D1D5E6049A082311000A
:1019C00019400991134200D1F0E03F333B700733D7
:1019D0007B700733BB70123BFB7003333B710933E1
:1019E0007B710333BB710023FB710023069A0293C2
:1019F00007331A4013004246984603950892002385
:101A000000217F252A002078013402408A401343B8
:101A100042B20731002AF5DB1F2905D8400603D55D
:101A200001228A4052421343994620000025002299
:101A30007F269C46310003780130194091400D43C8
:101A400059B207320029F5DB190063461F2A32D844
:101A5000490630D5012191404A421543002B3ED121
:101A6000012302936419CAE7012B00D1ADE0002ED7
:101A700000DAA6E03400032654E7524605994046B2
:101A8000FFF716FE53464146187DFFF7F1FD52461B
:101A9000E343D1689B00C9180B68002B05D00023D5
:101AA00001339A008A58002AFAD1BB620423F862F3
:101AB0003B63796335E7002B11D101230293002D9D
:101AC000D0D1089B039D9846029B002B00D14AE68B
:101AD000049BDB0700D546E60024022622E7002B04
:101AE00013DC5246DB43D6689B00F6183168002FA2
:101AF00002D0099B002B31D00029E0D14B461E00BB
:101B0000089B039D98460323BEE6069AFF2A40D011
:101B10004246022A3AD01BD9032A1CD0042A00D0FC
:101B200032E6DB005B425246D2680799D21806982B
:101B30005B46FFF71BFD0D990029DFD0002FBED0BB
:101B4000002238000AABFFF785FB0028B7D0D5E7A5
:101B5000002A00D018E69B005B42E4E70A9B0D9345
:101B60000029CBD05B46A3461C0003E07168043615
:101B7000002910D02300002238007118FFF76AFBFB
:101B80000028F3D023005C469B4698E75B005B424D
:101B9000C9E70023C7E74B461E00089BA3469846AB
:101BA000039D032370E6002D92D1DCE53B00FA791A
:101BB0005833012A01D00A9317E7783B1B680A9330
:101BC00013E700F019F8FFF71BFC00F009F8C04616
:101BD00010B5804708F086F8FFF712FC08F082F88D
:101BE000024B10B51868FFF7F3FFC04664150020DC
:101BF00010B58047FFF7F4FF024B10B51868FFF7E8
:101C0000F7FFC04660150020014B18687047C046BA
:101C100064150020014B18687047C046601500200D
:101C200010B5012812D80B00283B1A68501E186006
:101C3000012A00D010BDDB6858310C00002B01D008
:101C4000080098472000FFF7D9FAF3E728394869D8
:101C5000FFF7BEFF70B505000026803DEA602E60EC
:101C6000A9600400FFF7D6FF2861FFF7CDFF23002E
:101C70004722583B68611A7007325A7007329A70CF
:101C800022004323553A13705370183B9370D3705E
:101C9000024B513C280026702B6370BD211C0210A2
:101CA00070B504000D001600FFF74EFC43683200CB
:101CB0000133290043602000FFF7CCFF040001231B
:101CC0002834036020000AF027F92000FFF798FB72
:101CD000FFF786FF10B5FFF737FC43680468013350
:101CE0004360002C0CD02023E35C472B0AD0002358
:101CF0000360203420000AF007F92000FFF780FB82
:101D0000FFF76EFF263BE35C4E2BF0D12C3BE35CF0
:101D1000552BECD1323BE35C432BE8D11F3BE35C1A
:101D2000432BE4D11E3BE35C2B2BE0D1053BE35C72
:101D30002B2BDCD1043BE35C012BD8D863695B42DD
:101D40006361D6E70120704710B50400024B0360C1
:101D500000F03EF9200010BDF804031010B5040097
:101D6000044B036000F034F920000821FFF7CEF99E
:101D7000200010BDF8040310F0B5C6460C0000B5F5
:101D80000500884682B05440032934D90F1FBF088C
:101D90000137BF00194EC7190422290001A8FBF71B
:101DA00031F8019A74437243130E53407343043560
:101DB0005C40BD42F0D1424603231A409046434660
:101DC000022B10D0032B0BD0012B0FD0620B0B4B2F
:101DD00062405343D80B584002B080BCB846F0BDB7
:101DE000BB781B045C407B781B025C403B78634003
:101DF000024C5C43EAE70700E1E7C04695E9D15BA6
:101E000010B5041E00D101342000FAF7D5FF0028D8
:101E100000D010BD07F06CFD002801D08047F3E72B
:101E20000430FFF7D5F9034B034A04490360FFF779
:101E300037FFC046940C0310512F0210800C031082
:101E400010B5FFF7DDFF10BD0120704710B504008D
:101E5000024B036007F05AFD200010BD4805031037
:101E600010B50400044B036007F050FD2000102162
:101E7000FFF74CF9200010BD48050310F8B5050028
:101E80000E0017001C00C068012B07D9E868A31CCE
:101E90000268F16814693A00A047F8BD064900F0ED
:101EA000B5F80028F2D0F0680368DB689847012392
:101EB0005840C0B2F1E7C046B825031010B5040081
:101EC000024B0360FFF7CAF8200010BDA005031005
:101ED00010B50400044B0360FFF7C0F820000C218C
:101EE000FFF714F9200010BDA0050310F0B583B072
:101EF0001E00089B05000F00140093420AD0A8683A
:101F0000089A036800921D6A220033003900A8472E
:101F100003B0F0BD310000F079F80028EFD00620C2
:101F2000F6E7C046F0B50E0085B0190004001700B2
:101F30001D0000F06BF8002814D10A9B0C9A934204
:101F40002AD0A0680D9A036803920C9A310002927D
:101F50000B9A01920A9A0092DC693A002B00A04782
:101F600005B0F0BD0D9B0A9A1F711A60002E0CDBA4
:101F700093190C9AD31A5A1E934104225B4293433D
:101F80000D9A063393710020EAE70236FBD1012354
:101F90000D9A00209371E3E720000B9900F036F8CA
:101FA0000028CED00D9B00205F71D9E7F8B507005F
:101FB0000C0015001E00FFF789F8002806D1B8684C
:101FC0002A00036821009F693300B847F8BDC04666
:101FD0007047C046002070470020704710B5884207
:101FE00011D0406803782A2B0BD049680B782A3B24
:101FF0005A425341C91809F047F843425841C0B208
:1020000010BD0020FCE70120FAE7C04610B5814270
:1020100011D0406803782A2B0BD049680B782A3BF3
:102020005A425341C91809F02FF843425841C0B2EF
:1020300010BD0020FCE70120FAE7C04670B53D4B1B
:1020400082B01A78002A44D101221A7007F028FCC5
:10205000002834D04468002123782A3B5A42534157
:10206000E41801235B4200220193200001AB07F03A
:1020700009FB314D06002B683022DB6801212F4817
:1020800008F02EFE019B002B13D02B682000D9688E
:1020900008F03AFC2B680222DB680121284808F08E
:1020A0001FFE019B002B02D13000FAF799FEFFF7CB
:1020B00011FE2B683000D96808F026FCEAE71E4BB9
:1020C0002D221B6801211F48DB6808F009FE07F07C
:1020D00009FE194B1D221B680121DB681A4808F014
:1020E000FFFD07F0FFFD0C00012919D1FFF788F96A
:1020F00003689B6898472B6806000B222100134851
:10210000DB6808F0EDFD2B683000D96808F0FCFBB7
:102110002B680A20D96808F087FBFFF7ABF9D6E7F0
:10212000FFF76EF9FFF7A6F9D1E7FFF7A3F9FFF77D
:102130008BF8C046DC3A002078190020FC0503101B
:102140003006031034060310DC0503106406031088
:10215000C368002B04D018009B68002BFBD170478C
:102160004368DA68904207D118005B68DA688242F7
:10217000FAD0C2689342F2D01800F0E70378020068
:10218000002B03D143685B68984211D09368002B01
:1021900004D01800DB68002BFBD1704750688368BF
:1021A0009A42FAD10300406882689A42FAD0F4E772
:1021B000C068F2E7F0B50024CE46474680B54A60D5
:1021C0008C60CC600C7000280AD09160934200D1E2
:1021D000A3E05D6898682C00904208D1996006E001
:1021E000D160D868904200D195E05D682C00002253
:1021F00001269146A9420DD13BE0002C1ED0277844
:10220000002F1BD1067026704946117011002C005A
:102210008D422ED048680278002A2AD142689468FC
:102220008442EAD1D768BC46002F28D03F78002FDF
:1022300025D10121604621700170E5E784688C4258
:1022400039D0067048461070D0688468D460002C7D
:1022500000D06260546844605D68AA4227D0A568D7
:10226000AA4226D0E060826050605D682C008D42FA
:10227000D0D101232370C0BCB946B046F0BDC568BB
:102280008D4231D0067048461070E068906000289A
:1022900000D04260506860605D68AA4220D0C56886
:1022A000AA421FD08460E26054605D68AFE7586066
:1022B000D9E7A060D7E7CD6814008560002D01D074
:1022C000686044684C605D68A84222D0E568A84216
:1022D0002ED0A1600C00C860416001002000B0E772
:1022E0005C60E0E7C460DEE78C68C460002C18D056
:1022F000606044684C605D68A8421BD0A568A84235
:1023000014D0E1600D0088609468416001002800ED
:10231000B8E75960DEE7D96067E70C005960D9601B
:10232000A7E74A605C68A04204D01400A160E9E716
:10233000E160CFE75960E5E7042010B5FEF748FFFC
:10234000024B034A03490360FFF7AAFC940C0310F5
:10235000512F0210800C0310042010B5FEF738FF37
:10236000024B034A03490360FFF79AFCEC0C03108D
:10237000892F0210D80C031070B505000820FEF755
:1023800027FF2900040007F023FC2000044A054928
:10239000FFF786FC2000FEF731FFFEF755FFC04631
:1023A000459A02106C26031070B505000820FEF750
:1023B0000FFF2900040007F04FFC2000044A0549E4
:1023C000FFF76EFC2000FEF719FFFEF73DFFC04649
:1023D000859A02108C2603100FB42023F0B583B029
:1023E00000AFFC1820CC280008F0E8FE80239B00FA
:1023F000C118104B2A009C466B466044C008C000C0
:102400001B1A9D466E46230030007C6000F068F980
:102410000820FEF7DDFE3100040007F027FC200055
:10242000054A0649FFF73CFC2000FEF7E7FEFEF7F1
:102430000BFFC04607020000C59A0210AC2603102D
:10244000004870477006031010B50400024B03608B
:10245000FFF758F8200010BDB006031010B50400B7
:10246000044B0360FFF74EF8200007F073F92000DB
:1024700010BDC046B0060310042010B5FEF7A8FE3C
:10248000024B034A03490360FFF70AFCB00603103E
:10249000492402109C060310F8B505000D2904D844
:1024A000012400292AD12000F8BDF923204E002B59
:1024B0000ADD5C10A200B218106888421CD21B1BF7
:1024C000013B161D002BF4DC1A4B34689E422BD0C6
:1024D0002000F9F705FF060028680F00FAF70CFC4A
:1024E00002000B0030003900F9F789FEFAF73AFADA
:1024F000F9F736FF6860D6E72300D8E70E4B5C5C3F
:102500002000F9F7F1FE060028680F00FAF7F4FB47
:1025100002000B0030003900F9F771FEFAF722FAD9
:10252000F9F71EFF6860BEE7012040426860BAE725
:10253000E4060310C80A0310BC060310F0B5D64623
:102540004F464646C0B582B092460A9A80469C18CD
:102550004B6889469C4234D9002B4DD04B461868B5
:10256000FAF7CAFB05000E00200000950196F9F766
:10257000B7FE2A003300F9F728FE04000D0050468C
:10258000F9F7AEFE22002B0006000F00F9F784FEDB
:10259000002820D020002900FAF7E4F91D4B002282
:1025A000F9F70EFEF9F7DCFE534601005B00984296
:1025B00026D34846FFF770FF424601235060137050
:1025C00002E0002303604360404602B0E0BCBA462C
:1025D000B146A846F0BD3200009801993B00F9F7DA
:1025E0000EFEFAF7BFF9F9F7BBFE4B4642465860BC
:1025F000002313605360E7E70B2CAFD20B24ADE749
:1026000019004846FFF748FF424601235060137007
:10261000DAE7C0460000F03FF0B505000C009DB0C1
:1026200000AF641B69220F49381DFAF7EBFB23004A
:102630006A467033DB08DB00D31A9D466E4668227B
:10264000391D3000FAF7DEFB300022002900683027
:10265000FAF7D8FB00233419683430002370FFF7F1
:102660008BFEC046D00A0310F0B557464546DE46FD
:102670004E46E0B583B000AF84B0EA460C23534425
:1026800099461D00154B8B46140098467860200033
:102690000A21F9F74DFB43465B5C013D20000A210E
:1026A0002B70F9F745FB26000400092EEFD84B46A6
:1026B0005D1B5D450FD85346591B2A0078680C31C5
:1026C000FAF7A0FB2800BD4603B0F0BCBB46B246FB
:1026D000A946A046F0BD01256D42F3E73C0B03106F
:1026E000F0B5C64600B515001278013907000400A0
:1026F0004618002A46D0B0420AD2252A0CD02A78A1
:102700002270013501342A78002A1FD0B442F4D354
:1027100021003800FFF780FF6A78732A1CD07A2ADC
:1027200003D0252AEBD10135EAE7AA78752AE6D14C
:1027300004CB2000311B9846FFF796FF0028E7DD09
:10274000EA78033543462418002ADFD1E01B002332
:10275000237080BCB846F0BD01CB01789C460029AF
:102760000DD0A642D4D9220001E09642D0D0130069
:10277000013019700178013214000029F5D1634647
:102780000235C0E70020E2E710B580240B68E405BD
:10279000A34210D2581C934207D95200934204D24C
:1027A000A24205D32000054B0B60FFF729FB10BDAB
:1027B0000A60501CF9E70248FFF7F6FDFFFFFF3FF4
:1027C000480B031003000068083310B5984201D08D
:1027D00006F0C0FF10BDC04630B583B01500040040
:1027E0000A0001910F290ED80068002A06D0012A9C
:1027F00011D02900FAF700FB019A206800236260DB
:10280000835403B030BD002201A9FFF7BDFF019A38
:102810002060A260E9E70570019A2068EEE7C046F3
:1028200010B5012A05D0002A00D110BDFAF7EAFA46
:10283000FBE70B780370F8E7F0B5C64600B5040077
:102840000D0082B088420ED0082398460768804465
:102850004E68B84522D08268B24208D3002E14D107
:1028600000236660BB5502B080BCB846F0BD2000B6
:1028700001A90196FFF788FF07002068804501D075
:1028800006F068FF019B2760A3602968012E07D02E
:1028900038003200FAF7B6FA2768E1E70F22DBE7E3
:1028A0000B783B702768DBE7F0B54F464646DE46BF
:1028B000C0B51F0043680E00891882B08946591AB6
:1028C00088460A9904008A1AD21808239B4603688E
:1028D000834401929B453BD08268200001A9FFF709
:1028E00053FF0500002E05D02168012E2DD03200A7
:1028F000FAF788FA002F09D00A9B002B06D0A819F6
:10290000012B27D039000A9AFAF77CFA4346002BAC
:102910000AD00A9B2168F018434628184944012B25
:1029200010D04246FAF76EFA2068834501D006F0CF
:1029300011FF019B2560A36002B0E0BCBB46B1461D
:10294000A846F0BD0B780370EEE70B780370D1E773
:102950000F22C2E73B780370D8E7C046436870B5E2
:102960008E18150004009A1BB34209D0002D07D021
:10297000036858189919012A08D008F047FA6368C3
:10298000002122685B1B6360D15470BD0B7803701B
:102990006368F5E770B505000E00083028600B6825
:1029A00008360C004A689E4209D02B608B68AB60E9
:1029B000002328006A6026606360237270BD0132C4
:1029C0003100FAF71FFA6268F2E7C0460CC99B189B
:1029D000036070470B6803607047C04670B506001F
:1029E000036882B00836040001919E421FD08268BD
:1029F000019B934201D802B070BD200001A9FFF7EE
:102A0000C3FE636805005A1C2068002B11D0002A01
:102A100005D106F09FFE019B2560A360EBE7010056
:102A20002800FAF7EFF920688642F2D1F3E70F2287
:102A3000DEE703782B70F6E7426810B5914202D2C8
:102A40000068401810BD0148FFF7C6FC980B031042
:102A50000200F0B503684668083204000D0083B038
:102A6000771C934213D08268974206D800229D5566
:102A700023686760DA5503B0F0BD0123002200939C
:102A8000310000232000FFF70FFF2368EEE70F223D
:102A9000EAE7C04610B5416801220139FFF75EFF41
:102AA00010BDC046F0B5CE46474680B583B01D0088
:102AB0000AAB1B788846264999464368511804009A
:102AC000C91A8D4241D821000068AE1A0831F618A3
:102AD000884234D0A1688E4223D8414651185F1AEB
:102AE0008B420BD0AA4209D00100414448198918F1
:102AF000012F20D03A0008F089F92068002D07D076
:102B00004044012D1DD02A004946FAF775F9206886
:102B1000002366608355200003B0C0BCB946B046B0
:102B2000F0BD2000002341460095FFF7BDFE206860
:102B3000002DEDD0E4E70B7803702068DEE70F216D
:102B4000C9E74B4603702068E2E70248FFF72CFC18
:102B5000FFFFFF3FDC0B031000B583B00B004168A3
:102B600000920022FFF79EFF03B000BDF0B557466C
:102B70004E464546DE46E0B51600984685B0624BA7
:102B800042680E9FF31804009B1A9F4200D9B7E0D9
:102B9000BB1B9A46914603680830D144834252D009
:102BA000A068814542D8581875188346551B43457F
:102BB0001CD9002D0AD0BE4208D05B463100D8197E
:102BC0005944012D56D02A0008F020F9002F24D1B5
:102BD00023684A4649466260200000225A5405B0E4
:102BE000F0BCBB46B246A946A046F0BD9A18904537
:102BF000DFD8002F29D1002DEBD0BE42E8D05B46B4
:102C0000D81933005B440393012D3FD02A00039968
:102C100008F0FCF8BE421FD3DAE7012F0DD03A00CE
:102C200041465846FAF7EEF82368D2E743463200A9
:102C300020000097FFF738FECAE743465A461B7844
:102C400013702368C5E70F20ABE7BE4215D2002DF5
:102C5000D5D133005B4403934346039ADB199A4270
:102C600017D3012FE9D03A004146584608F0CEF874
:102C70002368AEE70B780370A8E7012F2DD03A0048
:102C8000414608F0C3F8002DB7D1A1E71B780370C7
:102C9000C0E7039B984509D341465144012F22D0F8
:102CA0003A005846FAF7AEF8236892E74246039B8B
:102CB0009D1A012D20D02A004146584608F0A6F85A
:102CC0005B467A1B5819D919012A11D0002A00D164
:102CD0007EE7FAF797F823687BE743461B78037093
:102CE000002D8AD174E75A460B781370236870E779
:102CF0000B78037023686CE713785A461370DFE78C
:102D00000248FFF751FBC046FFFFFF3F140C0310C2
:102D100030B5040083B008000D0008F04FFA626877
:102D20002B00009000212000FFF720FF03B030BDF2
:102D300020B51500426882B091420AD8521AAA42C0
:102D400005D8049D0095FFF711FF02B020BD2A00B1
:102D5000F7E7034D130003480A002900FFF73CFB87
:102D6000FC0B0310600B031070B5040023004668D1
:102D70000068083382B09519984219D0A368AB4215
:102D80000DD3002A05D08019012A13D0FAF73AF89A
:102D90002068002365604355200002B070BD0B0021
:102DA0002000009231000022FFF77EFD2068F0E74E
:102DB0000F23E4E70B7803702068EAE710B5054BB2
:102DC00044681B1B9A4202D8FFF7CEFF10BD024891
:102DD000FFF7EAFAFFFFFF3F300C031070B5040065
:102DE00008000D0008F0EAF96168064B02005B1A62
:102DF000834204D329002000FFF7B6FF70BD0248CC
:102E0000FFF7D2FAFFFFFF3F300C0310F8B547463B
:102E1000CE46884680B5140007001E1E0DD04368BC
:102E2000994608E03D6832004046295D08F08CF97B
:102E3000002808D10134A145F4D801204042C0BC8B
:102E4000B946B046F8BD2000F9E7C04670B50500A8
:102E5000080016000C0008F0B1F932000300210050
:102E60002800FFF7D3FF70BDF8B5060047680800DB
:102E70000D0008F0A3F904000200B84200D93A009E
:102E8000002A05D02900306807F09EFF002800D1F5
:102E9000381BF8BD70B5541A82B005000E000194BD
:102EA0000F2C0ED80068012C08D10B780370019C00
:102EB000286800236C60035502B070BD002CF8D068
:102EC00006E0002201A9FFF75FFC019B2860AB60D0
:102ED00022003100F9F796FF019C2868E9E7C04617
:102EE00002000B0010B504000832026006CB00237C
:102EF0008A18FFF7CFFF200010BDC04670B54C68A0
:102F00000500A2420FD80830286009688918A21A63
:102F10009A4206D8280000238A18DDF704FB28000F
:102F200070BD1A00F6E7230001490248FFF754FA82
:102F3000480C0310600B0310030010B508001900C3
:102F400008F05CF810BDC04600487047600C0310E4
:102F500010B50400024B0360FEF7D4FA200010BD48
:102F6000940C031010B50400044B0360FEF7CAFA7A
:102F700020000421FEF7CAF8200010BD940C0310B5
:102F800000487047A00C031010B50400024B03600A
:102F9000FFF7DEFF200010BDEC0C031010B504009D
:102FA000044B0360FFF7D4FF20000421FEF7AEF8C6
:102FB000200010BDEC0C031070B5050031291FD89E
:102FC000282939D80A292FD90C0001200B3CE4B25A
:102FD000A040244C204238D0002A23D06E69A86932
:102FE00086421FDAB0002C69801980002018002466
:102FF0000136446084606E610170C260036170BD1F
:1030000008003438C0B21D280CD8012484402000A8
:10301000154C2042E0D1154C20421DD1D024A405EE
:103020002042DBD10020EAE7042915D90C00093C35
:103030000020012CE3D8CFE70C00293CE4B2082C97
:10304000F0D80B48A40000598746FF24A40320426F
:10305000C4D1084C2042E5D0002AE3D0002BBDD1DA
:103060000020CCE7FE1F802F0711C701F82E000AB1
:10307000F80C031001004000F8B5CE46474680B575
:10308000C56806002C786E2C27D0303CE3B2092BA3
:103090002ED800239846174B00279946013507E0A4
:1030A0004B460A21181B0135F8F71AFEB84212DB0D
:1030B000BB00DB195B00F5601F192C78303CE3B2D4
:1030C000092BEDD94346002B00D07F423800C0BC0D
:1030D000B946B046F8BD0127F7E76B1CC3606C78B2
:1030E000303CE2B2092A03D81D0001239846D2E7FA
:1030F0000027EBE7FFFFFF7F10B50400002908D190
:10310000C3681A78002A01D1002010BD5A1CC26081
:10311000197868290AD07629F6D12000FFF7ACFF8C
:10312000E3681A785F2AEFD10133E3602000FFF7EC
:10313000A3FFE3681A785F2AE6D101330120E36038
:10314000E3E7C04610B5C36804001A785F2A01D0CF
:10315000012008E05A1CC2605A785F2A04D0FFF7A9
:103160008BFFC043C00F10BD0233C360FFF784FF65
:1031700000280ADB0928EBDDE36800201A785F2AC3
:10318000F1D101330120E360EDE70020EBE7C04619
:1031900070B505000C1E15D08E2080211A4E4000FF
:1031A000C900A368012B0DDC2A588A420ADC0133CE
:1031B000A3602378512B05D89B00F3589F46E46801
:1031C000002CEED170BD2469FAE7A22149006B58AA
:1031D00001336B50E1688E26013276002800AA5137
:1031E000FFF7D6FF28002169FFF7D2FFAB59013B5B
:1031F000AB51E7E7E1680B78052BECD19C20400050
:103200002B5801332B50E6E71C0D03100300002060
:10321000002B07D109E0DA68002A06D01B690130CB
:10322000002B02D01A782F2AF5D07047002806D13B
:1032300008E0002908D000690139002803D003788C
:103240002F2BF6D000207047C068FCE7F0B51400C3
:10325000C64652684B1CA5689B1880460E0000B5F8
:10326000E768AB4212D8002F0DD1636820683200A6
:10327000C0184146F9F7C6FD236862689B199F5440
:1032800063689B19636080BCB846F0BD002FFAD11B
:10329000002D02D1022B0DD902356D00AB42FCD8B6
:1032A00029002068F9F792FD071E05D0E768206025
:1032B000A560D8E70225F3E72068F9F791FD01231F
:1032C00027606760A760E360DDE7C046027803001F
:1032D000722A11D0562A0FD04B2A0DD00020442A32
:1032E0000BD158780300773B012B05D92023984355
:1032F0004F384342584100E00120704780235B0073
:10330000C35870B504000D00FF2B08D0591C802253
:103310005200A150E55482235B00E55470BD0022A9
:10332000C25486235B00C258043BFF21C358984710
:1033300094225200A35801210133A3500023E6E751
:1033400088235B00C358002B14D05B681869CB68D6
:10335000002B0CDB002806D108E0002B08D0006908
:10336000013B002802D002782F2AF6D000207047B7
:10337000C068FCE701221933FF33C2500020F6E792
:10338000F0B5C64606000C0000B500291FD01C4B46
:10339000012598461B4F2378082B03D842469B00F3
:1033A000D3589F462C2B16D9323BDBB21B2B05D8AA
:1033B0002A009A403A420AD1012B05D03000E16838
:1033C000FFF7DEFF002803D12469002CE3D10020A1
:1033D00080BCB846F0BD172BF0D90B4A183BDBB2C6
:1033E000DA401542EAD00020F2E721003000FFF772
:1033F000A7FF0028EBD003782F2BE9D00020E7E7C8
:10340000640E03100100E30C01801000F0B5D646F5
:103410004F4646460500C0B508000C0007F0CEFE3A
:1034200000282AD00022802392460D32FF32914696
:103430005B00043A9046EB5827180AE01900013364
:1034400080225200AB50013404326E54AE54A74275
:1034500013D02678FF2BF1D15246EA544B46EA5856
:103460004346FF21EB582800984794225200AB585E
:1034700000210133AB500123E2E7E0BCBA46B1467C
:10348000A846F0BD70B5C26804001378542B22D151
:10349000531CC36052785F2A1FD06E2A1BD0FFF7DF
:1034A000EBFD451C17D4E3681A785F2A13D101336A
:1034B000E3606269A3699A420DDA002391002069F2
:1034C00089188900401843608360013205336261C6
:1034D0000370C56000E0002070BD0025E7E7C0462E
:1034E000F0B5D6464F464646C0B51F4B88B00A00D9
:1034F0000500190001A8F8F799FB01A807F05EFE86
:1035000000282BD00022802392460D32FF329146B4
:103510005B0001AC043A9046EB5827180AE019000A
:10352000013380225200AB50013404326E54AE5449
:10353000A74213D02678FF2BF1D15246EA544B46CE
:10354000EA584346FF21EB5828009847942252003E
:10355000AB5800210133AB500123E2E708B0E0BCD7
:10356000BA46B146A846F0BD880E0310F0B5C6466F
:1035700000B50400FFF780FD051E45DDE7686368C0
:10358000DB1B98423EDCA2683B18E360520702D581
:103590001A78242A3AD0A36966699846092D23DD52
:1035A000082238002A4907F00FFC002806D13B7A90
:1035B0002E2B33D05F2B31D0242B2FD0B04521DDE3
:1035C000B30020699B199B00C0180023013643609B
:1035D000836066610023C760436083600370056198
:1035E000A06280BCB846F0BDB3420BDDB3002069D9
:1035F0009B199B00C01800230136436083606661FD
:10360000002FE7D10020EBE70020EAE70133E36079
:10361000A36966699846092DC2DCE5E77B7A4E2BE3
:10362000CCD1E36A16335B1BE362B045EADDB3003D
:1036300020699B199B00C018002301366661436016
:1036400083600370034BC36015230361C8E7C04662
:103650008C0E0310980E0310F8B5C36804001A7896
:10366000532A25D15A1CC2605A78002A0ED09A1CBF
:10367000C2605A785F2A47D01300303BDDB2002089
:10368000092D20D91500413D192D1CD9A06808230A
:1036900005001D40184239D029004B1E99414D4B61
:1036A0001D00C4351878904238D01C33AB42F9D194
:1036B00000252800F8BD511CE16012785F2A1BD05C
:1036C00018001300303BDBB2092B0BD8C3001B18CA
:1036D0009B009B18303B9842EAD8E2681178002999
:1036E000E6D0E8E71300413B192BE1D8C3001B18D3
:1036F0009B009B18373BEEE70133226A9A42D7D9E9
:10370000E2699B009D58D4E70023F6E70029C3D067
:10371000E3681B78433B012BBED8C0E75E69626952
:10372000A569002E13D098698446AA424FDA970003
:103730002069BF18BF00C0190027013247608760A9
:103740006261C6606646183707700661A06200298C
:1037500038D0D8681969E36A5B18E362AA4234DAA0
:10376000930025699B189B00ED18002301326B60C4
:10377000AB60183362612B70E8602961E3681A78E6
:10378000422A96D1A66A0133E3602000FFF7EEFEDD
:103790002A0003004D212000FFF70EFCE36805001E
:1037A0001A78422AEFD0A662002800D180E7236A67
:1037B000626A934200DB7BE7E2699900013388503B
:1037C000236276E758689968C5E70025D6E70020A8
:1037D000BCE7C046581D0310F0B5CE46474680B53D
:1037E000C668040083B03000FFF770FD002832D1B6
:1037F00033785A2B09D82F2B5FD9303BDBB22A2BD9
:103800005BD8C44A9B00D3589F46613BD9B2192963
:1038100053D801228A40C04D2A424CD09A00D31876
:10382000BE4A9B009B18A16962698A4200DB3DE3A6
:1038300091002569891889006D1801326860A860B7
:10384000626127222A70EB60E26A5B680136D31856
:10385000E362E66026E00022200001A901F03EFAC2
:10386000051E2AD0E36820001B78462B20D0FFF7E6
:10387000B3FF2860002820D003781F3B012B05D818
:10388000019AC368C2602A6801922B60019D002DD5
:1038900013D0236A626A93420FDAE2699900013316
:1038A0008D502362280003B0C0BCB946B046F0BDBD
:1038B00000F07EFBDDE7142913D00025F2E720009D
:1038C00001F0BEFC05000190002DF6D0236A626A6B
:1038D0009342F2DAE269990001338D50019D23622F
:1038E000E0E701362000E660FFF740FE002302001B
:1038F00028212000FFF760FB05000190E4E720008D
:1039000000F056FB05000190DEE7731CE36073785E
:10391000002BD2D0B31CE3607378463BDBB2302B74
:10392000CBD87F4A9B00D3589F4601362000E660E3
:10393000FFF752FF0023020025212000FFF73CFB88
:1039400005000190C0E72000FFF79CFDE668050038
:1039500033780190492BB7D1636B002B00D074E210
:103960000028AAD0236A626A9342A6DAE269990023
:1039700001338850236232780023493A012A05D85E
:103980000136E660200000F02DFE03002A0004212D
:103990002000FFF711FB0500019095E773781A00EE
:1039A000303A092A05D95F2B03D0413B192B00D9A6
:1039B0003FE200212000FFF74FFEE36805001A7880
:1039C0000190492A00D06DE70133E360DAE7013660
:1039D0002000E660FFF700FF002302002321200003
:1039E000FFF7EAFA050001906EE701362000E66075
:1039F000FFF7F2FE0023020022212000FFF7DCFA8D
:103A00000500019060E701362000E660FFF7E4FE64
:103A10000023020024212000FFF7CEFA05000190C8
:103A200052E701362000E660FFF7D6FE00230200D1
:103A300026212000FFF7C0FA0500019044E7013677
:103A40002000E660FFF792FDE36805001A78019018
:103A5000492A00D1D3E12000FFF7BEFE2B0002006F
:103A600021212000FFF7A8FA050001902CE7711C26
:103A7000E16072785F2A00D1BFE1303A092A00D9AB
:103A8000CAE10B001D000133E3601A78303A092ABD
:103A9000F8D96269A069AF1B824200DB0DE7900094
:103AA0002669801880003618002001327060B060EE
:103AB0006261002F00DC00E7F16019007060B06007
:103AC000307037616A785F2A00D0F6E60131E16034
:103AD0002000FFF781FE320003002A212000FFF7BB
:103AE0006BFA05000190EFE601362000E660FFF773
:103AF00073FE051E00D1E0E62000FFF76DFE031EF9
:103B000000D1DAE62A002B212000FFF755FA050044
:103B10000190D9E6C80E0310FF7BEC03AC22031022
:103B2000740F03100123256B2000236300F00AFEAD
:103B300025630200002344212000FFF73DFA051E03
:103B4000019000D1B9E6E3681A78002A00D1B4E602
:103B50005A1CE2601B78452B00D1B7E60025A1E690
:103B60006369A269934200DBA2E19A002569D21839
:103B70009200AD18002201336A60AA6063612C23B1
:103B800009212B70B3780195303BDBB29942524149
:103B90002A82092B02D82000FFF76EFA2000FFF7D7
:103BA0001BFEE860002800D187E62000FFF764FADA
:103BB000E2681378002B02D0531CE3601378733B48
:103BC0005A4253416B826DE66369A269934200DBFE
:103BD00073E69A00D21801336361002325699200CD
:103BE000AD186B60AB602B70B44BEB600E232B6198
:103BF00058E66369A269934200DB5EE69A00D21838
:103C000001336361002325699200AD186B60AB60DE
:103C10002B70AB4BEB6004232B6143E66369A26915
:103C2000934200DB47E19A002569D2189200AD1853
:103C3000002201336A60AA60636127232B70A14BC5
:103C4000EB60E36A0433E3622CE66369A2699342A2
:103C500000DB30E19A002569D2189200AD180022ED
:103C600001336A60AA60636127232B70964BEB6077
:103C7000E36A0933E36215E6B3785F2B00D107E10D
:103C80006369A269934200DB17E69A002569D2189E
:103C90009200AD18002201336A60AA606361432379
:103CA00020002B70FFF7E8F9E860E3681A785F2AD4
:103CB00000D002E60133E3602000FFF78DFD2A000B
:103CC00003002D212000FFF777F905000190FBE5A7
:103CD0006369A269934200DBEDE09A002569D2187E
:103CE0009200AD18002201336A60AA606361272345
:103CF0002B70764BEB60E36A0733E362D2E56369CE
:103D0000A269934200DBD6E09A002569D21892009E
:103D1000AD18002201336A60AA60636127232B700B
:103D20006B4BEB60E36A0833E362BBE52000FFF70F
:103D300053FD002302004C212000FFF73DF9050050
:103D40000190C1E56369A269934200DBB3E09A0088
:103D50002569D2189200AD18002201336A60AA606A
:103D6000636127232B705B4BEB60E36A1133E362E3
:103D700098E56369A269934200DB9CE09A0025699B
:103D8000D2189200AD18002201336A60AA60636104
:103D900027232B70504BEB60E36A0833E36281E525
:103DA0006369A269934200DB85E09A002569D21815
:103DB0009200AD18002201336A60AA606361272374
:103DC0002B70464BEB60E36A0A33E3626AE5636992
:103DD000A26993426FDA9A002569D2189200AD1851
:103DE000002201336A60AA60636127232B703C4B79
:103DF000EB60E36A0933E36254E5002666E60133CB
:103E0000E360200000F0EEFB2A0003000421200004
:103E1000FFF7D2F805001EE60123256B200023637F
:103E200000F090FC2563061E00D146E5E1680A78A3
:103E300049E6200001F004FA051E019000D13CE59E
:103E40000378182B00D041E52CE5636920009946E2
:103E5000236AE76A9846731CE36000F0C3FBE268DC
:103E60001278492A06D04B4663614346E6602362D6
:103E7000E76229E5002D00D11FE5236A626A9342BB
:103E800000DB1AE5E269990001338D5023627CE57D
:103E900003365E3BE6602000266B236300F052FC95
:103EA0002663051E00D000E70025FBE4C368FFDEA3
:103EB00000231B70FFDE0023DB68FFDEB80E03105B
:103EC000B00E0310F0240310B424031004250310D3
:103ED00018250310402503102C250310DC240310A3
:103EE000C8240310002330B5C26883B0019313784F
:103EF000040001AD002B15D125E04F2B18D0200078
:103F0000FFF76AFC021E1ED000232E212000FFF7BF
:103F100053F82860002816D0E268103013780500A6
:103F2000002B08D0452B06D02E2B04D0522BE4D1E9
:103F30005378452BE3D10198002804D00369002B66
:103F400003D003B030BD0020FBE7C26811782729F9
:103F5000F7D1D268117C0929F3D1E16A52688A1A33
:103F6000E262C360EDE7C04670B5C36804001A782A
:103F70004A2A19D000290FD02000FFF72DFC051E7A
:103F800010D02000FFF7AEFF031E0BD02A0029211E
:103F90002000FFF711F870BD2000FFF7A3FF0025F8
:103FA000031EF3D10020F6E70133C360E4E7C04607
:103FB000836870B504005B030DD48023C26B1B01C2
:103FC0009A420CD8531CC363C36800201978462951
:103FD00007D0E26304E0C3681A78462A01D00020C3
:103FE00070BD5A1CE2605A78592A01D10233E3604D
:103FF00001212000FFF7B8FFE5682B78522B1DD078
:104000004F2B09D0452B16D00020A3685B03E7D4C3
:10401000E26B013AE263E3E72021E36A03336E1CBB
:104020000200E36220000023E660FEF7C5FF6B7824
:104030003500452BE8D10135E560E6E7E36A1F214D
:104040000233ECE7F0B5C64600B5C36880461E787B
:10405000002E22D05A1CC2605A781E789446002A3C
:104060001ED1482500213D4F6A1AD30F9B185B10C3
:104070005B181A01BA1814682078B04207D00AD920
:104080001D00A942F0D1002080BCB846F0BD607888
:10409000604546D0F4D8591CF3E700239C46E0E77E
:1040A0009A1CC2605B789C46762E22D11D00303D62
:1040B000EBB2092BD5D8FFF759FA434642465B6964
:1040C000926901009342DEDA40469A000069D218F4
:1040D000920080184446002201334260826063618E
:1040E0000029D0D03323426082600370C560016133
:1040F000CAE7632EB5D1762BB3D1036B456B5A4219
:1041000053414363FFF768FB43465B6B0200002BA0
:104110001DD0002335214046FEF74EFF43465D6328
:10412000B2E7434641465B6989698B42ABDA404658
:1041300099000069C9188900401800214160816018
:10414000414601334B613223C26003709CE7002378
:1041500034214046FEF730FFE0E7C0461C1E031046
:10416000F8B5C36804001A781100303909295ED9FE
:1041700011006139192912D8056B6F2A00D19CE012
:104180002000FFF75FFF2563061E02D00378322B65
:1041900067D0E3681978422950D03000F8BD11008B
:1041A0004339012900D891E04C2A78D0552A00D013
:1041B00081E05A786C2A00D1D0E0742A7BD15A1C55
:1041C000C2605978742900D0FEE09D1CC5609B78C0
:1041D0005F2B00D13BE16E2B6DD0FEF74DFF013020
:1041E00000D530E1E56829785F2900D03AE16269BD
:1041F000A1696B1CE3608A4200DB1DE19100266926
:10420000891889007618002101327160B1606261FD
:1042100049223270226A616AF0608A4200DB0BE157
:10422000E16990000132465022626978B3E7FFF7F6
:104230009DF9E368060019784229AED1A56A0133D9
:10424000E3602000FFF792F9320003004D212000C7
:10425000FEF7B2FEE368060019784229EFD0A562A6
:104260009BE7C268E36A916807335B18E3621368EF
:104270001A786C2A00D08CE75A78692A00D088E72F
:104280009B78002B00D084E72000FFF76FF9320005
:10429000030037212000FEF78FFE060079E7013387
:1042A000C360FFF763F9061E05D02000FEF74AFF42
:1042B000002800D06DE700266FE75A786E2A00D0FC
:1042C0005EE70233C3600023036359E7856A002D6C
:1042D00004D0297800290CD018290AD0432A76D096
:1042E00059783039C9B2052935D861488900415813
:1042F0008F462969E26A5218E26219780A00432956
:1043000065D04429ECD0002645E702206269A16906
:104310009F1CE7608A4200DB91E0910026698918C2
:1043200089007618002101327160B1606261002D50
:1043300000D184E008227160B16032703073356161
:1043400099783B0027E70520E0E70420DEE703201B
:10435000DCE70120DAE7110000261CE75A1CC260E6
:1043600059786C2930D10233C360FFF7BBFDE36895
:10437000050019780028C6D04529C4D15F1CE76024
:104380005B785F2B69D06E2B95D02000FEF774FE12
:10439000013058D4E76839785F2966D16269A1692C
:1043A0007B1CE3608A425ADA9100266989188900E9
:1043B0007618002101327160B16062614722F560B8
:1043C000327030617978E6E613000026E3E65A7829
:1043D000492A20D011003139042900D96BE7303A3D
:1043E0000233D7B2E3606269A1698A422CDA910094
:1043F0002669891889007618002101327160B16040
:104400006261002D20D007227160B1603270377375
:1044100035611978BFE6581CE0609A78110031398F
:10442000042916D80333303AE3602000D7B2FFF7EF
:10443000D3F9A56AE368D6E700266978ABE69978F0
:1044400000263B00A7E6E36800261978A3E60020D3
:10445000CDE65978002603009DE600209EE7002661
:10446000797898E62B00002695E63B00002692E638
:1044700038100310F8B5C268040013784C2B32D101
:10448000531CC36051785F294CD05A2912D15A1C51
:10449000E2605B78472B3ED0542B3CD000212000BB
:1044A00001F032F80500E3681A78452A1BD1013380
:1044B000E36019E0FFF790F9051E14D00378E66871
:1044C000272B13D032783D216E2A52D0452A58D05E
:1044D000731C06E0E360180001335A1E1278452A67
:1044E00027D0002AF6D100252800F8BDC3681A7C21
:1044F000002A03D0E26A5968521AE2622349186816
:1045000006F0C2FD32780028DDD1452A3BD06E2A64
:104510002FD03D21DCE7200000F098FCE368050087
:104520001A78C2E7931CC360927800255A2ABCD13E
:10453000ADE7801B6269A3699A4220DA970023697C
:10454000BF18BF00DB19002701325F609F60626106
:10455000002E14D0002812DD5F609F601F70DE60A7
:1045600018612A002000FEF727FDE36805001A788D
:104570009BE7731CE36072783E211E00A6E70023D0
:10458000EFE70020D6E70136E660ADE750100310F4
:1045900070B5C268040013784C2B1DD007D8493B76
:1045A000012B15D80132C26000F01CF870BD582BE9
:1045B0000ED10132573B056BC260036300F0C2F8B5
:1045C000E36825631A78452A09D10133E360EDE7F2
:1045D0002000FFF701F9E9E7FFF74CFFE6E70020CD
:1045E000E4E7C04670B5C36804001A78866A82B0F2
:1045F000452A1ED0002301AD01930DE000232F2199
:104600002000FEF7D9FC286000280AD0E3681030AB
:104610001A780500452A07D02000FFF7B9FF021ECF
:10462000ECD1002002B070BD01330198E360A662B6
:10463000F8E7013300222F21C3600023FEF7BCFC02
:10464000F0E7C046F0B5C64600B5C268050014786C
:104650000F00002C25D03A4B00269846303CE4B29F
:104660004A2C1ED84346A4001B599F462800FEF73B
:1046700009FF0300002E2BD11E00EA681478452C98
:1046800010D0002F0BD0002E0BD02B6A696A8B4202
:1046900007DAE9699800013346502B621478002C40
:1046A000DCD10026300080BCB846F0BD2800FFF702
:1046B00057FD0300002EDFD0320001212800FEF755
:1046C0007BFC0600D9E7FFF787F80300002ED3D064
:1046D000012132002800FEF76FFC0600CDE7012122
:1046E0002800FEF7B9FF0300002E25D0320001217B
:1046F0002800FEF761FCEA6806001478CFE7002E78
:10470000CFD0531CEB6054781A00C8E7002EC8D0F5
:1047100001322800EA60FFF765FF04210300D8E7B3
:104720005378202228009343542BCCD0FFF718FD58
:104730000300002ECCD19FE7EA681E001478AEE794
:1047400064100310F0B5C64600B5C26804001378C3
:104750004C2B00D112E1542B00D113E1732B27D045
:10476000662B61D019003039092946D96F2B3FD00B
:10477000692B00D059E253786C2B20D100250232EE
:10478000C2601378002B00D1F6E05378002B00D1E3
:10479000F2E04521200000F069FA2A0003003121EF
:1047A0002000FEF709FC0500280080BCB846F0BDDB
:1047B0005378722B00D140E1702B00D168E12000CA
:1047C000FFF740FC051E00D1D6E00378322B5ED007
:1047D000332B00D1C8E0342B00D0CDE0E3681A7849
:1047E0005F2A00D121E12000FFF7ACFF030062E067
:1047F00053786E2BE3D10232C2602000FFF7B0FC89
:10480000051E00D1B8E0E3681A78492ACCD10133FB
:10481000E3602000FFF7E6FE2A00030004212000E9
:10482000FEF7CAFB0500BFE75378702BC7D1931C76
:10483000C3609378542B00D121E15F2B00D1ADE010
:104840006E2B00D198E0FEF717FC411C00D593E0D9
:10485000E3681A785F2A00D08EE00133E360B84B3A
:10486000994200D188E002306369A269934200DB7B
:1048700082E09A002569D2189200AD180022013317
:104880006A60AA6063610623E8602B708CE7C168E8
:10489000E36A8A680F68023A9B18E3623B78732BDD
:1048A00010D17A78742A0DD1BA78002A0AD1200062
:1048B000FEF792FF03002A0037212000FEF77CFB61
:1048C000050071E7CE68022E77D020DC002E5DD087
:1048D000012E51D13A78702A64D06D2A62D0002618
:1048E000732B00D0CFE07B78502B00D0CBE0BB788F
:1048F000002B00D0C7E02000FFF774FE0300002E5D
:10490000D9D01A0039212000FEF756FBD2E7032E3A
:1049100032D1712B00D0E0E07A78752A00D0DCE04B
:10492000BA78002A00D0D8E02000FFF70BFF06007D
:104930002000FFF707FF07002000FFF703FF031E1B
:104940001AD03A003C212000FEF736FB320003006B
:104950003B212000FEF730FB2A0003003A21200013
:10496000FEF72AFB05001FE7C368012B00D13AE7D9
:10497000022B01D0002B09D0002515E7FFF77AFDA7
:10498000050011E7FEF77EFD05000DE72A00002374
:1049900036212000FEF710FB050005E70332C26058
:1049A000012061E77978914299D1E26811785F2915
:1049B00096D10132E2603B7891E7EB681B685A7848
:1049C000632A00D1F4E03B78662B00D114E1642B1C
:1049D00000D008E17B78692B00D004E1BB78002B84
:1049E00000D000E12000FFF7BBFB80463B78632B43
:1049F00000D0A9E07A786C2A00D0A5E0BA78002A25
:104A000000D0A1E04521200000F030F9060033007D
:104A1000424639212000FEF7CFFA2A000300382150
:104A20002000FEF7C9FA0500BEE60133E360452128
:104A3000200000F01BF903003DE7931CC36093784E
:104A4000826B002A06D0552B43D8422B2CD8303B02
:104A5000092B2FD92000FEF7BFFE06002000FFF72C
:104A60007FFBE36805001A78492A00D193E02B0008
:104A7000320001212000FEF79FFA050094E6033280
:104A8000C2600020F0E62000FFF75CFE030036E77E
:104A90000232C260FFF756FE002302004C212000C4
:104AA000FEF78AFA05007FE6264A433BDBB2DA408E
:104AB000D207CFD501235B42A36300212000FFF77B
:104AC000C1FDE36806001A78452AC7D10133E360C7
:104AD000C4E7613B192BBDD8ECE7642B06D17B788A
:104AE000582B03D1BB78002B00D11DE73B78662BF8
:104AF00000D186E06E2B00D03EE77B78772B02D08A
:104B0000612B00D038E75F21200000F0AFF80600ED
:104B10002000FEF761FEE36807001A78452A00D1FD
:104B20007FE0702A71D0692A00D025E75B786C2B72
:104B300000D021E72000FFF705FE030001E7C04693
:104B4000FFFFFF7F01020400642B3FD17A78742AB3
:104B50003CD1BA78002A39D1E3681A78672A47D05D
:104B6000732A02D15B78722B38D02000FFF7F8FA55
:104B7000E36806001A78492A00D048E70133E36069
:104B80002000FFF72FFD3200030004212000FEF774
:104B900013FA06003BE70133E3602000FFF722FD34
:104BA0002A00030004212000FEF706FA05005EE754
:104BB0001B781A00723A012A03D9633B012B00D9F2
:104BC00001E72000FEF708FE80460FE7702B05D1B5
:104BD0007B78742B02D1BB78002BBDD02000FFF76F
:104BE000B1FD060013E72000FFF7ACFD8046FDE6AF
:104BF0005B78732BB9D1F1E72000FFF723FA8046E9
:104C0000F4E62000FFF71EFA91E65A78692A00D0F0
:104C1000B2E60233E3604521200000F027F80300EC
:104C20008FE60133E36000238BE6742B12D0752BE3
:104C300000D0C4E50132C260FEF798FC05002000F8
:104C4000FFF7D0FC2A0003003F212000FEF7B4F953
:104C50000500A9E553786C2B00D0B0E50232C260A4
:104C6000FEF7BAFDE26805008BE5C046F0B5C64622
:104C7000002300B582B00193C36804001A780E00C7
:104C80008A4223D0036B0127984601AD0DE0002333
:104C90002E212000FEF790F9286000280DD0E3684F
:104CA00010301A780500B2420CD020002763FFF7BD
:104CB00049FD4346021E2363E9D1002002B080BCB7
:104CC000B846F0BD01330198E360F7E701330022F5
:104CD0002E21C3600023FEF76FF9EFE7F0B5DE4643
:104CE00057464E464546E0B5C56804008A46934699
:104CF0001B232E7883B0002A00D01E235A46DBB235
:104D000001931A23002A00D01D235A46DBB299468C
:104D10001923002A00D01C23DBB2984657461DE019
:104D2000562E39D04B2E3DD06B78002B2BD0AB1CA0
:104D3000E3606B78782B3BD06F2B5AD1E36A50211C
:104D40000933E362002300222000FEF735F93860C2
:104D5000002818D00C300700E5682E782800FEF7F0
:104D6000B5FA00282AD06B1CE360722ED8D1E36A12
:104D700041460933E362002200232000FEF71CF9BC
:104D800038600028E6D10027380003B0F0BCBB46ED
:104D9000B246A946A046F0BDE36A49460933E3623C
:104DA0000023D0E7E36A01990633E3620023CAE7F0
:104DB000E36A4E211133E3620023C4E75B46002B14
:104DC000E2D1462EE0D15745DED01D241C211E30F5
:104DD00006E0192B37D00C239A4692445745D3D07E
:104DE00053461A6813781A2B2BD01B2BF1D1107055
:104DF000F1E74F2B13D1E36A256B0933E3620123FB
:104E000020002363FFF79EFC2563031EBBD0E268EE
:104E100011784529B7D10132E2600B3193E7772B46
:104E2000B1D1E36A20000633E362FFF75BF8031EAB
:104E3000A9D0E26811784529A5D10132E2600C3190
:104E400081E71470C7E71170C5E7C046C16AF8B5BD
:104E50000B001433C362C36804001A78542A00D1CB
:104E60007EE0472A57D15A1CC2605A78002A52D095
:104E70009A1CC2605A78542A00D199E04DD9562A1A
:104E800000D18CE0722A46D1FEF7F6F8012842DD07
:104E9000E3681A78002A3ED05D1CE5601A785F2A24
:104EA00039D15B78461E002B35D000200021242B01
:104EB00000D09BE06B78532B00D194E15F2B00D1A5
:104EC0008FE1242B27D12427E5686269A369023585
:104ED0009A4200DB8FE191002369891889005B18F1
:104EE0000021013259609960626142221A70020009
:104EF0001800DF60023EE560002A06D00300412171
:104F00002000FEF759F8002805D0002E00DC8EE1C5
:104F10002B78002BCAD1002021E0412A30D0522A20
:104F2000F9D100F08DF96369A2690600934200DBB4
:104F300081E0002299002569C91889006D180133A4
:104F40006A60AA606361432320002B70FEF794F827
:104F5000E8602B00320016212000FEF72DF8F8BD86
:104F60005A1CC2605A78002AD5D09A1CC2605B785D
:104F7000413BDBB2352BCED8B04A9B00D3589F467D
:104F80009B78472B01D0542B50D12000FFF75EFFB8
:104F90000200002317212000FEF70EF8DFE700F0E3
:104FA0004FF90023020013212000FEF705F8D6E791
:104FB0009A78002A00D118E1DA1CC2609A78DB786E
:104FC0006E2A3AD0472B02D0542B00D00DE120009E
:104FD000FFF73CFF020000234A212000FDF7ECFF11
:104FE000BDE7242B05D00131B14202D06B5C002B10
:104FF000F7D16269A3699A4200DBFFE09700236959
:10500000BF18BF00DB19002701325F609F6062613B
:10501000002900D17FE71F70DD60E56802005F6056
:1050200018009F6019616D18761A64E7002100F07E
:105030006BFA0200ADE700258BE7472B00D1ECE0CF
:10504000542B00D1E9E0002100F05EFA02000023B9
:105050004B212000FDF7B0FF81E77621FEF74CF8E9
:10506000002800D157E7E3681B78472B00D1CFE039
:10507000542B00D1CCE00021200000F045FA0200C2
:10508000002310212000FDF797FF68E70A31C16275
:10509000FEF7A2FB002302000A212000FDF78CFF8F
:1050A0005DE76821FEF728F8002800D133E7E368C0
:1050B0001B78472B00D1A6E0542B00D1A3E00021A0
:1050C000200000F021FA020000230F212000FDF74C
:1050D00073FF44E70021FEF70FF8002800D11AE71C
:1050E00000212000FEF708F8002800D113E7E3684C
:1050F0001B78472B00D195E0542B00D192E0002182
:10510000200000F001FA0200002311212000FDF729
:1051100053FF24E700F094F800230200142120003C
:10512000FDF74AFF1BE700F08BF800230200152172
:105130002000FDF741FF12E70F31C162FEF74CFB83
:105140000023020009212000FDF736FF07E7FEF7E4
:1051500043FB0023020012212000FDF72DFFFEE695
:10516000FEF73AFB002302000C212000FDF724FF8C
:10517000F5E6FEF731FB002302000D212000FDF7CC
:105180001BFFECE6FEF728FB05002000FDF774FF8F
:10519000002800DABFE6E26813785F2B00D0BAE699
:1051A0000132E2602000FEF717FBE36A02000533DC
:1051B000E3620B212B002000FDF7FEFECFE6FFF798
:1051C000E7F90023020030212000FDF7F5FEC6E6D6
:1051D000FEF702FB002302000E212000FDF7ECFE8B
:1051E000BDE62E2770E62F276EE60021200000F096
:1051F0008BF90200EFE60020E560B0E6E3680020EE
:105200005B18E360ABE62000FFF720FE02005BE7DF
:105210002000FFF71BFE020032E72000FFF716FE1A
:10522000020014E72000FFF711FE02006CE7020005
:10523000002340212000FDF7BFFE90E690110310EF
:10524000F0B5C64600B5C2680400137882B0552B8D
:1052500059D01DD84E2B00D1B1E0532B5BD15378E0
:10526000742B00D170E00021FEF7F6F9E26805002A
:105270001378492B4AD101322000E260FFF7B2F9DE
:1052800003002A0004212000FDF796FE05003DE002
:105290005A2B40D1531CC3605378472B02D0542B58
:1052A00000D0A9E02000FFF7D1FD0500002D00D1BE
:1052B00083E0E3681A78452A00D07EE05A1CE26059
:1052C0005A78732A00D1F9E0642A00D1B2E02000B4
:1052D000FFF7B6FF061E00D1EEE0FD220378473B44
:1052E000134204D02000FDF72DFF002865D02B7855
:1052F000032B00D1D8E02A00330002212000FDF763
:105300005BFE050002E0FEF72BFF0500280002B05F
:1053100080BCB846F0BD2000FEF722FFE268050021
:105320001378492BF2D1002847D0236A616A8B4257
:1053300043DAE16998000133455023621178002374
:105340004939012997D99CE70232C26043698269D1
:10535000934200DBCEE09A00D21801334361002370
:1053600005699200AD186B60AB602B70644BEB600D
:1053700003232B612000FEF7F3FE2A000300012126
:105380002000FDF719FEE36AE2680333E362137855
:105390000500492BBAD100280FD0236A616A8B42DD
:1053A0000BDAE1699800013345502362117800233C
:1053B0004939012900D964E75DE70025A6E70132F4
:1053C000C26001A90122FFF789FC051EF5D0E36840
:1053D0001A78522A64D04F2A13D001212000FFF7F7
:1053E00031F928600028E8D0E3681A78452AE4D12A
:1053F0000133019DE36089E7002100F085F8050095
:1054000054E72021E26A03320133E262E3600022C2
:1054100000232000FDF7D0FD012106002000FFF74A
:1054200011F928600028C8D0002EDDD0019B01961C
:10543000F360D9E79A1CE2609B785F2B5CD06E2BFF
:10544000BBD02000FDF718FE431CB6D4E268984696
:1054500013785F2BB1D101322000E260FFF7F0FE3C
:10546000071E09D0FD220378473B134204D02000D9
:10547000FDF768FE0028A0D06369A26993421BDA99
:105480009A002669D2189200B61800220133726081
:10549000B2606361482333704346F760336126E7A7
:1054A000E26A1F210232AFE72B691A78292A00D05D
:1054B00021E70022DA601EE7002618E70233200009
:1054C000E360FDF73FFE002800D176E76369A2693B
:1054D0009342F1DA9A00D2180133636100232669FE
:1054E0009200B6187360B3603370064BF3600E23FE
:1054F0003361FCE600253DE700239846ABE7C04654
:10550000781203106812031070B505000E00FFF743
:1055100097FE041E1CD0002E1DD0AB68DB071AD4EA
:1055200023784E2B3CD038D81A001C3A042A37D99D
:10553000022B0ED12269002A0AD013784E2B03D0F9
:105540003DD81C3B042B04D8D2682261002AF4D138
:105550000024200070BDEB681B78002BF9D0452B90
:10556000F7D022001378042B2DD01BD8022B02D1A8
:105570001269002AF6D100212800FEF7F5FC031E6F
:10558000E6D0002E02D12278022A30D02200032158
:105590002800FDF711FD0400DBE7503B012BD8D8B4
:1055A000E468BDE74E2B03D004D9503B012BE2D871
:1055B000D268DEE71C3B042BDDD8D268D9E7503B2C
:1055C000012BC6D8C0E7D368002B0AD01978082968
:1055D00009D80629CFD80139012902D81B69002B27
:1055E000F4D10121C8E735394B1E9941C4E702784F
:1055F000292ACBD1C660C9E7F0B54546DE465746F5
:105600004E46E0B50400150095B0002A26D08C2344
:105610005B00C758002F25D11678512E6BD8DC4A75
:10562000B300D3589F462900FDF78AFE021E15D00D
:1056300003782F2B01D001F0D3FEF533E358002B74
:1056400001DA01F0CDFE002B01D101F0C4FE126998
:10565000013B002A02D011782F29F4D08C2301229B
:105660005B00E25015B0F0BCBB46B246A946A0466E
:10567000F0BD8A235B00C1588A2304AE5B00E6506C
:1056800000230491B3601133FF33E3587560F36076
:10569000EB68984642461121200002F003FCB368F3
:1056A000002B01D101F0ABFD8A23049A5B00E2508C
:1056B000002FD7D05246043BE250D3E78A235B0049
:1056C000C158002901D102F080FB0B0002E01B68E9
:1056D000002BD1D09A68002AF9D15A6812781000AC
:1056E00019380228C8D89642F1D111212000EA6861
:1056F00002F0D8FBB6E78C2301225B00E250B1E751
:105700001121EA6802F0CEFB2000A249FDF77EFEDF
:105710002F693B78482B01D102F040F83A00112163
:10572000200002F0BFFB9DE7EA681378272B01D029
:1057300001F04EFED3681F7C062F01D901F09DFDBC
:10574000002F01D002F048F980235B00E358FF2BC3
:1057500001D102F0DDF8591C80267600A1512821E4
:10576000E15482235B00E1542000173902F09AFBD8
:10577000A359FF2B01D102F0F4F8591C80225200EA
:10578000A150D73AE25482235B00E2542B783E2B9F
:1057900001D102F0E0F8082F01D102F0CDF811217B
:1057A00020002A6902F07EFB5CE7EA68002A02D04A
:1057B000112102F077FB2B69002B00D152E78027E3
:1057C0007F00E659FD2E01D901F0FDFE724FBB1C92
:1057D000994600239A460D33FF339B4633002E0033
:1057E0000EE01A000133802149006350A554822243
:1057F000013752008846A554B94501D101F006FD94
:105800003D78FF2BEDD15246E2545B46E2588423AB
:105810005B00E358FF212000984794225200A358D0
:105820000133A35001230022DDE78A2304AE5B008D
:10583000C258C650002306931133FF33C358049255
:1058400011212A690793059502F02CFB069B002B7A
:1058500001D101F073FE8A23049A5B00E25001E754
:10586000EB68984690235B00C358404699464346F0
:105870004A461B78002A04D10027052B01D102F0EB
:10588000E1F8232B01D101F0F3FC8A225200A15848
:105890009E4201D101F0ECFC242B01D101F012FA5F
:1058A0008A2304AE5B00E258E65000230492B36002
:1058B0001133FF33E3587560F360EBE6EA681121BA
:1058C00002F0F0FA354E8023721D91460022934675
:1058D0000D325B00FF329246E3580EE01A000133AE
:1058E000802149006350A754822201365200884625
:1058F000A7544E4501D101F06AFB3778FF2BEDD15B
:105900005A46E2545346E25884235B00E358FF2191
:105910002000984794225200A3580133A35001233A
:105920000022DDE7EB6819009B46FDF729FD002109
:10593000002808D102F0E3F8C368002B06D0006904
:105940000131002805D003782F2BF5D0002900D194
:1059500088E64B1ED94600938B4603E001375F452E
:1059600000D17FE692235B00E7504A4611212000D8
:1059700002F098FA009B9F42F0DA074D8023AA1CA0
:10598000904686225B0052009246E35813E0C046E0
:105990000C15031084120310241403107C1203103E
:1059A0001900013380225200A3500135043266549D
:1059B000A654A845D2D02E78FF2BF1D10022E25474
:1059C0005346E25884235B00FF21E35820009847A8
:1059D00094225200A35800210133A3500123E1E790
:1059E0001A2290460022802393460D32FF32E74E62
:1059F00092465B00043A9146C358B0440DE01A0049
:105A00000133802149006350A7548222013652009D
:105A1000A754B04501D101F027FB3778FF2BEED119
:105A20005A46E2545346E2584B46FF21E3582000C1
:105A3000984794225200A3580133A3500123002217
:105A4000DFE7192290460022802393460D32FF3271
:105A5000CF4E92465B00043A9146C358B0440DE0E5
:105A60001A000133802149006350A7548222013675
:105A70005200A754464501D101F0EFFA3778FF2BC9
:105A8000EED15A46E2545346E2584B46FF21E358C2
:105A90002000984794225200A3580133A3500123B9
:105AA0000022DFE7162290460022802393460D3223
:105AB000FF32B84E92465B00043A9146C358B04458
:105AC0000DE01A000133802149006350A75482225F
:105AD00001365200A754B04501D101F0B7FA37782A
:105AE000FF2BEED15A46E2545346E2584B46FF2173
:105AF000E3582000984794225200A3580133A35042
:105B000001230022DFE713229046002280239346E0
:105B10000D32FF32A04E92465B00043A9146C358C4
:105B2000B0440DE01A000133802149006350A754AE
:105B3000822201365200A754B04501D101F07FFA0C
:105B40003778FF2BEED15A46E2545346E2584B4683
:105B5000FF21E3582000984794225200A3580133B4
:105B6000A35001230022DFE70F229046002280236A
:105B700093460D32FF32894E92465B00043A9146BD
:105B8000C358B0440DE01A0001338021490063502E
:105B9000A754822201365200A754B04501D101F02A
:105BA00071FA3778FF2BEED15A46E2545346E25849
:105BB0004B46FF21E3582000984794225200A358F7
:105BC0000133A35001230022DFE71A22904600226E
:105BD000802393460D32FF32714E92465B00043AA9
:105BE0009146C358B0440DE01A00013380214900AA
:105BF0006350A754822201365200A754B04501D108
:105C000001F039FA3778FF2BEED15A46E254534669
:105C1000E2584B46FF21E358200098479422520057
:105C2000A3580133A35001230022DFE7112290463D
:105C30000022802393460D32FF325A4E92465B007B
:105C4000043A9146C358B0440DE01A000133802154
:105C500049006350A754822201365200A754B04530
:105C600001D101F016FA3778FF2BEED15A46E254F3
:105C70005346E2584B46FF21E358200098479422B0
:105C80005200A3580133A35001230022DFE715225D
:105C900090460022802393460D32FF32424E9246B8
:105CA0005B00043A9146C358B0440DE01A0001333A
:105CB000802149006350A754822201365200A75424
:105CC000B04501D101F098F93778FF2BEED15A4653
:105CD000E2545346E2584B46FF21E35820009847D0
:105CE00094225200A3580133A35001230022DFE77E
:105CF0008A235B009846C35804AE049399464346F2
:105D0000C6500023B3601133FF33C3580122F36040
:105D10004B46012794467560002B01D102F03BF8F9
:105D2000AB46B24600901CE09A68002A16D1032FB9
:105D300001D901F07AFD524618003901521870C895
:105D400070C200685446106042460098013782587D
:105D5000625042465144815062469A601B68002B53
:105D600004D05A681278193A022ADDD95D46009C9F
:105D70002A691121200002F095F88A2356464A46E6
:105D80005B00E250B368002B18D06BE4F0130310F3
:105D9000A8130310901303107C1303106C1303104B
:105DA000501303103C13031038130310013F3B0141
:105DB000F318112120005A6802F0A2F8012FF5D142
:105DC0008A235B002A0011212000E35802F054FED0
:105DD00048E48A26EA6876008359002A16D004939C
:105DE000002306931133FF33C35804AF11218751A9
:105DF0000793059502F056F8049BA351069B002BD0
:105E000000D02FE420212000FDF778FA8A235B00E0
:105E10002A0011212000E35802F0C4FB22E41121E2
:105E2000EA6802F03FF81DE4112290460022802328
:105E300093460D32FF32ED4E92465B00043A914696
:105E4000C358B0440DE01A0001338021490063506B
:105E5000A754822201365200A754B04501D101F067
:105E600046F83778FF2BEED15A46E2545346E258B3
:105E70004B46FF21E3582000984794225200A35834
:105E80000133A35001230022DFE7152291460022AF
:105E900080239346D64E0D325B00FF329246C358A4
:105EA000B1440EE01A000133802149006350A75429
:105EB0008222013652008846A754B14501D101F033
:105EC00036F93778FF2BEDD15A46E2545346E25863
:105ED00084235B00E358FF2120009847942252005E
:105EE000A3580133A35001230022DDE790235B0078
:105EF000C358002B01D1FFF796FBBE4E8023721DC5
:105F00009146002293460D325B00FF329246C35801
:105F10000EE01A000133802149006350A754822209
:105F2000013652008846A754B14501D101F0C7F9A6
:105F30003778FF2BEDD15A46E2545346E25884237A
:105F40005B00E358FF212000984794225200A35899
:105F50000133A35001230022DDE7A4235B00C758CF
:105F6000C550343BC258112190460022C250EA6805
:105F700001F098FF82235B00E35C3C2B01D101F030
:105F800087FC80235B00E358FF2B01D101F06DFCFF
:105F9000591C802282265200A1507600C43AE25455
:105FA000A255112120002A6901F07CFFA35D3E2B40
:105FB00001D101F054FC80235B00E358FF2B01D199
:105FC00001F03AFC591C80225200A150C23AE2541E
:105FD00082235B00E25442461033E2503433E750F0
:105FE000FFF740FB2F69EA68002F01D1FFF73AFB6A
:105FF0001500D7190022802392460D32FF329146B8
:106000005B00043A9046C3580DE01A00013380212A
:1060100049006350A654822201355200A654AF4273
:1060200001D1FFF71FFB2E78FF2BEED15246E25431
:106030004B46E2584346FF21E358200098479422FC
:106040005200A3580133A35001230022DFE7EA687E
:10605000112101F027FF112120002A6901F022FF00
:10606000FFF700FB122290460022802393460D3258
:10607000FF32614E92465B00043A9146C358B044E9
:106080000DE01A000133802149006350A754822299
:1060900001365200A754464501D101F041F8377846
:1060A000FF2BEED15A46E2545346E2584B46FF21AD
:1060B000E3582000984794225200A3580133A3507C
:1060C00001230022DFE70D22904600228023934621
:1060D0000D32FF32494E92465B00043A9146C35856
:1060E000B0440DE01A000133802149006350A754E9
:1060F000822201365200A754B04501D101F009F8BF
:106100003778FF2BEED15A46E2545346E2584B46BD
:10611000FF21E3582000984794225200A3580133EE
:10612000A35001230022DFE718229146002280239A
:106130009346334E0D325B00FF329246C358B14452
:106140000EE01A000133802149006350A7548222D7
:10615000013652008846A754B14501D100F0A0FF96
:106160003778FF2BEDD15A46E2545346E258842348
:106170005B00E358FF212000984794225200A35867
:106180000133A35001230022DDE7082290460022BC
:10619000802393460D32FF321A4E92465B00043A3A
:1061A0009146C358B0440DE01A00013380214900E4
:1061B0006350A754822201365200A754B04501D142
:1061C00001F00FF83778FF2BEED15A46E2545346D0
:1061D000E2584B46FF21E358200098479422520092
:1061E000A3580133A35001230022DFE7DC1303107F
:1061F000C41303109C120310101303100013031098
:10620000DC120310D01203100B22904600228023D0
:1062100093460D32FF32EC4E92465B00043A9146B3
:10622000C358B0440DE01A00013380214900635087
:10623000A754822201365200A754B04501D100F084
:10624000F7FE3778FF2BEED15A46E2545346E25818
:106250004B46FF21E3582000984794225200A35850
:106260000133A35001230022DFE780235B00C358E2
:10627000FF2B01D101F0E0F9591C80225200A150FE
:10628000823AE25482235B00E254112120002A6901
:1062900001F008FEFFF7E6F911212A6901F002FE7C
:1062A000FFF7E0F98A235B00C258EF6891460022AD
:1062B000C250002F01D101F00AFC88235B00C258B4
:1062C000002304AE310000209C4600950860604623
:1062D0004F608860581C834638788A46CA604E28CA
:1062E00001D100F00BFD01D900F0FFFC1C256D422F
:1062F000A84680444546042D01D800F0FFFC98468E
:106300008A235B00009DE150022801D101F0C6FA0A
:10631000042805D1882302925B0002AAE250039769
:10632000112120002A6901F0BDFD3B78042B03D127
:10633000029A0D33FF33E2505B461D0180235B0060
:106340009846043320279A460C3D75190C3E6B681D
:10635000002B01D100F075FF103DAE42F7D18A232A
:106360004A465B00E250FFF77DF92B691A783B2A19
:1063700001D0FFF773F91B691B783C2B01D0FFF7A5
:106380006DF92A00112102F02BFF002801D0FFF740
:1063900069F92A001121200003F068F8002801D0D3
:1063A000FFF760F92B69EE68DF681B698749DA68D7
:1063B0001D69F3689046186804F066FE002801D055
:1063C00001F043FD3A002000112102F077FE320077
:1063D0002000112102F04CFC42462000112102F065
:1063E0006DFE20007A49FDF711F82A0011212000E6
:1063F00002F064FEFFF736F90A229146002280235C
:106400009346744E0D325B00FF329246C358B1443E
:106410000EE01A000133802149006350A754822204
:10642000013652008846A754B14501D100F0B3FDB2
:106430003778FF2BEDD15A46E2545346E258842375
:106440005B00E358FF212000984794225200A35894
:106450000133A35001230022DDE70E2290460022E3
:10646000802393460D32FF325B4E92465B00043A26
:106470009146C358B0440DE01A0001338021490011
:106480006350A754822201365200A754B04501D16F
:1064900000F07AFD3778FF2BEED15A46E25453468E
:1064A000E2584B46FF21E3582000984794225200BF
:1064B000A3580133A35001230022DFE71121EA682A
:1064C00001F0F0FC80235B00E358FF2B01D101F0C9
:1064D0002DF95A1C80267600A2512822E2548223EC
:1064E0005B00E254112120002A6901F0DBFCA35972
:1064F000FF2B01D101F007F9591C80225200A15055
:10650000D73AE25482235B00E254FFF7ABF88023D2
:106510005B00C3582D7BFF2B01D101F01BF9591CE7
:1065200080225200A150E55482235B00E554FFF71E
:1065300099F81D2290460022802393460D32FF32A7
:10654000264E92465B00043A9146C358B0440DE093
:106550001A000133802149006350A754822201367A
:106560005200A754B04501D100F02AFD3778FF2B27
:10657000EED15A46E2545346E2584B46FF21E358C7
:106580002000984794225200A3580133A3500123BE
:106590000022DFE7EA68124904A8F5F747FB04A8E0
:1065A00004F00CFE002801D1FFF75CF800228023E4
:1065B00092460D32FF3291465B0004AD043A90469C
:1065C000E3582F181CE0C046C41203104C140310EB
:1065D000501403108014031070140310A01403103F
:1065E000880E03101A000133802149006350A6541D
:1065F000822201355200A654BD4201D1FFF732F884
:106600002E78FF2BEED15246E2544B46E2584346D9
:10661000FF21E3582000984794225200A3580133E9
:10662000A35001230022DFE71222AB5E002B01D032
:1066300000F08BFFEA68E14BD168994213D0112139
:10664000200001F02FFC80235B00E358FF2B01D1D9
:1066500001F060FA8022591C5200A150E03AE25445
:1066600082235B00E2541022AB5E002B01D100F0CC
:1066700061FE2000D249FCF7C9FEFEF7F3FF2B694B
:106680001B78392B01D0FEF7E9FFEA68D3681B6855
:106690005978632901D101F077F92A0011212000EE
:1066A00002F09EFD002801D0FEF7DCFF2A00112138
:1066B000200002F0DBFE002801D0FEF7D3FFEB68DC
:1066C0001A78322A01D101F053FBBE4ADB6811006F
:1066D0001868904604F0D8FC2B69DA68002804D1C9
:1066E0001378032B01D101F0A1FB1121200002F04E
:1066F000E5FCEF68B449FB681E68300004F0C4FC98
:10670000002801D101F065FB4146300004F0BCFCDB
:10671000002801D001F06DFB2B69112120001A69BE
:1067200002F0CCFCEB681A78322A01D0FEF79AFF0F
:10673000DB689A68012A01D0FEF794FF5B681B783A
:106740003E2B01D0FEF78EFF29212000FCF7D6FD5D
:10675000FEF788FFEA68112101F0A4FB08229146A8
:10676000002280239346994E0D325B00FF32924601
:10677000E358B1440EE01A00013380214900635010
:10678000A7548222013652008846A7544E4501D1B3
:1067900000F039FC3778FF2BEDD15A46E2545346CE
:1067A000E25884235B00E358FF212000984794229D
:1067B0005200A3580133A35001230022DDE70E222B
:1067C0009146002280239346814E0D325B00FF32BA
:1067D0009246C358B1440DE01A00013380214900AC
:1067E0006350A7548222013652008846A754B1450F
:1067F00000D130E33778FF2BEED15A46E2545346AE
:10680000E25884235B00E358FF212000984794223C
:106810005200A3580133A35001230022DEE70822CF
:1068200091460022802393466A4E0D325B00FF3270
:106830009246C358B1440DE01A000133802149004B
:106840006350A7548222013652008846A7544E4511
:1068500000D176E23778FF2BEED15A46E254534608
:10686000E25884235B00E358FF21200098479422DC
:106870005200A3580133A35001230022DEE71C225B
:1068800090460022802393460D32FF32524E9246AC
:106890005B00043A9146C358B0440CE01A0001333F
:1068A000802149006350A754822201365200A75428
:1068B000B04500D13EE23778FF2BEFD15A46E25483
:1068C0005346E2584B46FF21E35820009847942254
:1068D0005200A3580133A35001230022E0E7102205
:1068E00090460022802393460D32FF323B4E924663
:1068F0005B00043A9146C358B0440CE01A000133DF
:10690000802149006350A754822201365200A754C7
:10691000B04500D1E4E23778FF2BEFD15A46E2547C
:106920005346E2584B46FF21E358200098479422F3
:106930005200A3580133A35001230022E0E716229E
:1069400090460022802393460D32FF32244E924619
:106950005B00043A9146C358B0440CE01A0001337E
:10696000802149006350A754822201365200A75467
:10697000B04500D1D7E13778FF2BEFD15A46E2542A
:106980005346E2584B46FF21E35820009847942293
:106990005200A3580133A35001230022E0E709224B
:1069A00090460022802393460D32FF320D4E9246D0
:1069B0005B00043A9146C358B04422E04C230310D4
:1069C000141403104414031048140310001503108A
:1069D000F0140310E0140310C01403102413031068
:1069E000F4130310341403101A00013380214900FA
:1069F0006350A754822201365200A754464500D165
:106A00008AE13778FF2BEFD15A46E2545346E258D9
:106A10004B46FF21E3582000984794225200A35888
:106A20000133A35001230022E0E7EB6800229846DF
:106A30009B68E14D009380232F0093460D32FF3277
:106A400092465B00043A9146C35808370CE01A009E
:106A50000133802149006350A6548222013552003F
:106A6000A654AF4200D149E22E78FF2BEFD15A460F
:106A7000E2545346E2584B46FF21E3582000984722
:106A800094225200A3580133A35001230022E0E7CF
:106A9000EA682E69002A02D0112101F003FA80234E
:106AA0005B00E358FF2B01D100F007FE5A1C802544
:106AB0006D0062517B22E25482235B00E25411217B
:106AC0003200200001F0EEF96359FF2B01D100F0F4
:106AD000E1FD591C80225200A150833AE2548223E6
:106AE0005B00E254FEF7BEFD1E229046002280238A
:106AF00093460D32FF32B14E92465B00043A914606
:106B0000C358B0440CE01A0001338021490063509F
:106B1000A754822201365200A754B04500D12CE27E
:106B20003778FF2BEFD15A46E2545346E2584B4692
:106B3000FF21E3582000984794225200A3580133C4
:106B4000A35001230022E0E7ED68002D00D0F7E319
:106B50009B49FCF75BFCFEF785FD1121EA6802F01A
:106B600087F8FEF77FFDEE682D693378322B01D16F
:106B700000F084FC342B01D100F002FD3200112121
:106B800002F076F82A001121200002F097FAFEF7B1
:106B900069FD092290460022802393460D32FF3280
:106BA000884E92465B00043A9146C358B0440CE0CC
:106BB0001A000133802149006350A7548222013614
:106BC0005200A754B04500D1EAE23778FF2BEFD14D
:106BD0005A46E2545346E2584B46FF21E358200000
:106BE000984794225200A3580133A3500123002256
:106BF000E0E7EB68A0CB002F01D1FEF733FD0022C8
:106C0000802392460D32FF3291465B00043A904653
:106C1000C358EF190DE01A00013380214900635079
:106C2000A654822201355200A654AF4201D1FEF78C
:106C300019FD2E78FF2BEED15246E2544B46E25816
:106C40004346FF21E3582000984794225200A3585E
:106C50000133A35001230022DFE72F69EA68002FE8
:106C600001D1FEF7FFFC1500D719002280239246C0
:106C70000D32FF3291465B00043A9046C3580DE056
:106C80001A000133802149006350A6548222013545
:106C90005200A654BD4201D1FEF7E4FC2E78FF2B32
:106CA000EED15246E2544B46E2584346FF21E358A8
:106CB0002000984794225200A3580133A350012387
:106CC0000022DFE7C36804AE984600230491B36056
:106CD0001133FF33E358A650F36043467560002B31
:106CE00001D0FEF7D7FCFEF7D3FC50256D42A84635
:106CF00080444546012D01D9FFF701FBFF68002FB5
:106D000001D100F0E1FE5B461031042B01D100F00F
:106D10002EFC5046FFF7DAFA20002A69EF3901F01D
:106D2000C1F8FEF79FFC2000EA68EF3901F0BAF8DD
:106D3000FEF798FC2000EA68EF3901F0B3F8FEF79F
:106D400091FC90267600A359EA680133A3512000F4
:106D5000EF3901F0A7F8A359013BA3511A4E43465E
:106D6000B21C9146002293460D32FF329246E35800
:106D70000CE01A000133802149006350A75482229D
:106D8000013652008846A754B1451FD03778FF2BF3
:106D9000EFD15A46E2545346E25884235B00E3584D
:106DA000FF212000984794225200A3580133A3509A
:106DB00001230022DFE7C04628140310A4120310A9
:106DC0009014031034140310EC1403102A69E149E1
:106DD000013204A8F4F72AFF04A804F0EFF94346AF
:106DE000E358002829D0002292460D32FF32914606
:106DF00004AD043A90462F180BE01A0001338021AD
:106E000049006350A654822201355200A654AF4275
:106E100013D02E78FF2BF0D15246E2544B46E25865
:106E20004346FF21E3582000984794225200A3587C
:106E30000133A35001230022E1E7FF2B00D1E9E356
:106E4000591C80225200A150833AE25482235B00F5
:106E5000E254FEF707FCEA68BE49013204A8F4F7E1
:106E6000E5FE04A804F0AAF94346E358002829D017
:106E7000002292460D32FF32914604AD043A90460C
:106E80002F180BE01A000133802149006350A654EB
:106E9000822201355200A654AF4213D02E78FF2B28
:106EA000F0D15246E2544B46E2584346FF21E358A4
:106EB0002000984794225200A3580133A350012385
:106EC0000022E1E7FF2B00D1D2E3591C80225200BF
:106ED000A150833AE25482235B00E254FEF7C2FBE6
:106EE0002000EA68EF3900F0DDFFFEF7BBFB200071
:106EF000EA68EF3900F0D6FFFEF7B4FB424655686A
:106F00002A78613A192A00D824E3009F7B1EEA5CA4
:106F1000202A00D11F00002F01D1FEF7A3FB002281
:106F2000802392460D32FF3291465B00043A904630
:106F3000E358EF190DE01A00013380214900635036
:106F4000A654822201355200A654BD4201D1FEF75B
:106F500089FB2E78FF2BEED15246E2544B46E25885
:106F60004346FF21E3582000984794225200A3583B
:106F70000133A35001230022DFE72000EA68EF3944
:106F800000F090FFFEF76EFB2000EA68EF3900F09A
:106F900089FFFEF767FB2000EA68EF3900F082FF07
:106FA0004346E358FF2B00D1E6E3591C80225200F0
:106FB000A150D73AE25482235B00E254FEF752FB21
:106FC0002000EA68EF3900F06DFFFEF74BFB200070
:106FD0002A69EF3900F066FF4346E358FF2B00D1E2
:106FE0007FE3591C80225200A150A33AE25482232D
:106FF0005B00E254FEF736FB2000EA68EF3900F050
:1070000051FFFEF72FFB20002A69EF3900F04AFFFD
:107010004346E358FF2B00D1EAE2591C802252007C
:10702000A150A33AE25482235B00E254FEF71AFB1C
:107030002000EA68EF3900F035FFFEF713FB20006F
:10704000EA68EF3900F02EFFFEF70CFB2000EA683B
:10705000EF3900F027FFFEF705FB2000EA68EF3963
:1070600000F020FFFEF7FEFA2000EA68EF3900F09A
:1070700019FFFEF7F7FA2000EA68EF3900F012FF77
:10708000FEF7F0FA2000EA68EF3900F00BFFFEF798
:10709000E9FA2000EA68EF3900F004FFFEF7E2FAAF
:1070A000EA682000EF3900F0FDFE2B4E4346321D0A
:1070B0009046002293460D32FF329246043A9146A2
:1070C000E3580BE01A000133802149006350A754B4
:1070D000822201365200A754B04513D03778FF2BD7
:1070E000F0D15A46E2545346E2584B46FF21E3584A
:1070F0002000984794225200A3580133A350012343
:107100000022E1E720002A69EF3900F0CBFEFEF70C
:10711000A9FA2000EA68EF3900F0C4FEFEF7A2FAEF
:107120002000EA68EF3900F0BDFEFEF79BFA2A69FD
:107130002000EF3900F0B6FE084E4346721D90461F
:10714000002293460D32FF329246043A9146E358AC
:1071500012E0C046880E0310F8120310BC1303108F
:107160001A000133802149006350A754822201365E
:107170005200A754B0453BD03778FF2BF0D15A4688
:10718000E2545346E2584B46FF21E358200098470B
:1071900094225200A3580133A35001230022E1E7B7
:1071A000A4235B00E358002B05D01031605804AADB
:1071B000049062500593EA681378042B00D11BE118
:1071C0001121200000F06EFEA4235B00E358002B89
:1071D00001D1FEF747FA8823049A5B00E250FEF7DC
:1071E00041FA2000EA68EF3900F05CFEFEF73AFA57
:1071F0002000EA68EF3900F055FEFEF733FA2A0066
:107200001121200000F07CFEFEF74EFA9427350095
:107210007F001E00E359200099462A69EF3900F0EB
:1072200041FEE3594B4501D0FEF71CFA4346E358B3
:10723000B34201D0FEF716FA4346023EE650FEF78F
:1072400011FA4246A258FF2A01D100F046FC531C15
:10725000414663505346A754112120002A68E75441
:1072600000F04EFEFFF778F82F2E01D0FEF718FB46
:10727000C36805009846FEF713FB072F01D0FEF701
:1072800063FA2B691978002901D0FEF75DFA1969B4
:10729000012901D0FEF758FA3D2E01D0FEF754FA2D
:1072A000DB681B78302B01D100F0F3FD312B01D0CE
:1072B000FEF74AFAE949FCF7A9F8FEF7D3F9EA68BC
:1072C000E749013204A8F4F7B1FC04A803F076FF03
:1072D000002801D1FEF7C6F90022434692460D323E
:1072E000FF32914604AD043A9046E3582F180DE062
:1072F0001A000133802149006350A65482220135CF
:107300005200A654AF4201D1FEF7ACF92E78FF2B04
:10731000EED15246E2544B46E2584346FF21E35831
:107320002000984794225200A3580133A350012310
:107330000022DFE72000CB49FCF768F8FEF792F95E
:10734000C949FCF763F82A00C54904A8F4F76EFCA4
:1073500004A803F033FF80235B00E358002829D002
:10736000002292460D32FF32914604AD043A904617
:107370002F180BE01A000133802149006350A654F6
:10738000822201355200A654AF4213D02E78FF2B33
:10739000F0D15246E2544B46E2584346FF21E358AF
:1073A0002000984794225200A3580133A350012390
:1073B0000022E1E7FF2B00D1D0E38022591C5200CC
:1073C000A150833AE25482235B00E254FEF74AF96B
:1073D0000027FEF7B9F9D268002A01D1FEF73EF97D
:1073E00088256D006659112133682000635100F033
:1073F00059FD6651FEF736F911212000D26800F0E0
:1074000051FDA4235B00E358002B03D08823049A8A
:107410005B00E25082235B00E35C3C2B01D100F077
:1074200054FC80235B00E358FF2B01D100F03BFCB0
:1074300080228226591C5200A1507600C43AE254A0
:10744000A255EB6811211A69200000F02BFDA35D05
:107450003E2B01D100F021FC80235B00E358FF2B81
:1074600001D100F008FC8022591C5200A150C23A00
:10747000E25482235B00E254FEF7F4F8F3681F68DD
:1074800039780B00613B612905D17A781300643BA0
:10749000642A00D1BB782A78002B03D1032A01D1BA
:1074A00000F030FC392A01D100F083FC732913D19C
:1074B0007B785A2B00D062E3BB78002B00D05EE3D0
:1074C00029002000FBF75CFFFBF7A0FE0100200075
:1074D000FCF706F8FEF7C6F811213200200001F093
:1074E000C7FB397867290CD17B78732B09D1BB781E
:1074F000002B06D12A001121200000F0D3FCFEF75A
:10750000B1F8732901D0FFF73DFB7B78742B01D0D4
:10751000FFF738FBBB78002B01D0FFF733FB2000CF
:107520004B39FBF7EBFE20002A00112100F0BAFCDA
:1075300029212000FBF7E2FEFEF794F82A00112132
:10754000200000F0DDFCFEF786F94849FBF75EFFFE
:10755000FFF770F8FF2B00D17AE38022591C52000C
:10756000A150E03AE25482235B00E254CDE452465B
:107570001133FF33E25001220433E250FEF772F878
:1075800080235B00C358FF2B00D1DBE380275A1C0C
:107590007F00E2512822E25482235B00E254112151
:1075A0002000F26800F07EFCE359FF2B00D1B8E325
:1075B0008022591C5200A150D73AE25482235B002A
:1075C000E254FFF7DFFA00239846A3550D33FF334B
:1075D000E258043B3100E358200098479422434688
:1075E0005200E351A35800260133A350FEF7EEF8F2
:1075F0000022E25486235B00E258043BFF21E3585B
:107600002000984794225200A35801210133A3502F
:10761000002303E50022E25486235B00E258043B8A
:10762000FF21E3582000984794225200A3580121DB
:107630000133A350002304E40022C25486235B00DC
:10764000C258043BFF21C358984794225200A358C4
:1076500001210133A3500023FEF70FFE681403102D
:10766000880E03101C140310981403100C1403103C
:107670000022E25486235B00E258043BFF21E358DA
:107680002000984794225200A35801210133A350AF
:1076900000231BE40022E25486235B00E258043BF3
:1076A000FF21E3582000984794225200A35801215B
:1076B0000133A3500023FFF70DFA0022E254862382
:1076C0005B00E258043BE358FF21200098479422D6
:1076D0005200A3580133A350283A0023FF3AFFF782
:1076E000E6F90022E25486235B00E258043BFF21C6
:1076F000E3582000984794225200A35801210133F7
:10770000A35000236EE40022E25486235B00E2587B
:10771000043BFF21E3582000984794225200A358CD
:1077200001210133A3500023FEF7E7FE0022E254BB
:1077300086235B00E258043BE358FF212000984772
:1077400094225200A3580133A350283A0023FF3A51
:10775000FEF7C0FE0022C25486235B00C258043BE1
:10776000FF21C358984794225200A35801210133A6
:10777000A3500023FEF7D4FE0022E25486235B00D0
:10778000E258043BFF21E35820009847942252001E
:10779000A35801210133A350002307E42000E64948
:1077A000FBF734FE3A69E549013204A8F4F73EFAE2
:1077B00004A803F003FD002830D000228046934641
:1077C0000D32FF3204ADA84480239246043A91461C
:1077D00042465B00B846E35817000AE0190001333F
:1077E00080225200A350013504326654A654BD4293
:1077F00013D02E78FF2BF1D15A46E2545346E2586B
:107800004B46FF21E3582000984794225200A3588A
:1078100000210133A3500123E2E747462000C84975
:10782000FBF7F4FDFF68FDF779FF8C23009C5B00FC
:107830000132E250FDF716FF0022E25486235B007E
:10784000E258043BFF21E35820009847942252005D
:10785000A35801210133A3500023FEF7B4FB2021DC
:107860002000FBF74BFDFEF7A6FB0022E254862327
:107870005B00E258043BFF21E35820009847942224
:107880005200A35801210133A3500023FEF781FBCE
:1078900020212000FBF732FDFEF773FB3F693978AA
:1078A000482900D128E2434692461B01F31800956F
:1078B00001964E290CD008D81C39042908D9524603
:1078C000009D019E3878FEF723FD50390129F6D836
:1078D0005946042900D1FAE019001D00103145CDA8
:1078E00045C12D6898460D608A211B6149001033FF
:1078F00042466350002191605146D160594657601D
:10790000FF6801318B46002F00D1E0E03978D0E7E5
:107910000022E25486235B00E258043BFF21E35837
:107920002000984794225200A35801210133A3500C
:107930000023EA68FDF710FF20005B21FBF7DEFC67
:10794000200011212A6900F0ADFA5D212000FBF72B
:10795000D5FCFDF787FE2D212000FBF7CFFCFDF7BE
:107960001AFF0022E25486235B00E258043BFF2109
:10797000E3582000984794225200A3580121013374
:10798000A3500023FDF7FAFE1B7819007239012974
:1079900004D9633B012B01D9FEF77FFE20001121A2
:1079A00001F066F920003C21FBF7A8FC2B692000C0
:1079B000DA68112100F076FA20006249FBF726FD13
:1079C0002B69200011211A6900F06CFA292120008E
:1079D000FBF794FCFDF746FE2B691B78002B01D0CA
:1079E000FDF7B2FE3E2E00D14FE2023F11212000F2
:1079F0002A69FFB200F056FA042F01D9FDF732FED2
:107A0000514BBF00DB599F4620005049FBF7FEFC5D
:107A1000FDF728FE20004E49FBF7F8FCFDF722FE9B
:107A20006C212000FBF76AFCFDF71CFE752120008D
:107A3000FBF764FCFDF716FE20004649FBF7E6FC69
:107A4000FDF710FE3033FF33E058002800DCC9E0BA
:107A5000043BE1584746002304E0013308318342E8
:107A600000D1BEE00A689742F7D196235B00E05848
:107A7000B846031E04D12FE15B68002B00D12AE138
:107A80001A68BA4203D0AA42F6D18342F4D0390030
:107A90002000B846FBF754FC002801D1FDF7DEFDBD
:107AA00003784F462F2B01D0FDF7EBFEF533E1585D
:107AB000002901DAFFF7D8FBFBF7B8FB002800D15B
:107AC000AAE10378FDF7DDFE8A235B00E1508C23F9
:107AD00001225B00E250FDF7C5FDA35486235B0045
:107AE000E258043BE358FF212000984794225200BB
:107AF000A3580133A35001230022FFF7A9FB200064
:107B00005A46113101F0DAFA20001349FBF77EFCE6
:107B1000FDF7A8FD00268622E65452000933E358FB
:107B2000A258FF212000984794225200A358013305
:107B3000A3503300FEF78EFD88120310880E031049
:107B4000981203104014031054160310601403100D
:107B50005C140310641403108C1403100025862297
:107B6000E55452000933E358A258FF2120009847FA
:107B700094225200A3580133A3502B001DE4732913
:107B800000D0A9E47B78502B00D0A5E40022BB787C
:107B9000934200D0A0E4160004E001362D69002DC8
:107BA00000D1DFE02B782F2B00D0DBE0EB68002B3F
:107BB00000D1D7E01A784C2AEFD1D9682000FBF722
:107BC000DFFB0023984207D109E0C268002A06D0F3
:107BD00000690133002802D002782F2AF5D0F61868
:107BE000DCE7B8469C235B00E35883422ADD9823F8
:107BF0005B00E358C2009A219B18424649000130BD
:107C0000605004C388225200A158002900D1F8E036
:107C1000A0273432A2587F0094460095E2590FE025
:107C2000D00083469E20400020584D6858440132C1
:107C3000E2514560186009680300002900D1DFE0C7
:107C40006245EDDB8C2301225B00E250FDF70AFD6B
:107C500000268622E65452000933E358A258200039
:107C60000139984794225200A3580133A350434648
:107C70005D68330071E400258622E5545200093323
:107C8000E358A258FF212000984794225200A3589D
:107C90000133A3502B00FFF7E6FB20212000FBF768
:107CA0002DFBFFF7D9FB00268622E654520009334C
:107CB000E358A258FF212000984794225200A3586D
:107CC0000133A3503300FFF7B3FB20212000FBF763
:107CD00015FBFFF7A6FBB84688235B00E25820009F
:107CE00092464A684146E250FBF72AFB002800D141
:107CF00096E001239946D3E6FF68002F00D1E6E61F
:107D00003978D0E5EB681A78012A01D0FFF7CEFB6D
:107D10002A691278292A01D0FFF7C8FB1D00FFF756
:107D2000C5FB00268622E65452000933E358A258C8
:107D3000FF212000984794225200A3580133A350FA
:107D4000330035E400278622C75452000933C35854
:107D50008258FF21984794225200A3580133A35020
:107D60003B0013E431002000FBF7BAFBFDF77AFC7F
:107D7000DA689168012901D0FEF7A7FC52681278F1
:107D80003E2A01D0FEF7A1FC20002731FBF7B6FA0E
:107D9000EB68FEF79AFC2A69112100F083F843464C
:107DA0004A46E250B368002B01D1FEF709F8FDF70F
:107DB00059FC2000EA68112101F080F932001121FC
:107DC000200000F055FFFDF74DFCEB689846FDF7ED
:107DD00067FD20005B21FBF791FA2B692000112140
:107DE0001A6900F05FF85D212000FBF787FAFEF7C3
:107DF00099FC3A001121200000F03AFFFEF78CFCBC
:107E0000009D0022414620001A60FBF799FA0028E5
:107E100000D045E6FDF722FC002F01D1FDF71EFC46
:107E2000882352465B00E250FDF718FC13691B786B
:107E3000292B03D08C2301215B00E150112120006C
:107E4000D26801F03BF9FEF754FC20001349FBF720
:107E5000DDFAFB68002B08D0112120003A0001F068
:107E60002DF920212000FBF749FA4246112120007C
:107E700000F018F8002D01D1FDF7F4FB2A001121C4
:107E8000200001F01BF9FDF7EDFB2D21FBF736FA81
:107E9000ABE50349FBF7BAFAFDF7E4FB5414031012
:107EA0001CE80210F0B50500140083B0002A21D0B0
:107EB0005368012B1EDC8E26802176008259C90072
:107EC0008A4217DC962701337F006360C359013271
:107ED00001936B4682511121C35122000094FDF79A
:107EE0008BFB019BEB516368013B6360AB59013B2A
:107EF000AB5103E08C2301225B00EA5003B0F0BDDC
:107F0000F8B54546DE4657464E461378E0B5033B86
:107F1000DBB2040015004E2B03D8D64A9B00D35881
:107F20009F462A0011212000FFF7BCFFF0BCBB4692
:107F3000B246A946A046F8BD0022CF4D80232F00AF
:107F400092460D32FF3291465B00043A9046C35888
:107F500009370AE01900013380225200A35001358D
:107F600004326654A654AF42E0D02E78FF2BF1D1F4
:107F70005246E2544B46E2584346FF21E358200064
:107F8000984794225200A35800210133A3500123A3
:107F9000E2E70022B94D80232F0092460D32FF32D6
:107FA00091465B00043A9046C35809370AE019002D
:107FB000013380225200A350013504326654A65486
:107FC000BD42B3D02E78FF2BF1D15246E2544B463E
:107FD000E2584346FF21E35820009847942252007C
:107FE000A35800210133A3500123E2E7002280239C
:107FF00092460D32FF32A24D91465B00043A904604
:10800000C358AF1D0BE01900013380225200A3506A
:10801000013504326654A654AF4200D186E72E786B
:10802000FF2BF0D15246E2544B46E2584346FF2123
:10803000E3582000984794225200A35800210133AE
:10804000A3500123E1E78F4E8023B21D904600220A
:1080500093460D32FF3292465B00043A9146C35874
:108060000BE01900013380225200A3500136043284
:108070006754A754B04500D1BAE13778FF2BF0D14F
:108080005A46E2545346E2584B46FF21E35820003B
:10809000984794225200A35800210133A350012392
:1080A000E1E7802149004258FF2A00D140E2531CF9
:1080B0004350E03981548222520081542CE08023C5
:1080C0005B00C258FF2A00D121E2531C80214900E5
:1080D0006350E039A15482225200A1542CE0802345
:1080E0005B00C358FF2B00D100E2591C80225200D4
:1080F000A150E03AE25482235B00E25411212000B7
:108100002A69FFF7CFFE11E71121EA68FFF7CAFEDF
:108110000CE780235B00C358FF2B00D1B2E1591C50
:1081200080225200A150DA3AE25482235B00E254EA
:10813000FCE680235B00C358002292460D32FF32DA
:10814000514D9146043A9046AF1C0BE019000133A3
:1081500080225200A350013504326654A654AF4227
:1081600000D1E3E62E78FF2BF0D15246E2544B4685
:10817000E2584346FF21E3582000984794225200DA
:10818000A35800210133A3500123E1E700223F4D12
:1081900080232F0092460D32FF3291465B00043A55
:1081A0009046C35809370BE0190001338022520072
:1081B000A350013504326654A654BD4200D1B5E641
:1081C0002E78FF2BF0D15246E2544B46E2584346FC
:1081D000FF21E3582000984794225200A358002121
:1081E0000133A3500123E1E70022294D80232F0012
:1081F00092460D32FF3291465B00043A9046C358D6
:108200000B370BE01900013380225200A3500135D7
:1082100004326654A654AF4200D187E62E78FF2B75
:10822000F0D15246E2544B46E2584346FF21E35810
:108230002000984794225200A35800210133A350F4
:108240000123E1E782235B00C35C282B00D00AE115
:10825000EA6811212000FFF725FE002280239246C4
:108260000D32FF320B4D91465B00043A9046E358C5
:10827000EF1C1DE0DC1603106816031074160310C3
:1082800080160310A8160310B0160310B4160310BE
:10829000C0160310CC1603101900013380225200BF
:1082A000A350013504326654A654AF4200D13DE6D6
:1082B0002E78FF2BF0D15246E2544B46E25843460B
:1082C000FF21E3582000984794225200A358002130
:1082D0000133A3500123E1E70A22914600228023C3
:1082E0009346AD4E0D325B00FF329246C358B14407
:1082F0000DE01A000133802149006350A754822207
:10830000013652008846A754B14500D198E037782D
:10831000FF2BEED15A46E2545346E25884235B00C9
:10832000E358FF212000984794225200A3580133BC
:10833000A35001230022DEE70022984D80232F0066
:1083400092460D32FF3291465B00043A9046C35884
:1083500011370BE01900013380225200A350013580
:1083600004326654A654AF4200D1DFE52E78FF2BCD
:10837000F0D15246E2544B46E2584346FF21E358BF
:108380002000984794225200A35800210133A350A3
:108390000123E1E7092290460022802393460D3213
:1083A000FF327F4E92465B00043A9146C358B04478
:1083B0000AE01900013380225200A3500136043232
:1083C0006754A754464513D03778FF2BF1D15A464E
:1083D000E2545346E2584B46FF21E35820009847A9
:1083E00094225200A35800210133A3500123E2E755
:1083F0002A69002A00D199E5FF2B64D0591C8025F9
:108400006D0061512821E15482235B00E15420007A
:108410001739FFF747FD6359FF2B1AD10022E254A9
:1084200086235B00E258043BFF21E3582000984775
:1084300094225200A35801210133A350002309E0E4
:108440002000EA68EF39FFF72DFD4346E358FF2B84
:10845000E4D0591C80225200A150D73AE254822322
:108460005B00E25462E580235B00C358FF2B71D0B0
:10847000591C80225200A150E03AE25482235B0052
:10848000E254E5E60022E25486235B00E258043B16
:10849000FF21E3582000984794225200A35801215D
:1084A0000133A35000233BE680235B00C358FF2B1E
:1084B00061D0591C80225200A150D63AE254822346
:1084C0005B00E25432E50022E25486235B00E2586E
:1084D000043BFF21E3582000984794225200A35800
:1084E00001210133A35000232A6988E70022C254E6
:1084F00086235B00C258043BFF21C358984794224F
:108500005200A35801210133A3500023EEE50023BC
:1085100083540D33FF33C258043BC358FF2198479F
:1085200094225200A3580133A35001230022CDE529
:10853000002383540D33FF33C258043BC358FF213B
:10854000984794225200A3580133A350202323704C
:108550001F3BE4E50022C25486235B00C258043B63
:10856000FF21C358984794225200A3580121013398
:10857000A35000237DE70022C25486235B00C2582B
:10858000043BFF21C358984794225200A35801216D
:108590000133A35000238DE7D01603108816031073
:1085A0009C160310F0B54646D6464F460400C0B5AB
:1085B0001D001600002B16D0012782489A68002A59
:1085C00011D15A6811781939C9B2122908D83A005C
:1085D0008A40024256D1E02109010A4200D09DE0C2
:1085E0001B68002BEAD18A2300225B00E758112187
:1085F000E250200000232A0000F0E6F880235B0010
:10860000E258FF2A6BD08021531C49006350D839AF
:10861000A15482225200A1543269002A06D01121AD
:108620002000FFF73FFC80235B00E358FF2B17D0AF
:10863000591C80225200A150D73AE25482235B0099
:10864000E254043B2A0011212000FF3B00F0BCF85B
:108650008A235B00E750E0BCBA46B146A846F0BDAD
:108660000022E25486235B00E258043BFF21E358DA
:108670002000984794225200A35801210133A350AF
:108680000023D6E782235B00E25C80214900635827
:10869000202A50D1FF2B5AD05A1C80214900625009
:1086A0002822E25482235B00E25400228846994645
:1086B0001033E7589246E250200000232A00EF3999
:1086C00000F082F84346E358FF2B53D041465A1C32
:1086D0006250D739E1544B46E154FF2A93D100232D
:1086E000A3540D33FF33E258043BE358FF2120002D
:1086F000984794225200A3580133A3508023283A6C
:108700005B00FF3AE2500432D83BFF322370A3549F
:108710003269002A00D082E7012389E782235B00C7
:10872000E25C033B1100FF3B99432829ADD1802334
:108730005B00E358AEE7FF2B30D05A1C6250E039A3
:10874000E15482235B00E1541300FF2BA4D10022EB
:10875000E25486235B00E258043BE358FF212000EB
:10876000984794225200A3580133A350283A00237B
:10877000FF3A92E75246E25486235B00E258043BFC
:10878000E358FF212000984794225200A358013358
:10879000A3502923283A2370FF3A34E70022E254F9
:1087A00086235B00E258043BE358FF2120009847F2
:1087B00094225200A3580133A350202323701F3B5F
:1087C0006AE7C04607310400F0B54E46DE4657461C
:1087D0004546E0B50400160099468BB0002A00D14A
:1087E00081E08C2388275B009846183BFF3B9A4624
:1087F0004D467F0014E04E2B0FD061D9503B012B2A
:108800000BD95346B360E3599946F368E3511121FC
:108810002000FFF775FB4B46E3513668002E62D00F
:108820004346E358002B5ED1B368002BF5D1726844
:108830001378002DDFD05146B160E1598946F168C7
:10884000E151292B48D02A2B54D0022BDFD18A2783
:108850007F00E359D268984600231121E35120009C
:10886000FFF720FB4346E3517F4F8023BA1C92461B
:1088700082224D465B00520098469146AB46E35833
:1088800009E01A00013341466350A5544A460137B6
:10889000A554574536D03D78FF2BF2D10022E25443
:1088A00086235B00E258043BE358FF2120009847F1
:1088B00094225200A3580133A35001230022E2E77F
:1088C00019001C390429A8D95146B160E1598946DB
:1088D000F168E151292BB6D14D46112120003368B2
:1088E000FFF760FEE5510BB0F0BCBB46B246A946AF
:1088F000A046F0BD4D4611212000336800F0BCF8C1
:10890000E551F0E772685D4617693A78482A14D055
:108910004E2A0FD00BD81C3A042A0BD93A00112149
:108920002000FFF7BFFA88235B00E550DBE7503AF1
:10893000012AF3D8FF683A78EAE73B3A91464B4E72
:10894000FF329346043A9246B14401970CE01A0074
:108950000133802149006350A7548222013652001E
:108960008846A7544E4513D03778FF2BEFD100220D
:10897000E2545B46E2585346FF21E35820009847F3
:1089800094225200A3580133A35001230022E0E7B0
:10899000019F37493A6903A80132F3F747F903A861
:1089A00002F00CFC4346E35800282FD000228046FA
:1089B00093460D32FF3203AEB0449146043A9246DC
:1089C00042460197A84615000AE0190001338022AB
:1089D0005200A350013604326754A754AE4213D05C
:1089E0003778FF2BF1D15A46E2544B46E2585346B2
:1089F000FF21E3582000984794225200A3580021F9
:108A00000133A3500123E2E74546019F194E019728
:108A1000F21C9046002293460D32FF329146043AF2
:108A200092460AE01900013380225200A350013619
:108A300004326754A754B04513D03778FF2BF1D1D7
:108A40005A46E2544B46E2585346FF21E358200071
:108A5000984794225200A35800210133A3500123C8
:108A6000E2E7019F66E7C0468412031088120310F4
:108A7000880E031098120310F0B55746DE464E4696
:108A80004546E0B50400170019001A0083B0002B1A
:108A900003D150E00968002948D08B68002BF9D138
:108AA0004B681B782A2B00D073E000231121200093
:108AB000FFF78AFE80235B00E258FF2A4BD080211B
:108AC000531C49006350A539A15482225200A1547D
:108AD000FA68002A06D011212000FFF7E3F980236D
:108AE0005B00E358FF2B0FD0591C80225200A1508D
:108AF000A33AE25482235B00E25403B0F0BCBB46CD
:108B0000B246A946A046F0BD0022E25486235B008F
:108B1000E258043BFF21E35820009847942252007A
:108B2000A35801210133A3500023DEE700231121C4
:108B30002000FFF749FE80235B00E358FF2B6AD03B
:108B400080215A1C49006250E039E15482235B00C5
:108B5000E154FF2AB3D10023A3540D33FF33E2586D
:108B6000043BE358FF212000984794225200A35869
:108B70000133A3508023283A5B00FF3AE2500432CD
:108B8000A53BFF322370A354FA68002AA3D1012326
:108B9000AAE78023344D5B00E158AB1C9A460023C2
:108BA00001979B4617000DE00B0001318022520017
:108BB000A150E654822301355B0090469946E65465
:108BC000554514D02E78FF29EED15B466354862399
:108BD0005B00E258043BFF21E358200098479422B1
:108BE0005200A35801210133A3500023DEE73A00CD
:108BF000002311212000019FFFF7E6FD4346E258C4
:108C0000FF2A1CD04146531C63502921A1544A46D7
:108C1000A154FF2B94D10022E25486235B00E2583A
:108C2000043BE358FF212000984794225200A358A8
:108C30000133A3502023283A2370FF3A3FE7002353
:108C4000A3540D33FF33E258043BE358FF212000C7
:108C5000984794225200A3580133A350034B273A5C
:108C60002380FF3A2BE7C046881403102920000018
:108C7000F0B5D6464F46464613780400C0B5322BB1
:108C800007D01121FFF70EF9E0BCBA46B146A8465D
:108C9000F0BDD3689F685D68002FF5D00022802367
:108CA00092460D32FF3291465B00043A9046C3581B
:108CB000EF190AE01900013380225200A350013558
:108CC00004326654A654BD42DED02E78FF2BF1D17B
:108CD0005246E2544B46E2584346FF21E3582000F7
:108CE000984794225200A35800210133A350012336
:108CF000E2E7C046F0B5DE46574645464E46E0B58B
:108D0000EBB0037800AF05008B46FA605F2B00D113
:108D10003AE1A1490822280002F0D0F800210028F9
:108D200000D1FFE001233B658B1E1A00501E8241DB
:108D3000DBB245323A617B6111225B4692468B463B
:108D4000BB6039E07B69012B00D99CE02C00EB7AF9
:108D50000B347C625F2B03D12B7B5A2B00D19AE022
:108D6000200002F02BFA4346002B00D100E1002343
:108D700001227360B360FA62002800D1F8E033701A
:108D8000F460306118200023320039693818FAF78E
:108D900013F90600200002F011FA24187C622378EF
:108DA000002B02D1002E00D0F8E03B6D013300D043
:108DB000E0E000233B65CD46280002F0FFF92B18C8
:108DC000FB6153463B62430098463B630023FB62D2
:108DD000BB633B647B64BB64FB647B658023BD61D8
:108DE0007D62F8631B01984500D9D3E06A46830091
:108DF0001818C000121AE94695460733DB08DB0055
:108E0000D31A6E467B639D465B46BE62012B99D1A9
:108E10002B785F2BC9D16B1C7B626B785A2BC4D12A
:108E2000AB1C7B62AB78472B00D199E0542B00D16F
:108E300096E018230121F818FCF766FB06007A6A11
:108E4000396A1378C907ABD5002188462E2BA7D1E4
:108E5000110032007D604B7818006138192805D95F
:108E60005F2B03D0303B092B00D915E18C1C2378F4
:108E700018006138192804D93130092801D95F2B2D
:108E800018D10134F3E71823F818FAF7A5FC7B6A28
:108E900006001B7884E72B000D337B626B7B472B2E
:108EA00001D0542B54D11823F818FBF7CFFF7C6A5C
:108EB000060067E72E2B12D16378303B092B0ED8C2
:108EC000A378A51C180030382C000928F2D8637844
:108ED0000134180030380928F9D92E2BECD0F86A63
:108EE0003B6B661A7C62984240DA83001B189D0037
:108EF000BB6A01305B1945465D609D60F862002EDB
:108F000034DD5D609D601D70D9601E6118204F21A9
:108F10003818FAF751F8237802002E2B00D0C0E061
:108F2000210098E72B7A2E2B04D05F2B02D0242B24
:108F300000D0F7E66B7A442B00D1B5E00021492B35
:108F400000D0EFE6A97A5F394B4259414900E9E682
:108F500018230021F818FCF7D7FA7C6A060011E7FD
:108F60001823F818FBF772FF060068E70023CDE727
:108F7000002607E70020CD46BD466BB0F0BCBB46DF
:108F8000B246A946A046F0BD43785A2B00D0C0E6B1
:108F90000121C7E60020EFE78C0E03109846BB685E
:108FA00018209B46402342461B18DC19E8331B1847
:108FB000DB191A6082235B00E2540C33E250043365
:108FC000E2501033E2500433E2505A46203BE25064
:108FD000FA680433E25042460C33E25090238E2567
:108FE0005B00E250C0210C33E2500833E2506D00C8
:108FF0000433E25062510023002249000918C919C4
:109000000A604B6020003100FAF7C2F880236259F1
:109010001B019A4201DA434663519C23A22100209E
:1090200049005B00E25863586D4653436350043176
:109030006050002A27DD6946D2008A1A9546002B27
:1090400028DD6946DB00CB1A9D4698235B00E25081
:109050006A460C33E250112132002000FEF722FF55
:1090600080235B00E158002363540D33FF33E25843
:10907000043B2000E358AD4698478C235B00E05842
:109080004342584177E701226946D2008A1A954641
:10909000002BD6DC0123D4E77B6A16007D681B78A1
:1090A0007EE606007D687BE6A97A5F394B1E994112
:1090B000022349429943033134E6C046F0B5C6461F
:1090C00000B513780400150082B0012B03D9312BB1
:1090D00001D0062B40D16B68012B35DC8E2252006B
:1090E000A15880220127D20091422DDC01336B6010
:1090F00096235B009846E3588E266A4601934346C2
:1091000076000131A1512000E25011212A00009582
:10911000FCF772FA4246019BA3506B68013B6B60FF
:10912000A359013BA351002F12D180235B00E258C9
:10913000FF2A2ED0511C80235B00E150D73BA35463
:1091400082225200A35403E08C2301225B00E250F0
:1091500002B080BCB846F0BD80235B00C358FF2B33
:1091600029D05A1C802149006250D839E154822309
:109170005B00E1546B68012B06DC8E2180204900E6
:109180006158C000814228DD8C2301215B00E15041
:10919000CEE70023A3540D33FF33E258043BFF21F5
:1091A000E3582000984794225200A358012101332C
:1091B000A3500022BFE70022C25486235B00C2589E
:1091C000043BC358FF21984794225200A35801330F
:1091D000A350283A0023FF3AC4E7002786E7C04699
:1091E000F0B5DE4657464E464546D368E0B5DB68E7
:1091F00004001B680020197883B0662974D11269B5
:10920000D16816698A460021327888463C2A00D106
:10921000B6E092225200A158894601214942A1504C
:109220005B786C2B00D1AFE065D84C2B01D0522B72
:1092300055D180235B00E358FF2B00D1FCE05A1C82
:1092400080256D0062512822E25482235B00E254A3
:10925000112132002000FFF731FF5246112120007A
:10926000FFF706FD63597E4DEA1C93460BE01A009A
:10927000013380277F00E351A6548222013552003A
:10928000A6545D4514D02E78FF2BF0D10022E25475
:1092900086235B00E258043BE358FF2120009847F7
:1092A00094225200A3580133A35001230022E0E787
:1092B000524611212000FFF7DBFC4246112120001D
:1092C000FFF7FCFEE359FF2B00D190E0591C8022F0
:1092D0005200A150D73AE25482235B00E254922319
:1092E0004A4601205B00E25003B0F0BCBB46B246E8
:1092F000A946A046F0BD722BF1D180235B00E35854
:10930000FF2B00D185E05A1C80256D006251282278
:10931000E25482235B00E254112132002000FFF767
:10932000CDFE524611212000FFF7A2FC00229346F9
:109330000D32FF3263594B4D9246043A90462F1D31
:109340000AE01900013380225200A3500135043293
:109350006654A654BD42C2D02E78FF2BF1D15A4696
:10936000E2545346E2584346FF21E3582000984711
:1093700094225200A35800210133A3500123E2E7B5
:109380003269F668904644E7374D80232A1D90469F
:1093900000225B009346E35801960BE01A0001336C
:1093A00080277F00E351A654822201355200A65443
:1093B000A84514D02E78FF2BF0D15A46E2548623CC
:1093C0005B00E258043BE358FF21200098479422B9
:1093D0005200A3580133A35001230022E0E7019E6D
:1093E000524611212000FFF743FC320066E70022BD
:1093F000E25486235B00E258043BFF21E35820003F
:10940000984794225200A35801210133A35000230E
:109410005DE70022E25486235B00E258043BE358F8
:10942000FF212000984794225200A3580133A350F3
:10943000283A0023FF3A67E70022E25486235B00C4
:10944000E258043BE358FF21200098479422520041
:10945000A3580133A350283A0023FF3AF0E6C04650
:109460008C1403102018031018180310F0B5DE46F2
:1094700057464E4645460221E0B51378040083B0B6
:1094800000208B43382B06D003B0F0BCBB46B2465D
:10949000A946A046F0BDD368DB681E683378642B0C
:1094A000F2D17378692B13D01E318B43582BEBD13B
:1094B0001369DD681F6980235B00E358FF2B00D12F
:1094C00095E05A1C8021490062505B22E2540EE074
:1094D0001369DD681F6980235B00E358FF2B00D10F
:1094E000BBE05A1C8021490062502E22E2548223A4
:1094F0005B00E25411212A002000FEF7D3FC7378B0
:10950000582B3ED0692B0ED080235B00E358FF2BF5
:1095100000D190E0591C80225200A150A33AE2549D
:1095200082235B00E25402223B789343382B14D011
:1095300080235B00E358FF2B6BD0591C8022520024
:10954000A150C33AE25482235B002000E25411216F
:109550003A00FFF7B3FD012096E7FB68DB681B6864
:109560001A78642AE4D15B78692B03D0443A934398
:10957000582BDDD120003A001121FEF793FC012089
:1095800082E73F4DA8336A1D9046002292460D3275
:10959000FF329146043A9346E35801960AE01900D7
:1095A000013380225200A350013504326654A65480
:1095B000A84513D02E78FF2BF1D15246E2544B46EA
:1095C000E2585B46FF21E35820009847942252005E
:1095D000A35800210133A3500123E2E7019EFA685A
:1095E00011212000FEF75EFC3F6973788AE7E054A2
:1095F00086235B00E258043BE358FF212000984794
:1096000094225200A3580133A350283A0023FF3A72
:1096100058E70022E25486235B00E258043BFF2116
:10962000E3582000984794225200A35801210133A7
:10963000A350002382E70022E25486235B00E25815
:10964000043BFF21E3582000984794225200A3587E
:1096500001210133A35000235DE7E05486235B0022
:10966000E258043BE358FF2120009847942252001F
:10967000A3580133A350283A0023FF3A32E7C046EB
:1096800028180310F0B5C64600B50C0015001E00E2
:1096900084B0002846D0002901D0002A42D00023FF
:1096A0006A462B490093019302930393FFF722FB31
:1096B00000283ED0039B009F002B1DD0012398461D
:1096C000002F40D0002C2AD0380001F077FD2B6805
:1096D00098421ED23900421C2000F3F793FB380059
:1096E000F3F77EFB2700002E01D000233360380003
:1096F00004B080BCB846F0BD029B9846002FE1D173
:10970000002E04D0012B19D101235B4233600027C6
:10971000EDE72000F3F764FB43462B60E3E7002D01
:10972000FAD1E0E7002EF2D003235B42002733603A
:10973000DDE70098F3F754FB002EE8D002235B42EC
:1097400000273360D3E7002EDED10027CFE7C046E5
:109750004D32021010B5F3F743FB10BD0278030041
:109760000020472A00D070475A784E2AFBD19A78B9
:10977000552AF8D1DA78432AF5D11A79432AF2D159
:109780005A792B2AEFD19A792B2AECD1DB792A3A14
:109790009A424041C0B2E6E710B5041E06D0F7F782
:1097A0002FFE2000FFF7DAFF002801D1F8F718FAA2
:1097B000203CE068F8F70CFAF0B5DE4657464E4616
:1097C0004546E0B585B00400FFF7C8FF00280ED07D
:1097D0002300203B9E68DB6820009946A36A256B26
:1097E0009A46676BF7F70CFE3000F8F701FA200095
:1097F000F7F706FEF8F700FAF7F702FEF7F7A0FE14
:10980000272203689A5C012A05D11A6805E0F7F758
:10981000F7FDF8F7E5F91A0078320026B046AD08F2
:1098200020330292AD000193D0451FDA3C68002C32
:1098300000D0E41900222100019802ABF7F70AFDDD
:10984000002801D0F8F746FA236803901B6920002E
:109850009B461049012303AAD847002800D13000B5
:1098600001239C460600E0447F19DDE7002E08D066
:109870000420F7F7ADFC084B084A06490360F8F7E7
:109880000FFA4846F8F7A4F9F7F7F4FDF7F7F2FDF9
:10989000F7F7DAFC000403107C040310091502102A
:1098A00010B5F7F751FE0068002804D02723C35CE9
:1098B000012B01D0006810BD00687838FAE7C04677
:1098C00010B50400024B0360F8F782FB200010BDC6
:1098D0009825031010B50400044B0360F8F778FBDB
:1098E00020000821F7F712FC200010BD9825031076
:1098F000014B18687047C046A01C002010B5C06816
:10990000C968046802332469A04710BD10B504007B
:10991000024B0360F8F75CFB200010BDF825031034
:1099200010B50400044B0360F8F752FB200010212F
:10993000F7F7ECFB200010BDF8250310F8B5CE4674
:10994000474680B506000D0091469846F8F75EFB45
:109950000400071E05D001273800C0BCB946B04638
:10996000F8BD28003049F8F751FB00280BD03368C8
:109970002E49043B1868F8F749FB002833D04B46C2
:1099800001271C60E8E72B68043B19683368043B37
:109990001868F8F73BFB002838D04346DB07DBD5D7
:1099A00060231800AA68B168104004000B409C4373
:1099B00000D01A4083438A431343CDD101330B4275
:1099C00002D142469A43904633689C69184B9C42A8
:1099D00023D14346F068E9680268023314694A46B5
:1099E000A0470700B8E733681249043B1868F8F746
:1099F0000DFB0028C7D0F0680368DB689847002893
:109A000006D04A460C4B01271360A5E70027A3E7C1
:109A10004A460A4B012713609EE743464A462900FF
:109A20003000A047070097E7B02503103405031066
:109A3000FD98021050260310182603101426031058
:109A4000406870470D4B10B5036043680400180070
:109A50000B4A0C3882B0904205D12000F7F752FD36
:109A6000200002B010BD043B1A68511E1960002A84
:109A7000F3DC01A900F032F9EFE7C046C02603107D
:109A8000202B00200D4B10B5036043680400180024
:109A90000B4A0C3882B0904205D12000F7F732FD16
:109AA000200002B010BD043B1A68511E1960002A44
:109AB000F3DC01A900F012F9EFE7C046C02603105D
:109AC000202B00200D4B10B50360436804001800E4
:109AD0000B4A0C3882B0904205D12000F7F712FDF6
:109AE000200002B010BD043B1A68511E1960002A04
:109AF000F3DC01A900F0F2F8EFE7C046C02603103E
:109B0000202B00200E4B10B50360436804001800A2
:109B10000C4A0C3882B0904208D12000F7F7F2FCD2
:109B20002000FFF717FE200002B010BD043B1A68AA
:109B3000511E1960002AF0DC01A900F0CFF8ECE713
:109B4000C0260310202B00200E4B10B50360436885
:109B5000040018000C4A0C3882B0904208D1200052
:109B6000F7F7D0FC2000FFF7F5FD200002B010BD94
:109B7000043B1A68511E1960002AF0DC01A900F0AC
:109B8000ADF8ECE7C0260310202B00200E4B10B5DB
:109B900003604368040018000C4A0C3882B09042FD
:109BA00008D12000F7F7AEFC2000FFF7D3FD20001E
:109BB00002B010BD043B1A68511E1960002AF0DC87
:109BC00001A900F08BF8ECE7C0260310202B002041
:109BD000F0B5C64600B51C4B04000D0082B0036012
:109BE000002929D0080001F0E9FA061E02D1174B1E
:109BF000984611E0002101AA00F042F80C23984693
:109C000007008044012E0ED0320029004046F3F7B1
:109C1000F9F80F4B9F4209D143462000636002B020
:109C200080BCB846F0BD2B780373F2E700233E609A
:109C3000BB60BF193B73EFE70648F8F79DFB2000B8
:109C4000F7F760FCF7F700FBC02603102C2B002071
:109C5000202B0020F426031010B50400FFF7B8FFF6
:109C6000014B2000236010BDD426031010B5040062
:109C7000FFF7AEFF014B2000236010BDE826031064
:109C8000144B10B50400984221D8884215D94B00D6
:109C9000984200D21C002300802220001D33520174
:109CA0000D3093420BD9A14209D294461B051B0DDE
:109CB0006444E41A074B9C4207D820000D30F8F7A3
:109CC0009FF800234460836010BD1C00F5E7024844
:109CD000F8F76AFBFCFFFF3F2027031010B5FFF7E2
:109CE00039FD10BD062010B501F05AF90120F0F73A
:109CF000D1FBC046024B1B18587868239843704725
:109D000038270310024B1B1808205B781840704757
:109D10003827031010B5010000230022002001F0B5
:109D20007BFA10BD10B50A22002100F071FD10BDB4
:109D3000034B1A5C03231340012B00D120307047E2
:109D40003927031010B5034B0100186800F00EF816
:109D500010BDC0467819002010B5034B01001868EB
:109D600001F014FB10BDC04678190020F0B54E4636
:109D70004546DE465746E0B50D000B35060085B07A
:109D8000162D27D8102900D9DAE000F0D1FA1025D5
:109D900018230221C74FFB181A005C68083A944246
:109DA00000D146E103226368A1689343E268CA6078
:109DB00091600121E3185A6830000A435A6000F0AC
:109DC000BFFA2000083005B0F0BCBB46B246A94639
:109DD000A046F0BD07239D4300D5B1E0A94200D9BC
:109DE000AEE000F0A5FAFC235B009D4200D29AE1B0
:109DF000690A00D1A8E0042900D94FE13823984628
:109E0000A90988443931CB00082252429446A94F0F
:109E1000FB189C446346DC68A44514D00323994690
:109E20000B0061469C4607E0E068002A00DBFAE090
:109E3000814200D1FBE004004A46636893435A1B09
:109E40000F2AF1DD41463A003C690832944200D1C4
:109E5000D8E0032063688343581B0F2800DD66E1C8
:109E60003A617A610028A4DA7A68904680229200EA
:109E7000934200D3E3E0DA085809012383404046C7
:109E800018438046D300DB199A687860E360A260CB
:109E90009C60D46001208B10984040455CD84346BC
:109EA00003420AD10323994343464000043103424D
:109EB00003D1400004310342FBD00323B3469C4648
:109EC0000E00B8460190F00040440100B246CB6855
:109ED0000BE064465A681F00A243DB68541B0F2C3A
:109EE00000DDF3E0002C00DB0DE19942F1D101230C
:109EF0009946CA44534608319B07E8D1032205E03E
:109F000003680838013E834200D00AE23242F7D1AA
:109F10004346019A5B68934342465360019A52005C
:109F200001929A4216D8002A06D113E004229146E3
:109F3000019ACA44520001921342F7D05646C2E732
:109F40000C23002033603EE780233F2240219046CF
:109F50009B0059E75E4647460322BC68636893430B
:109F60009946AB4202D35B1B0F2B4EDC23004B44C4
:109F70000293514B08201B6810335B19019301F0C9
:109F800075F84E4903900B688B46013306D0844622
:109F9000019B4242013B634413400193300001990D
:109FA00001F04CF803008046013300D1DDE0029B54
:109FB000834200D9D7E0019A414B944619689A46EA
:109FC0006144039A1960029B0800013A434500D09E
:109FD000EAE04346134200D0E6E0BB689846634699
:109FE0004B441A0001231A4343465A60354B186804
:109FF000884200D21960344B1868884200D2196038
:10A000004446B4E07B68984644E7012229001343A4
:10A010001143651961603000BD606B6000F090F91C
:10A0200020000830CFE6A268D0608260C1E66146B9
:10A0300009E7DC680231A34200D104E7B2E65A0A1C
:10A04000042A00D888E0142A00D90FE110005B3000
:10A0500082465C32D200082040428446BA189444BA
:10A06000624692680B308146944500D1E5E00800D5
:10A07000A2466146844602E09268914204D04C4672
:10A080005068A0439842F7D8D368614654469C462E
:10A090006346A260E3609C60D460FBE6142973D938
:10A0A000542900D9EBE06E239846290B88446F3180
:10A0B000CB00A9E670150020002D002068150020B7
:10A0C000D02C0020F82C0020FC2C0020BA460120C7
:10A0D00051468446491905435046456085684746C0
:10A0E0006046EB605E469D6053463961796120436E
:10A0F00008374860CF6030008F609C5000F020F936
:10A10000504608305FE6BA4601205E465244516828
:10A1100001435160BA683000D3609A6000F010F9D2
:10A12000380008304FE62B00E908083332E66119A1
:10A13000884601218C460D4341466560396179614D
:10A14000CA608A60624602434A60E050300000F014
:10A15000F7F82000083036E69A0910003932383016
:10A160008246D20077E7BC4214D0BC686268032301
:10A170009A43531BAA4202D30F2B00DD45E7300060
:10A1800000F0DEF800201EE65B23984688445C3130
:10A19000CB0039E6644B9A461868019B9C465346AF
:10A1A00060441860039B5A1E5B461B68013371D0E4
:10A1B000434602995B1A51461B180B600723414620
:10A1C000404619400291184240D00398013384461A
:10A1D0005B1A0199984441440191634411405B1A10
:10A1E0001A4011003000934600F028FF431C78D03D
:10A1F0004346C01A03005B4401935346196801208B
:10A20000594419604346019ABB6002435A60BC42FC
:10A2100000D1EBE64B460F2B40D907220C3B934372
:10A220006268024005201A436260E2185060906044
:10A230000F2B4BD843465A68D8E653469810012353
:10A240008340404618438046786021E7019B03998C
:10A2500043441340CB1A1A4011003000934600F0DB
:10A26000EDFE431CC4D100239B46C6E7542A18D8F0
:10A270001A0B10006F326E308246D200EBE6AA2332
:10A280005B00994218D8DD3B9846E90B8844783149
:10A29000CB00B9E55B46414619608FE743465860FD
:10A2A0006DE7AA204000824226D8DA0B10007832EF
:10A2B00077308246D200CEE61C4B994226D87C23CA
:10A2C0009846A90C88447D31CB009DE521003000E3
:10A2D000083101F05BF853461968BB6898465A6824
:10A2E00084E6019A029B94464246083B63449B1ACB
:10A2F000019300239B4680E70C4882420CD89A0CBD
:10A3000010007D327C308246D200A4E6FE237E22FD
:10A310007F2190469B0077E5FE227E2092008246B8
:10A3200099E643465B68F9E5D02C0020540500000F
:10A3300010B5024800F004FF10BDC046C82C002034
:10A3400010B5024800F0FEFE10BDC046C82C00202B
:10A35000030010B50A0003490868190000F004F86A
:10A3600010BDC04678190020F0B557464E46DE466F
:10A370004546E0B50C000600170083B0002900D167
:10A38000ACE0FFF7D5FF08235B429946A1444B465A
:10A390005B68032219003D0091430B35CA4688468D
:10A3A000162D67D81025AF4267D8A8456EDA494602
:10A3B000C04841444A68009080689346884200D172
:10A3C000A0E00120844610006246904308184068CF
:10A3D000104200D077E05A46032082439346C3449C
:10A3E0005D454EDD6046184212D14B4648461B681B
:10A3F000C31A03209B465B688343D21842440092F1
:10A40000954200DCCCE0434400939D4200DCCBE06D
:10A4100039003000FFF7AAFC071E00D11EE14B46B1
:10A4200001225B68934302004B44083A934200D1F7
:10A43000E3E04246043A242A00D9E3E00300210085
:10A44000132A09D923680360636843601B2A00D973
:10A45000DCE00300083108330A681A604A685A6071
:10A460008A689A603000210000F090FF3000FFF70A
:10A4700067FF20E00432954395D50C230027336015
:10A4800019E0D846CB688A68D3609A6043465F1B60
:10A490005346012250465B68404413400F2F22D898
:10A4A00041460B4351464B604368134343603000C1
:10A4B000FFF746FF2700380003B0F0BCBB46B246AA
:10A4C000A946A046F0BD1A42A2D14B464A461B6897
:10A4D000D31A03229B465B68934394E71100FFF76E
:10A4E00045FC0700E7E751462B43491955461743FA
:10A4F0006B604F604368083113434360300000F0E5
:10A5000045FFD4E703218A4394462900C44410310F
:10A510008C4500DB84E0DB0700D579E74B464846F5
:10A520001B68C31A03209B465B688343D2184244CE
:10A530000192914200DD66E75B465A46DB6892680D
:10A540005F46D3609A604246043A0837242A00D90D
:10A5500099E03B00132A0AD9594623688B60636847
:10A56000CB601B2A00D993E05B4608341033226885
:10A570001A6062685A60A2689A605B4601225919A3
:10A58000009B30009960019B5B1B13434B605B4653
:10A590005B6813405A462B435360FFF7D1FE8AE7AE
:10A5A000CB688A68D3609A605B465A46DB689268DB
:10A5B0005F46D3609A604246043A0837242A17D887
:10A5C0003B00132A09D9594623688B606368CB6026
:10A5D0001B2A39D85B460834103322681A60626837
:10A5E0005A60A2689A60009B3C009846DA464DE7A4
:10A5F0002100380000F00AFCF5E703225B68934372
:10A60000984443E7210000F001FC2BE7A368836036
:10A61000E368C360242A26D00300103110331BE7FF
:10A620004B465919009B0122996063465B1B1343FB
:10A630004B604B465B68300013404A462B435360E7
:10A64000FFF77EFE270036E7A3680B61E3684B61E6
:10A65000242A10D05B4610341833BEE73000FFF7D1
:10A660006FFE002727E72369183103610300626941
:10A6700018334261F0E623698B615B4662692033DF
:10A68000CA611834A9E72100380000F0BFFB74E765
:10A69000A3680B61E3684B61242A03D05B46103446
:10A6A000183364E723698B615B4662692033CA61B2
:10A6B00018345CE770150020F0B557464E46454605
:10A6C000DE46E0B582460F0090461E00994683B0F4
:10A6D000242B43D8012B41D00B0008204A4D1A00EF
:10A6E00014780133295D0842F9D11D002D2C00D1C9
:10A6F00076E02B2C3ED0454B9B4600230193002E49
:10A7000053D1302C00D173E00A2399460A364946CA
:10A710005846F1F70DFB2B008C463D000200270048
:10A7200000214C460020E146AC463D00303D092D5D
:10A7300007D9113D192D03D93D00613D192D20D8B0
:10A740000A35AE421DDD4F1C05D082422AD327D0E8
:10A750000121604328181F780133E6E700F080FCF0
:10A7600016230360002003B0F0BCBB46B246A946E6
:10A77000A046F0BD1C78254B951C9B4600230193F9
:10A78000BDE767464A1C21D0019A002A00D040420A
:10A790004246002AE7D0002933D143461F60E2E752
:10A7A000A945D5DA01214942D5E7102EAFD11023B2
:10A7B0009946302CABD120222B789343582BA6D12D
:10A7C00010236C78994610260235A0E722225146C4
:10A7D0000A6042465846002AC5D058465F1EDCE74C
:10A7E0001C7880231B069B460123951C019386E75A
:10A7F00020222B789343582BE2D008230826994631
:10A8000085E78346E9E7C04639270310FFFFFF7F4E
:10A8100010B504001300034A10680A002100FFF776
:10A820004BFF10BD78190020144B70B51E68050051
:10A830000C00002E02D0736B002B1BD0636EDB0765
:10A8400002D4A3899B0511D529002200300000F015
:10A85000F7FE636E0500DB0702D4A3899B0501D5D3
:10A86000280070BDA06D00F06DFCF9E7A06D00F050
:10A8700067FCE9E7300001F0ADF8DFE77819002068
:10A8800070B5050086B008001400019100F096FC38
:10A89000012301AE0590029003960493002D02D08F
:10A8A0006B6B002B29D00C23E25E636EDB0701D4B7
:10A8B00093051CD580239B011A4205D11343A38124
:10A8C000104A636E134063662800210003AA00F05B
:10A8D00027F8636E0500DB0702D4A3899B0502D528
:10A8E000280006B070BDA06D00F02CFCF8E7A06D4C
:10A8F00000F026FC0C23E25EDCE7280001F06AF899
:10A90000D1E7C046FFDFFFFF030010B50A0003498F
:10A9100008681900FFF7B4FF10BDC0467819002081
:10A92000F0B54E46DE4657464546E0B5936883B0DF
:10A930000C0091460090002B5FD00C23CA5E1307D9
:10A9400063D50B69002B60D04B461F68930723D556
:10A95000636A00269A46B34B00259846E169002DAC
:10A9600016D02B00454500D9AE4B32000098D04799
:10A97000002859DD4B464A469B6836181B1A2D1A8B
:10A980009360002B39D0636AE1699A46002DE8D1C3
:10A990003E687D680837E2E7D30762D50023B846F2
:10A9A00000209A4600261F00002E45D000284CD0DB
:10A9B0003B00B3469E4200D99B4620682269A568A9
:10A9C0006369904203D9ED18AB4500DDFEE05B45BD
:10A9D00000DDEEE0656A5246E1690098A847051E71
:10A9E00022DD01207F1B19D04B464A469B68AA44B2
:10A9F0005B1B761B9360002BD6D1002003B0F0BC0C
:10AA0000BB46B246A946A046F0BD2100009800F022
:10AA100077F900280DD10C23E25E95E7210000981C
:10AA200000F0ECFE0028DFD00C22A35E402213438E
:10AA3000A38101204042E1E70822434694465E6834
:10AA4000E044002EF8D01B689A4632000A21504696
:10AA500000F07AFB002800D1DBE053460130C71A32
:10AA6000A6E7002380219A4689008B465646554624
:10AA70002068A36884469846002D5CD059460A4257
:10AA80005DD09A46AB4200D990E09023DB001A4299
:10AA900032D02169431A6069019343001B18D80F13
:10AAA000C3185810019B824601335B19834201D9B8
:10AAB0009A461800520500D497E001000098FFF76D
:10AAC00055F98046031E00D1A6E0019A2169F2F7EC
:10AAD00099F9A389544A134080221343A381434622
:10AAE0002361019B1A004244944622605246A846C4
:10AAF000AA46D31A6261A36052463100604600F054
:10AB000085F94246A8460025A36820689B1A504450
:10AB1000A36020604B4642469B6846449B1A4A46C7
:10AB2000936000D169E70C23E25E2068A368844645
:10AB30009846002DA2D13E687D6808379AE72269C1
:10AB400082421BD362699046AA4217D8802328000C
:10AB50001B069D4200D335484146F1F7C1F84346F4
:10AB6000626A43439046E16932000098C04700287A
:10AB700000DC59E780464346ED1ACBE79846AB42E6
:10AB800000D9A8464246310000F040F94246A36889
:10AB900020689B1A4044A3602060002BEBD1210069
:10ABA000009800F02BFE0028E5D03DE7A846AA4615
:10ABB000A2E75A46514600F029F95A46A3685D4675
:10ABC0009B1AA36023685B4423600AE751462A006E
:10ABD00000F01CF9236821005B190098236000F045
:10ABE0000DFE002800D1FCE61EE702000098FFF7EA
:10ABF000BBFB8046002800D071E7009D216928003A
:10AC000000F0C4FB8022A3899343743A1BB22A60EC
:10AC10000CE7731C1F00CCE6009A0C3313600C2267
:10AC2000A35E03E700FCFF7F7FFBFFFFFFFFFF7FCB
:10AC3000F0B5C64600B51D00170086B001AB039302
:10AC400001236F43061E90460C9C019102970597C5
:10AC5000049302D0436B002B3CD00C23E25E636E66
:10AC6000DB0701D493052AD580239B011A4205D125
:10AC70001343A381194A636E1340636621003000B9
:10AC800003AAFFF74DFE636E002811D0DB0708D53D
:10AC900005984146381AF1F74BF806B080BCB84623
:10ACA000F0BDA3899B05F3D4A06D00F04BFAEFE74C
:10ACB000DB0702D4A3899B0507D52800EDE7A06D2B
:10ACC00000F03EFA0C23E25ECEE7A06D00F03AFA07
:10ACD0002800E2E700F07EFEBFE7C046FFDFFFFF8F
:10ACE00010B50400054882B00068009313000A0004
:10ACF0002100FFF79DFF02B010BDC046781900206B
:10AD0000304B70B5050018680C00002802D0426B6B
:10AD1000002A4FD00C22A35E1A071DD52269002AF3
:10AD200024D0D90708D50021A160616900204942DB
:10AD3000A161002A08D070BD0021980700D4616984
:10AD40000020A160002AF6D11A06F4D54022134350
:10AD50000120A3814042EEE7DA062ED55A0714D42B
:10AD6000226908210B43A381002ADAD1A021802087
:10AD70008900800019408142D3D02100280000F0D2
:10AD8000EFFB0C22A35E2269CBE7216B00290AD0DE
:10AD900022004032914204D0280000F0F7FA0C2241
:10ADA000A35E002222632422934300226260226970
:10ADB0002260D6E700F00EFEACE709222A603732A7
:10ADC0001343C5E77819002030B5032A19D90300C9
:10ADD0000B43551E9B0710D0002303E05A1C9D42D5
:10ADE00012D01300C25CCC5CA242F7D0101B0CE066
:10ADF000043A04300431032A03D904680B689C42E6
:10AE0000F6D0551E002AE7D1002030BDF0B58842AB
:10AE10000AD98B18984207D2531E002A03D0CA5C65
:10AE2000C254013BFBD2F0BD05000F2A0AD8561EC2
:10AE3000002AF8D00023CC5C1A00EC54013396426F
:10AE4000F9D1F0E70324030026000B431E401C4207
:10AE500030D11500103D2D0903000C00AC462F0128
:10AE60003F1825681D6065685D60A5689D60E568A0
:10AE70001034DD601D001033BD42F2D165460F2352
:10AE80000C2401352D01491913404519144213D0E2
:10AE90008C59AC5104369C1B032CF9D8043B9B08FD
:10AEA00001339B00ED18C91803231A40561E002ACF
:10AEB000C0D1B8E7561EBDE71A00B8E730B5002A82
:10AEC00028D003000B439B0713D1032A11D9134D3C
:10AED0000BE0043A002A1DD0114C1C199C432C4253
:10AEE00018D104300431032A03D903680C68A34243
:10AEF000EFD004780D78A5420ED1012A0AD00123A3
:10AF000006E0C45CCD5CAC4206D101339A4201D06C
:10AF1000002CF6D1002030BD601BFCE780808080D3
:10AF2000FFFEFEFE034B10B51A680123503200F0FD
:10AF300003F810BD78190020F0B5002828D00700CC
:10AF400038000C000678013702E00134AE4213D01D
:10AF50002578002DF9D1002E1FD00B003D787E1CE6
:10AF600002E00133002C0CD01C78A542F9D100235B
:10AF7000002D08D11360F0BD002BE1D117600370E4
:10AF8000F9E73700E9E70024711E33000C70F1E7A0
:10AF900010680028D3D10020EDE700201660EAE712
:10AFA000154B70B504001D681F281FD88C235B004B
:10AFB000EB58002B0DD082009B181A68002A08D08D
:10AFC000012A04D0511C0DD00021196090470020A7
:10AFD00070BD280000F02EF822000100280000F0CB
:10AFE00015F8F5E7162301202B60F1E71623012061
:10AFF0002B604042ECE7C0467819002010B51300E2
:10B000000A000100022000F007F910BD002370B50E
:10B01000074D0400080011002B6000F0D9FE431C0E
:10B0200000D070BD2B68002BFBD02360F9E7C04631
:10B030004834002010B500F0BBFE10BD002370B5F1
:10B04000064C050008002360EFF726FA431C00D0E9
:10B0500070BD2368002BFBD02B60F9E7483400203B
:10B06000014B18687047C04678190020802310B53E
:10B070005B01082801D1180010BDFFF7F1FF16236E
:10B080000360173BF7E7C046024670B50A439207D4
:10B090002AD11E4DEE0104C808C9541B9443344004
:10B0A00017D0D0B2D9B2401A2106014310D190B2C4
:10B0B00099B2401A210401430AD110021902000A70
:10B0C000090A401A2102014302D1100E190E401A3A
:10B0D00070BD9A42DFD010BA19BA884201D9012056
:10B0E00070BD0020C04370BD02780B780130013183
:10B0F000002A09D09A4207D102780B780130013139
:10B10000002A01D09A42EFD0D01A70BD010101018E
:10B1100070B5074C074D641BA41005D0013CA3007B
:10B12000EB589847002CF9D100F062FE70BDC04684
:10B13000301B0020301B00207047C0467047C046BF
:10B140007047C0467047C04670B5CCB283070FD079
:10B15000531E002A0AD0032504E00130284208D0FB
:10B16000013B03D30278A242F7D170BD0020FCE777
:10B170001300032B12D9FF220A401502AD182A042E
:10B180000C4EAD1803E0043B0430032B06D90268D3
:10B1900009496A40511891433142F4D0C218002B3A
:10B1A00003D1E3E701309042E0D00378A342F9D124
:10B1B000DBE7C04680808080FFFEFEFE10B583077F
:10B1C0000AD00300032102E001330B4205D01A78B4
:10B1D000002AF9D1181A10BD030019680C4A0D4C49
:10B1E0008A188A4322420FD15968094A04338A18BF
:10B1F0008A43224208D15968054A04338A188A438F
:10B200002242F1D000E001331A78002AFBD1E1E7B5
:10B21000FFFEFEFE80808080F0B5D6464F46464653
:10B220009846244BC0B5060018689A460F00914610
:10B23000FFF786FF204B1D68002D32D053466C6807
:10B2400018681F2C30DC002E0CD1631C0234A400C3
:10B250006B606751FFF776FF0020E0BCBA46B1464D
:10B26000A846F0BD49468822A300EB189950C42196
:10B2700049008C46AC446146873AA2400968914631
:10B280001143624611608421424649005A50022E01
:10B29000DBD129004A468D31FF310B6813430B6027
:10B2A000D3E7064D1D60C9E7FFF74CFF0120404280
:10B2B000D3E7C046A01A0020302B0020342B0020FA
:10B2C000034B10B5002B02D00248FEF723FD10BD42
:10B2D0000000000011B10210F0B5C646060000B52E
:10B2E00008200D00FFF7C2FE04003000FFF720F831
:10B2F000234B210098469B685F6803239F433800D7
:10B300001138401B0019F0F713FD451E6543AC4290
:10B3100008DC00213000FFF791FE43469B68DB19F3
:10B32000984206D03000FFF70BF8002080BCB846EA
:10B33000F0BD30006942FFF781FE01300ED00122DE
:10B3400043467F1B9B6817430E4A5F6013683000BB
:10B350005B1B1360FEF7F4FF0120E7E700213000DC
:10B36000FFF76CFE43469A68831A0F2BDADD064C12
:10B3700004492468001B086001210B435360D1E796
:10B3800070150020D02C002068150020F8B5CE469E
:10B39000474605000C0080B5002957D0FEF7C8FFCE
:10B3A000012321009C4608394868624603000324B3
:10B3B0009343CF187A68654EA243B468BC4200D16B
:10B3C00070E0BC18A14664467A60044221D1086846
:10B3D000091A1B1888688046484640682040340097
:10B3E00008348146A04551D04046CC68C460A06076
:10B3F0004846002811D19B185548BA68824200D1AE
:10B400007FE0F868D060826001221A434A60CB5026
:10B4100007E0484640682042EDD062461A434A6041
:10B420003B6080229200934214D2DA08580901232B
:10B430008340706803437360D3009B199A68CB60A4
:10B440008A609960D1602800FEF77AFFC0BCB946D7
:10B45000B046F8BD5C0A042C3DD89C092000393464
:10B460003830E40034192268083C0327944203D1A1
:10B4700040E09268944203D05068B8439842F8D8AC
:10B48000D468CC608A60A160D160DCE7002858D124
:10B49000B868D218FB68C3609860634613434B607A
:10B4A0008A50D0E79A186346034206D10B68C91A3E
:10B4B0008868D218CB68C3609860012313434B603F
:10B4C000244BB1601B689342BDD8234B28001968F8
:10B4D000FFF702FFB7E7142C07D9542C1AD81C0B1E
:10B4E00020006F346E30E400BCE720005C345B3039
:10B4F000E400B7E701238010834070680343736062
:10B50000BFE7D1609160CA608A6001221A434A6035
:10B51000CB5098E7AA225200944205D8DC0B2000B9
:10B5200078347730E4009DE70C4A944205D89C0CAF
:10B5300020007D347C30E40094E7FE247E20A400CB
:10B5400090E762461A434A603B607CE77015002032
:10B55000781500206C150020002D002054050000F7
:10B56000F0B5C64600B50C228B5E05000C0096B007
:10B570009A0709D5230043332360236101236361C4
:10B5800016B080BCB846F0BD0E22895E002928DBCB
:10B590006A4600F0CFFA002821DBF023019F1B024E
:10B5A0001F40264B80269C4667447B425F41802398
:10B5B000DB009846360141462800FEF7D7FB0028FD
:10B5C0001BD08022A3892060134342461BB2A38173
:10B5D00020616261002F1FD13343A381D0E70C2289
:10B5E000A35E00271B0612D540239846280041463B
:10B5F0000026FEF7BBFB0028E3D10C22A35E9A05D0
:10B60000BED40322934302221343A381B2E78023D3
:10B61000DB0098460026CEE728000E23E15E00F00E
:10B620009DFA002802D10C22A35ED5E70322A3894C
:10B630009343012213431BB2CEE7C04600E0FFFF55
:10B6400070B506000D001400002802D0436B002BDB
:10B650002DD0636EDB0702D4A3899B051FD5A36899
:10B66000013BA360002B05DAA269934210DBEBB229
:10B670000A2B0DD0FF2023685A1C22601D70054044
:10B68000636EDB0702D4A3899B050CD5280070BD2F
:10B6900029002200300000F0C9F90500F0E7A06D94
:10B6A000FFF74EFDDBE7A06DFFF74CFDEEE700F086
:10B6B00091F9CEE7F0B5C64600B50C228B5E0700C7
:10B6C0000C001A0732D480254A682D011D438D8154
:10B6D000002A4EDDA66A002E4ED03A68E1699046F7
:10B6E00000223A60DB044BD4002201233800B0472B
:10B6F0000200431C00D172E00C23E55EA66AE169FA
:10B700006D0706D56368D21A236B002B01D0E36B5B
:10B71000D21A00233800B047431C33D139680C23B8
:10B72000E25E1D2949D9402313431EE00E69002E15
:10B7300022D00D680022AD1B0E609B0700D14A6924
:10B74000A260002D04DC17E036182D1A002D13DD41
:10B75000636A3200984638002B00E169C047002830
:10B76000F2DC4022A38913431BB20120A381404293
:10B7700003E0CA6B002AADDC002080BCB846F0BDF7
:10B78000226DBDE70C22A35E1A4A1A40A281002254
:10B79000626022692260DB0400D520654346216B8C
:10B7A0003B600029E8D023004033994202D03800A2
:10B7B000FFF7ECFD00232363DEE701260E4B350087
:10B7C0000B411D401E42AED10A4B65601340A38160
:10B7D00023692360D204E1D50029DFD1DDE73B688E
:10B7E000002B00D188E71D2B01D0162BB9D1434681
:10B7F0003B60C1E7FFF7FFFFFEFFBFDF70B505004D
:10B800000C00002802D0436B002B27D00C22A35E33
:10B81000002B11D0626ED20701D49B050ED52800F3
:10B820002100FFF747FF636E0500DB0702D4A38901
:10B830009B050FD5280070BD0025FBE7A06DFFF725
:10B840007FFC28002100FFF735FF636E0500DB0752
:10B85000F0D4ECE7A06DFFF775FCEBE700F0BAF869
:10B86000D4E7C04610B5034A0349044800F040F944
:10B8700010BDC046A41A002081BB02108019002010
:10B8800041680B4B10B50400994201D000F078F9E3
:10B89000A168084B994202D0200000F071F9E168DC
:10B8A000054B994202D0200000F06AF910BDC04655
:10B8B000042D00206C2D0020D42D0020F8B5CE469C
:10B8C00047463B4C3B4B3C4A2000002580B51A6064
:10B8D0000423082200215C3025606560A560656650
:10B8E00025616561A561E360F1F786FA2000334BBD
:10B8F000334F344E99462362334B58309846A762F3
:10B90000E6626362E461FFF717FCCC23E5502F4B3E
:10B9100020006367802300210822C430E550A5661B
:10B92000E5662567A567E567F1F766FA22008423D7
:10B930006832E2504A460433E25042462000043363
:10B94000E2500433E750C0300433E650FFF7F4FB15
:10B95000D0232000E5500433E5500433E5501C4A61
:10B960005C33E550583BE2500433E5502D3004334E
:10B97000E550002104330822FF30E550F1F73CFA8E
:10B980002200EC23D032E2504A460433E250200039
:10B9900042460433E25029300433E750FF30043389
:10B9A000E650FFF7C9FBC0BCB946B046F8BDC0467B
:10B9B000042D00203C2E002065B8021051BC02105E
:10B9C000B9BC0210E9BC021079BC021009000100E8
:10B9D0001200020070B50400094D2800FFF7B0FB0B
:10B9E000636B002B05D1074B6363074B1B68002B70
:10B9F00003D02800FFF7A6FB70BDFFF75FFFF8E755
:10BA0000CC2C002081B802103C2E002010B502483A
:10BA1000FFF796FB10BDC046CC2C002010B50248A5
:10BA2000FFF790FB10BDC046CC2C0020F8B50500F8
:10BA30000E001400002802D0436B002B52D0A369E3
:10BA4000A3600C23E25E13071FD52369002B1CD0D3
:10BA5000FF21F7B20E40802189010A4225D02268D9
:10BA60006169D31A99422BDD0133A1680139A160C4
:10BA7000511C2160177062699A422AD0A389DB07A2
:10BA800001D50A2E25D03000F8BD21002800FFF78F
:10BA900037F9002823D1FF21F7B20E4080210C2373
:10BAA000E25E890123690A42D9D11143A181626E04
:10BAB0000E490A40626661692268D31A9942D3DC52
:10BAC00021002800FFF79AFE002808D101232268F0
:10BAD000CBE721002800FFF791FE0028D3D00126F4
:10BAE0007642D0E7FFF776FFA9E7C046FFDFFFFF0A
:10BAF000F8B54746CE46884680B5814617000026F1
:10BB00007D68BC68013D0DD4A389012B07D90E22A5
:10BB1000A35E013303D021004846C0470643683482
:10BB2000013DF1D23F68002FEAD13000C0BCB946D8
:10BB3000B046F8BD002370B5074D040008001100A1
:10BB40002B6000F02DF9431C00D070BD2B68002B3A
:10BB5000FBD02360F9E7C04648340020002370B5CD
:10BB6000064C05000800236000F02AF9431C00D0B1
:10BB700070BD2368002BFBD02B60F9E74834002010
:10BB800070B506000C1E40D0002802D0436B002B7D
:10BB900047D001250C22A35E626E2A4233D19B0559
:10BBA00042D521003000FFF785FDE36A0500002B38
:10BBB00004D03000E1699847002828DBA3891B06E0
:10BBC0002AD4216B002908D023004033994202D0A7
:10BBD0003000FFF7DBFB00232363616C002904D0F6
:10BBE0003000FFF7D3FB00236364FFF70FFF002350
:10BBF000A381636EDB0726D5A06DFFF79FFAFFF7E1
:10BC00000DFF280070BD002BCBD10025F9E70125E1
:10BC1000A3896D421B06D4D530002169FFF7B6FB1E
:10BC2000CFE7FFF7D7FEB4E7A06DFFF789FA0C2244
:10BC3000A35E002BB5D1636E2B42E6D1A06DFFF75A
:10BC400081FA0025DDE7A06DFFF77CFAD4E7C04656
:10BC500070B50C000E25495F00F072F8002803DB78
:10BC6000236D1B18236570BDA389024A1340A3816D
:10BC7000F9E7C046FFEFFFFFF8B50C001F000C23EB
:10BC8000C95E05001600CB050AD40A4B32001940E4
:10BC90002800A1810E23E15E3B0000F065F8F8BDAD
:10BCA0000E23E15E0022022300F036F80C23E15E51
:10BCB000EBE7C046FFEFFFFF70B50C000E25495FB4
:10BCC00000F02AF8431C07D08023A2895B011343AC
:10BCD0001BB22065A38170BDA389024A13401BB229
:10BCE000F8E7C046FFEFFFFF10B50E23C95E00F076
:10BCF00001F810BD002370B5064C05000800236054
:10BD000000F046F8431C00D070BD2368002BFBD028
:10BD10002B60F9E74834002070B5040008001100DA
:10BD20001A000023054D2B6000F05AF8431C00D088
:10BD300070BD2B68002BFBD02360F9E7483400204E
:10BD400070B50400080011001A000023054D2B6097
:10BD5000F1F7DAF9431C00D070BD2B68002BFBD043
:10BD60002360F9E74834002070B504000800110092
:10BD70001A000023054D2B60F1F7D8F9431C00D0C1
:10BD800070BD2B68002BFBD02360F9E748340020FE
:10BD900058220120014B40421A607047483400206D
:10BDA00058220120014B40421A607047483400205D
:10BDB00058220120014B40421A607047483400204D
:10BDC0005822024B00201A607047C04648340020B9
:10BDD00058220120014B40421A607047483400202D
:10BDE00058220120014B40421A607047483400201D
:10BDF000F8B5C0460000000001B40248844601BC0A
:10BE0000604700BFDF13002001B40248844601BC34
:10BE1000604700BF1904002001B40248844601BCF9
:10BE2000604700BFF901002001B40248844601BC0C
:10BE3000604700BFF104002001B40248844601BC01
:10BE4000604700BFC908002001B40248844601BC15
:10BE5000604700BF9113002001B40248844601BC32
:10BE6000604700BF6103002001B40248844601BC62
:10BE7000604700BF6D08002001B40248844601BC41
:10BE8000604700BFD913002001B40248844601BCBA
:10BE9000604700BFF104002001B40248844601BCA1
:10BEA000604700BFB10F002001B40248844601BCC6
:10BEB000604700BF0901002001B40248844601BC6C
:10BEC000604700BF6908002001B40248844601BCF5
:10BED000604700BFA902002001B40248844601BCAB
:10BEE000604700BFDD01002001B40248844601BC68
:10BEF000604700BFB913002001B40248844601BC6A
:10BF0000604700BF7D08002001B40248844601BCA0
:10BF1000604700BFE10F002001B40248844601BC25
:10BF2000604700BF810F002001B40248844601BC75
:10BF3000604700BFC100002001B40248844601BC34
:08BF4000604700BFC51300209B
:10BF48003133616D6269656E745F6C69676874002E
:10BF58008C03031048BF02100000000058BF0210F5
:10BF6800E5020010FF020010F1020010F5020010B7
:10BF7800FD0200103230616D6269656E745F6C6934
:10BF88006768745F6268313735300000A0050310B8
:10BF98007CBF021058BF02100000000094BF0210BE
:10BFA8002103001035030010A1030010F503001051
:10BFB8004903001062617369635F737472696E6725
:10BFC8003A20636F6E737472756374696F6E20665E
:10BFD800726F6D206E756C6C206973206E6F7420A3
:10BFE80076616C696400000063616E6E6F74206333
:10BFF8007265617465207374643A3A766563746F28
:10C0080072206C6172676572207468616E206D6160
:10C01800785F73697A652829000000004745524D0A
:10C02800414E0000454E474C495348004954414C45
:10C0380049414E0042454C4749414E0042494E4114
:10C0480052590000444F5453000000006C6F6700C1
:10C058004C4F47005345542054494D4500000000BB
:10C0680073620000534554204252494748544E4594
:10C0780053530000697000007366700053455420E4
:10C0880046414345504C41544500000073646F00DD
:10C09800524F5441544520444953504C4159000093
:10C0A800736263004252494748544E4553532043F4
:10C0B800555256450000000073640000646C73001C
:10C0C8004441594C49474854534156494E4700004A
:10C0D800636F6C00434F4C4F524D4F444500000076
:10C0E8005241494E424F57205345504552415445BD
:10C0F800000000005241494E424F572045515541DA
:10C108004C0000005741524D205748495445000003
:10C11800434F4C442057484954450000726573000A
:10C12800524553544F524520434C4F434B2053459F
:10C138005454494E47530000646F6200444F5420E2
:10C148004252494748544E4553530000626C6400BC
:10C15800424C494E4B454E444F5453006977740046
:10C168007379737363000000737973636D64646536
:10C178006600000046764E5374375F5F6378783107
:10C1880031313262617369635F737472696E6749D2
:10C198006353743131636861725F74726169747377
:10C1A800496345536149634545454500F804031013
:10C1B8007CC10210313673657474696E67735F737E
:10C1C800746F7261676500008C030310BCC10210B4
:10C1D8005046764E5374375F5F6378783131313229
:10C1E80062617369635F737472696E6749635374DC
:10C1F8003131636861725F74726169747349634550
:10C208005361496345454545000000004805031052
:10C21800D8C1021000000000B4C1021000000000E4
:10C22800D0C1021031040010770400104F04001030
:10C238003D040010590400105F0400103232736589
:10C248007474696E67735F73746F726167655F6634
:10C258006C61736800000000A005031044C202105E
:10C26800D0C102100000000060C20210612200105C
:10C27800752200105D22001089220010FB22001098
:10C288000B230010323373657474696E67735F73C0
:10C29800746F726167655F656570726F6D0000002D
:10C2A800A00503108CC20210D0C1021000000000CB
:10C2B800A8C2021095350010A9350010913500105C
:10C2C8001D360010BD350010ED350010764A0010FF
:10C2D800A64A0010C64A0010D44A0010E24A0010CC
:10C2E800F04A0010FE4A00100C4B00101A4B0010C8
:10C2F800284B0010364B0010444B00106A4A0010BF
:10C30800A64A0010C64A0010D44A0010E24A00109B
:10C31800F04A0010FE4A00100C4B00101A4B001097
:10C32800284B0010364B0010444B0010AE4B001049
:10C33800AE4B0010AE4B0010AE4B0010AE4B0010D1
:10C34800BC4B0010BC4B0010BC4B0010BC4B001089
:10C35800BC4B0010CA4B0010CA4B0010CA4B00104F
:10C36800CA4B0010CA4B0010D84B0010D84B001015
:10C37800D84B0010D84B0010D84B0010F24B0010CF
:10C38800F24B0010F24B0010F24B0010F24B001071
:10C39800004C0010004C0010004C0010004C001025
:10C3A800004C00101A4C00101A4C00101A4C0010C7
:10C3B8001A4C00101A4C0010284C0010284C001081
:10C3C800284C0010284C0010284C0010364C001047
:10C3D800364C0010364C0010364C0010364C00100D
:10C3E800444C0010444C0010444C0010444C0010C5
:10C3F800444C00103236776F7264636C6F636B5F06
:10C4080066616365706C6174655F6765726D616EA6
:10C4180000000000A0050310FCC3021038D302106E
:10C42800000000001CC40210994900104548001083
:10C43800594800100300000000000000040000003C
:10C4480000000000050000000000000008000000D7
:10C458000900000009000000090000000A000000AF
:10C4680009000000030000000300000004000000B1
:10C4780003000000050000000300000006000000A3
:10C488000300000007000000000000000800000092
:10C498000000000009000000000000000A00000081
:10C4A8000000000000000000010000000100000082
:10C4B800010000000200000001000000030000006D
:10C4C8000100000004000000010000000500000059
:10C4D8000100000006000000010000000700000045
:10C4E8000100000008000000010000000900000031
:10C4F800010000000A000000010000000400000024
:10C508000200000005000000020000000600000014
:10C518000200000007000000020000000800000000
:10C528000200000009000000020000000A000000EC
:10C5380002000000000000000300000001000000ED
:10C5480003000000020000000300000007000000D4
:10C5580003000000080000000300000009000000BC
:10C56800030000000A0000000300000000000000B3
:10C5780004000000010000000400000002000000A8
:10C588000400000003000000040000000000000098
:10C59800020000000100000002000000020000008C
:10C5A800020000000300000002000000000000007C
:10C5B8000500000001000000050000000200000066
:10C5C800050000000300000005000000070000004F
:10C5D8000500000008000000050000000900000038
:10C5E800050000000A00000005000000000000002F
:10C5F8000600000001000000060000000200000024
:10C60800060000000300000006000000070000000C
:10C6180006000000080000000600000009000000F5
:10C62800060000000A0000000600000007000000E5
:10C6380004000000080000000400000009000000D9
:10C64800040000000A0000000400000000000000D0
:10C6580007000000010000000700000002000000C1
:10C6680007000000030000000700000004000000AD
:10C6780007000000000000000800000001000000A2
:10C68800080000000200000008000000030000008D
:10C698000800000004000000080000000500000079
:10C6A8000800000007000000070000000800000064
:10C6B8000700000009000000070000000A00000051
:10C6C800070000000300000009000000040000004B
:10C6D8000900000005000000090000000600000035
:10C6E800090000000000000009000000010000002F
:10C6F800090000000200000009000000030000001B
:10C708000900000005000000040000000600000009
:10C7180004000000070000000400000006000000FC
:10C7280008000000070000000800000008000000E2
:10C738000800000009000000080000000A000000CE
:10C7480008000000000000000500000001000000D3
:10C75800050000000200000005000000C06C001089
:10C76800E46C0010F26C0010006D00100E6D0010EB
:10C778001C6D00102A6D0010386D0010466D0010F9
:10C78800546D0010626D0010706D0010B46C0010D4
:10C79800E46C0010F26C0010006D00100E6D0010BB
:10C7A8001C6D00102A6D0010386D0010466D0010C9
:10C7B800546D0010626D0010706D0010AE6D0010A9
:10C7C800AE6D0010AE6D0010AE6D0010AE6D0010B5
:10C7D800BC6D0010BC6D0010BC6D0010BC6D00106D
:10C7E800BC6D0010D66D0010D66D0010D66D00100F
:10C7F800D66D0010D66D0010E46D0010E46D0010C9
:10C80800E46D0010E46D0010E46D0010F26D00108E
:10C81800F26D0010F26D0010F26D0010F26D001054
:10C82800006E0010006E0010006E0010006E001008
:10C83800006E00100E6E00100E6E00100E6E0010CE
:10C848000E6E00100E6E00101C6E00101C6E001094
:10C858001C6E00101C6E00101C6E0010366E00104E
:10C86800366E0010366E0010366E0010366E0010F0
:10C87800446E0010446E0010446E0010446E0010A8
:10C88800446E00103237776F7264636C6F636B5F4E
:10C8980066616365706C6174655F6974616C696118
:10C8A8006E000000A00503108CC8021038D30210D7
:10C8B80000000000ACC80210ED6B00103D6B0010CA
:10C8C800516B001000000000000000000100000093
:10C8D800000000000200000000000000030000004B
:10C8E8000000000005000000000000000600000035
:10C8F800000000000800000000000000090000001F
:10C90800000000000A00000000000000070000000E
:10C9180006000000080000000600000009000000F2
:10C92800060000000A0000000600000005000000E4
:10C9380008000000060000000800000007000000D2
:10C9480008000000080000000800000009000000BE
:10C95800080000000A0000000800000000000000B5
:10C9680009000000010000000900000002000000AA
:10C978000900000003000000090000000400000096
:10C98800090000000000000008000000010000008D
:10C99800080000000200000008000000030000007A
:10C9A8000800000004000000080000000200000069
:10C9B8000700000003000000070000000600000058
:10C9C800090000000700000009000000080000003E
:10C9D8000900000009000000090000000A0000002A
:10C9E8000900000005000000070000000600000024
:10C9F8000700000007000000070000000800000012
:10CA08000700000009000000070000000A000000FD
:10CA180007000000030000000100000004000000FF
:10CA280001000000050000000100000007000000F0
:10CA380001000000080000000100000009000000DB
:10CA480001000000000000000200000001000000DA
:10CA580002000000020000000200000000000000C8
:10CA680005000000010000000500000002000000B1
:10CA7800050000000300000005000000040000009D
:10CA88000500000005000000050000000600000089
:10CA98000500000000000000060000000100000082
:10CAA800060000000200000006000000030000006D
:10CAB8000600000004000000060000000500000059
:10CAC8000600000008000000050000000900000042
:10CAD800050000000A000000050000000600000034
:10CAE8000400000007000000040000000800000027
:10CAF8000400000009000000040000000A00000013
:10CB08000400000003000000020000000400000010
:10CB180002000000050000000200000006000000FE
:10CB280002000000070000000200000008000000EA
:10CB38000200000009000000020000000A000000D6
:10CB480002000000000000000300000001000000D7
:10CB580003000000020000000300000003000000C2
:10CB680003000000040000000300000005000000AE
:10CB7800030000000600000003000000070000009A
:10CB88000300000008000000030000000900000086
:10CB9800030000000A00000003000000000000007D
:10CBA8000400000001000000040000000200000072
:10CBB800040000000300000004000000040000005E
:10CBC8000400000005000000040000002C8E001086
:10CBD8005C8E00106A8E0010788E0010868E001011
:10CBE800948E0010A28E0010B08E0010BE8E001021
:10CBF800CC8E0010DA8E0010E88E0010208E001007
:10CC08005C8E00106A8E0010788E0010868E0010E0
:10CC1800948E0010A28E0010B08E0010BE8E0010F0
:10CC2800CC8E0010DA8E0010E88E0010528F0010A3
:10CC3800528F0010528F0010528F0010528F001028
:10CC4800608F0010608F0010608F0010608F0010E0
:10CC5800608F00106E8F00106E8F00106E8F0010A6
:10CC68006E8F00106E8F00107C8F00107C8F00106C
:10CC78007C8F00107C8F00107C8F0010968F001026
:10CC8800968F0010968F0010968F0010968F0010C8
:10CC9800A48F0010A48F0010A48F0010A48F001080
:10CCA800A48F0010BE8F0010BE8F0010BE8F001022
:10CCB800BE8F0010BE8F0010CC8F0010CC8F0010DC
:10CCC800CC8F0010CC8F0010CC8F0010DA8F0010A2
:10CCD800DA8F0010DA8F0010DA8F0010DA8F001068
:10CCE800E88F0010E88F0010E88F0010E88F001020
:10CCF800E88F00103237776F7264636C6F636B5F15
:10CD080066616365706C6174655F656E676C697395
:10CD180068000000A0050310FCCC021038D30210F4
:10CD2800000000001CCD0210318D0010818C001015
:10CD3800958C0010030000000000000004000000B3
:10CD480000000000050000000900000006000000C7
:10CD580009000000070000000900000008000000AA
:10CD68000900000009000000090000000A00000096
:10CD7800090000000100000001000000020000009E
:10CD88000100000003000000010000000400000092
:10CD9800010000000500000001000000060000007E
:10CDA8000100000007000000010000000000000072
:10CDB8000200000001000000020000000200000064
:10CDC8000200000003000000020000000400000050
:10CDD800020000000500000002000000070000003B
:10CDE8000200000008000000020000000900000026
:10CDF800020000000A000000020000000500000018
:10CE08000300000006000000030000000700000007
:10CE18000300000009000000030000000A000000F1
:10CE280003000000000000000300000001000000F3
:10CE380003000000020000000300000003000000DF
:10CE480003000000000000000400000001000000D2
:10CE580004000000020000000400000003000000BD
:10CE680004000000000000000500000001000000B0
:10CE7800050000000200000005000000030000009B
:10CE88000500000004000000050000000500000087
:10CE98000500000006000000050000000700000073
:10CEA800050000000800000005000000090000005F
:10CEB800050000000A000000050000000000000056
:10CEC800060000000100000006000000020000004B
:10CED8000600000003000000060000000400000037
:10CEE8000600000005000000060000000600000023
:10CEF800060000000700000006000000080000000F
:10CF08000600000009000000060000000A000000FA
:10CF180006000000050000000400000006000000F4
:10CF280004000000070000000400000008000000E2
:10CF380004000000090000000400000000000000D8
:10CF480008000000010000000800000002000000C6
:10CF580008000000030000000800000004000000B2
:10CF680008000000000000000700000001000000A9
:10CF78000700000002000000070000000300000096
:10CF88000700000000000000090000000100000088
:10CF98000900000002000000090000000500000070
:10CFA800070000000600000007000000070000005E
:10CFB800070000000800000007000000090000004A
:10CFC800070000000A00000007000000050000003C
:10CFD800080000000600000008000000070000002C
:10CFE8000800000008000000080000000900000018
:10CFF800080000000A000000080000003236776FC1
:10D008007264636C6F636B5F66616365706C617497
:10D01800655F62696E61727900000000A005031007
:10D0280004D0021038D302100000000024D00210EF
:10D038006DAE001025AD001039AD001009000000DC
:10D04800080000000A0000000800000009000000B5
:10D05800070000000A0000000700000009000000A7
:10D06800060000000A000000060000000900000099
:10D07800050000000A00000005000000090000008B
:10D08800040000000A00000004000000090000007D
:10D09800030000000A00000003000000090000006F
:10D0A800020000000A000000020000000900000061
:10D0B800010000000A000000010000000600000056
:10D0C800080000000700000008000000060000003B
:10D0D800070000000700000007000000060000002D
:10D0E800060000000700000006000000060000001F
:10D0F8000500000007000000050000000600000011
:10D108000400000007000000040000000600000002
:10D1180003000000070000000300000006000000F4
:10D1280002000000070000000200000006000000E6
:10D1380001000000070000000100000003000000DB
:10D1480008000000040000000800000003000000C0
:10D1580007000000040000000700000003000000B2
:10D1680006000000040000000600000003000000A4
:10D178000500000004000000050000000300000096
:10D188000400000004000000040000000300000088
:10D19800030000000400000003000000030000007A
:10D1A800020000000400000002000000030000006C
:10D1B8000100000004000000010000000000000061
:10D1C8000800000001000000080000000000000046
:10D1D8000700000001000000070000000000000038
:10D1E800060000000100000006000000000000002A
:10D1F800050000000100000005000000000000001C
:10D20800040000000100000004000000000000000D
:10D2180003000000010000000300000000000000FF
:10D2280002000000010000000200000000000000F1
:10D238000100000001000000010000003234776F97
:10D248007264636C6F636B5F66616365706C617455
:10D25800655F646F74730000A005031044D2021068
:10D2680038D302100000000060D20210A9CC0010D0
:10D278006DCC001081CC00100C000000FFFFFFFFF8
:10D2880065000000FFFFFFFF71000000FFFFFFFFC8
:10D2980082E10010A0E10010BEE10010DCE1001006
:10D2A800FAE1001078795F746F5F6C65645F696E8E
:10D2B800646578206F7574206F662072616E67658B
:10D2C80000000000766563746F723A3A5F4D5F72D2
:10D2D800616E67655F636865636B3A205F5F6E20A8
:10D2E80028776869636820697320257A7529203E44
:10D2F8003D20746869732D3E73697A652829202852
:10D30800776869636820697320257A7529000000A9
:10D31800342E302E300000003139776F7264636C20
:10D328006F636B5F66616365706C617465000000B4
:10D338008C03031020D302100000000038D3021021
:10D34800BDE6001071E300107DE30010000000004E
:10D358000C00000065000000710000000A000000D9
:10D36800090000000A0000000000000000000000A2
:10D37800090000000000000000000000000000009C
:10D38800FFFFFFFF0C000000FFFFFFFF650000002C
:10D39800FFFFFFFF71000000FFFFFFFF010000001B
:10D3A8000100000001000000020000000100000070
:10D3B8000300000002000000070000000100000058
:10D3C80008000000536570202031203230323600CA
:10D3D8004A616E00466562004D61720041707200DC
:10D3E8004D6179004A756E004A756C004175670099
:10D3F800536570004F6374004E6F76004465630098
:10D40800313A313A313930300000000031303A32A7
:10D41800393A3531000000003372746300000000AF
:10D428008C03031020D402100000000028D402103E
:10D43800E9FB001053FC0010E9FF0010F5FB001099
:10D448007D00011059FD00105903011045FE001020
:10D458000903011030303031303230333034303558
:10D46800303630373038303931303131313231338C
:10D478003134313531363137313831393230323172
:10D488003232323332343235323632373238323958
:10D498003330333133323333333433353336333750
:10D4A8003338333934303431343234333434343536
:10D4B800343634373438343935303531353235331C
:10D4C8003534353535363537353835393630363102
:10D4D80036323633363436353636363736383639E8
:10D4E80037303731373237333734373537363737E0
:10D4F80037383739383038313832383338343835C6
:10D5080038363837383838393930393139323933AB
:10D518003934393539363937393839390000000066
:10D5280000001F003B005A0078009700B500D400A7
:10D53800F300110130014E016D01000031307274A9
:10D54800635F72703230343000000000A0050310B1
:10D5580044D5021028D402100000000054D502104F
:10D568006103011075030110C1040110A903011022
:10D578005505011033040110290601107504011026
:10D58800D9050110766563746F723A3A5F4D5F7220
:10D5980065616C6C6F635F696E736572740000001F
:10D5A800766563746F723C626F6F6C3E3A3A5F4D9A
:10D5B8005F696E736572745F617578005F00000063
:10D5C8005F343234320A000025730000656C656DE3
:10D5D800746E206D69736D6174636820666F722064
:10D5E80025732020676F743A2569206578703A336F
:10D5F800200A00007061727365636D642063616C5A
:10D608006C6261636B202573206E6F7420666F7582
:10D618006E64000063616E6E6F742063726561747E
:10D6280065207374643A3A6465717565206C61723B
:10D63800676572207468616E206D61785F73697ABE
:10D648006528290000000000436F6D6D616E6473EA
:10D658003A000000202074696D652048483A4D4D15
:10D668003A53532020202020202020202053657466
:10D678002074686520636C6F636B2074696D650046
:10D688002020776966692D74696D652D69676E6FED
:10D698007265206F6E2020202049676E6F726520AA
:10D6A80074696D6520757064617465732066726F46
:10D6B8006D207468652057692D4669206D6F647503
:10D6C8006C6500002020776966692D74696D652D89
:10D6D80069676E6F7265206F6666202020416363FC
:10D6E8006570742074696D65207570646174657304
:10D6F8002066726F6D207468652057692D46692011
:10D708006D6F64756C6500002020776966692D74FB
:10D71800696D652D69676E6F726520202020202055
:10D728002053686F77207468652063757272656E20
:10D73800742073657474696E670000002020686542
:10D748006C70202020202020202020202020202035
:10D75800202020202053686F772074686973206820
:10D76800656C70006F6666002009000068656C7063
:10D778000000000074696D65000000004552524FBA
:10D78800522075736167653A2074696D6520484851
:10D798003A4D4D3A5353202830303A30303A3030F1
:10D7A80020746F2032333A35393A35392900000070
:10D7B8004552524F522074696D65207365747465C3
:10D7C8007220697320756E617661696C61626C653F
:10D7D800000000004F4B2074696D6520736574204C
:10D7E800746F20253032643A253032643A2530325D
:10D7F800640A0000776966692D74696D652D69672B
:10D808006E6F7265000000004552524F52205769F2
:10D818002D46692074696D652073657474696E6737
:10D8280020697320756E617661696C61626C650050
:10D83800776966692D74696D652D69676E6F7265A4
:10D848003A2025730A0000004552524F5220757342
:10D858006167653A20776966692D74696D652D6918
:10D86800676E6F7265206F6E7C6F666600000000E1
:10D878004F4B20776966692D74696D652D69676EF0
:10D888006F72653A2025730A000000004552524F16
:10D898005220756E6B6E6F776E20636F6D6D616E63
:10D8A8006420272573273B20656E746572202768DE
:10D8B800656C70270A0000004552524F5220636F72
:10D8C8006D6D616E6420697320746F6F206C6F6E6C
:10D8D8006700000055534220636F6D6D616E6420D0
:10D8E8006C696E652072656164793B20656E74654C
:10D8F80072202768656C702720666F7220636F6DD1
:10D908006D616E64732E0000776966692074696DB5
:10D9180065207570646174652069676E6F726564EF
:10D9280000000000C43D0110E03D0110EE3D011073
:10D938000A3E0110D23D0110FC3D0110B63D011018
:10D94800696E69745F626831373530206661696C69
:10D9580065640000696E69745F6D3234633032202B
:10D968006661696C65640000696E69745F706366FE
:10D978003835323633206661696C65640000000012
:10D988006932632064657669636520617420253097
:10D998003278200A00000000696E697420666169A7
:10D9A8006C65643A2073657474696E67735F256982
:10D9B8002074696D656B65657065725F2569206C9B
:10D9C8006967687473656E736F725F25690A000012
:10D9D800682569206D2569207325692062256920DD
:10D9E800642569206D2569207925690A00000000F1
:10D9F800537431315F4D757465785F626173654941
:10DA08004C4E395F5F676E755F63787831325F4C73
:10DA18006F636B5F706F6C696379453045450000D3
:10DA28008C030310F8D90210467662450000000006
:10DA3800F804031030DA0210466276450000000050
:10DA4800F804031040DA0210467669696945000057
:10DA5800F804031050DA0210537431365F53705FC4
:10DA6800636F756E7465645F62617365494C4E39A6
:10DA78005F5F676E755F63787831325F4C6F636B99
:10DA88005F706F6C6963794530454500A0050310E8
:10DA980060DA021028DA02104E375069636F4C655D
:10DAA800643135496E76616C696450696F426C6F98
:10DAB800636B4500A0050310A0DA0210E40303100D
:10DAC8004E375069636F4C656431375374617465C0
:10DAD8004D616368696E65496E5573654500000060
:10DAE800A0050310C8DA0210E4030310504E3750A3
:10DAF80069636F4C65643135496E76616C69645051
:10DB0800696F426C6F636B450000000048050310A5
:10DB1800F4DA021000000000BCDA0210504E375050
:10DB280069636F4C6564313753746174654D616323
:10DB380068696E65496E55736545000048050310B0
:10DB480024DB021000000000E8DA02105046766973
:10DB5800696945004805031054DB02100000000005
:10DB680058DA021050467662450000004805031056
:10DB78006CDB02100000000038DA021050466276B2
:10DB8800450000004805031084DB02100000000077
:10DB980048DA0210537431355F53705F636F756EE6
:10DBA8007465645F70747249504E375069636F4C86
:10DBB80065643757533238313242454C4E395F5FCE
:10DBC800676E755F63787831325F4C6F636B5F7037
:10DBD8006F6C69637945304545000000A005031066
:10DBE8009CDB021094DA02100000000094DA0210A4
:10DBF800000000000000000000000000C13A011011
:10DC08000000000000000000BCDA0210393D0110DD
:10DC18004D3D01100D15021000000000E8DA021059
:10DC2800693D01107D3D01100D1502100000000036
:10DC3800E4DB0210293B0110513B01103D3B011070
:10DC4800713B01104D3B0110030000000000000073
:10DC580004000000000000000500000000000000B3
:10DC68000800000009000000090000000900000089
:10DC78000A00000009000000030000000300000083
:10DC8800040000000300000005000000030000007D
:10DC9800060000000300000007000000000000006C
:10DCA800080000000000000009000000000000005B
:10DCB8000A00000000000000000000000100000051
:10DCC8000100000001000000020000000100000047
:10DCD8000300000001000000040000000100000033
:10DCE800050000000100000006000000010000001F
:10DCF800070000000100000008000000010000000B
:10DD080009000000010000000A00000001000000F6
:10DD180004000000020000000500000002000000EE
:10DD280006000000020000000700000002000000DA
:10DD380008000000020000000900000002000000C6
:10DD48000A000000020000000000000003000000BC
:10DD580001000000030000000200000003000000B2
:10DD68000700000003000000080000000300000096
:10DD780009000000030000000A0000000300000082
:10DD88000000000004000000010000000400000082
:10DD9800020000000400000003000000040000006E
:10DDA8000000000002000000010000000200000066
:10DDB8000200000002000000030000000200000052
:10DDC8000000000005000000010000000500000040
:10DDD800020000000500000003000000050000002C
:10DDE8000700000005000000080000000500000012
:10DDF80009000000050000000A00000005000000FE
:10DE080000000000060000000100000006000000FD
:10DE180002000000060000000300000006000000E9
:10DE280007000000060000000800000006000000CF
:10DE380009000000060000000A00000006000000BB
:10DE480007000000040000000800000004000000B3
:10DE580009000000040000000A000000040000009F
:10DE6800000000000700000001000000070000009B
:10DE78000200000007000000030000000700000087
:10DE88000400000007000000000000000800000077
:10DE98000100000008000000020000000800000067
:10DEA8000300000008000000040000000800000053
:10DEB800050000000800000007000000070000003F
:10DEC800080000000700000009000000070000002B
:10DED8000A0000000700000003000000090000001D
:10DEE800040000000900000005000000090000000F
:10DEF8000600000009000000000000000900000002
:10DF080001000000090000000200000009000000F4
:10DF180003000000090000000500000004000000E4
:10DF280006000000040000000700000004000000D4
:10DF380006000000080000000700000008000000BC
:10DF480008000000080000000900000008000000A8
:10DF58000A000000080000000000000005000000A2
:10DF6800010000000500000002000000050000009C
:10DF78000000000000000000010000000000000098
:10DF88000200000000000000030000000000000084
:10DF9800050000000000000006000000000000006E
:10DFA8000800000000000000090000000000000058
:10DFB8000A00000000000000050000000800000042
:10DFC800060000000800000007000000080000002C
:10DFD8000800000008000000090000000800000018
:10DFE8000A0000000800000000000000090000000E
:10DFF8000100000009000000020000000900000004
:10E0080003000000090000000400000009000000EF
:10E0180000000000080000000100000008000000E7
:10E0280002000000080000000300000008000000D3
:10E0380004000000080000000200000007000000C3
:10E0480003000000070000000600000009000000AF
:10E058000700000009000000080000000900000097
:10E0680009000000090000000A0000000900000083
:10E07800050000000700000006000000070000007F
:10E08800070000000700000008000000070000006B
:10E0980009000000070000000A0000000700000057
:10E0A800030000000100000004000000010000005F
:10E0B800050000000100000007000000010000004A
:10E0C8000800000001000000090000000100000035
:10E0D8000000000002000000010000000200000033
:10E0E800020000000200000000000000050000001F
:10E0F800010000000500000002000000050000000B
:10E1080003000000050000000400000005000000F6
:10E1180005000000050000000600000005000000E2
:10E1280000000000060000000100000006000000DA
:10E1380002000000060000000300000006000000C6
:10E1480004000000060000000500000006000000B2
:10E15800080000000500000009000000050000009C
:10E168000A0000000500000006000000040000008E
:10E178000700000004000000080000000400000080
:10E1880009000000040000000A000000040000006C
:10E19800030000000200000004000000020000006C
:10E1A8000500000002000000060000000200000058
:10E1B8000700000002000000080000000200000044
:10E1C80009000000020000000A0000000200000030
:10E1D8000000000003000000010000000300000030
:10E1E800020000000300000003000000030000001C
:10E1F8000400000003000000050000000300000008
:10E2080006000000030000000700000003000000F3
:10E2180008000000030000000900000003000000DF
:10E228000A000000030000000000000004000000D5
:10E2380001000000040000000200000004000000CB
:10E2480003000000040000000400000004000000B7
:10E2580005000000040000000300000000000000AA
:10E268000400000000000000050000000900000094
:10E278000600000009000000070000000900000077
:10E288000800000009000000090000000900000063
:10E298000A00000009000000010000000100000061
:10E2A800020000000100000003000000010000005F
:10E2B800040000000100000005000000010000004B
:10E2C8000600000001000000070000000100000037
:10E2D8000000000002000000010000000200000031
:10E2E800020000000200000003000000020000001D
:10E2F8000400000002000000050000000200000009
:10E3080005000000030000000600000003000000F4
:10E3180007000000030000000900000003000000DF
:10E328000A000000030000000000000003000000D5
:10E3380001000000030000000200000003000000CC
:10E3480003000000030000000300000005000000B7
:10E3580004000000050000000500000005000000A2
:10E36800060000000500000007000000050000008E
:10E37800080000000500000009000000050000007A
:10E388000A0000000500000004000000060000006C
:10E39800050000000600000006000000060000005E
:10E3A800070000000600000008000000060000004A
:10E3B80009000000060000000A0000000600000036
:10E3C8000500000004000000060000000400000032
:10E3D800070000000400000008000000040000001E
:10E3E8000900000004000000000000000700000011
:10E3F8000100000007000000020000000700000004
:10E4080003000000070000000000000009000000F1
:10E4180001000000090000000200000009000000DF
:10E4280009000000080000000A00000008000000C1
:10E4380009000000070000000A00000007000000B3
:10E4480009000000060000000A00000006000000A5
:10E4580009000000050000000A0000000500000097
:10E4680009000000040000000A0000000400000089
:10E4780009000000030000000A000000030000007B
:10E4880009000000020000000A000000020000006D
:10E4980009000000010000000A000000010000005F
:10E4A8000600000008000000070000000800000047
:10E4B8000600000007000000070000000700000039
:10E4C800060000000600000007000000060000002B
:10E4D800060000000500000007000000050000001D
:10E4E800060000000400000007000000040000000F
:10E4F8000600000003000000070000000300000001
:10E5080006000000020000000700000002000000F2
:10E5180006000000010000000700000001000000E4
:10E5280003000000080000000400000008000000CC
:10E5380003000000070000000400000007000000BE
:10E5480003000000060000000400000006000000B0
:10E5580003000000050000000400000005000000A2
:10E568000300000004000000040000000400000094
:10E578000300000003000000040000000300000086
:10E588000300000002000000040000000200000078
:10E59800030000000100000004000000010000006A
:10E5A8000000000008000000010000000800000052
:10E5B8000000000007000000010000000700000044
:10E5C8000000000006000000010000000600000036
:10E5D8000000000005000000010000000500000028
:10E5E800000000000400000001000000040000001A
:10E5F800000000000300000001000000030000000C
:10E6080000000000020000000100000002000000FD
:10E6180000000000010000000100000001000000EF
:10E628004E6F207370696E6C6F636B7320617265D7
:10E6380020617661696C61626C65000030783163D5
:10E64800203D3D20282A696E7374293E3E3131757C
:10E65800000000002F55736572732F6D617263653A
:10E668006C6F636873656E646F72662F446F776E44
:10E678006C6F6164732F576F7264436C6F636B2F99
:10E688007372632F626173652F7069636F2D736492
:10E698006B2F7372632F7270325F636F6D6D6F6E65
:10E6A8002F68617264776172655F6972712F697230
:10E6B800712E630064656C7461203E3D202D3230FC
:10E6C80034382026262064656C7461203C3D203255
:10E6D80030343620262620212864656C7461202673
:10E6E80020312900212864656C7461203E3E203168
:10E6F8003175290063757272656E74203D3D205F27
:10E708005F756E68616E646C65645F757365725F72
:10E71800697271207C7C2063757272656E74203D0D
:10E728003D2068616E646C65720000006972715FFB
:10E7380068616E6465725F636861696E5F66726561
:10E74800655F736C6F745F68656164203E3D20305F
:10E7580000000000767461626C655F68616E646CCD
:10E768006572203D3D205F5F756E68616E646C6503
:10E77800645F757365725F697271000021282828CB
:10E788002875696E747074725F7429767461626C2E
:10E79800655F68616E646C657229202D2028287574
:10E7A800696E747074725F74296972715F68616EE2
:10E7B800646C65725F636861696E5F736C6F7473B4
:10E7C80029202D2031292573697A656F662873748D
:10E7D80072756374206972715F68616E646C6572CA
:10E7E8005F636861696E5F736C6F7429290000004C
:10E7F80021657863657074696F6E207C7C2065780C
:10E8080063657074696F6E203D3D206E756D202BB9
:10E818002031360066616C736500000069735F73B0
:10E8280068617265645F6972715F7261775F686160
:10E838006E646C657228736C6F745F68616E646C6B
:10E8480065722900657863657074696F6E000000F1
:10E85800666F756E640000004E6F207573657220D8
:10E86800495251732061726520617661696C6162F9
:10E878006C6500006972715F6164645F7461696CE2
:10E888005F746F5F667265655F6C69737400000022
:10E89800696E736572745F6272616E63685F616EE0
:10E8A800645F6C696E6B00006972715F72656D6F91
:10E8B80076655F68616E646C657200006D616B659A
:10E8C8005F6272616E6368007265736F6C76655F14
:10E8D8006272616E636800006972715F6164645F8F
:10E8E8007368617265645F68616E646C657200006C
:10E8F8006972715F7365745F6578636C7573697647
:10E90800655F68616E646C6572000000696420264A
:10E9180026206964203C3D20706F6F6C2D3E686531
:10E9280061702D3E6D61785F6E6F646573000000E5
:10E938002F55736572732F6D617263656C6F6368B1
:10E9480073656E646F72662F446F776E6C6F616467
:10E95800732F576F7264436C6F636B2F7372632FDF
:10E96800626173652F7069636F2D73646B2F7372A7
:10E97800632F636F6D6D6F6E2F7069636F5F74695E
:10E988006D652F74696D652E6300000075735F7384
:10E99800696E63655F626F6F74203C3D20494E5419
:10E9A80036345F4D415800002F55736572732F6DD3
:10E9B800617263656C6F636873656E646F72662FEE
:10E9C800446F776E6C6F6164732F576F7264436C1A
:10E9D8006F636B2F7372632F626173652F70696346
:10E9E8006F2D73646B2F7372632F636F6D6D6F6E12
:10E9F8002F7069636F5F626173652F696E636C75F1
:10EA080064652F7069636F2F74797065732E680061
:10EA18006964202626206964203C3D206865617071
:10EA28002D3E6D61785F6E6F646573002F55736559
:10EA380072732F6D617263656C6F636873656E6462
:10EA48006F72662F446F776E6C6F6164732F576FA8
:10EA58007264436C6F636B2F7372632F62617365AB
:10EA68002F7069636F2D73646B2F7372632F636FDD
:10EA78006D6D6F6E2F7069636F5F7574696C2F6948
:10EA88006E636C7564652F7069636F2F7574696C3C
:10EA98002F70686561702E680000000070617265F3
:10EAA8006E745F69640000006368696C645F696420
:10EAB80000000000706172656E745F696420213D1A
:10EAC800206368696C645F69640000006964000021
:10EAD8006964202626202170685F636F6E746169FF
:10EAE8006E735F6E6F646528686561702C20696459
:10EAF800290000002170685F636F6E7461696E732E
:10EB08005F6E6F646528706F6F6C2D3E686561700D
:10EB18002C2072657573655F6964290072656D6F75
:10EB28007665645F6964203D3D206E6578745F6931
:10EB38006400000063616C6C6261636B000000003C
:10EB4800706F6F6C2D3E616C61726D5F696E5F7086
:10EB5800726F6772657373203D3D206D616B655FF1
:10EB68007075626C69635F69642869645F68696766
:10EB7800682C206E6578745F696429006465666135
:10EB8800756C745F616C61726D5F706F6F6C5F69DB
:10EB98006E697469616C697A6564282900000000EF
:10EBA800616C61726D5F696420213D20706F6F6CCC
:10EBB8002D3E616C61726D5F696E5F70726F677216
:10EBC8006573730072630000417474656D707465D9
:10EBD8006420746F20736C65657020696E73696456
:10EBE80065206F6620616E20657863657074696F53
:10EBF8006E2068616E646C65723B20757365206277
:10EC08007573795F7761697420696620796F7520FB
:10EC18006D75737400000000616C61726D5F706FD8
:10EC28006F6C5F63616E63656C5F616C61726D00D0
:10EC3800616C61726D5F706F6F6C5F6765745F6444
:10EC4800656661756C7400006765745F656E7472E3
:10EC5800795F69645F6869676800000070685F666B
:10EC68007265655F6E6F64650000000070685F61C3
:10EC780064645F6368696C645F6E6F64650000005C
:10EC880070685F696E736572745F6E6F64650000AB
:10EC980070685F6765745F6E6F6465006164645F68
:10ECA800616C61726D5F756E6465725F6C6F636BCA
:10ECB800000000007570646174655F75735F736947
:10ECC8006E63655F626F6F7400000000616C617253
:10ECD8006D5F706F6F6C5F616C61726D5F63616CAB
:10ECE8006C6261636B0000006765745F656E7472C7
:10ECF8007900000000000000FFFFFFFFFFFFFF7F1B
:10ED0800486172647761726520616C61726D20255B
:10ED18006420616C726561647920636C61696D65FA
:10ED28006400000074696D65725F68772D3E696ED6
:10ED380074732026203175203C3C20616C61726D13
:10ED48005F6E756D000000002F55736572732F6D2F
:10ED5800617263656C6F636873656E646F72662F4A
:10ED6800446F776E6C6F6164732F576F7264436C76
:10ED78006F636B2F7372632F626173652F706963A2
:10ED88006F2D73646B2F7372632F7270325F636FB2
:10ED98006D6D6F6E2F68617264776172655F7469FB
:10EDA8006D65722F74696D65722E63006861726497
:10EDB800776172655F616C61726D5F7365745F74B2
:10EDC80061726765740000007570646174655F75D1
:10EDD800735F73696E63655F626F6F740000000034
:10EDE800726F6F745F6964002F55736572732F6D4E
:10EDF800617263656C6F636873656E646F72662FAA
:10EE0800446F776E6C6F6164732F576F7264436CD5
:10EE18006F636B2F7372632F626173652F70696301
:10EE28006F2D73646B2F7372632F636F6D6D6F6ECD
:10EE38002F7069636F5F7574696C2F706865617096
:10EE48002E6300002170685F6765745F6E6F64658C
:10EE580028686561702C20726F6F745F6964292D52
:10EE68003E7369626C696E67000000002170685F1C
:10EE78006765745F6E6F646528686561702C2072C1
:10EE88006F6F745F6964292D3E706172656E7400DE
:10EE98006E65775F7375625F7472656520213D20CA
:10EEA800686561702D3E726F6F745F696400000061
:10EEB80070685F72656D6F76655F616E645F6672BC
:10EEC80065655F6E6F64650070685F72656D6F760B
:10EED800655F616E795F68656164000070685F6195
:10EEE80064645F6368696C645F6E6F6465000000EA
:10EEF80070685F6765745F6E6F646500746F7461D6
:10EF08006C0000002F55736572732F6D6172636515
:10EF18006C6F636873656E646F72662F446F776E8B
:10EF28006C6F6164732F576F7264436C6F636B2FE0
:10EF38007372632F626173652F7069636F2D7364D9
:10EF48006B2F7372632F636F6D6D6F6E2F706963B4
:10EF58006F5F73796E632F6D757465782E6300002B
:10EF68006D74782D3E636F72652E7370696E5F6C79
:10EF78006F636B006C6F636B5F69735F6F776E6550
:10EF8800725F69645F76616C6964286D74782D3E80
:10EF98006F776E65722900006D74782D3E656E740A
:10EFA80065725F636F756E74000000006D7574653F
:10EFB800785F6578697400006D757465785F656E53
:10EFC8007465725F626C6F636B5F756E74696C00F9
:10EFD8007570646174655F75735F73696E63655F8F
:10EFE800626F6F74000000002C2066756E63746990
:10EFF8006F6E3A2000000000617373657274696F68
:10F008006E2022257322206661696C65643A206649
:10F01800696C6520222573222C206C696E65202579
:10F0280064257325730A000031203D3D2028756949
:10F038006E747074725F74296C2D3E7370696E5FA4
:10F048006C6F636B000000002F55736572732F6D32
:10F05800617263656C6F636873656E646F72662F47
:10F06800446F776E6C6F6164732F576F7264436C73
:10F078006F636B2F7372632F626173652F7069639F
:10F088006F2D73646B2F7372632F7270325F636FAF
:10F098006D6D6F6E2F7069636F5F72756E74696DD9
:10F0A800652F72756E74696D652E63000A2A2A2AA7
:10F0B8002050414E4943202A2A2A0A0072756E744C
:10F0C800696D655F696E6974000000007372635F43
:10F0D80066726571203E3D20667265710000000011
:10F0E8002F55736572732F6D617263656C6F6368FA
:10F0F80073656E646F72662F446F776E6C6F6164B0
:10F10800732F576F7264436C6F636B2F7372632F27
:10F11800626173652F7069636F2D73646B2F7372EF
:10F12800632F7270325F636F6D6D6F6E2F686172DF
:10F1380064776172655F636C6F636B732F636C6F69
:10F14800636B732E63000000636C6F636B5F636FA8
:10F158006E6669677572650076636F5F6672657162
:10F16800203E3D20285049434F5F504C4C5F56434A
:10F178004F5F4D494E5F465245515F4D485A202AD0
:10F18800204D485A292026262076636F5F667265CF
:10F1980071203C3D20285049434F5F504C4C5F56EE
:10F1A800434F5F4D41585F465245515F4D485A2085
:10F1B8002A204D485A2900002F55736572732F6D08
:10F1C800617263656C6F636873656E646F72662FD6
:10F1D800446F776E6C6F6164732F576F7264436C02
:10F1E8006F636B2F7372632F626173652F7069632E
:10F1F8006F2D73646B2F7372632F7270325F636F3E
:10F208006D6D6F6E2F68617264776172655F706C87
:10F218006C2F706C6C2E63006662646976203E3DCC
:10F22800203136202626206662646976203C3D20FF
:10F238003332300028706F73745F64697631203E12
:10F248003D203120262620706F73745F6469763103
:10F25800203C3D2037292026262028706F73745FB4
:10F2680064697632203E3D203120262620706F7357
:10F27800745F64697632203C3D2037290000000025
:10F28800706F73745F64697632203C3D20706F73D1
:10F29800745F6469763100007265665F6D687A2014
:10F2A8003C3D202876636F5F66726571202F2031A0
:10F2B80036290000706C6C5F696E6974000000008C
:10F2C800666E692B00000000666E69006E616E0054
:10F2D800666E692D000000003EB6011056B601109A
:10F2E80056B601104AB6011056B6011056B60110AE
:10F2F80056B6011056B6011056B6011056B6011092
:10F3080056B6011032B6011056B6011026B60110D5
:10F3180056B6011056B601101AB6011026B70110DC
:10F328004CB701106AB701104CB7011006B70110AD
:10F338004CB701104CB701104CB701104CB7011075
:10F348004CB701104CB701104CB7011042B701106F
:10F358004CB701104CB701104CB701104CB7011055
:10F368004CB7011076B70110E4BB0110A6B7011025
:10F37800A6B70110A6B70110A6B70110A6B70110CD
:10F38800A6B70110A6B70110A6B70110A6B70110BD
:10F39800A6B70110A6B70110A6B70110A6B70110AD
:10F3A800A6B70110A6B70110A6B70110A6B701109D
:10F3B800A6B70110A6B70110A6B70110A6B701108D
:10F3C800A6B70110A6B70110A6B70110A6B701107D
:10F3D800A6B70110A6B70110A6B70110A6B701106D
:10F3E800A6B70110A6B7011010BA0110D2B90110C2
:10F3F80010BA0110A6B70110A6B70110A6B70110E0
:10F40800A6B70110A6B70110A6B70110A6B701103C
:10F41800A6B70110A6B70110A6B70110A6B701102C
:10F42800A6B70110A6B70110A6B70110A6B701101C
:10F43800A6B70110BAB70110A6B70110A6B70110F8
:10F44800A6B70110A6B70110A6B70110A6B70110FC
:10F45800A6B70110A6B70110A6B70110BAB70110D8
:10F468005EBA0110BAB7011010BA0110D2B9011072
:10F4780010BA011000000000000000000000F03F7A
:10F488000000000000002440000000000000594077
:10F498000000000000408F40000000000088C340CA
:10F4A80000000000006AF8400000000080842E413F
:10F4B80000000000D01263410000000084D797418B
:10F4C8000000000065CDCD416D697373696E6720DA
:10F4D800646F75626C652066756E6374696F6E0023
:10F4E8002A282875696E74385F74202A29282828E4
:10F4F800766F6964202A29726F6D5F646174615F39
:10F508006C6F6F6B757028726F6D5F7461626C657C
:10F518005F636F6465282753272C202746272929EE
:10F52800292D322929202A2034203E3D2053465FA8
:10F538005441424C455F56325F53495A45000000DA
:10F548002F55736572732F6D617263656C6F636895
:10F5580073656E646F72662F446F776E6C6F61644B
:10F56800732F576F7264436C6F636B2F7372632FC3
:10F57800626173652F7069636F2D73646B2F73728B
:10F58800632F7270325F636F6D6D6F6E2F7069637A
:10F598006F5F646F75626C652F646F75626C655F11
:10F5A800696E69745F726F6D2E6300005F5F6165DD
:10F5B8006162695F646F75626C655F696E6974002A
:10F5C8002A282875696E74385F74202A2928726F72
:10F5D8006D5F7461626C652D322929202A203420E0
:10F5E8003E3D2053465F5441424C455F56325F537F
:10F5F800495A45002F55736572732F6D61726365A3
:10F608006C6F636873656E646F72662F446F776E94
:10F618006C6F6164732F576F7264436C6F636B2FE9
:10F628007372632F626173652F7069636F2D7364E2
:10F638006B2F7372632F7270325F636F6D6D6F6EB5
:10F648002F7069636F5F666C6F61742F666C6F6192
:10F65800745F696E69745F726F6D2E6300000000DD
:10F668005F5F61656162695F666C6F61745F696E37
:10F67800697400004F7574206F66206D656D6F7238
:10F68800790000004465627567000000626F6F745E
:10F69800325F67656E657269635F303368000000CA
:10F6A80068747470733A2F2F6D617263656C6F6341
:10F6B8006873656E646F72662E636F6D000000007C
:10F6C800736F66747761726520666F72206120724D
:10F6D80070323034302062617365203130783131D6
:10F6E80020776F7264636C6F636B0000312E342E69
:10F6F80030000000574F5244434C4F434B5F563243
:10F708005F5250323034305F5250323034305254BD
:10F7180043000000574F5244434C4F434B5F56320F
:10F728005F5250323034305F52503230343052549D
:10F73800435F44656275670006005250D3F0754216
:10F748008CF6021006005250E182887F94F602106F
:10F75800060052509A235618A8F602100600525076
:10F76800197CA0B6C8F60210060052503ABCA9117E
:10F7780018D3021006005250BBFF3CB6FCF602102C
:10F788006C656E203D3D2031000000002F557365EB
:10F7980072732F6D617263656C6F636873656E64F5
:10F7A8006F72662F446F776E6C6F6164732F576F3B
:10F7B8007264436C6F636B2F7372632F626173653E
:10F7C8002F7069636F2D73646B2F7372632F727060
:10F7D800325F636F6D6D6F6E2F7069636F5F7374E7
:10F7E80064696F2F737464696F2E63007570646148
:10F7F80074655F75735F73696E63655F626F6F745D
:10F8080000000000676574636861725F74696D6504
:10F818006F75745F757300000D0A000065D20110E2
:10F8280069D2011075D20110C5D20110A9D20110F8
:10F8380000000000737464696F5F7573625F636FC3
:10F8480072655F6E756D203D3D206765745F636FFF
:10F8580072655F6E756D2829000000002F5573656D
:10F8680072732F6D617263656C6F636873656E6424
:10F878006F72662F446F776E6C6F6164732F576F6A
:10F888007264436C6F636B2F7372632F626173656D
:10F898002F7069636F2D73646B2F7372632F72708F
:10F8A800325F636F6D6D6F6E2F7069636F5F737416
:10F8B80064696F5F7573622F737464696F5F7573C2
:10F8C800622E63007570646174655F75735F736938
:10F8D8006E63655F626F6F740000000074696D6528
:10F8E800725F7461736B00005553422073746469CE
:10F8F8006E202F207374646F7574000006005250D8
:10F9080053B4F4A1F0F80210526173706265727218
:10F9180079205069000000005069636F0000000002
:10F92800426F61726420434443000000526573656E
:10F93800740000000000000010F9021020F9021005
:10F94800C43A002028F9021034F9021009025400C0
:10F95800030100807D080B00020202000009040078
:10F968000001020200040524002001052401000111
:10F97800042402020524060001070581030800107B
:10F9880009040100020A0000000705020240000005
:10F99800070582024000000904020000FF0001057B
:10F9A80012010002EF0201408A2E0A000001010242
:10F9B80003010000282875696E747074725F7420E2
:10F9C800296E6578745F6275666665725F707472B9
:10F9D80020262030623131313131317529203D3DC9
:10F9E800203000002F55736572732F6D6172636547
:10F9F8006C6F636873656E646F72662F446F776EA1
:10FA08006C6F6164732F576F7264436C6F636B2FF5
:10FA18007372632F626173652F7069636F2D7364EE
:10FA28006B2F6C69622F74696E797573622F7372AC
:10FA3800632F706F727461626C652F72617370628C
:10FA48006572727970692F7270323034302F646346
:10FA5800645F7270323034302E63000068775F6400
:10FA68006174615F6F6666736574286E6578745F2C
:10FA78006275666665725F70747229203C3D205518
:10FA880053425F445052414D5F4D415800000000C1
:10FA9800556E68616E646C656420495251203078F7
:10FAA80025780A007268706F7274203D3D2030001E
:10FAB8006463645F656470745F78666572000000F3
:10FAC8006463645F656470745F6F70656E000000E6
:10FAD8006463645F7365745F616464726573730003
:10FAE8006463645F696E745F656E61626C65000073
:10FAF8005F68775F656E64706F696E745F616C6C68
:10FB08006F6300006463645F696E697400000000DD
:10FB180021286275665F6374726C202620555342F3
:10FB28005F4255465F4354524C5F46554C4C290042
:10FB38002F55736572732F6D617263656C6F63689F
:10FB480073656E646F72662F446F776E6C6F616455
:10FB5800732F576F7264436C6F636B2F7372632FCD
:10FB6800626173652F7069636F2D73646B2F6C69A5
:10FB7800622F74696E797573622F7372632F706F59
:10FB8800727461626C652F726173706265727279EA
:10FB980070692F7270323034302F727032303430D6
:10FBA8005F7573622E6300006275665F6374726CC2
:10FBB8002026205553425F4255465F4354524C5FBE
:10FBC80046554C4C000000006570202564202573C4
:10FBD8002077617320616C72656164792061766158
:10FBE800696C61626C6500005741524E3A2073742B
:10FBF800617274696E67206E6577207472616E73C6
:10FC0800666572206F6E20616C726561647920612F
:10FC180063746976652065702025642025730A0061
:10FC280043616E277420636F6E74696E7565207802
:10FC3800666572206F6E20696E61637469766520EF
:10FC480065702025642025730000000073796E63B9
:10FC58005F65705F62756666657200006F75740037
:10FC6800696E000025732025643A2041535345529C
:10FC780054204641494C45440D0A000090E10110CA
:10FC8800EEE001101EE101105AE1011090E10110AF
:10FC980090E1011076E101101EE1011090E10110E0
:10FCA80090E1011090E1011090E1011090E1011044
:10FCB80090E1011090E1011000E101104AE9011002
:10FCC80024E90110FAEA0110FEE80110FAEA01102D
:10FCD80066E80110F2E80110FAEA011082E8011062
:10FCE8009AE801105EEB011050EB01107CEB01105B
:10FCF800EAEC011066EC011086EC011090EB0110A3
:10FD0800DCEB0110EEEC0110757362645F656470E2
:10FD1800745F786665720000757362645F6564700D
:10FD2800745F6F70656E0000757362645F6F7065F5
:10FD38006E5F656470745F70616972006F73616C87
:10FD48005F71756575655F73656E640070726F636A
:10FD58006573735F6765745F6465736372697074F4
:10FD68006F72000070726F636573735F7365745FA1
:10FD7800636F6E666967000070726F636573735FA7
:10FD8800636F6E74726F6C5F726571756573740002
:10FD98007475645F7461736B0000000069F1011091
:10FDA80025F2011069F2011059F301108DF40110C8
:10FDB80000000000757362645F636F6E74726F6C2D
:10FDC8005F786665725F6362000000007475645F47
:10FDD800636F6E74726F6C5F786665720000000006
:10FDE800636463645F786665725F63620000000045
:10FDF800636463645F6F70656E0000007475645FB0
:10FE08006364635F6E5F77726974655F666C757350
:10FE18006800000074755F656470745F76616C6972
:10FE28006461746500000000747573625F696E69CF
:10FE3800740000006C656E203E2030002F557365FD
:10FE480072732F6D617263656C6F636873656E643E
:10FE58006F72662F446F776E6C6F6164732F576F84
:10FE68007264436C6F636B2F7372632F6261736587
:10FE78002F7069636F2D73646B2F7372632F7270A9
:10FE8800325F636F6D6D6F6E2F7069636F5F756E34
:10FE9800697175655F69642F756E697175655F69EC
:10FEA800642E63007069636F5F6765745F756E6960
:10FEB8007175655F626F6172645F69645F737472A4
:10FEC800696E6700666C6173685F6F666673202B86
:10FED80020636F756E74203C3D205049434F5F4648
:10FEE8004C4153485F53495A455F42595445530062
:10FEF8002F55736572732F6D617263656C6F6368DC
:10FF080073656E646F72662F446F776E6C6F616491
:10FF1800732F576F7264436C6F636B2F7372632F09
:10FF2800626173652F7069636F2D73646B2F7372D1
:10FF3800632F7270325F636F6D6D6F6E2F686172C1
:10FF480064776172655F666C6173682F666C617354
:10FF5800682E6300636F6E6E6563745F696E7465A7
:10FF6800726E616C5F666C61736820262620666C11
:10FF78006173685F657869745F78697020262620E8
:10FF8800666C6173685F72616E67655F65726173E5
:10FF98006520262620666C6173685F666C757368D9
:10FFA8005F63616368650000636F6E6E6563745FAD
:10FFB800696E7465726E616C5F666C617368202629
:10FFC8002620666C6173685F657869745F7869700C
:10FFD80020262620666C6173685F72616E67655FB4
:10FFE80070726F6772616D20262620666C61736877
:08FFF8005F666C7573685F63BE
:020000041003E7
:100000006163686500000000636F6E6E6563745F16
:10001000696E7465726E616C5F666C6173682026D0
:100020002620666C6173685F657869745F786970B3
:1000300020262620666C6173685F666C7573685F46
:100040006361636865000000666C6173685F646F7C
:100050005F636D6400000000666C6173685F7261CD
:100060006E67655F70726F6772616D00666C617359
:10007000685F72616E67655F65726173650000003D
:1000800070726F6772616D2D3E6C656E677468206B
:100090003C3D2050494F5F494E53545255435449BB
:1000A0004F4E5F434F554E54000000002F5573656F
:1000B00072732F6D617263656C6F636873656E64D4
:1000C0006F72662F446F776E6C6F6164732F576F1A
:1000D0007264436C6F636B2F7372632F626173651D
:1000E0002F7069636F2D73646B2F7372632F72703F
:1000F000325F636F6D6D6F6E2F68617264776172CE
:10010000655F70696F2F70696F2E63004E6F20708E
:10011000726F6772616D207370616365000000002B
:100120005F70696F5F66696E645F6F666673657442
:100130005F666F725F70726F6772616D00000000C2
:100140007274635F6672657120213D20300000008B
:100150002F55736572732F6D617263656C6F636881
:1001600073656E646F72662F446F776E6C6F616437
:10017000732F576F7264436C6F636B2F7372632FAF
:10018000626173652F7069636F2D73646B2F737277
:10019000632F7270325F636F6D6D6F6E2F68617267
:1001A00064776172655F7274632F7274632E63008B
:1001B0007274635F66726571203C3D205254435FE8
:1001C000434C4B4449565F4D315F42495453000004
:1001D0007274635F696E6974000000007364615F2C
:1001E00074785F686F6C645F636F756E74203C3DFC
:1001F000206C636E74202D20320000002F55736533
:1002000072732F6D617263656C6F636873656E6482
:100210006F72662F446F776E6C6F6164732F576FC8
:100220007264436C6F636B2F7372632F62617365CB
:100230002F7069636F2D73646B2F7372632F7270ED
:10024000325F636F6D6D6F6E2F686172647761727C
:10025000655F6932632F6932632E63006932635FC1
:100260007365745F6261756472617465000000009B
:100270004E375069636F4C656431335069636F4C1E
:100280006564546172676574450000008C03031057
:1002900070020310000000008C02031045060210DB
:1002A000490602104D0602105106021055060210B2
:1002B000570602104E375069636F4C6564385069B9
:1002C0006F53747269704500A0050310B4020310E7
:1002D0008C02031000000000C80203104506021043
:1002E000490602104D060210E10A0210E90A021046
:1002F000290B0210F10A0210150B02104E3750693B
:10030000636F4C65643757533238313242450000D1
:10031000A0050310FC020310C80203100000000037
:100320001003031045060210490602104D06021084
:10033000E10A0210E90A0210290B0210B50C0210A2
:10034000C90C02104C03031004FF000021622311AA
:10035000001442A44E31305F5F6378786162697641
:100360003131375F5F636C6173735F747970655FA0
:10037000696E666F45000000A0050310540303106A
:10038000D405031000000000780303105D10021074
:1003900071100210D51F0210D51F0210E9100210B3
:1003A00015100210CD1002108D100210491002100D
:1003B0007374643A3A657863657074696F6E0000AF
:1003C0007374643A3A6261645F65786365707469F6
:1003D0006F6E0000537439657863657074696F6E71
:1003E000000000008C030310D40303105374313356
:1003F0006261645F657863657074696F6E000000A8
:10040000A0050310EC030310E40303104E31305F2A
:100410005F637878616269763131355F5F666F72EC
:100420006365645F756E77696E6445008C030310C5
:100430000C0403104E31305F5F6378786162697637
:100440003131395F5F666F726569676E5F657863CA
:10045000657074696F6E45008C03031034040310DB
:1004600000000000E4030310051502101D15021022
:100470000D15021000000000000403100915021001
:100480002D15021015150210901502103E160210BF
:10049000F015021090150210D61502106816021001
:1004A0006816021068160210681602100C16021068
:1004B000FC15021090150210D61502104E31305F57
:1004C0005F637878616269763132305F5F66756E3E
:1004D0006374696F6E5F747970655F696E666F458E
:1004E00000000000A0050310BC040310D405031095
:1004F00000000000E4040310491D02105D1D0210FD
:10050000D51F0210451D0210DD1F0210D91F021059
:100510004E31305F5F637878616269763131395F7F
:100520005F706F696E7465725F747970655F696E14
:10053000666F4500A005031010050310E4250310A5
:1005400000000000340503104D1E0210611E021051
:10055000491E0210D51F02103D990210D91F02102A
:100560007D1E02104E31305F5F637878616269767C
:100570003132305F5F73695F636C6173735F74798D
:1005800070655F696E666F4500000000A00503108E
:100590006405031078030310000000008C050310AD
:1005A000BD1E0210D11E0210D51F0210D51F021051
:1005B000E910021015100210AD1F0210251F0210C5
:1005C000ED1E0210537439747970655F696E666F41
:1005D000000000008C030310C40503107465726DE5
:1005E000696E6174652063616C6C6564207265631B
:1005F0007572736976656C790A0000007465726DB6
:10060000696E6174652063616C6C656420616674F9
:100610006572207468726F77696E6720616E2069F9
:100620006E7374616E6365206F66202700000000A2
:10063000270A00007465726D696E617465206361DC
:100640006C6C656420776974686F757420616E20C6
:1006500061637469766520657863657074696F6E2F
:100660000A00000020207768617428293A202000C1
:100670006261645F66756E6374696F6E5F63616CFF
:100680006C000000537431376261645F66756E639D
:1006900074696F6E5F63616C6C000000A0050310ED
:1006A00084060310E4030310000000009C060310FE
:1006B000492402105D2402104124021002020203A8
:1006C000050507070B0B0B0B0D0D000002000000CA
:1006D0000300000005000000070000000B00000000
:1006E0000D000000110000001300000017000000C2
:1006F0001D0000001F000000250000002900000070
:100700002B0000002F000000350000003B0000001F
:100710003D000000430000004700000049000000C9
:100720004F0000005300000059000000610000006D
:10073000670000006D000000710000007F000000F5
:10074000890000008B000000950000009D00000063
:10075000A7000000B3000000C1000000C7000000B7
:10076000D3000000E3000000F100000001010000E0
:1007700015010000250100003901000051010000B1
:10078000670100007F01000099010000B70100002F
:10079000D3010000F70100001D020000410200002B
:1007A0006B02000095020000C5020000F902000083
:1007B0003703000077030000B903000007040000BE
:1007C00055040000A90400000905000065050000AB
:1007D000D50500004D060000CD06000057070000BB
:1007E000ED0700008308000035090000F50900004E
:1007F000C10A00009B0B0000890C00008D0D000059
:100800009B0E0000BB0F0000FD1000005F120000F7
:10081000DF1300007F150000411700001B190000C6
:10082000251B00005D1D0000BB1F00004F220000C3
:100830001925000021280000692B0000EB2E000084
:10084000B7320000D1360000453B00001B400000DD
:1008500055450000EF4A000011510000AF5700005D
:10086000D95E00009B660000FB6E00000778000068
:10087000C78100005D8C0000D99700003BA40000F8
:10088000A9B1000031C00000D1CF0000D5E00000C8
:1008900019F30000EB060100711C0100BB330100DD
:1008A000ED4C01002B6801009585010079A5010040
:1008B000FBC701003FED01009F15020051410200FE
:1008C0007F70020085A30200D3DA0200A91603009C
:1008D0005B570300619D030017E903000D3B040013
:1008E000AF93040097F30400555B05008BCB050024
:1008F000E944060047C806007156070031F00700BA
:1009000099960800874A0900410D0A00F9DF0A009C
:10091000E9C30B0085BA0C0053C50D00F1E50E00CC
:10092000431E100025701100ADDD12001D6914007A
:10093000F1141600DBE31700A3D8190071F61B00B1
:10094000A3401E00D1BA2000F36823003D4F2600CB
:100950005972290037D72C0027833000237C3400BC
:1009600057C83800AF6E3D007B764200BDE74700B8
:1009700013CB4D00D1295400F30D5B00C7826200F8
:10098000B5936A00E34D730017BF7C003BF6860009
:10099000770392004DF89D00E9E7AA00B9E6B80098
:1009A000DF0AC800736CD8006F25EA00F951FD001A
:1009B00077101201DB812801B9C940018D0E5B015E
:1009C0000B7A77016D399601617DB701957ADB016C
:1009D000596A0202638A2C02871D5A02136C8B0229
:1009E00035C4C002B77AFA0219EB38036F787C037A
:1009F000E18DC503679F1404752A6A04EBB6C6042B
:100A000087D72A052D2B9705B55D0C0629298B065E
:100A100095561407DDBFA80751504908BB06F708D3
:100A2000F9F6B2090D4B7E0A93455A0BC343480CA5
:100A300031BF490D5D50600E5BB18D0F5FC0D310AB
:100A4000BD8234124D28B213890E4F15A5C40D175F
:100A5000850FF11809EEFB1AC99D311D75A0951F70
:100A600011C12B225D1AF824F11CFF27A596452BF6
:100A7000B7B9D02EE725A6324BF0CB36D5AD483BE3
:100A8000217D2340691264451FC3124B7593385171
:100A9000D744DF57D164115FAD5EDA66AF8C466F25
:100AA000434C6378D9123F822985E98CBD8F7398B6
:100AB000F781EFA40F2B71B251F90DC1AF1CDDD03E
:100AC0004BABF7E1AFC878F4FBFFFFFFFBFFFFFF85
:100AD0006E6F7420656E6F756768207370616365F3
:100AE00020666F7220666F726D6174206578706128
:100AF0006E73696F6E2028506C6561736520737525
:100B0000626D69742066756C6C2062756720726511
:100B1000706F72742061742068747470733A2F2F30
:100B20006763632E676E752E6F72672F62756773CA
:100B30002F293A0A202020200000000030313233D3
:100B4000343536373839000062617369635F737416
:100B500072696E673A3A5F4D5F63726561746500F2
:100B600025733A205F5F706F732028776869636828
:100B700020697320257A7529203E20746869732DB9
:100B80003E73697A65282920287768696368206937
:100B90007320257A7529000062617369635F73743D
:100BA00072696E673A3A61743A205F5F6E20287707
:100BB0006869636820697320257A7529203E3D2085
:100BC000746869732D3E73697A65282920287768CF
:100BD00069636820697320257A75290062617369E9
:100BE000635F737472696E673A3A5F4D5F726570E6
:100BF0006C6163655F617578000000006261736914
:100C0000635F737472696E673A3A7265706C6163A0
:100C10006500000062617369635F737472696E6777
:100C20003A3A5F4D5F7265706C6163650000000069
:100C300062617369635F737472696E673A3A617077
:100C400070656E640000000062617369635F7374B5
:100C500072696E673A3A73756273747200000000CD
:100C60007374643A3A6261645F616C6C6F63000034
:100C70005374396261645F616C6C6F6300000000E3
:100C8000A0050310700C0310E40303100000000023
:100C9000800C0310512F0210652F0210492F0210F3
:100CA0007374643A3A6261645F61727261795F6E13
:100CB00065775F6C656E677468000000537432304E
:100CC0006261645F61727261795F6E65775F6C65A6
:100CD0006E67746800000000A0050310BC0C0310D0
:100CE000800C031000000000D80C0310892F0210A4
:100CF0009D2F0210812F0210DC2F02105C30021099
:100D0000583002102430021058300210DC2F02102C
:100D1000DC2F0210D82F02105C300210C4310210F8
:100D2000D4310210D4310210D4310210CA31021071
:100D3000C4310210C4310210C6310210C631021093
:100D4000D4310210D4310210D4310210D431021047
:100D5000D4310210D4310210D4310210D431021037
:100D6000D4310210D4310210D4310210D431021027
:100D7000D4310210D4310210D4310210C431021027
:100D8000D4310210D4310210D4310210D431021007
:100D9000D4310210D4310210D4310210D4310210F7
:100DA000D4310210D4310210F4310210F4310210A7
:100DB000D4310210D4310210C4310210D4310210E7
:100DC000D4310210D4310210D4310210BE310210DD
:100DD000D4310210D4310210D4310210D4310210B7
:100DE000D4310210C4310210C6310210D4310210C5
:100DF000D4310210D4310210D4310210D431021097
:100E0000D4310210D4310210D4310210D431021086
:100E1000D4310210D4310210D4310210D431021076
:100E2000D4310210C4310210C4310210D431021086
:100E3000BE310210BE310210BE310210BE310210AE
:100E4000C4310210D4310210D4310210D431021056
:100E5000D4310210D4310210D4310210D431021036
:100E6000D4310210CE330210BC330210BC33021056
:100E7000BC330210BC330210EA330210CE3302102E
:100E8000C8330210C8330210256400005F474C4F7E
:100E900042414C5F0000000028616E6F6E796D6FFB
:100EA0007573206E616D6573706163652900000064
:100EB0006175746F000000006465636C747970651F
:100EC000286175746F290000BE380210BE38021008
:100ED000BE380210BE380210BE380210BE380210F2
:100EE000BE380210BE380210BE380210BE380210E2
:100EF000BA380210BA380210BA380210BA380210E2
:100F0000BA380210BA380210BA3802106E3A02101B
:100F1000BA3802102A3902100A390210BA380210FF
:100F2000FE380210223A0210BA380210BA38021003
:100F3000BA380210BA380210BA380210E83A021071
:100F4000BE380210063A0210EA390210BA3802100E
:100F5000CE3902109C390210463902103E3A021076
:100F6000BA380210BA380210BA380210BA38021071
:100F7000BE380210603B0210BA380210BA380210B4
:100F8000BA380210BA380210BA380210BA38021051
:100F9000BA380210BA380210BA380210BA38021041
:100FA000BA380210BA380210BA380210243B0210C4
:100FB000BA380210BA380210BA380210BA38021021
:100FC000BA380210BA380210BA380210BA38021011
:100FD000BA380210BA380210BA380210BA38021001
:100FE000F23B0210BA380210C83B0210CE3D02108C
:100FF000A03D02104A3C0210BA3802101C3C0210FC
:10100000723D0210BA380210BA380210BA38021013
:10101000BA380210443D0210BA3802102C3D0210BA
:10102000BA380210BA380210FE3C0210243B0210FB
:10103000D03C0210783C0210524302100A430210C6
:101040004E430210564302104A4302104643021018
:101050006465636C74797065286E756C6C707472FD
:1010600029000000AC460210AC460210AC4602104B
:10107000AC460210AC460210AC460210AC46021060
:10108000AC460210AC460210AC460210A24602105A
:10109000A2460210A2460210A2460210A246021068
:1010A000A2460210A2460210A2460210A246021058
:1010B000AC46021020470210A4460210A2460210BD
:1010C000A2460210A24602100C470210A2460210CD
:1010D000A2460210AC460210FE460210A2460210C2
:1010E000A2460210A2460210A2460210A246021018
:1010F000DE4602106C460210AC460210A2460210F8
:10110000A2460210A2460210A2460210A2460210F7
:10111000A2460210A2460210A2460210A2460210E7
:10112000A2460210A2460210AC460210AC460210C3
:10113000AC460210AC460210AC460210AC4602109F
:10114000AC460210AC460210AC460210AC4602108F
:10115000AC460210AC460210AC460210AC4602107F
:10116000AC460210AC460210AC460210AC4602106F
:10117000AC460210AC460210AC460210AC4602105F
:10118000AC460210AC460210AC460210AC4602104F
:10119000BE510210164F021084510210164F021059
:1011A000164F0210D0510210164F021014510210A7
:1011B000605102104E510210164F0210164F0210CD
:1011C000164F0210164F0210164F0210164F021043
:1011D000164F0210164F0210725102108C5002105E
:1011E000164F02103851021026510210164F0210ED
:1011F000164F0210164F0210164F0210164F021013
:10120000164F0210164F0210164F0210164F021002
:10121000164F0210164F0210D4500210164F021033
:10122000164F0210164F0210164F0210A250021055
:10123000164F0210164F0210164F0210164F0210D2
:10124000164F0210164F0210164F0210164F0210C2
:10125000164F0210164F0210164F0210164F0210B2
:10126000164F02105A500210737472696E67206C28
:1012700069746572616C0000737464005B6162691B
:101280003A0000003A3A00007B64656661756C7450
:1012900020617267230000007D3A3A006175746F27
:1012A0003A00000074656D706C6174652070617245
:1012B000616D65746572206F626A65637420666F24
:1012C00072200000767461626C6520666F72200087
:1012D00056545420666F722000000000636F6E73D6
:1012E0007472756374696F6E20767461626C6520C8
:1012F000666F7220000000002D696E2D0000000056
:1013000074797065696E666F20666F7220000000E8
:1013100074797065696E666F206E616D6520666FA9
:101320007220000074797065696E666F20666E20A9
:10133000666F7220000000006E6F6E2D7669727409
:1013400075616C207468756E6B20746F20000000EE
:10135000636F76617269616E742072657475726E06
:10136000207468756E6B20746F2000006A6176616E
:1013700020436C61737320666F7220006775617221
:1013800064207661726961626C6520666F7220000C
:10139000544C5320696E69742066756E6374696F6E
:1013A0006E20666F72200000544C5320777261707B
:1013B0007065722066756E6374696F6E20666F72F9
:1013C000200000007265666572656E636520746555
:1013D0006D706F7261727920230000006869646427
:1013E000656E20616C69617320666F722000000079
:1013F0006E6F6E2D7472616E73616374696F6E20AF
:10140000636C6F6E6520666F722000005F536174BD
:10141000200000005F416363756D00005F467261EC
:10142000637400002C2000006F70657261746F722D
:10143000000000006F70657261746F722000000020
:101440003E280000636C00006978000071750000A0
:10145000203A20006E65772000000000756C0000C7
:101460006C6C0000756C6C00747275650000000097
:101470006A617661207265736F7572636520000022
:101480006465636C74797065202800002E2E2E0030
:1014900074686973000000007B7061726D23000046
:1014A000676C6F62616C20636F6E737472756374C6
:1014B0006F7273206B6579656420746F2000000083
:1014C000676C6F62616C2064657374727563746FAE
:1014D0007273206B6579656420746F2000000000D2
:1014E0007B6C616D626461280000000029230000AC
:1014F0007B756E6E616D6564207479706523000084
:10150000205B636C6F6E6520000000005A6C021057
:101510000057021000570210A46202105A5F021016
:10152000EC5E0210486B0210986202106A620210B0
:10153000086202108A61021028610210C66002105F
:1015400064600210DE6802108E5C02102C5C0210D7
:10155000CA5B0210685B0210065B0210A45A0210FC
:10156000425A02108A5E0210285E0210E45F0210E6
:10157000BC560210BC560210BC5602107256021025
:1015800072560210725602107256021072560210F3
:101590007256021072560210605802106058021003
:1015A0007256021072560210F26B02101E5E02108A
:1015B000D25D0210F05C02102A5802102866021058
:1015C0002A580210AA570210AA570210E86A0210FD
:1015D000906A02102A6A02109E690210F6560210E2
:1015E000926B02105A6B0210666B02107E6602103C
:1015F000F65602106A630210F6560210F6560210F2
:101600002857021028570210BC6402105A640210B6
:101610004E6002100E65021094650210F86302100D
:10162000326502107E6802101E680210F656021023
:10163000BE6702103E690210E059021024590210E0
:10164000BC580210725602105467021072560210F3
:10165000725602102C7A0210207A0210147A0210AC
:10166000087A0210387A0210207265737472696306
:101670007400000020766F6C6174696C6500000076
:1016800020636F6E73740000207472616E73616307
:1016900074696F6E5F73616665000000206E6F6530
:1016A0007863657074000000207468726F770000C2
:1016B00026260000205F436F6D706C657800000087
:1016C000205F496D6167696E617279003A3A2A005C
:1016D000205F5F766563746F7228000008810210D6
:1016E000227F0210227F0210227F0210227F02102E
:1016F000227F0210227F0210227F0210227F02101E
:10170000227F0210227F0210227F0210227F02100D
:10171000227F0210227F0210227F0210227F0210FD
:10172000227F0210227F0210227F0210227F0210ED
:10173000227F0210387F0210927F0210EC7F02108D
:10174000387F0210927F0210EC7F0210A2800210FC
:10175000BE800210DE800210A884021012810210E6
:10176000328102108C810210E8810210227F021067
:10177000227F0210227F0210227F02104482021078
:10178000227F0210D8820210227F0210227F0210D4
:10179000227F0210227F0210227F0210227F02107D
:1017A000227F0210227F0210227F0210227F02106D
:1017B000227F0210227F0210227F0210227F02105D
:1017C000227F0210227F0210227F0210227F02104D
:1017D000227F0210227F0210227F0210227F02103D
:1017E000227F0210227F0210227F0210227F02102D
:1017F000227F0210227F0210227F0210227F02101D
:10180000227F0210227F021038830210227F0210F2
:101810009483021046800210282E2E2E0000000015
:101820002E2E2E2900000000202E2E2E200000003B
:101830007374643A3A616C6C6F6361746F72000028
:10184000616C6C6F6361746F720000007374643A52
:101850003A62617369635F737472696E6700000056
:1018600062617369635F737472696E670000000080
:101870007374643A3A737472696E67007374643A8D
:101880003A62617369635F737472696E673C63681F
:1018900061722C207374643A3A636861725F747287
:1018A000616974733C636861723E2C207374643A9E
:1018B0003A616C6C6F6361746F723C636861723E15
:1018C000203E00007374643A3A6973747265616D06
:1018D000000000007374643A3A62617369635F697F
:1018E00073747265616D3C636861722C20737464FB
:1018F0003A3A636861725F7472616974733C6368D9
:1019000061723E203E00000062617369635F69732B
:10191000747265616D0000007374643A3A6F737499
:101920007265616D000000007374643A3A6261731D
:1019300069635F6F73747265616D3C636861722C7B
:10194000207374643A3A636861725F747261697497
:10195000733C636861723E203E00000062617369FF
:10196000635F6F73747265616D0000007374643A35
:101970003A696F73747265616D0000007374643A44
:101980003A62617369635F696F73747265616D3C1C
:10199000636861722C207374643A3A636861725FA1
:1019A0007472616974733C636861723E203E00002A
:1019B00062617369635F696F73747265616D000062
:1019C000614E0000263D0000615300003D00000014
:1019D000616100006164000026000000616E00008B
:1019E00061740000616C69676E6F66200000000022
:1019F00061770000636F5F617761697420000000A8
:101A0000617A000063630000636F6E73745F6361EB
:101A10007374000028290000636D00002C00000092
:101A2000636F00007E000000645600002F3D000040
:101A3000645800005B2E2E2E5D3D000064610000A6
:101A400064656C6574655B5D200000006463000084
:101A500064796E616D69635F636173740000000097
:101A6000646500002A00000064690000646C0000E6
:101A700064656C6574652000647300002E2A0000A4
:101A800064740000647600002F0000006478000099
:101A9000654F00005E3D0000656F00005E000000C5
:101AA000657100003D3D0000664C0000665200007C
:101AB000666C000066720000676500003E3D000035
:101AC00067730000677400005B5D00006C530000EA
:101AD0003C3C3D003C3D00006C6900006F7065724D
:101AE00061746F72222220006C7300003C3C000085
:101AF0006C7400003C0000006D4900002D3D0000AA
:101B00006D4C00002A3D00006D6900002D000000B2
:101B10006D6C00006D6D00002D2D00006E610000E9
:101B20006E65775B5D0000006E650000213D000082
:101B30006E740000210000006E7700006E65770073
:101B40006F5200007C3D00006F6F00007C7C000045
:101B50007C000000704C00002B3D0000706C000009
:101B60002B000000706D00002D3E2A0070700000F8
:101B70002B2B000070730000707400002D3E0000DD
:101B80003F000000724D0000253D00007253000030
:101B90003E3E3D007265696E746572707265745F79
:101BA0006361737400000000726D00002500000086
:101BB000727300003E3E00007350000073697A6546
:101BC0006F662E2E2E000000735A00007363000013
:101BD0007374617469635F6361737400737300008D
:101BE0003C3D3E0073697A656F662000737A0000A1
:101BF000747200007468726F7700000074770000E0
:101C00007468726F772000007369676E6564206383
:101C100068617200626F6F6C00000000626F6F6C31
:101C200065616E006368617200000000627974652E
:101C300000000000646F75626C6500006C6F6E6779
:101C400020646F75626C6500666C6F6174000000E3
:101C50005F5F666C6F61743132380000756E736956
:101C6000676E65642063686172000000696E7400CD
:101C7000756E7369676E656420696E74000000009C
:101C8000756E7369676E6564000000006C6F6E6747
:101C900000000000756E7369676E6564206C6F6E7E
:101CA000670000005F5F696E743132380000000029
:101CB000756E7369676E6564205F5F696E7431323B
:101CC0003800000073686F7274000000756E7369ED
:101CD000676E65642073686F72740000766F696464
:101CE0000000000077636861725F74006C6F6E675C
:101CF000206C6F6E67000000756E7369676E6564B7
:101D0000206C6F6E67206C6F6E670000646563699E
:101D10006D616C3332000000646563696D616C361F
:101D200034000000646563696D616C313238000015
:101D300068616C660000000063686172385F74005F
:101D40006368617231365F7400000000636861721D
:101D500033325F740000000074000000781203103A
:101D600003000000781203100300000000000000D0
:101D70000000000061000000301803100E00000099
:101D8000301803100E000000401803100900000076
:101D9000620000004C180310110000004C180310E2
:101DA00011000000601803100C0000007300000018
:101DB000701803100B0000007C1803104600000090
:101DC000601803100C00000069000000C418031024
:101DD0000C000000D4180310310000000819031093
:101DE0000D0000006F000000181903100C00000027
:101DF00028190310310000005C1903100D000000C9
:101E0000640000006C1903100D0000007C19031021
:101E100032000000B01903100E000000C0190310BA
:101E2000C41903100200000002000000C8190310CA
:101E3000CC1903100100000002000000D0190310AB
:101E4000B01603100200000002000000D4190310B5
:101E5000D81903100100000001000000DC19031074
:101E6000D81903100100000002000000E01903105F
:101E7000E41903100800000001000000F01903102D
:101E8000F41903100900000001000000001A0310FB
:101E9000E41903100800000001000000041A0310F8
:101EA000081A03100A000000020000004414031086
:101EB000141A03100200000002000000181A031098
:101EC0001C1A03100100000002000000201A031079
:101ED000241A03100100000001000000281A03105A
:101EE0002C1A03100200000002000000301A031038
:101EF000341A031006000000030000003C1A03100F
:101F0000401A031009000000010000004C1A0310E1
:101F1000501A03100C00000002000000601A0310A9
:101F2000641A03100100000001000000681A031089
:101F3000CC19031001000000020000006C1A03100D
:101F4000701A03100700000001000000781A031047
:101F50007C1A03100200000002000000801A031027
:101F6000C41B03100100000002000000841A0310CB
:101F7000881A031001000000020000008C1A0310F0
:101F8000381A03100200000002000000901A03102B
:101F9000941A03100200000002000000981A0310B7
:101FA0009C1A03100100000002000000A01A031098
:101FB000A41A03100200000002000000A81A031077
:101FC0008C1403100300000003000000AC1A03107F
:101FD0008C1403100300000003000000B01A03106B
:101FE0008C1403100300000002000000B41A031058
:101FF0008C1403100300000002000000B81A031044
:10200000BC1A03100200000002000000C01A0310F6
:10201000841203100200000001000000C41A031023
:10202000041903100100000002000000481403100E
:10203000C81A03100200000002000000CC1A0310AE
:10204000D01A0310030000000200000078E802101C
:10205000D41A03100200000002000000D81A031076
:10206000DC1A03100B00000001000000E81A031046
:10207000EC1A03100200000002000000F01A031026
:10208000F41A03100100000002000000F81A031007
:10209000FC1A03100200000002000000001B0310E5
:1020A000041B03100200000002000000081B0310C4
:1020B0000C1B03100100000002000000101B0310A5
:1020C000641A03100100000002000000141B03103A
:1020D000181B031002000000010000001C1B03106D
:1020E000201B03100500000003000000281B031044
:1020F0002C1B03100200000002000000081D03104A
:102100000C1B03100100000001000000301B031035
:10211000341B03100100000001000000381B0310F5
:102120003C1B03100300000003000000401B0310D1
:10213000441B03100200000002000000481B0310B3
:102140004C1B031002000000020000003C180310AA
:10215000501B03100100000002000000541B03107C
:10216000581B031002000000020000005C1B03105B
:10217000601B03100100000002000000641B03103C
:10218000681B031003000000020000006C1B03101A
:10219000701B03100200000001000000741B0310FC
:1021A000601B03100100000001000000781B0310F9
:1021B0007C1B031002000000020000004C140310FE
:1021C000801B03100100000003000000841B0310AB
:1021D000881B031002000000020000008C1B03108B
:1021E000901B03100300000002000000CCEB021063
:1021F000941B03101000000002000000A81B031035
:10220000AC1B03100100000002000000B01B031013
:10221000B41B03100200000002000000B81B0310F2
:10222000BC1B03100900000001000000C81B0310C4
:10223000BC1B03100900000001000000CC1B0310B0
:10224000D01B03100B00000002000000DC1B031079
:10225000E01B03100300000002000000101A03102E
:10226000E41B03100700000001000000EC1B03103A
:10227000E41B03100700000001000000F01B031026
:10228000F41B03100500000000000000FC1B0310FD
:10229000001C031006000000010000000000000008
:1022A000000000000000000000000000081C0310F7
:1022B0000B000000081C03100B00000000000000D1
:1022C000141C0310040000001C1C03100700000075
:1022D00007000000241C0310040000002C1C031045
:1022E0000400000000000000341C03100600000081
:1022F000341C031006000000080000003C1C031002
:102300000B0000003C1C03100B0000000800000044
:10231000481C031005000000481C031005000000C5
:1023200008000000501C03100A000000501C03109D
:102330000A000000080000005C1C03100D000000F3
:102340005C1C03100D000000000000006C1C03105A
:10235000030000006C1C03100300000001000000DB
:10236000701C03100C000000801C0310080000000B
:10237000020000000000000000000000000000005B
:1023800000000000000000008C1C0310040000008E
:102390008C1C03100400000003000000941C0310B8
:1023A0000D000000941C03100D000000040000004C
:1023B000A41C031008000000A41C03100800000067
:1023C00000000000B01C031011000000B01C03103E
:1023D00011000000000000000000000000000000EC
:1023E00000000000000000000000000000000000ED
:1023F00000000000000000000000000000000000DD
:1024000000000000000000000000000000000000CC
:1024100000000000C41C031005000000C41C0310D1
:102420000500000000000000CC1C03100E0000009E
:10243000CC1C03100E000000000000000000000093
:10244000000000000000000000000000000000008C
:10245000DC1C031004000000DC1C0310040000005E
:1024600009000000E41C031007000000241C0310F6
:102470000400000000000000EC1C03100900000034
:102480008C1C03100400000005000000F81C031061
:1024900012000000F81C03101200000006000000EB
:1024A0008C140310030000008C14031003000000C0
:1024B000000000000C1D0310090000000C1D03109B
:1024C0000900000000000000181D031009000000B2
:1024D000181D03100900000000000000241D031057
:1024E0000A000000241D03100A0000000000000084
:1024F000301D031004000000301D03100400000014
:1025000008000000381D031007000000381D0310EC
:102510000700000000000000401D0310080000003C
:10252000401D031008000000000000004C1D0310B7
:10253000080000004C1D031008000000000000000F
:102540005010031011000000501003101100000083
:10255000000000004E31305F5F6378786162697619
:102560003132335F5F66756E64616D656E74616C88
:102570005F747970655F696E666F4500A005031032
:1025800054250310D405031076000000446E0000AB
:10259000000000007C250310C1980210D59802109D
:1025A000D51F0210D51F0210DD1F0210D91F021007
:1025B000982503108C2503109825031088250310F7
:1025C0004E31305F5F637878616269763131375FB1
:1025D0005F70626173655F747970655F696E666F65
:1025E00045000000A0050310C0250310D40503100A
:1025F00000000000E42503100D990210219902103B
:10260000D51F0210D51F02103D990210D91F0210CC
:10261000FD980210FFFFFFFF000000000000000017
:102620004E31305F5F637878616269763132395F4D
:102630005F706F696E7465725F746F5F6D656D62F8
:1026400065725F747970655F696E666F4500000042
:10265000A005031020260310E42503105374313124
:102660006C6F6769635F6572726F7200A00503101B
:102670005C260310E4030310537431326C656E67FB
:1026800074685F6572726F7200000000A00503102D
:10269000782603106C260310537431326F75745F03
:1026A0006F665F72616E676500000000A005031031
:1026B000982603106C260310000000006C260310FF
:1026C000459A0210059B0210419A0210000000007A
:1026D0008C260310859A02108D9B0210419A0210DD
:1026E00000000000AC260310C59A0210499B02109E
:1026F000419A021062617369635F737472696E67F5
:102700003A3A5F535F636F6E737472756374206ED1
:10271000756C6C206E6F742076616C6964000000CB
:1027200062617369635F737472696E673A3A5F538B
:102730005F637265617465000020202020202020E6
:102740002020282828282820202020202020202061
:102750002020202020202020208810101010101071
:1027600010101010101010101004040404040404BD
:102770000404041010101010101041414141414157
:102780000101010101010101010101010101010139
:102790000101010110101010101042424242424249
:1027A0000202020202020202020202020202020209
:1027B00002020202101010102000000000000000B1
:1027C0000000000000000000000000000000000009
:1027D00000000000000000000000000000000000F9
:1027E00000000000000000000000000000000000E9
:1027F00000000000000000000000000000000000D9
:1028000000000000000000000000000000000000C8
:1028100000000000000000000000000000000000B8
:1028200000000000000000000000000000000000A8
:0C2830000000000000000000000000009C
:10283C0009EFFE7FB0B0A800FFFF0100FDEEFE7FA8
:10284C00B0A80500FFFF010810021C0022040000C4
:10285C00E9EEFE7FAB08B100FF1015010C18041E49
:10286C00012C0430003404000001000000000000C2
:10287C00C9EEFE7FAB08B100FF1015010C18041E49
:10288C000126042A002E04000001000000000000B4
:10289C00A9EEFE7FB0A80100FFFF01081E04240072
:1028AC002A04000095EEFE7FB0AB0400FF101D0162
:1028BC00142804000042048201019601049A0100CC
:1028CC009E01040000010000000000006DEEFE7F80
:1028DC00B0B0AA00FFFF010820184A005004000005
:1028EC0030800181B0AB08B1000000004DEEFE7FDE
:1028FC00B0B0AA00FF1015010C08040E0116041A42
:10290C00001E040000010000000000008005018191
:10291C00B0B0AB100000000021EEFE7FB0B0AA00FA
:10292C00FFFF0108280236003C0400000DEEFE7F7C
:10293C00B0B0AA00FFFF010C060400001004160042
:10294C001C040000F5EDFE7FB0B0AA00FF101901C9
:10295C00100A04000018041E012A042E0032040080
:10296C000001000000000000D1EDFE7F1080050189
:10297C00B0B0B0ABFFFF010F780400008E0104ACC7
:10298C000100B20104000000B1EDFE7FB0AA050009
:10299C00FFFF010C140400002E0434003A04000064
:1029AC0099EDFE7FAB08B100FF1015010C1A042045
:1029BC000128042C0030040000010000000000007D
:1029CC0079EDFE7FB0B0AA00FFFF010C2A040000D5
:1029DC0034043A004004000061EDFE7FAB08B10006
:1029EC00FFFF010C0C0400002A0430003604000028
:1029FC0049EDFE7FB0A90400FFFF010C1A04000092
:102A0C0024042A003804000031EDFE7F02C2B2011A
:102A1C00B0AB3080FFFF01B403AC01040000B8017F
:102A2C0004A82200C20104C80100F00104F6010050
:102A3C00800204860200900204AE22009A0204A0D6
:102A4C000200BE0204C40200EC0204F20200BC0349
:102A5C0004C20300D80304DE0300E80304EE030001
:102A6C00B80404BE0400D40404DA0400E40404EA48
:102A7C000400B00504B60500CC0504D20500DC0545
:102A8C0004E20500AA0604B00600C60604CC060043
:102A9C00D60604DC0600C80804CE0800E40804EAE4
:102AAC000800F40804FA08009E0904A40900CE09E1
:102ABC0004D40900E00904E60900F20904F809004D
:102ACC00840A048A0A00940A049A0A00AC0A04B222
:102ADC000A00E40A04EA0A00FA0A04800B008A0BD2
:102AEC0004900B00D80B04DE0B00F40B04FA0B0063
:102AFC00840C048A0C00D20C04D80C00EE0C04F4E8
:102B0C000C00800D04860D00EE0D04F40D00900EEB
:102B1C0004960E00A40E04AA0E009A0F04A00F0037
:102B2C00A61004AC1000BA1004C01000F41004FA83
:102B3C001000A61104AC1100BA1104C01100CC1184
:102B4C0004D21100F01104F61100B41204BA1200F0
:102B5C00D01204D61200E81204EE1200E81304EEB0
:102B6C001300921404981400A61404AC1400B015AD
:102B7C0004B61500D61504DC1500EE1504F415008A
:102B8C00EE1604F416009817049E1700AC1704B246
:102B9C001700C01904C61900E81904DC2200FA1940
:102BAC0004DA2200E21A04D82200F41A04FA1A00F9
:102BBC00A21B04D62200861C04B62200AC1F040003
:102BCC0000DA1F04842300FE1FA403000000000091
:102BDC0001970181B0AB1080000000005DEBFE7F1F
:102BEC0002C2B201B0AB3080FFFF01B403AC0104F0
:102BFC000000B80104A82200C20104C80100F001C1
:102C0C0004F60100800204860200900204AE220049
:102C1C009A0204A00200BE0204C40200EC0204F2F8
:102C2C000200BC0304C20300D80304DE0300E80363
:102C3C0004EE0300B80404BE0400D40404DA040057
:102C4C00E40404EA0400B00504B60500CC0504D283
:102C5C000500DC0504E20500AA0604B00600C60661
:102C6C0004CC0600D60604DC0600C80804CE080016
:102C7C00E40804EA0800F40804FA08009E0904A415
:102C8C000900CE0904D40900E00904E60900F209A0
:102C9C0004F80900840A048A0A00940A049A0A00B7
:102CAC00AC0A04B20A00E40A04EA0A00FA0A048034
:102CBC000B008A0B04900B00D80B04DE0B00F40BFA
:102CCC0004FA0B00840C048A0C00D20C04D80C00FF
:102CDC00EE0C04F40C00800D04860D00EE0D04F4D3
:102CEC000D00900E04960E00A40E04AA0E009A0F6E
:102CFC0004A00F00A61004AC1000BA1004C0100001
:102D0C00F41004FA1000A61104AC1100BA1104C09E
:102D1C001100CC1104D21100F01104F61100B41200
:102D2C0004BA1200D01204D61200E81204EE1200FB
:102D3C00E81304EE1300921404981400A61404ACC7
:102D4C001400B01504B61500D61504DC1500EE15EC
:102D5C0004F41500EE1604F416009817049E1700E0
:102D6C00AC1704B21700C01904C61900E81904DC2A
:102D7C002200FA1904DA2200E21A04D82200F41A0A
:102D8C0004FA1A00A21B04D62200861C04B62200E8
:102D9C00AC1F040000DA1F04842300FE1FA40300F0
:102DAC000000000095E9FE7F02C2B201B0AB30809A
:102DBC00FFFF01B403AC01040000B80104A8220019
:102DCC00C20104C80100F00104F60100800204866F
:102DDC000200900204AE22009A0204A00200BE027D
:102DEC0004C40200EC0204F20200BC0304C203009F
:102DFC00D80304DE0300E80304EE0300B80404BEA9
:102E0C000400D40404DA0400E40404EA0400B00569
:102E1C0004B60500CC0504D20500DC0504E205006F
:102E2C00AA0604B00600C60604CC0600D60604DCCE
:102E3C000600C80804CE0800E40804EA0800F408F8
:102E4C0004FA08009E0904A40900CE0904D4090060
:102E5C00E00904E60900F20904F80900840A048A6E
:102E6C000A00940A049A0A00AC0A04B20A00E40AA2
:102E7C0004EA0A00FA0A04800B008A0B04900B0087
:102E8C00D80B04DE0B00F40B04FA0B00840C048A40
:102E9C000C00D20C04D80C00EE0C04F40C00800DC9
:102EAC0004860D00EE0D04F40D00900E04960E0039
:102EBC00A40E04AA0E009A0F04A00F00A61004ACD6
:102ECC001000BA1004C01000F41004FA1000A6117F
:102EDC0004AC1100BA1104C01100CC1104D21100C1
:102EEC00F01104F61100B41204BA1200D01204D678
:102EFC001200E81204EE1200E81304EE1300921410
:102F0C0004981400A61404AC1400B01504B61500F3
:102F1C00D61504DC1500EE1504F41500EE1604F4B9
:102F2C0016009817049E1700AC1704B21700C019AE
:102F3C0004C61900E81904DC2200FA1904DA22008C
:102F4C00E21A04D82200F41A04FA1A00A21B04D6BE
:102F5C002200861C04B62200AC1F040000DA1F04F9
:102F6C00842300FE1FA4030000000000CDE7FE7FB9
:102F7C0010800501B0B0B0ABFFFF010C36040000AF
:102F8C00440464006A04000030800181B0AB08B1D5
:102F9C0000000000A5E7FE7FB0A80100FFFF0108BC
:102FAC0016041C002204000091E7FE7F04D4B20139
:102FBC00B0AB3080FFFF01E204F60104B43C0084A6
:102FCC0002048A0200B20204B80200FE0204840366
:102FDC00009A0304A00300AA0304B00300F6030440
:102FEC00FC03009404049A0400A80404AE040098A2
:102FFC0005049E0500BC0504C20500D00504D605D9
:10300C0000C60604CC0600EA0604F00600FE060420
:10301C00840700F20804F808009809049E0900AC23
:10302C000904B20900EA0904F009009E0A04A40A82
:10303C0000B20A04B80A00C80A04CE0A00DC0A046A
:10304C00E20A00F00A04F60A00980B049E0B00E258
:10305C000B04E80B00840C048A0C00980C049E0CE6
:10306C0000A40D04AA0D00CA0D04D00D00E20D043D
:10307C00E80D00E20E04E80E008C0F04920F00A085
:10308C000F04A60F00CE1104D41100F41104FA1190
:10309C00008C12049212008C1304921300B61304C9
:1030AC00BC1300CA1304D013008A1404901400BE7D
:1030BC001404C41400D21404D81400E61404EC1440
:1030CC00008E1504941500DA1504E01500FC1504A7
:1030DC008216009016049616009C1704A21700C2C4
:1030EC001704C81700DA1704E01700801A04861AB0
:1030FC0000AA1A04B01A00BE1A04C41A00C41B0495
:10310C00CA1B00EA1B04F01B00801C04861C00F682
:10311C001C04FC1C009E1D04C03900AC1D04BC39F1
:10312C00009C1E04B83900AA1E04B01E008820049E
:10313C00B63900F82004963900D624040000822504
:10314C0004EC3900A625260000D825048A3A00E4B0
:10315C002504EA25009426049A2600A82604AE2607
:10316C0000BA2604AC3C00C62604CE2600942704E4
:10317C009A2700DA2904E029008E2A04942A00F008
:10318C002A04F62A00A42B04AA2B00CE2B04D42B41
:10319C0000FA2B04802C00AE2C04B42C00E22C047E
:1031AC00E82C00962D049C2D00CA2D04D02D00FE79
:1031BC002D04842E00B42E04BA2E00EC2E04F22E14
:1031CC0000A62F04AC2F009430049A3000C83004B1
:1031DC00CE3000A63304AC3300DA3304E033008C79
:1031EC003404923400C43404CA3400FC34048235F0
:1031FC0000B03504B63500E23504E83500963604E7
:10320C009C3600CC3604D236008437048A3700BC96
:10321C003704BA3C00E839DA020000001DE5FE7FF5
:10322C0010800501B0B0B0ABFFFF010C36040000FC
:10323C00440464006A04000030800181B0AB08B122
:10324C0000000000F5E4FE7F04CAB201B0AB308090
:10325C00FFFF01DB04FA0104F83B008802048E0234
:10326C0000B60204BC02008203048803009E03041F
:10327C00A40300AE0304B40300FA03048004009614
:10328C0004049C0400A60404AC0400F60404FC042E
:10329C00009605049C0500AA0504B00500A00604D0
:1032AC00A60600C40604CA0600D80604DE0600D230
:1032BC000804D80800F60804FC08008A09049009E0
:1032CC0000C60904CC0900F80904FE09008E0A04A2
:1032DC00940A00A20A04A80A00B80A04BE0A00CA8A
:1032EC000A04D00A00F20A04F80A00B60B04BC0B5C
:1032FC0000D20B04D80B00EA0B04F00B00EA0C0410
:10330C00F00C00940D049A0D00A80D04AE0D00B441
:10331C000E04BA0E00DA0E04E00E00F20E04F80EE3
:10332C0000801104861100AA1104B01100BE110412
:10333C00C41100CA1204D01200F01204F612008854
:10334C0013048E1300C61304CC1300F81304FE13DD
:10335C00008E1404941400A01404A61400C81404C1
:10336C00CE1400901504961500AC1504B21500C4CB
:10337C001504CA1500C41604CA1600EE1604F41679
:10338C0000821704881700C21904C81900E8190430
:10339C00EE1900801A04861A00801B04861B00AAF2
:1033AC001B04B01B00BE1B04C41B00BE1C04C41CAD
:1033BC0000E41C049E3B00F41C049A3B00E41D0436
:1033CC00963B00F41D04FA1D00B61F04943B00A8A4
:1033DC002004F43A00FE23040000AA2404CC3B0091
:1033EC00CE24260000802504EA3B008C250492257F
:1033FC0000BE2504C42500D02504D62500E22504F2
:10340C00F03B00EE2504F62500B82604BE26008409
:10341C0029048A2900B82904BE29009C2A04A22A5E
:10342C0000CE2A04D42A00862B048C2B00BE2B043D
:10343C00C42B00902C04962C00DA2C04E02C009267
:10344C002D04982D00CA2D04D02D00802E04862E1C
:10345C0000B42E04BA2E00EA2E04F02E00A22F0483
:10346C00A82F00A83204AE3200DE3204E4320096FB
:10347C0033049C3300C03304C63300F83304FE33EA
:10348C0000AE3404B43400E63404EC34009A350451
:10349C00A03500CE3504D435008436048A3600BC01
:1034AC003604C23600F63604FE3B00C83B3E000034
:1034BC0089E2FE7F10800501B0B0B0ABFFFF010CBC
:1034CC0036040000440464006A040000308001816A
:1034DC00B0AB08B10000000061E2FE7F04B3B201A2
:1034EC00B0AB1080FFFF01CF04F40104A2380082BE
:1034FC000204880200B00204B60200FC020482033B
:10350C00009803049E0300A80304AE0300F4030414
:10351C00FA0300900404960400A00404A60400EC32
:10352C000404F204008805048E05009805049E0529
:10353C0000820604880600A40604AA0600B8060445
:10354C00BE0600AE0804B40800D20804D80800E691
:10355C000804EC0800A00904A60900D20904D80943
:10356C0000E60904EC0900FA0904800A008E0A043A
:10357C00940A00A00A04A60A00C40A04CA0A008815
:10358C000B048E0B00A40B04AA0B00BC0B04C20B87
:10359C0000BC0C04C20C00E60C04EC0C00FA0C048D
:1035AC00800D00860E048C0E00AC0E04B20E00C40E
:1035BC000E04CA0E00C01004C61000EA1004F0106D
:1035CC0000FE10048411008A1204901200B0120440
:1035DC00B61200C81204CE12008613048C1300B865
:1035EC001304BE1300CE1304D41300E01304E6132B
:1035FC00008814048E1400D01404D61400EC1404A7
:10360C00F214008415048A15008416048A1600AE80
:10361C001604B41600C21604C816008219048819C0
:10362C0000A81904AE1900C01904C61900C01A0468
:10363C00C61A00EA1A04F01A00FE1A04841B008849
:10364C001C048E1C00B01C04C83700C01C04C437FA
:10365C0000B01D04C03700C01D04C61D00FA1E04B6
:10366C00BE3700EC1F049E3700C023040000EC237F
:10367C0004F637009024260000C22404943800CEAF
:10368C002404D42400802504862500922504982542
:10369C0000A425049A3800B02504B82500FA2504A6
:1036AC00802600C22804C828009629049C2900CE34
:1036BC002904D42900822A04882A00B82A04BE2AA4
:1036CC0000EA2A04F02A009E2B04A42B00D02B0421
:1036DC00D62B00862C048C2C00BA2C04C02C00F0A9
:1036EC002C04F62C00A82D04AE2D00902E04962E42
:1036FC0000BE2E04C42E00F62E04FC2E00A82F04AF
:10370C00AE2F00923204983200C23204C83200FA52
:10371C003204803300B23304B83300E63304EC33A4
:10372C00009434049A3400CC3404D234008235042E
:10373C00883500F2373A000001E0FE7F1080050169
:10374C00B0B0B0ABFFFF010C3604000044046400C1
:10375C006A040000E5DFFE7F10803301B0B0B0AB2F
:10376C00FFFF0125240400003C04E0050046320064
:10377C0000840104DE05009C0104DC0500BC01E4AE
:10378C0003C00500D805040000000000ADDFFE7F7B
:10379C0003F6B201B0AB3080FFFF01AB04FA0104B9
:1037AC008C35008802048E0200B60204BC02008232
:1037BC0003048803009E0304A40300AE0304B403B3
:1037CC0000FA03048004009604049C0400A604047C
:1037DC00AC0400F20404F804008E05049405009E69
:1037EC000504A40500FC05048206009E0604A4063C
:1037FC0000B20604B80600AE0804B40800D20804EF
:10380C00D80800E60804EC0800A00904A60900D2B8
:10381C000904D80900E60904EC0900FA0904800A35
:10382C00008E0A04940A00A00A04A60A00C40A0422
:10383C00CA0A00880B048E0B00A40B04AA0B00BA56
:10384C000B04C00B00B80C04BE0C00E00C04E60C1E
:10385C0000F40C04FA0C00800E04860E00A60E0474
:10386C00AC0E00BE0E04C40E00B41004BA1000DE80
:10387C001004E41000F21004F81000FE110484127D
:10388C0000A41204AA1200BC1204C21200FA120400
:10389C00801300AC1304B21300C21304C81300D479
:1038AC001304DA1300FC1304821400C41404CA14A5
:1038BC0000E01404E61400F81404FE1400F81504D7
:1038CC00FE1500A21604A81600B61604BC1600F6C7
:1038DC001804FC18009C1904A21900B41904BA1994
:1038EC0000B41A04BA1A00DE1A04E41A00F21A041C
:1038FC00F81A00FC1B04821C00A41C04B23400B493
:10390C001C04AE34009C1D04AA3400AC1D04B21D72
:10391C0000EE1E04A83400DE1F04883400AE23041D
:10392C000000DA2304E03400FE23240000B0240459
:10393C00FE3400BC2404C22400EC2404F22400FE57
:10394C0024048425009225048435009E2504A62594
:10395C0000EE2504F42500B42804BA2800EC280451
:10396C00F22800CE2904D42900802A04862A00B427
:10397C002A04BA2A00E82A04EE2A009C2B04A22B63
:10398C0000CE2B04D42B00822C04882C00B62C04E3
:10399C00BC2C00A62D04AC2D00D82D04DE2D008CE3
:1039AC002E04922E00C02E04C62E00F42E04FA2EE5
:1039BC0000A62F04AC2F00FA3104803200AE320482
:1039CC00903500DC343A000071DDFE7FF08032016E
:1039DC00B0B0B0ABFFFF0144400400004E048003C4
:1039EC0000720400008001048A0300A2010400009C
:1039FC00B00104940300D401040000E201049E030E
:103A0C00009C02040000AA0204A80300EC020400BB
:103A1C0000FA0204B2030086033600001DDDFE7FAF
:103A2C0002C2B201B0AB3080FFFF01B303C6010488
:103A3C00CC0100F40104FA0100C40204CA0200E043
:103A4C000204E60200F00204F60200C00304C603FE
:103A5C0000DC0304E20300EC0304F20300BC0404E6
:103A6C00C20400D80404DE0400E80404EE0400B62A
:103A7C000504BC0500D20504D80500E20504E805E0
:103A8C0000AE0604B40600CA0604D00600DA06042A
:103A9C00E00600FE0704840800AE0804B40800C069
:103AAC000804C60800D20804D80800E40804EA0890
:103ABC0000F40804FA08008C0904920900C40904F3
:103ACC00CA0900DA0904E00900EA0904F00900B89F
:103ADC000A04BE0A00D40A04DA0A00E40A04EA0A58
:103AEC0000B20B04B80B00CE0B04D40B00DE0B049D
:103AFC00E40B00C60C04CC0C00E80C04EE0C00FC2F
:103B0C000C04820D00F20D04F80D00960E049C0EB0
:103B1C0000AA0E04B00E00E40E04D00F00FC0F043B
:103B2C00821000901004961000A21004A81000C679
:103B3C001004CC10008A1104901100A61104AC11D1
:103B4C0000BC1104C21100BA1204C01200E212042B
:103B5C00E81200F61204FC1200801404861400A66D
:103B6C001404AC1400BE1404C41400BE1504C41513
:103B7C0000E81504EE1500FC1504821600F8160476
:103B8C00FE1600B61804E62200C81804E42200B0A1
:103B9C001904E22200C21904C81900F01904E02229
:103BAC0000D41A04C02200F81D040000A61E048EC6
:103BBC002300CA1E260000FE1E04AC23008A1F042C
:103BCC00901F00BA1F04C01F00CC1F04D21F00E0BE
:103BDC001F04B02300EC1F04F41F008A232C0000E8
:103BEC0080010181B0B0AB10000000004DDBFE7F06
:103BFC0030800C01B0B0B0ABFFFF010E36040000FA
:103C0C003C049601009C010400000000800A018124
:103C1C00B0B0AB300000000021DBFE7FAB3F2A00D0
:103C2C00FFFF019B012A0400003204FE0500400442
:103C3C00EE04006A04FE05007204FC050080010419
:103C4C00FE0400A00104FC0500A80104FA0500B65E
:103C5C0001048C0500D60104FA0500DE0104F80508
:103C6C0000EC01049A05008C0204F805009402048F
:103C7C00F60500A20204A80500BA0204F40500C46B
:103C8C000204B60500DC0250F40500B00304D205B2
:103C9C0000BE0304C40500E40304F40500EC0304B3
:103CAC00F20500FA0304D405009A0404F20500A2FC
:103CBC000404F00500B00404E20500FA040400005A
:103CCC0079DAFE7F02C2B201B0AB3080FFFF01B3E4
:103CDC0003C60104CC0100F40104FA0100C402047F
:103CEC00CA0200E00204E60200F00204F60200C080
:103CFC000304C60300DC0304E20300EC0304F20338
:103D0C0000BC0404C20400D80404DE0400E804046B
:103D1C00EE0400B60504BC0500D20504D80500E28B
:103D2C000504E80500AE0604B40600CA0604D00675
:103D3C0000DA0604E00600FE0704840800AE08045E
:103D4C00B40800C00804C60800D20804D80800E46F
:103D5C000804EA0800F40804FA08008C0904920923
:103D6C0000C40904CA0900DA0904E00900EA0904DC
:103D7C00F00900B80A04BE0A00D40A04DA0A00E406
:103D8C000A04EA0A00B20B04B80B00CE0B04D40BE5
:103D9C0000DE0B04E40B00C60C04CC0C00E80C0495
:103DAC00EE0C00FC0C04820D00F20D04F80D0096D4
:103DBC000E049C0E00AA0E04B00E00E40E04D00FEC
:103DCC0000FC0F04821000901004961000A2100446
:103DDC00A81000C61004CC10008A1104901100A683
:103DEC001104AC1100BC1104C21100BA1204C012AF
:103DFC0000E21204E81200F61204FC120080140413
:103E0C00861400A61404AC1400BE1404C41400BE22
:103E1C001504C41500E81504EE1500FC15048216F3
:103E2C0000F81604FE1600B61804E62200C81804A2
:103E3C00E42200B01904E22200C21904C81900F0EF
:103E4C001904E02200D41A04C02200F81D0400005A
:103E5C00A61E048E2300CA1E260000FE1E04AC23E0
:103E6C00008A1F04901F00BA1F04C01F00CC1F043F
:103E7C00D21F00E01F04B02300EC1F04F41F008AC3
:103E8C00232C0000B5D8FE7FAB08B100FFFF01006A
:103E9C00A9D8FE7FB0B0AA00FFFF010C06040000F9
:103EAC000E0414001A04000091D8FE7F1080050146
:103EBC00B0B0B0ABFFFF010A28548401008A0104A2
:103ECC000000000075D8FE7FB0AB0400FFFF0108B6
:103EDC001E5076007C04000061D8FE7FB0A92A0039
:103EEC00FFFF012C0C0400001E20C4030050C6016F
:103EFC00C20300A40204C00300AC0204BE0300BC55
:103F0C0002109003008A0304C40300BA03040000E7
:103F1C0029D8FE7FB0A80D00FFFF01140C0400008F
:103F2C0016043800220400002A0442003E0E000051
:103F3C0009D8FE7F10800501B0B0B0ABFFFF010ABD
:103F4C0028548401008A010400000000EDD7FE7F94
:103F5C00B0AB0400FFFF01081E5076007C0400008B
:103F6C00D9D7FE7FB0A80D00FFFF01140C04000090
:103F7C0016043800220400002A0442003E0E000001
:103F8C00B9D7FE7FB0B0AA00FFFF010C06040000F9
:103F9C00100416001C040000F0800181B0AB08B1C5
:103FAC000000000095D7FE7FB0A90800FFFF010CB0
:103FBC002A040000320438003E0400007DD7FE7F46
:103FCC00B0A80F00FFFF010E102C8C010040107CDC
:103FDC000088010400000000801E0181B0B0AB30ED
:103FEC000000000055D7FE7FB0B0AA00FFFF01080B
:103FFC0028042E003404000041D7FE7FB0B0AA0084
:10400C00FFFF01081A042000260400002DD7FE7FB4
:10401C00B0B0AA00FFFF010C06040000100416004B
:10402C001C04000015D7FE7FB0B0AA00FFFF0108EA
:10403C00181832003804000001D7FE7FB0A81D000C
:10404C00FFFF01221A0400002404B201002C04A872
:10405C0001003E04A601004E048A01007004AA016E
:10406C0000A2010400000000D1D6FE7F00840800ED
:10407C00FFFF010C0A0400001204200026040000BB
:10408C00B9D6FE7FB0A92200FFFF01290804000069
:10409C001604A602002E34A40200660EA2020078BA
:1040AC000EA00200B80110F60100F00104A40200F9
:1040BC009C0204000000000081D6FE7FB0B0AA0074
:1040CC00FFFF010075D6FE7FB0B0AA00FFFF010C08
:1040DC0006040000120418001E0400005DD6FE7FCA
:1040EC00B0B0AA00FFFF010C060400001204180077
:1040FC002604000045D6FE7FAA09B200FFFF016826
:10410C001004F403002204F203003404F003003E14
:10411C0004EE03005004EC03005A04EA03006C04A0
:10412C00E803007604E603008A0104E4030094012A
:10413C0004860300F20104A40400FA0104A20400A2
:10414C008A0204960400940204F60300B00210A044
:10415C000400C40204980400F60204000080030466
:10416C00A60400E003040000D1D5FE7FB0A9040032
:10417C00FF101901100A04000024042A0136043A25
:10418C00003E04000001000000000000ADD5FE7FE1
:10419C00B0AB0600FFFF010C4604000058046C0095
:1041AC007204000095D5FE7FB0A92600FFFF0129FF
:1041BC000804000010049601003C04C201005010D9
:1041CC00C001006404A00100820104C001008A0146
:1041DC0004B801009C011C00000000005DD5FE7FAE
:1041EC00B0A81700FFFF01102A0400003804680073
:1041FC00400458006404000080030181B0B0AB702F
:10420C000000000035D5FE7FB0B0AA00FF101D01E4
:10421C00141A1000003004520138040000620466C5
:10422C00006A040000010000000000000DD5FE7FB4
:10423C0002C2B201B0AB3080FFFF01B403AC010489
:10424C000000B80104A82200C20104C80100F0015A
:10425C0004F60100800204860200900204AE2200E3
:10426C009A0204A00200BE0204C40200EC0204F292
:10427C000200BC0304C20300D80304DE0300E803FD
:10428C0004EE0300B80404BE0400D40404DA0400F1
:10429C00E40404EA0400B00504B60500CC0504D21D
:1042AC000500DC0504E20500AA0604B00600C606FB
:1042BC0004CC0600D60604DC0600C80804CE0800B0
:1042CC00E40804EA0800F40804FA08009E0904A4AF
:1042DC000900CE0904D40900E00904E60900F2093A
:1042EC0004F80900840A048A0A00940A049A0A0051
:1042FC00AC0A04B20A00E40A04EA0A00FA0A0480CE
:10430C000B008A0B04900B00D80B04DE0B00F40B93
:10431C0004FA0B00840C048A0C00D20C04D80C0098
:10432C00EE0C04F40C00800D04860D00EE0D04F46C
:10433C000D00900E04960E00A40E04AA0E009A0F07
:10434C0004A00F00A61004AC1000BA1004C010009A
:10435C00F41004FA1000A61104AC1100BA1104C038
:10436C001100CC1104D21100F01104F61100B4129A
:10437C0004BA1200D01204D61200E81204EE120095
:10438C00E81304EE1300921404981400A61404AC61
:10439C001400B01504B61500D61504DC1500EE1586
:1043AC0004F41500EE1604F416009817049E17007A
:1043BC00AC1704B21700C01904C61900E81904DCC4
:1043CC002200FA1904DA2200E21A04D82200F41AA4
:1043DC0004FA1A00A21B04D62200861C04B6220082
:1043EC00AC1F040000DA1F04842300FE1FA403008A
:1043FC000000000045D3FE7FB0B0AA00FFFF01080B
:10440C00280236003C04000031D3FE7FB0B0AA0075
:10441C00FFFF0108280236003C0400001DD3FE7F7C
:10442C00B0B0AA00FFFF0108280236003C040000CF
:10443C0009D3FE7FB0A82D00FFFF012A080400005D
:10444C002004DA03004010D803005604B203006CB9
:10445C00A201D60300C0022AC80300AC0304D60391
:10446C0000C4030400000000D1D2FE7FB0A90600F6
:10447C00FFFF010C10040000180224002A040000A5
:10448C00B9D2FE7FB0A90600FFFF010C1804000092
:10449C0022023800281A0000A1D2FE7FB0B0A8007A
:1044AC00FFFF01442004000026048601002E0400B6
:1044BC000034049201003C04000042049E01004AB6
:1044CC000400005004AA0100580400005E04B60168
:1044DC0000660400006C04C20100740400007A043D
:1044EC00CE01008E014C000051D2FE7FB0B0A8006E
:1044FC00FFFF010C160400001C04300024180000FF
:10450C0039D2FE7FB0B0A800FFFF010C16040000EA
:10451C001C0430002418000021D2FE7FB0AA090030
:10452C00FFFF010E080E00001804FA020046BE023E
:10453C000000000005D2FE7F30800601B0B0B0ABA9
:10454C00FFFF010B1AC201EC0100F2010400000094
:10455C00E9D1FE7FB0B0AA00FF1015010C0C0412BB
:10456C0001220426002A04000001000000000000C3
:10457C00C9D1FE7FF0801001B0B0B0ABFFFF0131AC
:10458C0046220000820104CA0200980104B602000F
:10459C00AE01040000BC0104C00200D2010E0000F8
:1045AC00E4010AEE02008E0204D60200BC023200C4
:1045BC000000000085D1FE7F803F1101B0B0AB70D0
:1045CC00FFFF01A4010C94010000A20104F80D00EE
:1045DC00AA01040000B00104D00C00BE01040000CC
:1045EC00C40104DC0C00D201040000D80104E80C66
:1045FC0000FC01160000C20228F80D00920304F41E
:10460C000C00C40304840D00F603048C0D00A804F4
:10461C0004940D00DA04049C0D008C0504A40D0018
:10462C00BE0504AC0D00F40504B40D00A60604BCD4
:10463C000D00D80604C40D008E0704CC0D00C00775
:10464C0004D40D00CC0704F80D00CA0804DC0D00DE
:10465C00EC088401F80D00F40904F00D00820ACC7A
:10466C0002F80D00D80C2C0000000000CDD0FE7F0D
:10467C0007B2B201B0AB3080FFFF01A908B4020A47
:10468C000000C00204F46F00CE0204BE6E00D8021B
:10469C0004DE02008603048C03009603049C0300D2
:1046AC00A60304C46E00B00304B60300D40304DAFA
:1046BC000300820404880400CE0404D40400EC0437
:1046CC0004F20400800504860500F00504F60500DC
:1046DC009406049A0600A80604AE0600CA0804D084
:1046EC000800EE0804F40800820904880900F8099F
:1046FC0004FE09009C0A04A20A00B40A04BA0A00C7
:10470C00B20B04B80B00DC0B04E20B00F00B04F64C
:10471C000B00B00C04B60C00E40C04EA0C00F80C12
:10472C0004FE0C008E0D04940D00A20D04A80D00C7
:10473C00B60D04BC0D00DE0D04E40D00AA0E04B091
:10474C000E00CC0E04D20E00E00E04E60E00F810A3
:10475C0004FE10009E1104A41100B61104BC11003B
:10476C00B61204BC1200E01204E61200F41204FAB1
:10477C001200FE1304841400A41404AA1400BC1424
:10478C0004C21400BC1504C21500E61504EC150097
:10479C00FA1504801600BA1604C01600EE1604F4BE
:1047AC0016008217048817009617049C1700F4183B
:1047BC0004FA1800C01904C61900E21904E819001B
:1047CC00F61904FC1900821B04881B00A81B04AEFC
:1047DC001B00BE1B04C41B00BC1C04C21C00E41C3C
:1047EC0004EA1C00F81C04FE1C00FA1D04801E00C8
:1047FC00A01E04A61E00B61E04BC1E00AC1F04B2F4
:10480C001F00982104F66E00A62104F26E00962279
:10481C0004EE6E00A42204AA2200D42204EC6E0042
:10482C00C42304CC6E00AA27040000D62704A26F70
:10483C0000FA273600009A2B04C06F00C62B04CC5C
:10484C002B009A2C04A02C00CE2C04D42C00B02DC0
:10485C0004B62D00E22D04E82D008E2E04942E00BB
:10486C00BA2E04C02E00F02E04F62E00A42F04AA9B
:10487C002F00D82F04DE2F008A3004903000C03077
:10488C0004C63000F43004FA3000AA3104B0310010
:10489C00DE3104E43100FA3404803500AE3504B462
:1048AC003500E23504E835009436049A3600C836F3
:1048BC0004CE3600803704863700B83704BE370084
:1048CC00EA3704F037009E3804A43800D23804D8F4
:1048DC0038008839048E3900C03904C63900F639DD
:1048EC0004C66F00D83A04CE6F00883B048E3B00A0
:1048FC00E83D04EE3D009E3E04A43E00803F04864D
:10490C003F00B43F04BA3F00EC3F04F23F00A44028
:10491C0004AA4000F44004FA4000C04104C641001F
:10492C00F84104FE4100B04204B64200E44204EAFD
:10493C0042009A4304A04300CE4304D44300844471
:10494C00048A4400F64404AC4700DC4704E2470008
:10495C00904804964800BC4804C24800F44804FA45
:10496C004800AA4904B04900E24904E84900964AC3
:10497C00049C4A00C84A04CE4A00804B04864B0073
:10498C00BA4B04C04B00F44B04D46F00D04C04DC85
:10499C006F00FC4C04824D00D24D04D84D00A84E43
:1049AC0004AE4E00DE4E04E44E00BE5104C4510071
:1049BC00F25104F85100A45204AA5200D85204DE59
:1049CC0052008C5304925300C05304C65300F65348
:1049DC0004FC5300AA5404B05400E05404E6540000
:1049EC00C85504CE5500FE5504845600B65604BC7A
:1049FC005600EA5604F056009C5704A25700D257B2
:104A0C0004D857008858048E5800C05804C6580063
:104A1C00B65B04BC5B00EC5B04F25B00A45C04AA18
:104A2C005C00DC5C04E25C00FE5D04E66F00B45EDE
:104A3C0004BA5E008A5F04905F00C45F04CA5F0022
:104A4C00A46004AA6000D66004DC60008A61049053
:104A5C006100BC6104C26100EE6104F46100A262F9
:104A6C0004A86200E46404EA64009865049E65008E
:104A7C008666048C6600B86604BE6600EC6604F2BA
:104A8C0066009E6704A46700D06704D6670084683C
:104A9C00048A6800B66804BC6800EA6804EC6F001D
:104AAC00C86EB8010000000091CCFE7F108003019D
:104ABC00B0B0B0ABFFFF010C2A040000422466002A
:104ACC006C04000080050181B0B0AB100000000048
:104ADC0069CCFE7F30800601B0B0B0ABFFFF010C9B
:104AEC003C040000481E6C0072040000800101812F
:104AFC00B0B0AB100000000041CCFE7FB0B0AA00FB
:104B0C00FFFF010035CCFE7FF0801401B0B0B0ABDC
:104B1C00FF1015010B2696080000FE0804820901FF
:104B2C00010000000000000011CCFE7FB0B0A80016
:104B3C00FF100D0104020608010100000000000036
:104B4C00F9CBFE7FB0AA0100FF1029011832340006
:104B5C00007204AA01037C2E0000C60118EE0100AD
:104B6C00E8010E00000200017D00000000000000C2
:104B7C0068B8FFFFC5CBFE7FB0B0AA00FFFF0108ED
:104B8C000E041C00180E0000B1CBFE7FB0B0AA00C2
:104B9C00FFFF01080E041C00180E00009DCBFE7FC9
:104BAC00AB029701B0B0B003FFFF010C340400005E
:104BBC00420450004C0E000080010181B0B0AB10DB
:104BCC000000000080010181B0B0ABB0000000001B
:104BDC0069CBFE7FB0B0A800FFFF0100800201810D
:104BEC00B0B0AB300000000080040181B0B0ABF07D
:104BFC000000000045CBFE7FF0800401B0B0B0ABEC
:104C0C00FF101D0113320440013C0456018401467F
:104C1C00D00100D8010400000100000000000000D9
:104C2C0030800181B0AB08B1000000000DCBFE7FDD
:104C3C0010800101B0B0B0ABFFFF010828466E0038
:104C4C007404000072B20181B0AB3080000000002F
:104C5C00800A0181B0B0ABF0000000003F0201817E
:104C6C00B0AB30800000000080040181B0B0ABF02C
:044C7C000000000034
:104C800064B6FC7F01000000C0B6FC7FB0AB0480BE
:104C900010B7FC7FB0A803805CB7FC7FB0A8018090
:104CA00074B7FC7FB0B0A88088B7FC7F010000001B
:104CB0009EB7FC7FB0B0A880A0B7FC7F01000000C9
:104CC000CAB7FC7F78DBFF7FD6B7FC7F010000000E
:104CD00056B8FC7FB0AA01808CB8FC7FB0B0AA8027
:104CE000B4B8FC7FB0AA0180F0B8FC7F01000000DE
:104CF00066B9FC7F54DBFF7F84B9FC7FB0B0A8802D
:104D00008AB9FC7F0100000068BAFC7FB0B0A880BF
:104D10008CBAFC7F48DBFF7FBEBAFC7F010000003D
:104D2000D6BAFC7F58DBFF7F10BBFC7FAB08B1809D
:104D300060BBFC7F68DBFF7F8CBBFC7F0100000059
:104D4000F4BBFC7FB0B0A88014BCFC7F64DBFF7FA9
:104D5000AEBCFC7FB0B0A880E0BCFC7F01000000CE
:104D6000ECBCFC7FB0B0A8800CBDFC7FB0A9028079
:104D700022BDFC7F64DBFF7F6EBDFC7F0100000075
:104D80009EBEFC7F68DBFF7F1ABFFC7F6CDBFF7F72
:104D900036BFFC7F84DBFF7F90BFFC7FB0B0A88074
:104DA000B4BFFC7FB0B0AA80CEBFFC7F78DBFF7FB2
:104DB00006C0FC7F84DBFF7F22C0FC7F94DBFF7F8B
:104DC00054C0FC7FB0DBFF7F08C1FC7FC8DBFF7FE6
:104DD00044C1FC7FB0AA07807AC1FC7FD0DBFF7F93
:104DE000B4C1FC7FB0B0A880B4C1FC7FE0DBFF7F22
:104DF000F6C1FC7FF0DBFF7F2CC2FC7F00DCFF7F75
:104E000068C2FC7F10DCFF7F44D4FC7F01000000FF
:104E100078D4FC7FB0B0AA809CD4FC7FB0B0A880CE
:104E2000CCD4FC7F01000000E2D4FC7FB0DDFF7F2A
:104E30006CD5FC7FB4DDFF7F48E7FC7F01000000FC
:104E40007CE7FC7F00840480D4E7FC7FB0B0AA80BC
:104E5000E8E7FC7FB0B0A880F8E7FC7F54DFFF7F75
:104E6000D4F9FC7F0100000004FAFC7FB0B0A880F8
:104E700010FAFC7F010000001EFAFC7FB0B0A88091
:104E80003EFAFC7FB0B0AA8054FAFC7F010000001B
:104E90006AFAFC7FB0B0AA808CFAFC7FDCE0FF7F6E
:104EA000F8FAFC7FF0E0FF7FB8FDFC7F0100000016
:104EB000C8FDFC7FAB08B18004FEFC7FE4E0FF7F0F
:104EC00028FEFC7FF0E0FF7F641CFD7F01000000F6
:104ED000941CFD7FB0B0A880A01CFD7F4CE3FF7F39
:104EE0000C1DFD7F60E3FF7F781FFD7F64E3FF7F84
:104EF000803DFD7F01000000B03DFD7FB0B0A88087
:104F0000BC3DFD7FB8E5FF7F283EFD7FCCE5FF7F00
:104F1000F440FD7FD0E5FF7FFC5DFD7F01000000D8
:104F2000885EFD7FB0B0A880945EFD7F0100000028
:104F3000C85EFD7F10E8FF7F345FFD7F24E8FF7FC0
:104F40001062FD7F54E8FF7F147DFD7F01000000AB
:104F5000447DFD7FB0B0A880507DFD7F78EAFF7F63
:104F6000207FFD7FC4EAFF7F1091FD7F01000000DC
:104F70003095FD7F78ECFF7F5E95FD7F0084028099
:104F80006895FD7F010000007095FD7F6CECFF7F50
:104F90001096FD7FB0B0A8805496FD7F7CECFF7F1B
:104FA0001C97FD7F80ECFF7F389AFD7F20EDFF7F0F
:104FB00028ACFD7F0100000070AFFD7FD4EEFF7FC5
:104FC000A2AFFD7FD8EEFF7FBCAFFD7FB0AB02800C
:104FD00018B0FD7FE0EEFF7FA4B0FD7FF4EEFF7F11
:104FE00020B1FD7F00EFFF7F20B3FD7F30EFFF7F1B
:104FF00068B3FD7FB0B0A88068B3FD7F01000000FA
:1050000088B3FD7FB0B0A880A0B3FD7FB0AB0480B3
:1050100022B4FD7FB0AB02805CB4FD7FB0B0A8804D
:10502000A0B4FD7F18EFFF7F2CB5FD7F2CEFFF7F35
:10503000A8B5FD7F38EFFF7FF0B5FD7FB0B0A88049
:10504000F8B5FD7F0100000072B6FD7FAB009780D0
:10505000B4B6FD7FB0AB0480EAB6FD7F30EFFF7FD2
:1050600006B7FD7F0100000004B7FD7FB0AB1480E0
:1050700078B7FD7FB0AA0380E8B7FD7FB0B0A88005
:1050800008B8FD7F0100000024B8FD7F18EFFF7F06
:10509000B0B8FD7FB0B0A880D2B8FD7F14EFFF7F1D
:1050A00010B9FD7F24EFFF7F9CB9FD7F0100000058
:1050B000C4BEFD7F30EFFF7F04C0FD7FB0AB068034
:1050C00050C0FD7F2CEFFF7F84C0FD7F01000000FA
:1050D00050C1FD7F30EFFF7F80C1FD7FB0B0A88061
:1050E000BEC1FD7F34EFFF7FDAC1FD7F44EFFF7F5C
:1050F00014C2FD7F50EFFF7FD4C2FD7FB0A80180B6
:10510000EEC2FD7F70EFFF7F10C3FD7F80EFFF7F5A
:105110003CC4FD7F010000006CC4FD7FB0A803808B
:1051200084C4FD7F010000007CC5FD7F98EFFF7FF8
:10513000C8C5FD7FB0B0AA80DEC5FD7F94EFFF7FBC
:10514000FCC5FD7FA4EFFF7F24C6FD7FB4EFFF7F8A
:1051500058C8FD7F0100000068C8FD7FB0B0AA807C
:105160008AC8FD7F10F0FF7FCCC8FD7F2CF0FF7F49
:1051700044C9FD7FB0B0A88080C9FD7F34F0FF7FB7
:105180004CCAFD7F64F0FF7FB8CAFD7F01000000BC
:10519000CACAFD7F70F0FF7F9CCBFD7FB0B0AA80B4
:1051A000B4CBFD7F6CF0FF7F24CCFD7FB0B0A88036
:1051B000D0CCFD7F84F0FF7FACDEFD7F01000000DE
:1051C00088E0FD7FB0B0A880C0E0FD7FB0A803807C
:1051D000DAE0FD7FB0B0A880E4E0FD7F00840280CB
:1051E000FCE0FD7F010000001CE2FD7FB0AA018011
:1051F00054E2FD7F0CF2FF7F8CE2FD7F18F2FF7F0F
:10520000C4E2FD7F24F2FF7FFCE2FD7F010000008D
:105210003CE4FD7FB0AA038094E4FD7F20F2FF7F91
:10522000B0E6FD7FB0B0AA8034E7FD7F010000004A
:1052300048E7FD7FB0A8038060E7FD7F0100000024
:1052400074E7FD7FB0A803808CE7FD7F01000000BC
:10525000A0E7FD7FB0A80380B8E7FD7FB0B0AA80CB
:10526000F8E7FD7F0100000000E8FD7FB0A90280A3
:1052700024E8FD7FB0B0A8803CE8FD7F010000007D
:105280004CE8FD7FF0F1FF7F78E8FD7FB0B0A880AB
:1052900098E8FD7F01000000F4E8FD7FB0B0A88031
:1052A000C8E9FD7FE8F1FF7F10EAFD7FB0B0A8807C
:1052B00088EAFD7F01000000E0EAFD7FE8F1FF7F62
:1052C000BCEBFD7F30F2FF7FF8EBFD7F40F2FF7F0C
:1052D00034ECFD7FB0B0A88040ECFD7FB0A8038027
:1052E000D4ECFD7FB0A80180F0ECFD7FB0B0A880C9
:1052F0002CEDFD7FB00D848078EDFD7F28F2FF7FDF
:1053000014EFFD7FB0B0AA8028EFFD7F34F2FF7F5D
:1053100024F0FD7F0100000000F3FD7F40F2FF7FDD
:1053200044F3FD7F01000000E0F4FD7FB0B0A880F1
:1053300000F5FD7FB0A9028030F5FD7FB0A90480A3
:10534000A8F5FD7FB0B0A880CCF5FD7FB0A80180A6
:10535000E4F5FD7FB0A904805CF6FD7F20F2FF7FBD
:10536000E4F7FD7FB0A9068044F8FD7F54F2FF7F8B
:1053700050FFFD7F04F3FF7F7837FE7F01000000C0
:1053800008B3FE7FB0A9028084B3FE7F0100000055
:10539000CAB3FE7FB0AA0180E2B3FE7FB0AB028049
:1053A00010B4FE7F01000000DAB4FE7FB0B0A88028
:1053B000DEB4FE7FB0A904801CB6FE7F00840280AC
:1053C00024B6FE7FB0A801805CB6FE7FB0B0A88096
:1053D00060B6FE7F0100000050B7FE7FAB08B180D1
:1053E00080B7FE7FD0F6FF7FFCB7FE7F0100000094
:1053F000F4B8FE7FDCF6FF7FACB9FE7FE0F6FF7FFE
:1054000034BAFE7F010000000CBCFE7FB0A904800E
:1054100038BCFE7F01000000D0BCFE7FAB08B1802D
:10542000ECBCFE7F010000002CBEFE7FCCF6FF7FAF
:10543000E0BEFE7F01000000A8BFFE7FB0B0A880E4
:10544000C0BFFE7FC0F6FF7F2CC0FE7FB0B0A8803B
:10545000B4C0FE7F0100000014C1FE7FAB708080ED
:1054600010C2FE7FB0B0A88048C2FE7FAB08B180FA
:10547000D4C2FE7F9CF6FF7F58C7FE7FB8F6FF7F41
:1054800060C7FE7F0100000068C7FE7FB0B0A88043
:1054900078C7FE7F0100000088C7FE7FB0B0A880FB
:1054A000B4C7FE7F01000000F8C7FE7FB0B0AA803D
:1054B00024C8FE7FB0B0A8808CC8FE7F0100000029
:1054C00040C9FE7FB0B0A88080C9FE7F0100000007
:1054D000ACC9FE7FAB08B180E4C9FE7F01000000CB
:1054E0000CCAFE7FB0AB02803CCAFE7FB0AB04802A
:1054F000BCCAFE7FAB08B180D8CAFE7F01000000A5
:105500003CCBFE7F48F6FF7F48CCFE7F01000000C9
:1055100028CEFE7FB0B0A88060CEFE7F64F6FF7F0D
:1055200088CEFE7F70F6FF7FB0CEFE7F7CF6FF7FD9
:1055300010CFFE7F0100000040CFFE7FB0B0A880FA
:1055400058CFFE7F01000000D0D0FE7FAB1C9780BB
:1055500018D1FE7F0100000088D1FE7FAB10808053
:1055600028D2FE7FB0B0A8805CD2FE7F0100000090
:1055700068D2FE7FB0A90280A8D2FE7F01000000A1
:10558000B8D2FE7F40F6FF7F20D3FE7F44F6FF7F38
:10559000CCD3FE7F0100000044D4FE7FB0AA01807E
:1055A00098D4FE7FB0B0A880A8D4FE7FB0AB0280B4
:1055B000E4D4FE7F28F6FF7FECD4FE7F2CF6FF7F3D
:1055C00098D5FE7F00840280A4D5FE7F28F6FF7F59
:1055D00040D7FE7FB0A9028058D7FE7F02840180A9
:1055E00088D7FE7FB0AA0180D4D7FE7FB0B0A88054
:1055F000ECD7FE7FB0B0AA8014D8FE7F0100000077
:1056000094D8FE7FB0AA0180D8D8FE7FB0B0A88021
:10561000ECD8FE7FB0B0AA8020D9FE7F0100000048
:105620009841FF7FDCF5FF7F7842FF7F010000009B
:10563000CC42FF7FB0B0A880D442FF7F01000000C1
:10564000FC42FF7FE8F5FF7FF843FF7F0100000089
:105650008045FF7FE4F5FF7F0046FF7FB0B0A88064
:105660007C46FF7F0100000040AFFC0FB0A9028024
:10567000C4AFFC0FB0B0A88014B0FC0F0100000054
:105680001CB0FC0FB0B0AA8050B0FC0FC4F5FF7F77
:1056900010B1FC0FAA3F378058B1FC0FB0B0A88002
:1056A00064B1FC0FB0B0AA80A4B1FC0FB0B0A88068
:1056B000B8B1FC0F01000000B4B1FC0FB0B0A8807D
:1056C000BCB1FC0F010000004CB2FC0FAA0DB2806F
:1056D000B0B2FC0F88F5FF7F84B5FC0FB0B0A88096
:1056E000A0B5FC0F84F5FF7F44B8FC0F010000005B
:1056F000B4B9FC0F00840480C4B9FC0FB0B0A8801A
:10570000C4B9FC0F70F5FF7F88BCFC0F00840480D7
:10571000A8BCFC0FB0B0A880C0BCFC0F010000000A
:1057200040F702104CF7021058F7021064F702100D
:1057300070F70210900200107CF702109C0200101B
:0C574000A8020010B402001004F90210CE
:10574C0010B5D0231B0600241C570268EFF3108100
:10575C0072B61368002BFCD0BFF35F8F0423C356C3
:10576C00002B08DB0368BFF35F8F00221A6081F304
:10577C00108820BFE9E704710368BFF35F8F002234
:10578C001A6081F3108810BD03000068EFF3108CD1
:10579C0072B60268002AFCD0BFF35F8F04229A56BF
:1057AC00002A0BDB002910D00A6000201B68BFF315
:1057BC005F8F00221A608CF310887047D02212067B
:1057CC00127852B21A710120F0E70020EEE70000C7
:1057DC00F8B5CE46474680B50400170098460368D6
:1057EC00002B20D0D0231B061B785BB29946266871
:1057FC00EFF3108C72B63568002DFCD0BFF35F8FC1
:10580C0004256557002D14DB2368BFF35F8F00223E
:10581C001A608CF310883800414601F025F90028F5
:10582C00E5D000200FE00A4B0A4A0B487A2101F020
:10583C003BF94B4623712368BFF35F8F00221A603C
:10584C008CF310880120C0BCB946B046F8BDC046E8
:10585C0068EF0210C0EF02100CEF021010B582B00E
:10586C000400684601F030F9009A019B2000FFF714
:10587C00AFFF02B010BD000010B50268EFF310814D
:10588C0072B61368002BFCD0BFF35F8F0423C35692
:10589C00002B0ADBFF2303710368BFF35F8F002229
:1058AC001A6081F3108840BF10BD034B034A0448B3
:1058BC00A92101F0F9F8C0467CEF0210B4EF0210F8
:1058CC000CEF0210094B1B78002B08D00CE09A004F
:1058DC0080214905511808680549505001333F2B68
:1058EC00F5DD024B01221A707047C046DF3A0020EA
:1058FC00AC32002010B5014B984710BDAD320020E2
:10590C0000280AD003231B02054A12685340C02208
:10591C0092001340034A136070470223F3E7C0461A
:10592C000C8001400C900140F0B5D6464F464646DF
:10593C00C0B504000D000A1880231B049A4232D80B
:10594C0018273B88142630881D49984781463B8888
:10595C0030881C49984780463B8830881A499847BC
:10596C0082463B8830881949984706004B46002BE5
:10597C001FD04346002B1CD05346002B19D00028B7
:10598C0017D0FFF79FFFC847C0478022D823520289
:10599C0029002000D047B047FFF7ACFFE0BCBA4667
:1059AC00B146A846F0BD0A4B0A4A0B48412101F00A
:1059BC007BF80A4B074A0848492101F075F8C046A4
:1059CC00494600004558000052450000464300007F
:1059DC00CCFE02106C000310F8FE02105CFF0210EB
:1059EC00F8B5DE4657464E464546E0B504008B46B4
:1059FC001500121880231B049A4231D818273B88B3
:105A0C00142630881C49984781463B8830881B49AE
:105A1C00984780463B8830881949984782463B888E
:105A2C0030881849984706004B46002B1ED0434639
:105A3C00002B1BD05346002B18D0002816D0FFF794
:105A4C0041FFC847C0472A0059462000D047B047FD
:105A5C00FFF750FFF0BCBB46B246A946A046F8BDC6
:105A6C00094B0A4A0A48582101F01EF8094B074A0B
:105A7C000748602101F018F849460000455800001D
:105A8C005250000046430000CCFE02105800031098
:105A9C00F8FE0210B0FF0210F0B5D6464F4646464F
:105AAC00C0B507000E00150018239A461B88142257
:105ABC009046108828499847814653461B88424691
:105ACC00108826499847040053461B884246108884
:105ADC002349984780464B46002B0CD0002C0AD00B
:105AEC00002808D0FFF7EEFEC847A0470020FFF7BC
:105AFC0007FF2A000FE01B4B1B4A1C48802100F0BB
:105B0C00D3FF002B07D0002A05D0C0235B051B6EEA
:105B1C003370013A01362B00134312D0C0235B05BE
:105B2C009C6A08232340A407EBD5002DE9D0511B18
:105B3C000D29E6D83878C02149050866013D0137A2
:105B4C00DFE70120FFF7DCFEC047FFF7D3FEE0BC28
:105B5C00BA46B146A846F0BD49460000455800007B
:105B6C00464300000800031048000310F8FE021022
:105B7C007047C04603685A0004D5802212061343AE
:105B8C00C01870475B005B08FAE7C046F8B54E4694
:105B9C004546DE46574680469146E0B500292AD058
:105BAC004B1E9B469A4600275346FB18DC0FE41805
:105BBC0043466410E5005E193000FFF7DBFFA34598
:105BCC0010D0484509D8083528004044FFF7D2FFCB
:105BDC000138484508D2671CE6E7A7420BD0631E84
:105BEC009A46E1E74845F8D83000F0BCBB46B246CF
:105BFC00A946A046F8BD0026F6E7C04603000128DA
:105C0C0005D0022807D00020002B02D07047034893
:105C1C00FCE70348FAE70348F8E7C046690C0020A4
:105C2C005D0C0020750C002030B51F4B050083B0B7
:105C3C008C1E002B24D0200001A900E000BF0028FE
:105C4C002CD001992200FFF7A1FF041E26D0FFF7EC
:105C5C0091FF6368A864012B23D00122201D002B27
:105C6C0002DBFFF787FF00222A650368E864002B3C
:105C7C000CDBFFF77FFF030000202B6103B030BD6E
:105C8C000A4B0B481B1AD9100191DBE71801000FC6
:105C9C00FFF7B4FF03000020002BEED100230920F6
:105CAC00EBE700230520E8E7000000002057031075
:105CBC00804C0310036810B50400DA0705D4483093
:105CCC009B0709D500F08CFC23685A0709D51A07E5
:105CDC000ED5DB0614D510BD00F07EFC23685A07E8
:105CEC00F5D42000D03000F07FFC23681A07F0D4E4
:105CFC0020005130FF3000F07BFC2368DB06EAD437
:105D0C002000D130FF3000F077FCE4E7030000689E
:105D1C00002800D0C01870477047C04670B504000A
:105D2C000D002000296CFFF77FFF002811D12B6C90
:105D3C002A00636121000120236998470828F0D0CC
:105D4C00072806D10020296CFFF7E6FF281D00F07C
:105D5C002DFC00F0B1FEC046F0B54746CE4680B5EE
:105D6C002E4C8369A544C7680400150004314022F9
:105D7C0003A8984600F090FE0023029323E0F02243
:105D8C00129B5200636102A97AA800F085FE2100E3
:105D9C00300023697AAA9847889B060013934346E0
:105DAC00019302AB00932200230029000120B84785
:105DBC00002829D1F0227AA9520002A800F06CFE2A
:105DCC000025082E1ED120001299FFF72DFF093552
:105DDC008146EEB20028D2D0109B1021139343467B
:105DEC00019302AB00932200230001203143B847FA
:105DFC00002809D14846F3239B009D44C0BCB946FA
:105E0C00B046F0BD072E02D009239946F2E72800D0
:105E1C001299FFF781FF03A800F0C8FB34FCFFFFC9
:105E2C0070B5CB6BF8B00B6405000E00402204314A
:105E3C0001A800F031FE01235B42009306E06A46A4
:105E4C0029002B6998470400082808D128001099CC
:105E5C00FFF7EAFE0028F2D0092078B070BD684642
:105E6C00FFF728FF062CF7D131002800FFF756FF6B
:105E7C0010B58261DA6BC1601A6419000022FFF759
:105E8C006BFF10BD436970B50B64C36804000D0053
:105E9C00002B13D10A000369010002209847072840
:105EAC0005D008280FD129002000FFF737FF00206C
:105EBC00296CFFF731FF281D00F078FB0122FFF75A
:105ECC004BFF00F0F9FD00F0F7FDC046C36810B5BC
:105EDC00002B05D0CB6B00220B64FFF73DFF10BDF0
:105EEC00FFF79EFFFBE7C0467047C0468368010082
:105EFC0010B5002B01D00120984710BD012913D0FB
:105F0C000AD8002B12D10F2A10D89200801843689F
:105F1C00009A0020136006E001200339C9B28842C0
:105F2C0080414042013070470120FCE70220FAE733
:105F3C0000B585B003AB0A00009300210023FFF7E6
:105F4C00DDFF039805B000BD012913D00AD8002B42
:105F5C0012D10F2A10D8009B92001B688018436046
:105F6C00002006E001200339C9B28842804140423A
:105F7C00013070470120FCE70220FAE700B585B03C
:105F8C0003AB039200930A0000230021FFF7DCFF10
:105F9C0005B000BD70B5194CD36BA5441364050056
:105FAC000C0017A8111D402200F076FD01235B4266
:105FBC00169313E00C2116A86A46FFF7DFFF2100A9
:105FCC0016A8A84700280FD16946049B16AA0830CA
:105FDC0098470600052808D0092805D06846269958
:105FEC00FFF722FE0028E5D0092616A8FFF762FE6F
:105FFC0030008E239B009D4470BDC046C8FDFFFF42
:10600C00F0B54E464546DE465746E0B50D00032139
:10601C00EC6C160004CC8BB0944601400894002B19
:10602C0000D17FE0170C06AA577362461204079240
:10603C00FF223A409200A418022206AF3A730229BA
:10604C0000D1AC6B2A6DD2070FD5300007A900F038
:10605C0079FB002801D1082000E009200BB0F0BC2E
:10606C00BB46B246A946A046F0BD22689346002A1C
:10607C00EBD0082202400392002204920232012744
:10608C009046AA46B14602910193019B022B46D041
:10609C00238865889B46043453462E009B6C0F2145
:1060AC004846BE43F618FFF743FF0023864205D847
:1060BC005B46BB439B1998429B415B4242466D0039
:1060CC0015405A463A401543012D31D0022D4ED081
:1060DC00002DC2D1029A002A02D0002B00D0BDE0C4
:1060EC00043423689B46002BCFD14E4607A93000C1
:1060FC0000F028FB0028B0D1049B002BABD00F2163
:10610C003000FFF715FF0E2102003000FFF736FFBD
:10611C0030000F21704AFFF731FF07209EE76568BA
:10612C000834B9E71202079206AA5373032284E7D4
:10613C00029A002A4ED1002B17D025686368ED0F08
:10614C009A1C00D189E7524658320692013300D18D
:10615C00B1E0201DFFF7DAFD2A00010006AB504626
:10616C0000F08AFC002800D08DE00834B9E72568DF
:10617C006A0052089346029A002A0FD1002B05D0D0
:10618C00039B002B43D05B46002B40D0002D00DA44
:10619C0004345B4601339B00E418A2E753460D21FF
:1061AC0048461E6AFFF7C4FE8642EFD153469B6AEF
:1061BC009C42EBD153465A469A6252460023D36214
:1061CC0004331363231D53632368002B7DDB0123EE
:1061DC000493DEE753460D2148461D6AFFF7A8FEDF
:1061EC008542C2D153469B6A9C42BED155464E460F
:1061FC002000FFF7BFFC0F2102003000FFF7BEFEAE
:10620C0030002A000021FFF7B9FE072026E75823AB
:10621C00534405935B46251DA34600261C000EE047
:10622C00059B28000693FFF771FD0022010006ABC9
:10623C00504600F021FC01360435002836D1A64228
:10624C00EED14E460D213000FFF772FE55465C46EE
:10625C00069B28626B620620AC62FFE62000FFF70B
:10626C0089FC554604340700AC6328004E4600F008
:10627C000BFC002800D1F0E630003A000F21FFF7AC
:10628C007DFE0720EAE64E4681460D213000FFF7E1
:10629C004FFE55464B46069F2862022B02D1EF62F9
:1062AC002F002C3706206F62AC62D7E623005C46C9
:1062BC009B4625686AE74E460D21300055469246AE
:1062CC00FFF736FE57462862ECE75846013080004F
:1062DC0055464E4620188CE7B997021010B500238E
:1062EC00FFF78EFE10BDC04610B50123FFF788FEE8
:1062FC0010BDC04610B50223FFF782FE10BDC0468C
:10630C00F0B5CE46474680B5060014001D00C3B05C
:10631C00032900D1B3E000D979E0002900D198E03D
:10632C00012900D0D5E0130C14049846240C012D3F
:10633C0000D1C8E0052D00D0CBE0A146C1444B46AE
:10634C00202B00D9C5E043460F2B00D9C3E04B46A8
:10635C00102B00D8FEE00368194208D001229343A9
:10636C00013213430360483000F03CF933680422D7
:10637C001A4205D0300093433360D03000F036F928
:10638C0020AF380000F02EF9684600F02FF9434694
:10639C001021C91A10235B424B449C4643464900CA
:1063AC00DC00B06B3C1901390022013189008358A3
:1063BC00A35004328A42FAD163468018002B00D1D4
:1063CC00DFE044466F465B00102C00D21024103CDA
:1063DC00E4003C19013B002201339B008158A15081
:1063EC0004329A42FAD18018012D00D1ABE0434619
:1063FC00B0630F2B02D820A800F0F2F8380000F0A0
:10640C00F3F8002043B0C0BCB946B046F0BD042937
:10641C005FD1002B5DD1102A5BD8102203681A4281
:10642C0000D082E020AF380000F0E8F801253900F8
:10643C000023B26B28009840044201D001CA0860C6
:10644C0001330431042BF5D13800B26300F0D4F8D9
:10645C00D7E7002B3DD1002301271004B26B000CB1
:10646C00311D3D009D40284201D020CA0D600133F2
:10647C000431102BF5D1A404C3D4B263C1E7032BB0
:10648C0027D11404150C240C2B19102B21D80822FD
:10649C0003681A4250D120AF380000F0ABF8ED0081
:1064AC00B36B002C0AD0ED1AE400043D1C197D19C5
:1064BC001900096804335951A342F9D13800B36368
:1064CC0000F096F89DE71B19102B02D84346102BB1
:1064DC0012D1022096E7002C93D003685A0758D4A7
:1064EC006F46380000F082F8B06B63004446103CF5
:1064FC00E4003C19013B6EE703682B4206D00322F3
:10650C00300093433360483000F068F820AF380017
:10651C0000F064F8B06B002C16D043466100DC0030
:10652C0000233C199C4601393EE793430360D1306C
:10653C00FF3000F063F875E7934303605130FF3090
:10654C0000F058F8A7E720AF0430B063380000F033
:10655C0043F856E70368194208D0012230009343F0
:10656C00013213433360483000F03CF820AF380060
:10657C0000F038F8B06B002CCFD1380000F030F8B8
:10658C003FE7012DE0D04346B0630F2B00D938E72D
:10659C00F3E704226F4693430360D03000F026F8F3
:1065AC00380000F023F8B06B9FE7C046010034318F
:1065BC0038C9043B9C461D60A646010020313CC9ED
:1065CC0090469946A246AB4601000831FCC9416889
:1065DC000068E54600BDC0467047C0467047C046DF
:1065EC007047C0467047C0467047C0467047C046AB
:1065FC007047C0467047C0467047C0467047C0469B
:10660C0001B401A801B585B0FFB408A841464A46BB
:10661C0053465C4665463EC001A83EC80F980090A4
:10662C0000230CB401A9FFF7FBFB109B12B0184719
:10663C0001B401A801B585B0FFB408A841464A468B
:10664C0053465C4665463EC001A83EC80F98009074
:10665C0000230CB401A9FFF715FC109B12B01847CE
:10666C0001B401A801B585B0FFB408A841464A465B
:10667C0053465C4665463EC001A83EC80F98009044
:10668C0000230CB401A9FFF721FC109B12B0184792
:10669C0001B401A801B585B0FFB408A841464A462B
:1066AC0053465C4665463EC001A83EC80F98009014
:1066BC0000230CB401ABFFF7DBFB109B12B01847A7
:1066CC0001B401A801B585B0FFB408A841464A46FB
:1066DC0053465C4665463EC001A83EC80F980090E4
:1066EC0000230CB401AAFFF755FC109B12B01847FD
:1066FC00027A0300002A0BD1427A002A0FD0013A09
:10670C0042724268111D416003211268017202E05D
:10671C00013A02720268100E12021A607047B02021
:10672C00FCE7C04600B585B003AB00930C220023F8
:10673C000021FFF7E3FB039805B000BD10B5FFF790
:10674C00F1FF10BDF0B50023454657464E46DE46D8
:10675C009846E0B505000E000F2785B03000FFF716
:10676C00C7FF0400B02800D1C1E0030628D5030000
:10677C00BB43DBB2802B54D0902B3DD0A02B6ED0E2
:10678C00B02B00D180E0C02B00D198E00722030091
:10679C009343DBB2D02B0BD18023024001321B037D
:1067AC001A43012105232800FFF7AAFD0028D5D0A4
:1067BC00092005B0F0BCBB46B246A946A046F0BDC8
:1067CC00FF23820013400433994603AB00939A468F
:1067DC000D22002300212800FFF790FB039B640689
:1067EC003AD44B4403935346009300230D220021CB
:1067FC002800FFF7A9FBB1E7833B03400D2BD7D053
:10680C000F2203AC02400023002128000094FFF764
:10681C0075FB00230D22002128000094FFF794FB48
:10682C009CE704023000FFF763FF2043802424021E
:10683C00A042BDD0030100059946020C00230021A3
:10684C002800FFF75DFD0028B2D14B46234200D152
:10685C0084E70123984681E74A469B1AC2E7FF2149
:10686C0009010A00993B83431A410A40240702D5C7
:10687C008023DB011A43002300212800FFF740FD91
:10688C00002800D16AE793E7B12835D0B22800D1AF
:10689C008EE0B32839D0FC230340B42B00D187E71A
:1068AC00072380220340013312031A4301210123E1
:1068BC002800FFF725FD002800D14FE778E7C62810
:1068CC003ED0C72850D0F8230340C02B5ED0C82838
:1068DC0062D0C92800D06BE73000FFF709FFF02227
:1068EC000303120313400F220240013258E74346C0
:1068FC00002B15D000205CE73000FFF7F9FE431E9B
:10690C00DBB202000E2BB6D952E73000FFF7F0FED7
:10691C00F0220303120313400F2202400132C4E79A
:10692C0003AC0E22002128000094FFF7E7FA0023A5
:10693C000F22002128000094FFF706FB002038E707
:10694C003000FFF7D5FEF0220303120313400F2291
:10695C00024001321A43032103232800FFF7D0FC25
:10696C00002800D1FAE623E73000FFF7C1FE431EF2
:10697C00DBB202000E2B00D91AE7002304212800F9
:10698C00FFF7BEFC002800D1E8E611E7A022B13BDE
:10699C00034001331203DDE73000FFF7A9FE0F239C
:1069AC0002009A43D2B21032034012030133F7E6CD
:1069BC0003AB0D22002100939A4628000023FFF719
:1069CC009DFA3000FFF794FE039C03061CD50223AE
:1069DC0099467D339B465B4618404B4698400723AF
:1069EC009C46241830000394E144FFF781FE030613
:1069FC00F1D44B46984081239B009C4653466444FB
:106A0C00001903900093F0E602239946F1E7C04683
:106A1C00030000B5DA6C85B053680800083219021F
:106A2C0001910292694603221B0E0A734B7301A952
:106A3C00FFF788FE05B000BD10B5FFF77FFE806C38
:106A4C0010BDC04610B5FFF779FEC06CC379023398
:106A5C009B00C01810BDC04610B500F02DF810B545
:106A6C00FFF7FAFF0000000001B40248844601BCA5
:106A7C00604700BF859C011001B40248844601BCEC
:106A8C00604700BF5512021001B40248844601BC95
:106A9C00604700BF1113021001B40248844601BCC8
:106AAC00604700BF05CE011001B40248844601BC0A
:106ABC00604700BFD9A4011001B40248844601BC50
:106ACC00604700BFE59C021001B40248844601BC3B
:106ADC00604700BF11A3011000000000010000007E
:106AEC000A00000001000000FFFFFFFF0A00000089
:106AFC001000000000000000000001000000000079
:106B0C000000000000000200000000000000000077
:106B1C000000030000000000000000000000FF0067
:106B2C000000000000B5486801318E4600477046F1
:106B3C0009380149884700BDF9910110D41400208F
:106B4C0000000000301B0020DC330020000000009F
:106B5C0000000000EC3300200000000000000000EA
:106B6C001000000000000000000000000000000009
:106B7C00503300004C3300005433000052330000FB
:106B8C004D5300004D4300005334000043340000CB
:106B9C00E5D301100000000055D3011000000000E7
:106BAC000001000064FC021068FC0210D4310020CB
:106BBC0010000C000000E0FF1F00000000000000AF
:106BCC0000000000000000000000000000000000B9
:106BDC000080044000000000004004400000000061
:106BEC00E11B02103D200210FFFFFFFF000002001E
:106BFC00000000000000000070150020701500203F
:106C0C0078150020781500208015002080150020B4
:106C1C008815002088150020901500209015002064
:106C2C009815002098150020A0150020A015002014
:106C3C00A8150020A8150020B0150020B0150020C4
:106C4C00B8150020B8150020C0150020C015002074
:106C5C00C8150020C8150020D0150020D015002024
:106C6C00D8150020D8150020E0150020E0150020D4
:106C7C00E8150020E8150020F0150020F015002084
:106C8C00F8150020F8150020001600200016002032
:106C9C0008160020081600201016002010160020E0
:106CAC001816002018160020201600202016002090
:106CBC002816002028160020301600203016002040
:106CCC0038160020381600204016002040160020F0
:106CDC0048160020481600205016002050160020A0
:106CEC005816002058160020601600206016002050
:106CFC006816002068160020701600207016002000
:106D0C0078160020781600208016002080160020AF
:106D1C00881600208816002090160020901600205F
:106D2C009816002098160020A0160020A01600200F
:106D3C00A8160020A8160020B0160020B0160020BF
:106D4C00B8160020B8160020C0160020C01600206F
:106D5C00C8160020C8160020D0160020D01600201F
:106D6C00D8160020D8160020E0160020E0160020CF
:106D7C00E8160020E8160020F0160020F01600207F
:106D8C00F8160020F816002000170020001700202D
:106D9C0008170020081700201017002010170020DB
:106DAC00181700201817002020170020201700208B
:106DBC00281700202817002030170020301700203B
:106DCC0038170020381700204017002040170020EB
:106DDC00481700204817002050170020501700209B
:106DEC00581700205817002060170020601700204B
:106DFC0068170020681700207017002070170020FB
:106E0C0078170020781700208017002080170020AA
:106E1C00881700208817002090170020901700205A
:106E2C009817002098170020A0170020A01700200A
:106E3C00A8170020A8170020B0170020B0170020BA
:106E4C00B8170020B8170020C0170020C01700206A
:106E5C00C8170020C8170020D0170020D01700201A
:106E6C00D8170020D8170020E0170020E0170020CA
:106E7C00E8170020E8170020F0170020F01700207A
:106E8C00F8170020F8170020001800200018002028
:106E9C0008180020081800201018002010180020D6
:106EAC001818002018180020201800202018002086
:106EBC002818002028180020301800203018002036
:106ECC0038180020381800204018002040180020E6
:106EDC004818002048180020501800205018002096
:106EEC005818002058180020601800206018002046
:106EFC0068180020681800207018002070180020F6
:106F0C0078180020781800208018002080180020A5
:106F1C008818002088180020901800209018002055
:106F2C009818002098180020A0180020A018002005
:106F3C00A8180020A8180020B0180020B0180020B5
:106F4C00B8180020B8180020C0180020C018002065
:106F5C00C8180020C8180020D0180020D018002015
:106F6C00D8180020D8180020E0180020E0180020C5
:106F7C00E8180020E8180020F0180020F018002075
:106F8C00F8180020F8180020001900200019002023
:106F9C0008190020081900201019002010190020D1
:106FAC001819002018190020201900202019002081
:106FBC002819002028190020301900203019002031
:106FCC0038190020381900204019002040190020E1
:106FDC004819002048190020501900205019002091
:106FEC005819002058190020601900206019002041
:106FFC00681900206819002080190020000000008A
:10700C0000000000042D00206C2D0020D42D002049
:10701C000000000000000000000000000000000064
:10702C000000000000000000000000000000000054
:10703C000000000000000000000000000000000044
:10704C000000000000000000000000000000000034
:10705C000000000000000000000000000000000024
:10706C000000000000000000000000000000000014
:10707C000000000000000000000000000000000004
:10708C0000000000000000000000000000000000F4
:10709C0000000000000000000100000000000000E3
:1070AC000E33CDAB34126DE6ECDE05000B000000A8
:1070BC0000000000000000000000000000000000C4
:1070CC0000000000000000000000000000000000B4
:1070DC0000000000000000000000000000000000A4
:1070EC000000000000000000000000000000000094
:1070FC000000000000000000000000000000000084
:10710C000000000000000000000000000000000073
:10711C000000000000000000000000000000000063
:10712C00C42C00200000000003000000042D0020EF
:10713C000000000000000000E9CD011079BC011036
:10714C009DC3011011CD0110C1B20210C502001077
:10715C004D22001081350010354800102D6B0010A9
:10716C00718C001015AD00105DCC001079E0001092
:10717C00D9FB001065300110593A0110F18A011049
:10718C0065FD011015080210710A0210250C021081
:10719C00750E0210C50E0210150F0210650F0210AD
:1071AC00B50F021005100210211202105115021019
:04000005100001E9FD
:00000001FF
