:020000041000EA
:1000000000B50C4B00219960042159610A4919601F
:100010000A490B480160002159600121996001BC27
:10002000002800D0004707480749086003C880F34C
:10003000088808470000001800031F00180200038A
:10004000F40000180001001008ED00E000000000BE
:1000500000000000000000000000000000000000A0
:100060000000000000000000000000000000000090
:100070000000000000000000000000000000000080
:100080000000000000000000000000000000000070
:100090000000000000000000000000000000000060
:1000A0000000000000000000000000000000000050
:1000B0000000000000000000000000000000000040
:1000C0000000000000000000000000000000000030
:1000D0000000000000000000000000000000000020
:1000E0000000000000000000000000000000000010
:1000F0000000000000000000000000002CEC210DBA
:1001000000200420F7010010C3010010C5010010F9
:10011000C1010010C1010010C1010010C101001097
:10012000C1010010C1010010C1010010C701001081
:10013000C1010010C1010010C9010010CB01001065
:10014000CD010010CD010010CD010010CD01001037
:10015000CD010010CD010010CD010010CD01001027
:10016000CD010010CD010010CD010010CD01001017
:10017000CD010010CD010010CD010010CD01001007
:10018000CD010010CD010010CD010010CD010010F7
:10019000CD010010CD010010CD010010CD010010E7
:1001A000CD010010CD010010CD010010CD010010D7
:1001B000CD010010CD010010CD010010CD010010C7
:1001C00000BE00BE00BE00BE00BE00BE00F04BF888
:1001D000103800BEF2EB887144870310708703105B
:1001E0003402001090A31AE700202149086006C8D5
:1001F00081F3088810471F48006800282FD10DA4FC
:100200000ECC002902D000F012F8F9E71A491B4A77
:10021000002000E001C19142FCD1194988471949E9
:1002200088471949884700BEFDE701C901C29A42C3
:10023000FBD3704770870310C0000020301B0020E4
:10024000E0A103100000042000000420E0A103103E
:1002500000100420001004200000000070470B482C
:100260001DF044FE0047EFF30580C0B27047000068
:1002700008ED00E0000000D0301B0020043C00200E
:1002800075C70110316E011035C7011057560000B7
:1002900006005250ABB36053342403100600525092
:1002A000861C030250240310060052505422A29DC3
:1002B0009CF6021005005250DE65F468E0A10310C0
:1002C000F8B5C046044B10B5002B03D003490448D1
:1002D00000E000BF10BDC0460000000078390020DB
:1002E00060E20210014B03607047C04680E20210DA
:1002F000C820704710B5FFF7FBFF10BD704710B561
:100300000400FFF7EFFF0421200023F03FF8200056
:1003100010BD0000014B03607047C04680E2021030
:1003200010B50400024B0360FFF7DCFF200010BD96
:10033000C0E2021010B50400FFF7F2FF0C2120000C
:1003400023F024F8200010BDF0B585B003AC0027E1
:100350002770124D01260096012322002321280038
:1003600022F07EFA26700096012322002321280025
:1003700022F076FA072323700096063B2200232101
:10038000280022F06DFA132323700097123B2200FD
:100390002321280022F064FA05B0F0BD501500209A
:1003A00010B584B00400104800230093023303AA60
:1003B000232122F061FA002812DD03AA13781B0220
:1003C000507818181EF0C2F8084A094B1EF02FF892
:1003D0001EF0D4F86168A26810F080FD04B010BD72
:1003E00001204042FAE7C04650150020CCCCCCCCCE
:1003F000CCCC0C4010B582B0040003689B689847D1
:100400006168A268C8230093BE3B10F05CFD02B097
:1004100010BD000010B50400FFF77CFF034B236004
:10042000002363609633A360200010BDC0E2021079
:10043000014B03607047C04644E50210002303E00F
:10044000C218002111710133122BF9D9704710B570
:100450000368DB68984710BD401800797047002991
:1004600005D0122905D040180271012070470020E4
:10047000FCE70020FAE710B50400FFF7D9FF1821C8
:10048000200022F083FF200010BD10B50400836817
:10049000002B02D0032201009847200010BD10B5A8
:1004A00004004368013B4360002B0BD103689B6849
:1004B0009847A368013BA360002B03D12368DB6846
:1004C0002000984710BD0000014B03607047C046F4
:1004D00044E5021010B504000068A168091A00285C
:1004E00001D022F053FF200010BD70B50600046853
:1004F000456803E0200024F0A5FA1834A542F9D19C
:100500003000FFF7E7FF300070BD10B50400343055
:1005100024F098FA20001C3024F094FA2000FFF711
:10052000E4FF200010BD70B582B004000E00551A23
:1005300001950F2D0ED8009420682A00310024F078
:10054000AFFA002200920199616023685B181A706B
:1005500002B070BD002201A924F056FA2060019B70
:10056000A360E8E770B504000D00030008330360E2
:1005700000290AD008002CF0AFFF2A180023290018
:100580002000FFF7D0FF200070BD014824F034F8B0
:10059000D4E2021070B582B00400150001AAFFF782
:1005A000E1FF260018360C22002130001EF056FD17
:1005B0000822002130001EF051FD00236362A56176
:1005C000034B6362034B2362200002B070BDC04640
:1005D0007D060010FD050010022A0AD007D8002A67
:1005E00003D0012A03D1016001E0034B0360002026
:1005F00070470B680360FAE72CE5021010B5002A7B
:1006000004D0012A06D0FFF7E7FF01E0024B0360A8
:10061000002010BD0160FBE72CE5021070B50C0056
:10062000150004E001CCFC21490022F0AFFEAC42F1
:10063000F8D370BD10B504000368002B09D0426ADE
:1006400004324169FFF7EAFF20686168890022F0FF
:100650009DFE200010BD10B586B00C6811006846E4
:1006600024F0D8FA6846A047684624F0EBF906B0B3
:1006700010BD684624F0E6F922F026FF10B50A0006
:1006800001000020FFF7E7FF10BDF0B5C64600B53A
:1006900088461700CE68043606E0200024F0D2F920
:1006A0001834A542F9D10436FB68B34204D9346842
:1006B0002500F935FF35F4E74246D268934215D05C
:1006C00043461C689D6803E0200024F0BBF9183401
:1006D000A542F9D17C683D6803E0200024F0B2F91E
:1006E0001834A542F9D180BCB846F0BD43461C6819
:1006F0003D6803E0200024F0A5F91834A542F9D1A3
:10070000F1E700B589B00B6800934B6801938B68E3
:100710000293CB680393136804935368059393681B
:100720000693D368079304AA6946FFF7AEFF09B0A2
:1007300000BD10B588B0040083680093C3680193BE
:10074000036902934369039383690493C36905931F
:10075000036A0693436A0793030004AA6946FFF7F6
:10076000D0FF2000FFF766FF200008B010BD00009A
:1007700010B5084B8B4205D348004018C00023F049
:100780007FFC10BD044B994201D923F025FF23F0D3
:1007900013FFC04655555505AAAAAA0AF8B5070081
:1007A0000E0015000C0000E001C4AC4212D2002281
:1007B00015213800FFF7DCFFF6E722F061FF220089
:1007C00031003800FFF72AFF23F0C4FB22F092FF2C
:1007D00022F07AFEF8BD10B50800910022F0D6FD97
:1007E00010BD10B50168426803001833994201D06A
:1007F000FFF7F1FF10BDF8B504000E00170015005B
:1008000001E018341835B44213D02100280024F038
:10081000F5FCF6E722F034FFBD4205D123F09AFB48
:1008200022F068FF22F050FE380024F00BF9183750
:10083000F2E72800F8BD0000F8B504000E0017002C
:10084000551AEA1093009B1819015B1819025B18DE
:1008500019045918490089180B4B9D420ED80029DC
:100860000FD00022FFF784FF020022605519A56017
:1008700039003000FFF7BFFF6060F8BD034823F088
:10088000D3FE0022F1E7C046F8FFFF7F08E3021025
:1008900010B582B004000091019200230360436010
:1008A000836013005200D218D2008A180023FFF789
:1008B000C3FF04E02000FFF70DFE22F005FE20003C
:1008C00002B010BD10B50800302122F05FFD10BD50
:1008D00070B505000C0008001C30FFF7D6FD201D88
:1008E00024F0B0F821002800FFF7ECFF70BD70B5D0
:1008F000050004E00C682800FFF7EAFF210000294A
:10090000F8D170BD10B504008168FFF7F0FF2068D2
:100910006268920000211EF0A1FB0023E360A36047
:1009200010BD10B50400FFF7EDFF2000FFF759FFE1
:10093000200010BD10B500238022920591425B413A
:10094000002B03D1880023F09BFB10BD8023DB0527
:10095000994201D323F040FE23F02EFEF0B585B07E
:1009600004000F00152138001DF014FB451C08235E
:10097000029303300390082814D802AB1968616011
:10098000002201A8FFF7D6FF206063685B1B5B08AD
:100990009B00C618AD0075192A0031002000FFF732
:1009A000FDFE01E003ABE9E766613368E3601A002E
:1009B000F932FF322261043D65622D68E5612A004B
:1009C000F932FF322262A360152138001DF0E2FAED
:1009D0004B005918C9006D18A56105B0F0BD22F093
:1009E0004FFE20686168890022F0D0FC002323605C
:1009F000636023F0AFFA22F07DFE22F065FD10B5B2
:100A000004000023036043608360C36003614361AB
:100A10008361C361036243620021FFF79FFF2000EF
:100A200010BD10B50400282200211EF017FB200085
:100A3000FFF7E5FF200010BD10B504004168002954
:100A400002D00068FFF744FF200010BD10B500235E
:100A50008022920591425B41002B03D1880023F054
:100A60000FFB10BD8023DB05994201D323F0B4FDB9
:100A700023F0A2FD30B583B00C00002201A8FFF7DF
:100A8000E5FF0500A20000211EF0E8FA280003B0EF
:100A900030BD70B5040006001836066001234360BF
:100AA00000238360C360FE2292050261436183617B
:100AB000103023F031FE0500636883420CD2012818
:100AC00004D001002000FFF7D5FF02E00023A3615E
:100AD00000E0060026606560200070BD2000FFF782
:100AE00020FF22F0F1FCF8B50400160003688D0029
:100AF0005B59002B05D01B68136003685B591A60B3
:100B0000F8BD8368136082601368002B06D0076805
:100B10004168D86A1DF03EFA89007E502368083487
:100B20005C51EDE710B50C008869002801D0FFF793
:100B3000B6FC1C21200022F029FC10BD70B5050078
:100B40000C00002C0AD0E1682800FFF7F7FFA66828
:100B500021002800FFF7E6FF3400F2E770BD10B572
:100B60000C0008001430C969FFF7E8FF2C212000B1
:100B700022F00CFC10BD70B505000C00002C0AD052
:100B8000E1682800FFF7F7FFA66821002800FFF7BB
:100B9000E6FF3400F2E770BD10B542684B689A4238
:100BA00001D0002010BD00680968002A05D02CF093
:100BB00099FA002803D10130F4E70120F2E7002080
:100BC000F0E7F0B5D6464F464646C0B50700884622
:100BD0009246994602688B00D658002E15D034688C
:100BE0000AE02568002D18D07968E86A1DF0D2F96E
:100BF000260088450FD12C00E56AA945F1D1211DB9
:100C00005046FFF7C9FF0028EBD03000E0BCBA46E1
:100C1000B146A846F0BD0026F7E72E00F5E7F8B587
:100C2000CE46474680B505000F00012907D0FFF7E3
:100C300021FF8046AC680023AB6099460AE00023A0
:100C40008361183398468044F4E7126822601B6879
:100C50001C603400002C1AD02668E06A39001DF0B0
:100C600099F98B0043441A68002AEED1AA682260E1
:100C7000AC602A0008321A602368002B05D04B466E
:100C80009B004246D4508946E3E78946E1E72800C5
:100C9000FFF7A7FD6F6043462B60C0BCB946B04666
:100CA000F8BD70B5040015000022FFF7B8FF09E099
:100CB00022F0E6FC2B68636123F04CF922F01AFD68
:100CC00022F002FC70BDF0B5C64600B586B0040047
:100CD000884617001D004369059303AEC368426848
:100CE000010010310C980090300023F067FD33783C
:100CF000002B0DD1EF622A0041462000FFF7F3FEE2
:100D0000E3680133E360280006B080BCB846F0BD5C
:100D1000049905AA2000FFF7C4FF616838001DF0A0
:100D200039F98846E6E7000010B5084B8B4205D339
:100D300048004018000123F0A3F910BD044B99426C
:100D400001D923F049FC23F037FCC046AAAAAA0225
:100D50005555550570B504000D1E0AD00022FFF749
:100D600007FD206060606B005B19DB00C318A360A7
:100D700070BD0020F5E770B504000D000C220021C5
:100D80001EF06CF90822002120001EF067F90023F4
:100D9000E360AB68002B07D00222290020009847AF
:100DA000EB68E360AB68A360200070BD2000FFF734
:100DB0006CFB22F089FB70B50400150024F01EFACC
:100DC000200018302900FFF7D6FF04E0200023F0B0
:100DD00039FE22F079FB200070BD70B50D001600C1
:100DE00000220121FFF7A0FF0400002308C0320009
:100DF0002900FFF7E0FF0BE022F042FC3021200049
:100E000022F0C4FA23F0A6F822F074FC22F05CFB76
:100E1000200070BDF0B5C64600B586B00600884615
:100E200017000393CB68142B0ED88C68251E0BD0AB
:100E3000211D3800FFF7B0FE002801D12C68F5E72E
:100E400034600023337136E0386879681F4A23F034
:100E5000D3F80400434659681DF09CF80D00434642
:100E6000DB68142B0DD923003A004046FFF7A9FE9A
:100E7000002806D00368002B03D0336000233371B1
:100E800019E0039A18320C9B18683900FFF7A5FF88
:100E9000030042460492059001220092220029009C
:100EA0004046FFF710FF0023059330600133337194
:100EB00004A8FFF7C1FD300006B080BCB846F0BD05
:100EC00004A8FFF7B9FD22F0FFFAC04607690FC773
:100ED00070B586B005000C00160019000C9B00933D
:100EE0000B9B0A9AFFF7D5FD00E02834B4420ED0E0
:100EF000039503AB009323002200290004A8FFF709
:100F000089FFF2E72800FFF70CFD22F0DDFA280048
:100F100006B070BD70B588B0050004AC04910592B0
:100F200006AA110041CC41C1069907988200121807
:100F3000D2008A1803A8002404700E9802900D981D
:100F400001900C9800902800FFF7C2FF280008B01D
:100F500070BDF8B50F001600140002E0280018302C
:100F600018340500B84213D00100200024F046F9DF
:100F7000F4E722F085FBB44205D122F0EBFF22F02A
:100F8000B9FB22F0A1FA300023F05CFD1836F2E73D
:100F90002000F8BD10B5FFF7DCFF10BD70B50400F0
:100FA0000D004A680B68D21AD21093009B181901E1
:100FB0005B1819025B1819045B185B009918002371
:100FC000036043608360FFF7C5FE28686968226894
:100FD000FFF7E0FF04E02000FFF77CFA22F074FA4C
:100FE0006060200070BDF8B504000D0016001F0001
:100FF0000899FFF7D3FF079B1B782373069B1B6899
:1010000023613B6863613368A36120001C302900C1
:1010100024F0F4F804E02000FFF767FA22F054FA15
:101020002000F8BD30B585B004000D0011001A0095
:101030000B9B02930A9B0193099B0093089BFFF76C
:10104000D2FF20003430290024F0D8F808E0200036
:101050001C3023F0F7FC2000FFF747FA22F034FAA7
:10106000200005B030BD0000F0B5CE46474680B543
:10107000D74CA54404000D0001280CD0002C04D14D
:10108000D44B9D4201D101F0A8F8D34B9D44C0BC84
:10109000B946B046F0BDCF4B9942EFD1CF4B0022BD
:1010A0001A719A60CE49D96019615A61CD4B1E6898
:1010B00001361E60012E30D0CB4A13680133136015
:1010C000012B63D0C94B1F6801371F60012F67D008
:1010D000C74A136801331360012B01D101F043F8B3
:1010E000C44A136801331360012B01D101F067F882
:1010F000C14A136801331360012B01D101F064F878
:10110000BE4A136801331360012BB7D1BC49BD48F7
:10111000BD4A6A44FFF726FAB0E7BC49BC4841AA79
:10112000FFF720FABB49BC4842AAFFF71BFA10E0C0
:10113000042605239B1B18245C43B54BE418B44BD1
:101140009C4201D101F09AF8183C200023F07AFC6F
:10115000F5E7B249B24843AAFFF704FA01E00326D3
:10116000E7E7B049B04844AAFFF7FCF901E00226DE
:10117000DFE7AE49AE4845AAFFF7F4F9AD49AE48FE
:1011800046AAFFF7EFF997E70026D2E7AB4B00221C
:101190001A705A60022199601C3119735A7391E7D1
:1011A00097494DAA47A8FFF7DDF910E01124112354
:1011B0001B1B4C245C43A24BE418A14B9C4201D165
:1011C00001F083F84C3C2000FFF79FF9F5E78C49CC
:1011D00054AA4EA8FFF7C6F904E0112447A823F04B
:1011E00031FCE4E70026559601235B425693579362
:1011F0006423FF336B441E700C22310059A81DF08C
:101200002DFF59965A965B968D4859AB03936423EC
:10121000FF336B44029357AB019356AB009355AB2E
:101220004EAA47A9FFF7FEFE07E0112459A8FFF7D1
:101230005CF94EA823F006FCD0E7824962AA5CA8BC
:10124000FFF790F901E01024F0E77F4969AA63A84D
:10125000FFF788F904E010245CA823F0F3FBE5E72E
:1012600003236A93043B6B936C930026B823FF33EC
:101270006B441E700C2231006EA81DF0EFFE6E96BE
:101280006F96709671486EAB0393B823FF336B442F
:1012900002936CAB01936BAB00936AAB63AA5CA93E
:1012A000FFF7C0FE07E010246EA8FFF71EF963A841
:1012B00023F0C8FBD0E7664977AA71A8FFF752F977
:1012C00001E00F24F0E763497EAA78A8FFF74AF906
:1012D00004E00F2471A823F0B5FBE5E703237F9317
:1012E000043B8093819300265B4B6B441E700C2261
:1012F000310083A81DF0B2FE8396849685965748E8
:1013000083AB0393544B6B44029381AB019380AB4B
:1013100000937FAB78AA71A9FFF784FE07E00F2442
:1013200083A8FFF7E2F878A823F08CFBD2E74C49BA
:101330008CAA86A8FFF716F901E00E24F0E74949C8
:1013400093AA8DA8FFF70EF904E00E2486A823F0D7
:1013500079FBE5E70123949300269596FF225242FC
:101360009692414A6A4413700C22310098A81DF0ED
:1013700075FE989699969A963C4898AB03933A4B8B
:101380006B44029396AB019395AB009394AB8DAAFB
:1013900086A9FFF747FE07E00E2498A8FFF7A5F8F7
:1013A0008DA823F04FFBD1E73149A1AA9BA8FFF7F5
:1013B000D9F801E00D24F0E71149A8AAA2A8FFF787
:1013C000D1F857E00D249BA823F03CFBE5E7C0468D
:1013D0009CF8FFFFFFFF000064070000502A002078
:1013E000542A00206C1C0020701C0020681C002067
:1013F000641C0020601C0020581C00205C1C002085
:101400006C060310C01C00205C0700003CE30210C7
:101410007422002044E302108C2200204CE30210CE
:10142000A422002054E30210BC2200205CE302103E
:10143000D422002064E30210EC22002004230020C8
:101440001C1D00206CE3021070E30210681D0020D8
:101450002847031074E302100B020000B41D0020A3
:1014600080E3021084E302105F020000001E0020EF
:1014700040FE02100323A993043BAA93AB930026DA
:10148000E64B6B441E700C223100ADA81DF0E6FD4A
:10149000AD96AE96AF96E248ADAB0393DF4B6B448F
:1014A0000293ABAB0193AAAB0093A9ABA2AA9BA9F1
:1014B000FFF7B8FD07E00D24ADA8FFF716F8A2A8C6
:1014C00023F0C0FA7FE7D749B6AAB0A8FFF74AF8D9
:1014D00001E00C24F0E7D449BDAAB7A8FFF742F811
:1014E00004E00C24B0A823F0ADFAE5E70423BE9392
:1014F0000023BF930533C093CC4B6B4401221A7079
:10150000CB49C7AA1DA8FFF72DF811E005270C2429
:101510000522D21B182353431DAAD5181DAB9D428B
:1015200001D100F0CDFE183D280023F08BFAF5E73D
:10153000C049C8AA23A8FFF715F802E004270C2425
:10154000E6E7BD49C9AA29A8FFF70CF802E003277E
:101550000C24DDE7B949CAAA2FA8FFF703F802E077
:1015600002270C24D4E7B649CBAA35A8FEF7FAFF28
:1015700001E00C24CCE7B349CCAA3BA8FEF7F2FF6C
:1015800002E000270C24C3E71DA9C5910622C692DC
:10159000CDABC2A8FFF77CF90BE00C2441AD1DAB2D
:1015A0009D4201D100F089FE183D280023F04AFA3F
:1015B000F5E7A548C2AB03939C4B6B440293C0ABC9
:1015C0000193BFAB0093BEABB7AAB0A9FFF72AFD4A
:1015D00004E00C24C2A8FEF788FFDFE79B49D4AAE9
:1015E000CEA8FEF7BFFF01E00B24F3E79849DBAA82
:1015F000D5A8FEF7B7FF04E00B24CEA823F022FA0B
:10160000E8E70223DC93033BDD93DE93914B6B44CD
:1016100001221A700B320021E0A81DF01FFD0023EB
:10162000E093E193E2938C48E0AB0393894B6B44E6
:101630000293DEAB0193DDAB0093DCABD5AACEA960
:10164000FFF7F0FC07E00B24E0A8FEF74EFFD5A85B
:1016500023F0F8F9D1E78149E9AAE3A8FEF782FF70
:1016600001E00A24F0E77E49F0AAEAA8FEF77AFF33
:1016700004E00A24E3A823F0E5F9E5E70123F19368
:101680000A22F2925A32F392764A6A4413700C227A
:101690000021F5A81DF0E2FC0023F593F693F793E3
:1016A0007148F5AB03936F4B6B440293F3AB01931B
:1016B000F2AB0093F1ABEAAAE3A9FFF7B3FC07E0B2
:1016C0000A24F5A8FEF711FFEAA823F0BBF9D1E739
:1016D0006649FEAAF8A8FEF745FF01E00924F0E7F5
:1016E0006349FFAA1832FFA8FEF73CFF04E0092473
:1016F000F8A823F0A7F9E4E70323FFAA1C3213603C
:10170000043BFFAA20321360FFAA24321360002694
:10171000FFAB2B331E700C223100FFA82C301DF0C4
:101720009DFCFFAB2C331E60FFAB30331E60FFAB64
:1017300034331E604F48FFAB2C330393FFAB2B3386
:101740000293FFAB24330193FFAB20330093FFAB35
:101750001C33FFAAF8A9FFF765FC08E00924FFA8DD
:101760002C30FEF7C2FEFFA823F06CF9C0E7424917
:10177000FFAA5032FFA83830FEF7F4FE01E008243B
:10178000EDE73E49FFAA6C32FFA85430FEF7EAFEAF
:1017900005E00824FFA8383023F054F9DFE70223DE
:1017A000FFAA70321360033BFFAA74321360FFAAD2
:1017B00078321360FFAB7F3301221A700B320021A5
:1017C000FFA880301DF04AFC0023FFAA803213607E
:1017D000FFAA84321360FFAA883213602848FFAB47
:1017E00080330393FFAB7F330293FFAB78330193D6
:1017F000FFAB74330093FFAB7033FFAA5432FFA9E1
:101800003831FFF70FFC3DE00824FFA88030FEF7D9
:101810006CFEFFA8543023F015F9BBE7B3020000BB
:101820004C1E002094E3021098E30210070300000E
:101830003CE3021044E302104CE3021054E30210B4
:101840005CE3021064E30210981E0020A8E302107B
:10185000ACE302107F030000E41E0020BCE3021092
:10186000C0E30210D3030000301F0020D4E30210B5
:101870006C0603107C1F0020D8E30210DCE302108A
:10188000C81F0020E949FFAAA432FFA88C30FEF748
:1018900069FE01E00724B8E7E549FFAAC032FFA8C6
:1018A000A830FEF75FFE05E00724FFA88C3023F088
:1018B000C9F8AAE70423FFAAC43213600023FFAAD1
:1018C000C83213600333FFAACC321360FFABD333AB
:1018D00001221A70D749FFAAE83205A8FEF742FE96
:1018E00011E0032707240322D21B1823534305AA20
:1018F000D51805AB9D4201D100F0D9FC183D280058
:1019000023F0A0F8F5E7CC49FFAAEC320BA8FEF7CC
:1019100029FE02E002270724E5E7C849FFAAF032C2
:1019200011A8FEF71FFE01E00724DCE7C449FFAA67
:10193000F43217A8FEF716FE02E000270724D2E7CC
:1019400005A9FFABE03319600422FFABE4331A6052
:10195000FFABF833FFA8D430FEF79AFF0BE0072463
:101960001DAD05AB9D4201D100F09EFC183D280045
:1019700023F068F8F5E7B348FFABD4330393FFAB2C
:10198000D3330293FFABCC330193FFABC833009347
:10199000FFABC433FFAAA832FFA98C31FFF742FB8B
:1019A00005E00724FFA8D430FEF79FFDD8E7A6493D
:1019B000A222D2006A44FFA8FC30FEF7D3FD01E06A
:1019C0000624EFE7A149A24A6A44A2486844FEF708
:1019D000C9FD05E00624FFA8FC3023F033F8E1E759
:1019E0000223A622D2006A441360033B9A4A6A4447
:1019F0001360A722D2006A441360984B6B44012203
:101A00001A700B320021A823DB006B4418001DF074
:101A100025FB0023A822D2006A441360904A6A443E
:101A20001360A922D2006A4413608E48A823DB0009
:101A30006B440393894B6B440293A723DB006B44F5
:101A40000193854B6B440093A623DB006B44814AD2
:101A50006A44FFA9FC31FFF7E5FA0AE00624A82052
:101A6000C0006844FEF741FD7A48684422F0EAFF6E
:101A7000B1E77D497D4A6A447D486844FEF772FDBE
:101A800001E00524EBE77B49B022D2006A44AD2097
:101A9000C0006844FEF766FD05E00524744868440C
:101AA00022F0D0FFDBE70123734A6A44136000266B
:101AB000B122D2006A4416606422704969440A6007
:101AC0006F4A6A4413700C2231006E4B6B4418004D
:101AD0001DF0C4FA6B4B6B441E60B323DB006B44F8
:101AE0001E60694B6B441E606848664B6B440393F1
:101AF000634B6B440293614B6B440193B123DB0056
:101B00006B4400935C4B6B44AD22D2006A4458494D
:101B10006944FFF787FA0AE005245A486844FEF74B
:101B2000E4FCAD20C000684422F08CFFB6E75849C1
:101B3000B722D2006A44B420C0006844FEF712FD08
:101B400001E00424E9E75349534A6A44534868448E
:101B5000FEF708FD06E00424B420C000684422F02B
:101B600071FFDAE70223BB22D2006A441360033B11
:101B70004B4A6A441360BC22D2006A441360494B4A
:101B80006B4401221A700B320021BD23DB006B4431
:101B900018001DF063FA0023BD22D2006A441360CE
:101BA000414A6A441360BE22D2006A4413603F482F
:101BB000BD23DB006B4403933A4B6B440293BC237D
:101BC000DB006B440193364B6B440093BB23DB007B
:101BD0006B44324A6A44B421C9006944FFF722FACF
:101BE0000AE00424BD20C0006844FEF77EFC2B48B8
:101BF000684422F027FFAFE72D492E4A6A442E4859
:101C00006844FEF7AFFC01E00324EBE72B49C52253
:101C1000D2006A44C220C0006844FEF7A3FC4FE033
:101C200003242548684422F00DFFDBE7ECE30210B3
:101C3000F0E30210FCE3021010E4021020E40210B2
:101C40002CE402101420002038E402103CE40210BE
:101C50002C05000014050000340500003F050000BD
:101C6000440500006020002054E4021064050000D8
:101C70004C05000058E40210840500008C050000AB
:101C800093050000940500009C050000AC20002096
:101C900068E402106CE40210D4050000BC050000EA
:101CA000DC050000E7050000EC050000F82000203E
:101CB00078E402100C060000F40500006C06031026
:101CC0000223EE4A6A441360033BC622D2006A44F0
:101CD0001360EB4A6A4413600026EA4B6B441E70A3
:101CE0000C223100E84B6B4418001DF0B7F9E64BAD
:101CF0006B441E60C823DB006B441E60E34B6B44E7
:101D00001E60E348E04B6B440393DE4B6B4402934D
:101D1000DB4B6B440193C623DB006B440093D74B32
:101D20006B44C222D2006A44DA496944FFF77AF967
:101D30000AE00324D4486844FEF7D7FBC220C00061
:101D4000684422F07FFE6CE7D349CC22D2006A447B
:101D5000C920C0006844FEF705FC01E00224E9E761
:101D6000CE49CF4A6A44CF486844FEF7FBFB06E001
:101D70000224C920C000684422F064FEDAE703238D
:101D8000D022D2006A441360043BC74A6A441360FD
:101D9000D122D2006A441360002399466B46C34A9D
:101DA0009B184A461A70D226F6006E440C324946F9
:101DB00030001DF053F94A4632607260B260BC4890
:101DC0000396BA4B6B440293D123DB006B4401931F
:101DD000B54B6B440093D023DB006B44B14A6A449B
:101DE000C921C9006944FFF71DF90BE00227D22081
:101DF000C0006844FEF779FBAA48684422F022FE3E
:101E00003C00B6E7AB49AC4A6A44AC486844FEF7CC
:101E1000A9FBA249DA22D2006A44D720C000684454
:101E2000FEF7A0FB00239946A54B6B444A461A6077
:101E300001235B42DB22D2006A441360A14A6A4458
:101E400013606B46A04A9B184A461A709F4E6E4418
:101E50000C32494630001DF001F94A46326072608A
:101E6000B2609B480396984B6B440293954B6B442E
:101E70000193DB23DB006B440093914B6B44D7222F
:101E8000D2006A448D496944FFF7CCF89149E122B8
:101E9000D2006A44DE20C0006844FEF763FB0EE017
:101EA00000278A486844FEF720FBD720C00068441A
:101EB00022F0C8FD8148684422F0C4FD97E77749C5
:101EC000854A6A4485486844FEF74CFB0523E522B1
:101ED000D2006A441360063B814A6A441360E622DA
:101EE000D2006A4413607F4F6F44002398463B70D2
:101EF000E726F6006E440C22190030001DF0AEF803
:101F0000424632607260B260774803960297E623D9
:101F1000DB006B440193724B6B440093E523DB00C1
:101F20006B446E4A6A44DE21C9006944FFF77AF8BF
:101F30003000FEF7DAFA6948684422F083FDDE20BB
:101F4000C000684422F07EFD60486844FEF7CDFA88
:101F5000D720C000684422F075FD5848684422F03C
:101F600071FDD220C0006844FEF7BFFA4D486844B6
:101F700022F068FDC920C000684422F063FD424899
:101F80006844FEF7B2FAC220C000684422F05AFD4D
:101F90004048684422F056FDBD20C0006844FEF76A
:101FA000A4FA5248684422F04DFDB420C0006844B1
:101FB00022F048FD4E486844FEF797FAAD20C00075
:101FC000684422F03FFD4B48684422F03BFDA820C6
:101FD000C0006844FEF789FA4748684422F032FDA1
:101FE000FFA8FC3022F02EFDFFA8D430FEF77DFACA
:101FF0001DAE05AB9E4204D0183E300022F022FDFB
:10200000F7E7FFA8A83022F01DFDFFA88C3022F0D2
:1020100019FDFFA88030FEF768FAFFA8543022F0BF
:1020200011FDFFA8383022F00DFDFFA82C30FEF77F
:102030005CFAFFA822F006FDF8A822F003FDF5A83F
:10204000FEF753FAEAA822F0FDFCE3A822F0FAFC1E
:10205000E0A8FEF74AFAD5A822F0F4FCCEA822F0B8
:10206000F1FCC2A8FEF741FA41AE1DAB9E4245D03D
:10207000183E300022F0E6FCF7E7C0462C060000D0
:10208000340600003B0600003C0600004406000049
:1020900044210020F40500007CE402106C060310CB
:1020A0007C06000064060000840600008F06000025
:1020B0009021002080E40210B40600009C0600007D
:1020C000D4060000DC060000E3060000E406000081
:1020D000DC21002088E40210240700000C07000027
:1020E0002C0700003707000028220020BC05000054
:1020F000940500004C05000014050000B7A822F06C
:10210000A1FCB0A822F09EFCADA8FEF7EEF9A2A8B3
:1021100022F098FC9BA822F095FC98A8FEF7E5F920
:102120008DA822F08FFC86A822F08CFC83A8FEF7F5
:10213000DCF978A822F086FC71A822F083FC6EA856
:10214000FEF7D3F963A822F07DFC5CA822F07AFCAC
:1021500059A8FEF7CAF94EA822F074FC47A822F04D
:1021600071FCFEF7B5FF614A61491DAE3000FEF714
:1021700011FA604B6B441E600122E923DB006B44C3
:102180001A605D485D4B6B440293EA23DB006B44AD
:1021900001935B4B6B44009300233100FEF7BAFEC2
:1021A00027AE1DAB9E4201D1FEF79AFF283E3000BC
:1021B0001830FEF76AF9300022F044FCF1E751488C
:1021C000FEF72FFCFEF794FF4F495048EB22D20058
:1021D0006A44FEF7C7F9FEF793FF4D4A1368013BC7
:1021E0001360002B19D04B4A1368013B1360002B7E
:1021F00017D0494A1368013B1360002B15D0474A9A
:102200001368013B1360002B13D0454A1368013B50
:102210001360002B18D1434C13E0434822F012FC0A
:10222000E1E73A4822F00EFCE3E73648FEF781FA90
:10223000E5E73148FEF775FBE7E74C3C2000FEF789
:1022400064F93A4B9C42F8D1394A1368013B136058
:10225000002B08D1374C384B9C4204D0183C20004E
:1022600022F0F0FBF7E735488168FEF784FCFEF7C3
:102270000CFF0526FEF75DFFFEF75BFF21F024F95A
:10228000E720C0006844FEF730F92D48684422F08A
:10229000D9FBDE20C000684422F0D4FB002700E612
:1022A000F7E7FEE506E6A2E50327FFF71CFBFFA81C
:1022B000A83022F0C7FBFFF7F8FA0527FFF728F947
:1022C000B7A822F0BFFBFFF70DF921F0FDF827AC0E
:1022D0001DAB9C4208D0283C20001830FEF7D5F8F2
:1022E000200022F0AFFBF3E721F0EEF8411F0110D0
:1022F00080E4021044070000001D00205407000085
:102300004C070000D81C00206C060310A81C0020FD
:102310005C1C0020581C0020601C0020641C002055
:10232000681C002074220020C01C00201C1D0020FE
:102330006C1C00200423002074220020502A00205E
:102340000C07000010B502490120FEF78DFE10BDFC
:10235000FFFF00007047000010B50400024B03604F
:10236000FEF766F8200010BD8CE5021010B50400E1
:10237000FFF7F2FF3421200021F008F8200010BD03
:1023800070B50500EFF3108672B6002407E0286BE5
:102390002303C018802149012BF022FF01346B6A0E
:1023A000A342F4D886F3108870BD000010B5040075
:1023B000FEF78AF8094B23601323A361123BE36104
:1023C000802252002262636280235B01A3620023A9
:1023D000E362034B2363200010BDC0468CE502106E
:1023E00000F07F00036B8022520594466344585CE2
:1023F000704710B5122902D8FFF7F4FF10BD002076
:10240000FCE7F0B5C64600B582B000AF05008846CF
:102410007A6012293BD8C3691B026A46D21A9546D4
:102420006E46002232706A460132023B03E0002110
:102430001170013B0132002BF9DA002405E0210084
:102440002800FFF7CFFF30550134122CF7D943464F
:102450007A68F2542B68DB6828009847EFF31088FD
:1024600072B6002408E0286B2102401880227118FF
:1024700052002BF07DFE0134EB69A342F3D888F3C0
:1024800010880120BD4602B080BCB846F0BD0020D7
:10249000F8E70000F0B5CE46474680B5D74CA544D6
:1024A00004000D0001280CD0002C04D1D44B9D4217
:1024B00001D101F0A8F8D34B9D44C0BCB946B04649
:1024C000F0BDCF4B9942EFD1CF4B00221A719A60E9
:1024D000CE49D96019615A61CD4B1E6801361E6024
:1024E000012E30D0CB4A136801331360012B63D027
:1024F000C94B1F6801371F60012F67D0C74A136897
:1025000001331360012B01D101F043F8C44A136871
:1025100001331360012B01D101F067F8C14A136840
:1025200001331360012B01D101F064F8BE4A136836
:1025300001331360012BB7D1BC49BD48BD4A6A4481
:10254000FEF710F8B0E7BC49BC4841AAFEF70AF80C
:10255000BB49BC4842AAFEF705F810E00426052353
:102560009B1B18245C43B54BE418B44B9C4201D12F
:1025700001F09AF8183C200022F064FAF5E7B2491D
:10258000B24843AAFDF7EEFF01E00326E7E7B049B2
:10259000B04844AAFDF7E6FF01E00226DFE7AE49B6
:1025A000AE4845AAFDF7DEFFAD49AE4846AAFDF7A5
:1025B000D9FF97E70026D2E7AB4B00221A705A608A
:1025C000022199601C3119735A7391E797494DAAFA
:1025D00047A8FDF7C7FF10E0112411231B1B4C2453
:1025E0005C43A24BE418A14B9C4201D101F083F85B
:1025F0004C3C2000FDF789FFF5E78C4954AA4EA812
:10260000FDF7B0FF04E0112447A822F01BFAE4E72D
:102610000026559601235B42569357936423FF335C
:102620006B441E700C22310059A81CF017FD5996FE
:102630005A965B968D4859AB03936423FF336B44E2
:10264000029357AB019356AB009355AB4EAA47A9E3
:10265000FEF7E8FC07E0112459A8FDF746FF4EA855
:1026600022F0F0F9D0E7824962AA5CA8FDF77AFF70
:1026700001E01024F0E77F4969AA63A8FDF772FF23
:1026800004E010245CA822F0DDF9E5E703236A9357
:10269000043B6B936C930026B823FF336B441E708E
:1026A0000C2231006EA81CF0D9FC6E966F967096C5
:1026B00071486EAB0393B823FF336B4402936CAB4A
:1026C00001936BAB00936AAB63AA5CA9FEF7AAFC0B
:1026D00007E010246EA8FDF708FF63A822F0B2F906
:1026E000D0E7664977AA71A8FDF73CFF01E00F2407
:1026F000F0E763497EAA78A8FDF734FF04E00F24D1
:1027000071A822F09FF9E5E703237F93043B8093B0
:10271000819300265B4B6B441E700C22310083A812
:102720001CF09CFC839684968596574883AB039354
:10273000544B6B44029381AB019380AB00937FAB0E
:1027400078AA71A9FEF76EFC07E00F2483A8FDF7B5
:10275000CCFE78A822F076F9D2E74C498CAA86A85C
:10276000FDF700FF01E00E24F0E7494993AA8DA888
:10277000FDF7F8FE04E00E2486A822F063F9E5E7F1
:102780000123949300269596FF2252429692414A45
:102790006A4413700C22310098A81CF05FFC9896D4
:1027A00099969A963C4898AB03933A4B6B440293A4
:1027B00096AB019395AB009394AB8DAA86A9FEF7D7
:1027C00031FC07E00E2498A8FDF78FFE8DA822F0BB
:1027D00039F9D1E73149A1AA9BA8FDF7C3FE01E071
:1027E0000D24F0E71149A8AAA2A8FDF7BBFE57E007
:1027F0000D249BA822F026F9E5E7C0469CF8FFFFD0
:10280000FFFF000064070000682A00206C2A0020F7
:102810006C1C0020701C0020681C0020641C002020
:10282000601C0020581C00205C1C00206C0603105B
:10283000C01C00205C0700003CE302107422002052
:1028400044E302108C2200204CE30210A42200205A
:1028500054E30210BC2200205CE30210D4220020CA
:1028600064E30210EC220020042300201C1D002041
:102870006CE3021070E30210681D0020284703106B
:1028800074E302100B020000B41D002080E302106C
:1028900084E302105F020000001E002040FE0210D0
:1028A0000323A993043BAA93AB930026E64B6B4406
:1028B0001E700C223100ADA81CF0D0FBAD96AE9678
:1028C000AF96E248ADAB0393DF4B6B440293ABABE7
:1028D0000193AAAB0093A9ABA2AA9BA9FEF7A2FB06
:1028E00007E00D24ADA8FDF700FEA2A822F0AAF88B
:1028F0007FE7D749B6AAB0A8FDF734FE01E00C2463
:10290000F0E7D449BDAAB7A8FDF72CFE04E00C24DB
:10291000B0A822F097F8E5E70423BE930023BF9305
:102920000533C093CC4B6B4401221A70CB49C7AA24
:102930001DA8FDF717FE11E005270C240522D21B68
:10294000182353431DAAD5181DAB9D4201D100F099
:10295000CDFE183D280022F075F8F5E7C049C8AA59
:1029600023A8FDF7FFFD02E004270C24E6E7BD499C
:10297000C9AA29A8FDF7F6FD02E003270C24DDE72C
:10298000B949CAAA2FA8FDF7EDFD02E002270C24E1
:10299000D4E7B649CBAA35A8FDF7E4FD01E00C2445
:1029A000CCE7B349CCAA3BA8FDF7DCFD02E0002749
:1029B0000C24C3E71DA9C5910622C692CDABC2A8BF
:1029C000FDF766FF0BE00C2441AD1DAB9D4201D12C
:1029D00000F089FE183D280022F034F8F5E7A548FC
:1029E000C2AB03939C4B6B440293C0AB0193BFAB50
:1029F0000093BEABB7AAB0A9FEF714FB04E00C2409
:102A0000C2A8FDF772FDDFE79B49D4AACEA8FDF767
:102A1000A9FD01E00B24F3E79849DBAAD5A8FDF74F
:102A2000A1FD04E00B24CEA822F00CF8E8E7022375
:102A3000DC93033BDD93DE93914B6B4401221A70D0
:102A40000B320021E0A81CF009FB0023E093E19386
:102A5000E2938C48E0AB0393894B6B440293DEAB6B
:102A60000193DDAB0093DCABD5AACEA9FEF7DAFA71
:102A700007E00B24E0A8FDF738FDD5A821F0E2FF20
:102A8000D1E78149E9AAE3A8FDF76CFD01E00A243A
:102A9000F0E77E49F0AAEAA8FDF764FD04E00A2405
:102AA000E3A821F0CFFFE5E70123F1930A22F29298
:102AB0005A32F392764A6A4413700C220021F5A828
:102AC0001CF0CCFA0023F593F693F7937148F5AB1D
:102AD00003936F4B6B440293F3AB0193F2AB009300
:102AE000F1ABEAAAE3A9FEF79DFA07E00A24F5A8EC
:102AF000FDF7FBFCEAA821F0A5FFD1E76649FEAA95
:102B0000F8A8FDF72FFD01E00924F0E76349FFAACB
:102B10001832FFA8FDF726FD04E00924F8A821F0EB
:102B200091FFE4E70323FFAA1C321360043BFFAAD2
:102B300020321360FFAA243213600026FFAB2B3330
:102B40001E700C223100FFA82C301CF087FAFFAB5E
:102B50002C331E60FFAB30331E60FFAB34331E607E
:102B60004F48FFAB2C330393FFAB2B330293FFABE8
:102B700024330193FFAB20330093FFAB1C33FFAA38
:102B8000F8A9FEF74FFA08E00924FFA82C30FDF75A
:102B9000ACFCFFA821F056FFC0E74249FFAA503223
:102BA000FFA83830FDF7DEFC01E00824EDE73E49E0
:102BB000FFAA6C32FFA85430FDF7D4FC05E00824CE
:102BC000FFA8383021F03EFFDFE70223FFAA703272
:102BD0001360033BFFAA74321360FFAA78321360BC
:102BE000FFAB7F3301221A700B320021FFA8803027
:102BF0001CF034FA0023FFAA80321360FFAA84324B
:102C00001360FFAA883213602848FFAB8033039318
:102C1000FFAB7F330293FFAB78330193FFAB743389
:102C20000093FFAB7033FFAA5432FFA93831FEF78F
:102C3000F9F93DE00824FFA88030FDF756FCFFA815
:102C4000543021F0FFFEBBE7B30200004C1E002011
:102C500094E3021098E30210070300003CE3021023
:102C600044E302104CE3021054E302105CE3021050
:102C700064E30210981E0020A8E30210ACE30210E7
:102C80007F030000E41E0020BCE30210C0E302103A
:102C9000D3030000301F0020D4E302106C060310A1
:102CA0007C1F0020D8E30210DCE30210C81F0020C4
:102CB000E949FFAAA432FFA88C30FDF753FC01E0DC
:102CC0000724B8E7E549FFAAC032FFA8A830FDF7FE
:102CD00049FC05E00724FFA88C3021F0B3FEAAE7E9
:102CE0000423FFAAC43213600023FFAAC832136072
:102CF0000333FFAACC321360FFABD33301221A7027
:102D0000D749FFAAE83205A8FDF72CFC11E00327FC
:102D100007240322D21B1823534305AAD51805AB59
:102D20009D4201D100F0D9FC183D280021F08AFE17
:102D3000F5E7CC49FFAAEC320BA8FDF713FC02E043
:102D400002270724E5E7C849FFAAF03211A8FDF7DA
:102D500009FC01E00724DCE7C449FFAAF43217A804
:102D6000FDF700FC02E000270724D2E705A9FFAB2E
:102D7000E03319600422FFABE4331A60FFABF83391
:102D8000FFA8D430FDF784FD0BE007241DAD05AB93
:102D90009D4201D100F09EFC183D280021F052FE1A
:102DA000F5E7B348FFABD4330393FFABD3330293C0
:102DB000FFABCC330193FFABC8330093FFABC433FD
:102DC000FFAAA832FFA98C31FEF72CF905E00724F1
:102DD000FFA8D430FDF789FBD8E7A649A222D2008C
:102DE0006A44FFA8FC30FDF7BDFB01E00624EFE7D5
:102DF000A149A24A6A44A2486844FDF7B3FB05E032
:102E00000624FFA8FC3021F01DFEE1E70223A622E4
:102E1000D2006A441360033B9A4A6A441360A722B3
:102E2000D2006A441360984B6B4401221A700B3233
:102E30000021A823DB006B4418001CF00FF90023CD
:102E4000A822D2006A441360904A6A441360A922FF
:102E5000D2006A4413608E48A823DB006B440393BE
:102E6000894B6B440293A723DB006B440193854B92
:102E70006B440093A623DB006B44814A6A44FFA99C
:102E8000FC31FEF7CFF80AE00624A820C000684411
:102E9000FDF72BFB7A48684421F0D4FDB1E77D496A
:102EA0007D4A6A447D486844FDF75CFB01E00524E7
:102EB000EBE77B49B022D2006A44AD20C0006844F1
:102EC000FDF750FB05E005247448684421F0BAFD85
:102ED000DBE70123734A6A4413600026B122D20063
:102EE0006A4416606422704969440A606F4A6A4401
:102EF00013700C2231006E4B6B4418001CF0AEF8BE
:102F00006B4B6B441E60B323DB006B441E60694B4C
:102F10006B441E606848664B6B440393634B6B4481
:102F20000293614B6B440193B123DB006B4400932C
:102F30005C4B6B44AD22D2006A4458496944FEF7A9
:102F400071F80AE005245A486844FDF7CEFAAD202E
:102F5000C000684421F076FDB6E75849B722D20098
:102F60006A44B420C0006844FDF7FCFA01E0042480
:102F7000E9E75349534A6A4453486844FDF7F2FA73
:102F800006E00424B420C000684421F05BFDDAE7C9
:102F90000223BB22D2006A441360033B4B4A6A44BB
:102FA0001360BC22D2006A441360494B6B44012277
:102FB0001A700B320021BD23DB006B4418001CF09B
:102FC0004DF80023BD22D2006A441360414A6A448E
:102FD0001360BE22D2006A4413603F48BD23DB0069
:102FE0006B4403933A4B6B440293BC23DB006B446A
:102FF0000193364B6B440093BB23DB006B44324A96
:103000006A44B421C9006944FEF70CF80AE00424BC
:10301000BD20C0006844FDF768FA2B48684421F0E1
:1030200011FDAFE72D492E4A6A442E486844FDF74A
:1030300099FA01E00324EBE72B49C522D2006A4448
:10304000C220C0006844FDF78DFA4FE003242548F4
:10305000684421F0F7FCDBE7ECE30210F0E3021038
:10306000FCE3021010E4021020E402102CE4021031
:103070001420002038E402103CE402102C0500006B
:1030800014050000340500003F0500004405000061
:103090006020002054E40210640500004C0500008C
:1030A00058E40210840500008C0500009305000020
:1030B000940500009C050000AC20002068E402108C
:1030C0006CE40210D4050000BC050000DC05000023
:1030D000E7050000EC050000F820002078E402106D
:1030E0000C060000F40500006C0603100223EE4AF3
:1030F0006A441360033BC622D2006A441360EB4A61
:103100006A4413600026EA4B6B441E700C223100A7
:10311000E84B6B4418001BF0A1FFE64B6B441E60AC
:10312000C823DB006B441E60E34B6B441E60E34826
:10313000E04B6B440393DE4B6B440293DB4B6B44DD
:103140000193C623DB006B440093D74B6B44C22230
:10315000D2006A44DA496944FDF764FF0AE00324B7
:10316000D4486844FDF7C1F9C220C000684421F08A
:1031700069FC6CE7D349CC22D2006A44C920C00064
:103180006844FDF7EFF901E00224E9E7CE49CF4AB0
:103190006A44CF486844FDF7E5F906E00224C920F7
:1031A000C000684421F04EFCDAE70323D022D200AD
:1031B0006A441360043BC74A6A441360D122D200B8
:1031C0006A441360002399466B46C34A9B184A46DB
:1031D0001A70D226F6006E440C32494630001BF0BD
:1031E0003DFF4A4632607260B260BC480396BA4BFB
:1031F0006B440293D123DB006B440193B54B6B44CA
:103200000093D023DB006B44B14A6A44C921C90052
:103210006944FDF707FF0BE00227D220C000684495
:10322000FDF763F9AA48684421F00CFC3C00B6E7BE
:10323000AB49AC4A6A44AC486844FDF793F9A249EB
:10324000DA22D2006A44D720C0006844FDF78AF928
:1032500000239946A54B6B444A461A6001235B4202
:10326000DB22D2006A441360A14A6A4413606B46B1
:10327000A04A9B184A461A709F4E6E440C3249462B
:1032800030001BF0EBFE4A4632607260B2609B4831
:103290000396984B6B440293954B6B440193DB234D
:1032A000DB006B440093914B6B44D722D2006A44FD
:1032B0008D496944FDF7B6FE9149E122D2006A4486
:1032C000DE20C0006844FDF74DF90EE000278A4873
:1032D0006844FDF70AF9D720C000684421F0B2FB2A
:1032E0008148684421F0AEFB97E77749854A6A44F4
:1032F00085486844FDF736F90523E522D2006A4483
:103300001360063B814A6A441360E622D2006A4495
:1033100013607F4F6F44002398463B70E726F6000A
:103320006E440C22190030001BF098FE42463260B9
:103330007260B260774803960297E623DB006B4425
:103340000193724B6B440093E523DB006B446E4AA0
:103350006A44DE21C9006944FDF764FE3000FDF7D0
:10336000C4F86948684421F06DFBDE20C000684461
:1033700021F068FB60486844FDF7B7F8D720C0002B
:10338000684421F05FFB5848684421F05BFBD22081
:10339000C0006844FDF7A9F84D48684421F052FB8D
:1033A000C920C000684421F04DFB42486844FDF745
:1033B0009CF8C220C000684421F044FB40486844A7
:1033C00021F040FBBD20C0006844FDF78EF8524854
:1033D000684421F037FBB420C000684421F032FB80
:1033E0004E486844FDF781F8AD20C000684421F0E4
:1033F00029FB4B48684421F025FBA820C000684405
:10340000FDF773F84748684421F01CFBFFA8FC3027
:1034100021F018FBFFA8D430FDF767F81DAE05AB0F
:103420009E4204D0183E300021F00CFBF7E7FFA8C5
:10343000A83021F007FBFFA88C3021F003FBFFA888
:103440008030FDF752F8FFA8543021F0FBFAFFA8B6
:10345000383021F0F7FAFFA82C30FDF746F8FFA826
:1034600021F0F0FAF8A821F0EDFAF5A8FDF73DF803
:10347000EAA821F0E7FAE3A821F0E4FAE0A8FDF7D2
:1034800034F8D5A821F0DEFACEA821F0DBFAC2A8E4
:10349000FDF72BF841AE1DAB9E4245D0183E3000E3
:1034A00021F0D0FAF7E7C0462C06000034060000F1
:1034B0003B0600003C0600004406000044210020BA
:1034C000F40500007CE402106C0603107C0600008A
:1034D00064060000840600008F0600009021002092
:1034E00080E40210B40600009C060000D406000030
:1034F000DC060000E3060000E4060000DC210020FA
:1035000088E40210240700000C0700002C070000CC
:103510003707000028220020BC05000094050000A9
:103520004C05000014050000B7A821F08BFAB0A8E4
:1035300021F088FAADA8FCF7D8FFA2A821F082FA02
:103540009BA821F07FFA98A8FCF7CFFF8DA821F067
:1035500079FA86A821F076FA83A8FCF7C6FF78A846
:1035600021F070FA71A821F06DFA6EA8FCF7BDFF8A
:1035700063A821F067FA5CA821F064FA59A8FCF767
:10358000B4FF4EA821F05EFA47A821F05BFAFEF7DF
:10359000B5FF614A61491DAE3000FCF7FBFF604B8F
:1035A0006B441E600122E923DB006B441A605D4816
:1035B0005D4B6B440293EA23DB006B4401935B4B4E
:1035C0006B44009300233100FDF7A4FC27AE1DAB34
:1035D0009E4201D1FEF79AFF283E30001830FCF7DA
:1035E00054FF300021F02EFAF1E75148FDF719FAA7
:1035F000FEF794FF4F495048EB22D2006A44FCF793
:10360000B1FFFEF793FF4D4A1368013B1360002B97
:1036100019D04B4A1368013B1360002B17D0494A5D
:103620001368013B1360002B15D0474A1368013B18
:103630001360002B13D0454A1368013B1360002B25
:1036400018D1434C13E0434821F0FCF9E1E73A4834
:1036500021F0F8F9E3E73648FDF76BF8E5E7314884
:10366000FDF75FF9E7E74C3C2000FCF74EFF3A4BD3
:103670009C42F8D1394A1368013B1360002B08D1F2
:10368000374C384B9C4204D0183C200021F0DAF92A
:10369000F7E735488168FDF76EFAFEF70CFF05265F
:1036A000FEF75DFFFEF75BFF1FF00EFFE720C00097
:1036B0006844FCF71AFF2D48684421F0C3F9DE2066
:1036C000C000684421F0BEF9002700E6F7E7FEE5F8
:1036D00006E6A2E50327FFF71CFBFFA8A83021F0B0
:1036E000B1F9FFF7F8FA0527FFF728F9B7A821F095
:1036F000A9F9FFF70DF91FF0E7FE27AC1DAB9C42BF
:1037000008D0283C20001830FCF7BFFE200021F034
:1037100099F9F3E71FF0D8FE411F011080E4021071
:1037200044070000001D0020540700004C07000063
:10373000D81C00206C060310A81C00205C1C002074
:10374000581C0020601C0020641C0020681C002005
:1037500074220020C01C00201C1D00206C1C0020B6
:103760000423002074220020682A00200C07000097
:1037700010B502490120FEF78DFE10BDFFFF0000CD
:10378000F0B5CE46474680B5D74CA54404000D00A1
:1037900001280CD0002C04D1D44B9D4201D101F062
:1037A000A8F8D34B9D44C0BCB946B046F0BDCF4B42
:1037B0009942EFD1CF4B00221A719A60CE49D9605D
:1037C00019615A61CD4B1E6801361E60012E30D042
:1037D000CB4A136801331360012B63D0C94B1F68B8
:1037E00001371F60012F67D0C74A13680133136088
:1037F000012B01D101F043F8C44A1368013313606F
:10380000012B01D101F067F8C14A1368013313603D
:10381000012B01D101F064F8BE4A13680133136033
:10382000012BB7D1BC49BD48BD4A6A44FCF79AFE9A
:10383000B0E7BC49BC4841AAFCF794FEBB49BC4870
:1038400042AAFCF78FFE10E0042605239B1B1824D8
:103850005C43B54BE418B44B9C4201D101F09AF89B
:10386000183C200021F0EEF8F5E7B249B24843AA2F
:10387000FCF778FE01E00326E7E7B049B04844AA28
:10388000FCF770FE01E00226DFE7AE49AE4845AA2C
:10389000FCF768FEAD49AE4846AAFCF763FE97E721
:1038A0000026D2E7AB4B00221A705A6002219960C1
:1038B0001C3119735A7391E797494DAA47A8FCF731
:1038C00051FE10E0112411231B1B4C245C43A24B1E
:1038D000E418A14B9C4201D101F083F84C3C20003C
:1038E000FCF713FEF5E78C4954AA4EA8FCF73AFE04
:1038F00004E0112447A821F0A5F8E4E70026559636
:1039000001235B42569357936423FF336B441E702D
:103910000C22310059A81BF0A1FB59965A965B96D0
:103920008D4859AB03936423FF336B44029357AB29
:10393000019356AB009355AB4EAA47A9FDF772FB16
:1039400007E0112459A8FCF7D0FD4EA821F07AF821
:10395000D0E7824962AA5CA8FCF704FE01E01024CB
:10396000F0E77F4969AA63A8FCF7FCFD04E0102496
:103970005CA821F067F8E5E703236A93043B6B93A7
:103980006C930026B823FF336B441E700C22310069
:103990006EA81BF063FB6E966F96709671486EABC7
:1039A0000393B823FF336B4402936CAB01936BAB6F
:1039B00000936AAB63AA5CA9FDF734FB07E010240F
:1039C0006EA8FCF792FD63A821F03CF8D0E76649A9
:1039D00077AA71A8FCF7C6FD01E00F24F0E7634960
:1039E0007EAA78A8FCF7BEFD04E00F2471A821F0A0
:1039F00029F8E5E703237F93043B80938193002616
:103A00005B4B6B441E700C22310083A81BF026FB1D
:103A1000839684968596574883AB0393544B6B44A7
:103A2000029381AB019380AB00937FAB78AA71A91D
:103A3000FDF7F8FA07E00F2483A8FCF756FD78A8F5
:103A400021F000F8D2E74C498CAA86A8FCF78AFD41
:103A500001E00E24F0E7494993AA8DA8FCF782FD06
:103A600004E00E2486A820F0EDFFE5E701239493FF
:103A700000269596FF2252429692414A6A4413705C
:103A80000C22310098A81BF0E9FA989699969A961C
:103A90003C4898AB03933A4B6B44029396AB01932B
:103AA00095AB009394AB8DAA86A9FDF7BBFA07E00E
:103AB0000E2498A8FCF719FD8DA820F0C3FFD1E7CC
:103AC0003149A1AA9BA8FCF74DFD01E00D24F0E7C8
:103AD0001149A8AAA2A8FCF745FD57E00D249BA810
:103AE00020F0B0FFE5E7C0469CF8FFFFFFFF0000B5
:103AF00064070000802A0020842A00206C1C00201B
:103B0000701C0020681C0020641C0020601C002029
:103B1000581C00205C1C00206C060310C01C0020F8
:103B20005C0700003CE302107422002044E3021012
:103B30008C2200204CE30210A422002054E3021047
:103B4000BC2200205CE30210D422002064E30210B7
:103B5000EC220020042300201C1D00206CE3021036
:103B600070E30210681D00202847031074E3021060
:103B70000B020000B41D002080E3021084E3021059
:103B80005F020000001E002040FE02100323A993E4
:103B9000043BAA93AB930026E64B6B441E700C22A9
:103BA0003100ADA81BF05AFAAD96AE96AF96E2483A
:103BB000ADAB0393DF4B6B440293ABAB0193AAAB6A
:103BC0000093A9ABA2AA9BA9FDF72CFA07E00D244C
:103BD000ADA8FCF78AFCA2A820F034FF7FE7D74904
:103BE000B6AAB0A8FCF7BEFC01E00C24F0E7D4496B
:103BF000BDAAB7A8FCF7B6FC04E00C24B0A820F0DE
:103C000021FFE5E70423BE930023BF930533C09350
:103C1000CC4B6B4401221A70CB49C7AA1DA8FCF7F4
:103C2000A1FC11E005270C240522D21B18235343C5
:103C30001DAAD5181DAB9D4201D100F0CDFE183D47
:103C4000280020F0FFFEF5E7C049C8AA23A8FCF72A
:103C500089FC02E004270C24E6E7BD49C9AA29A88B
:103C6000FCF780FC02E003270C24DDE7B949CAAA6F
:103C70002FA8FCF777FC02E002270C24D4E7B64912
:103C8000CBAA35A8FCF76EFC01E00C24CCE7B349C5
:103C9000CCAA3BA8FCF766FC02E000270C24C3E793
:103CA0001DA9C5910622C692CDABC2A8FCF7F0FDB6
:103CB0000BE00C2441AD1DAB9D4201D100F089FE0B
:103CC000183D280020F0BEFEF5E7A548C2AB0393DF
:103CD0009C4B6B440293C0AB0193BFAB0093BEAB54
:103CE000B7AAB0A9FDF79EF904E00C24C2A8FCF71E
:103CF000FCFBDFE79B49D4AACEA8FCF733FC01E02C
:103D00000B24F3E79849DBAAD5A8FCF72BFC04E0C9
:103D10000B24CEA820F096FEE8E70223DC93033BB9
:103D2000DD93DE93914B6B4401221A700B3200211C
:103D3000E0A81BF093F90023E093E193E2938C4811
:103D4000E0AB0393894B6B440293DEAB0193DDAB95
:103D50000093DCABD5AACEA9FDF764F907E00B24EC
:103D6000E0A8FCF7C2FBD5A820F06CFED1E78149A2
:103D7000E9AAE3A8FCF7F6FB01E00A24F0E77E4994
:103D8000F0AAEAA8FCF7EEFB04E00A24E3A820F07E
:103D900059FEE5E70123F1930A22F2925A32F39297
:103DA000764A6A4413700C220021F5A81BF056F9DC
:103DB0000023F593F693F7937148F5AB03936F4B9C
:103DC0006B440293F3AB0193F2AB0093F1ABEAAA1D
:103DD000E3A9FDF727F907E00A24F5A8FCF785FB1E
:103DE000EAA820F02FFED1E76649FEAAF8A8FCF762
:103DF000B9FB01E00924F0E76349FFAA1832FFA8E4
:103E0000FCF7B0FB04E00924F8A820F01BFEE4E76F
:103E10000323FFAA1C321360043BFFAA2032136065
:103E2000FFAA243213600026FFAB2B331E700C2236
:103E30003100FFA82C301BF011F9FFAB2C331E60B2
:103E4000FFAB30331E60FFAB34331E604F48FFAB17
:103E50002C330393FFAB2B330293FFAB243301933B
:103E6000FFAB20330093FFAB1C33FFAAF8A9FDF78B
:103E7000D9F808E00924FFA82C30FCF736FBFFA88E
:103E800020F0E0FDC0E74249FFAA5032FFA83830D9
:103E9000FCF768FB01E00824EDE73E49FFAA6C321D
:103EA000FFA85430FCF75EFB05E00824FFA838307B
:103EB00020F0C8FDDFE70223FFAA70321360033B46
:103EC000FFAA74321360FFAA78321360FFAB7F330E
:103ED00001221A700B320021FFA880301BF0BEF8BF
:103EE0000023FFAA80321360FFAA84321360FFAA66
:103EF000883213602848FFAB80330393FFAB7F33D6
:103F00000293FFAB78330193FFAB74330093FFABA5
:103F10007033FFAA5432FFA93831FDF783F83DE032
:103F20000824FFA88030FCF7E0FAFFA8543020F006
:103F300089FDBBE7B30200004C1E002094E3021091
:103F400098E30210070300003CE3021044E3021070
:103F50004CE3021054E302105CE3021064E302102D
:103F6000981E0020A8E30210ACE302107F030000BB
:103F7000E41E0020BCE30210C0E30210D3030000E3
:103F8000301F0020D4E302106C0603107C1F0020B9
:103F9000D8E30210DCE30210C81F0020E949FFAAA1
:103FA000A432FFA88C30FCF7DDFA01E00724B8E763
:103FB000E549FFAAC032FFA8A830FCF7D3FA05E014
:103FC0000724FFA88C3020F03DFDAAE70423FFAAB8
:103FD000C43213600023FFAAC83213600333FFAA60
:103FE000CC321360FFABD33301221A70D749FFAA3A
:103FF000E83205A8FCF7B6FA11E0032707240322EC
:10400000D21B1823534305AAD51805AB9D4201D1F5
:1040100000F0D9FC183D280020F014FDF5E7CC494C
:10402000FFAAEC320BA8FCF79DFA02E00227072456
:10403000E5E7C849FFAAF03211A8FCF793FA01E0BE
:104040000724DCE7C449FFAAF43217A8FCF78AFA70
:1040500002E000270724D2E705A9FFABE03319608F
:104060000422FFABE4331A60FFABF833FFA8D4306F
:10407000FCF70EFC0BE007241DAD05AB9D4201D102
:1040800000F09EFC183D280020F0DCFCF5E7B3486A
:10409000FFABD4330393FFABD3330293FFABCC33EB
:1040A0000193FFABC8330093FFABC433FFAAA83220
:1040B000FFA98C31FCF7B6FF05E00724FFA8D43038
:1040C000FCF713FAD8E7A649A222D2006A44FFA857
:1040D000FC30FCF747FA01E00624EFE7A149A24AC9
:1040E0006A44A2486844FCF73DFA05E00624FFA8AC
:1040F000FC3020F0A7FCE1E70223A622D2006A44AC
:104100001360033B9A4A6A441360A722D2006A44B0
:104110001360984B6B4401221A700B320021A823C4
:10412000DB006B4418001AF099FF0023A822D2008C
:104130006A441360904A6A441360A922D2006A4418
:1041400013608E48A823DB006B440393894B6B44B8
:104150000293A723DB006B440193854B6B440093D0
:10416000A623DB006B44814A6A44FFA9FC31FCF7BB
:1041700059FF0AE00624A820C0006844FCF7B5F9FE
:104180007A48684420F05EFCB1E77D497D4A6A4484
:104190007D486844FCF7E6F901E00524EBE77B493C
:1041A000B022D2006A44AD20C0006844FCF7DAF9BE
:1041B00005E005247448684420F044FCDBE7012353
:1041C000734A6A4413600026B122D2006A44166022
:1041D0006422704969440A606F4A6A4413700C2271
:1041E00031006E4B6B4418001AF038FF6B4B6B4478
:1041F0001E60B323DB006B441E60694B6B441E6082
:104200006848664B6B440393634B6B440293614B6A
:104210006B440193B123DB006B4400935C4B6B4414
:10422000AD22D2006A4458496944FCF7FBFE0AE01B
:1042300005245A486844FCF758F9AD20C00068448A
:1042400020F000FCB6E75849B722D2006A44B420F7
:10425000C0006844FCF786F901E00424E9E753490B
:10426000534A6A4453486844FCF77CF906E0042446
:10427000B420C000684420F0E5FBDAE70223BB224B
:10428000D2006A441360033B4B4A6A441360BC2269
:10429000D2006A441360494B6B4401221A700B32FE
:1042A0000021BD23DB006B4418001AF0D7FE002369
:1042B000BD22D2006A441360414A6A441360BE22A0
:1042C000D2006A4413603F48BD23DB006B44039374
:1042D0003A4B6B440293BC23DB006B440193364B97
:1042E0006B440093BB23DB006B44324A6A44B42125
:1042F000C9006944FCF796FE0AE00424BD20C00012
:104300006844FCF7F2F82B48684420F09BFBAFE7C9
:104310002D492E4A6A442E486844FCF723F901E0EF
:104320000324EBE72B49C522D2006A44C220C00017
:104330006844FCF717F94FE003242548684420F04F
:1043400081FBDBE7ECE30210F0E30210FCE3021078
:1043500010E4021020E402102CE4021014200020CB
:1043600038E402103CE402102C05000014050000A3
:10437000340500003F0500004405000060200020D7
:1043800054E40210640500004C05000058E40210DB
:10439000840500008C0500009305000094050000D2
:1043A0009C050000AC20002068E402106CE40210C0
:1043B000D4050000BC050000DC050000E705000096
:1043C000EC050000F820002078E402100C06000044
:1043D000F40500006C0603100223EE4A6A441360E1
:1043E000033BC622D2006A441360EB4A6A4413605E
:1043F0000026EA4B6B441E700C223100E84B6B44E4
:1044000018001AF02BFEE64B6B441E60C823DB003D
:104410006B441E60E34B6B441E60E348E04B6B440F
:104420000393DE4B6B440293DB4B6B440193C62337
:10443000DB006B440093D74B6B44C222D2006A442A
:10444000DA496944FCF7EEFD0AE00324D4486844E5
:10445000FCF74BF8C220C000684420F0F3FA6CE788
:10446000D349CC22D2006A44C920C0006844FCF77A
:1044700079F801E00224E9E7CE49CF4A6A44CF48FF
:104480006844FCF76FF806E00224C920C0006844C5
:1044900020F0D8FADAE70323D022D2006A4413606E
:1044A000043BC74A6A441360D122D2006A441360B5
:1044B000002399466B46C34A9B184A461A70D22677
:1044C000F6006E440C32494630001AF0C7FD4A46E9
:1044D00032607260B260BC480396BA4B6B44029380
:1044E000D123DB006B440193B54B6B440093D02385
:1044F000DB006B44B14A6A44C921C9006944FCF736
:1045000091FD0BE00227D220C0006844FBF7EDFFCD
:10451000AA48684420F096FA3C00B6E7AB49AC4A9A
:104520006A44AC486844FCF71DF8A249DA22D2007C
:104530006A44D720C0006844FCF714F80023994669
:10454000A54B6B444A461A6001235B42DB22D20032
:104550006A441360A14A6A4413606B46A04A9B18E0
:104560004A461A709F4E6E440C32494630001AF08B
:1045700075FD4A4632607260B2609B480396984B64
:104580006B440293954B6B440193DB23DB006B443C
:104590000093914B6B44D722D2006A448D49694401
:1045A000FCF740FD9149E122D2006A44DE20C000C0
:1045B0006844FBF7D7FF0EE000278A486844FBF702
:1045C00094FFD720C000684420F03CFA814868443A
:1045D00020F038FA97E77749854A6A448548684465
:1045E000FBF7C0FF0523E522D2006A441360063BB7
:1045F000814A6A441360E622D2006A4413607F4F06
:104600006F44002398463B70E726F6006E440C2268
:10461000190030001AF022FD424632607260B2602A
:10462000774803960297E623DB006B440193724BB5
:104630006B440093E523DB006B446E4A6A44DE2141
:10464000C9006944FCF7EEFC3000FBF74EFF6948F7
:10465000684420F0F7F9DE20C000684420F0F2F949
:1046600060486844FBF741FFD720C000684420F051
:10467000E9F95848684420F0E5F9D220C0006844C0
:10468000FBF733FF4D48684420F0DCF9C920C00037
:10469000684420F0D7F942486844FBF726FFC2205F
:1046A000C000684420F0CEF94048684420F0CAF9C0
:1046B000BD20C0006844FBF718FF5248684420F052
:1046C000C1F9B420C000684420F0BCF94E486844E9
:1046D000FBF70BFFAD20C000684420F0B3F94B4856
:1046E000684420F0AFF9A820C0006844FBF7FDFE45
:1046F0004748684420F0A6F9FFA8FC3020F0A2F952
:10470000FFA8D430FBF7F1FE1DAE05AB9E4204D0EE
:10471000183E300020F096F9F7E7FFA8A83020F007
:1047200091F9FFA88C3020F08DF9FFA88030FBF7BD
:10473000DCFEFFA8543020F085F9FFA8383020F0C7
:1047400081F9FFA82C30FBF7D0FEFFA820F07AF902
:10475000F8A820F077F9F5A8FBF7C7FEEAA820F043
:1047600071F9E3A820F06EF9E0A8FBF7BEFED5A82A
:1047700020F068F9CEA820F065F9C2A8FBF7B5FED5
:1047800041AE1DAB9E4245D0183E300020F05AF994
:10479000F7E7C0462C060000340600003B06000088
:1047A0003C0600004406000044210020F4050000FF
:1047B0007CE402106C0603107C0600006406000016
:1047C000840600008F0600009021002080E4021083
:1047D000B40600009C060000D4060000DC060000C1
:1047E000E3060000E4060000DC21002088E402105B
:1047F000240700000C0700002C070000370700000A
:1048000028220020BC050000940500004C05000093
:1048100014050000B7A820F015F9B0A820F012F98F
:10482000ADA8FBF762FEA2A820F00CF99BA820F02F
:1048300009F998A8FBF759FE8DA820F003F986A87E
:1048400020F000F983A8FBF750FE78A820F0FAF8D2
:1048500071A820F0F7F86EA8FBF747FE63A820F0D8
:10486000F1F85CA820F0EEF859A8FBF73EFE4EA840
:1048700020F0E8F847A820F0E5F8FEF7B5FF614A18
:1048800061491DAE3000FBF785FE604B6B441E6036
:104890000122E923DB006B441A605D485D4B6B44E9
:1048A0000293EA23DB006B4401935B4B6B44009360
:1048B00000233100FCF72EFB27AE1DAB9E4201D139
:1048C000FEF79AFF283E30001830FBF7DEFD30007F
:1048D00020F0B8F8F1E75148FCF7A3F8FEF794FF91
:1048E0004F495048EB22D2006A44FBF73BFEFEF7EB
:1048F00093FF4D4A1368013B1360002B19D04B4ABC
:104900001368013B1360002B17D0494A1368013B21
:104910001360002B15D0474A1368013B1360002B2E
:1049200013D0454A1368013B1360002B18D1434C48
:1049300013E0434820F086F8E1E73A4820F082F897
:10494000E3E73648FBF7F5FEE5E73148FBF7E9FF1B
:10495000E7E74C3C2000FBF7D8FD3A4B9C42F8D1EE
:10496000394A1368013B1360002B08D1374C384B90
:104970009C4204D0183C200020F064F8F7E735484A
:104980008168FCF7F8F8FEF70CFF0526FEF75DFFDF
:10499000FEF75BFF1EF098FDE720C0006844FBF7C0
:1049A000A4FD2D48684420F04DF8DE20C000684486
:1049B00020F048F8002700E6F7E7FEE506E6A2E566
:1049C0000327FFF71CFBFFA8A83020F03BF8FFF7F8
:1049D000F8FA0527FFF728F9B7A820F033F8FFF712
:1049E0000DF91EF071FD27AC1DAB9C4208D0283C90
:1049F00020001830FBF749FD200020F023F8F3E7F2
:104A00001EF062FD411F011080E402104407000007
:104A1000001D0020540700004C070000D81C002097
:104A20006C060310A81C00205C1C0020581C0020F1
:104A3000601C0020641C0020681C002074220020E0
:104A4000C01C00201C1D00206C1C00200423002022
:104A500074220020802A00200C07000010B50249B3
:104A60000120FEF78DFE10BDFFFF000010B5040011
:104A7000024B03600AF02AF8200010BD00E7021084
:104A800010B50400FFF7F2FF042120001EF07EFCA9
:104A9000200010BD10B504000AF028F8014B236077
:104AA000200010BD00E7021010B504000068A168E6
:104AB000091A002801D01EF069FC200010BD10B5B5
:104AC00000238022520591425B41002B03D1C80094
:104AD0001FF0D6FA10BD80239B05994201D31FF029
:104AE0007BFD1FF069FD70B505000C1E08D000228B
:104AF000FFF7E5FF28606860E4000019A86070BD5A
:104B00000020F7E730B50300100003E0020030CBCF
:104B100030C210008B42F9D130BD10B5FFF7F2FF63
:104B200010BD70B504000D0049682B68C91AC91082
:104B30000023036043608360FFF7D5FF286869683E
:104B40002268FFF7EAFF6060200070BDF0B5C6463E
:104B500000B586B005000E001F00531E032B08D9B8
:104B6000D31F0B2B17D90E3B0C2B17D903239846B9
:104B700001E0022398465400A21892000F495118F0
:104B800003A8FFF7CEFF0097434603AA3100280091
:104B90000AF0DAF805E001239846ECE7002398468E
:104BA000E9E703A8FFF780FF06B080BCB846F0BD78
:104BB00003A8FFF779FF1EF087FCC046642500209C
:104BC000F8B5CE46474680B505000E0017001C001C
:104BD000089B98460521200019F0B4F98946002960
:104BE00006DCA64B5B7B002B08D04346DB0705D4D5
:104BF00043460F2231002800FFF7A8FF4B46012B48
:104C000006DC9E4B5B7B002B08D04346DB0705D4BC
:104C10004346102231002800FFF798FF4B46022B35
:104C200006DC964B5B7B002B08D04346DB0705D4A4
:104C30004346112231002800FFF788FF4B46032B23
:104C400006DC8E4B5B7B002B08D04346DB0705D48C
:104C50004346122231002800FFF778FF4346012225
:104C600031002800FFF772FF43460222310028007E
:104C7000FFF76CFF182C04DD781C182119F062F97D
:104C80000F00002F05D0172F09D8BF007C4BDB5930
:104C90009F464346202231002800FFF757FF671F39
:104CA000132F6AD92300233B042B75D92300193B0A
:104CB000042B78D92300283B132B7BD9042C62D8F2
:104CC0004346032231002800FFF740FF5BE0042C3D
:104CD00006D84346212231002800FFF737FFDEE7E0
:104CE0004346152231002800FFF730FFD7E743463F
:104CF000162231002800FFF729FFD0E7434617228C
:104D000031002800FFF722FFC9E74346182231008F
:104D10002800FFF71BFFC2E7434619223100280095
:104D2000FFF714FFBBE743461A2231002800FFF7C4
:104D30000DFFB4E743461B2231002800FFF706FFB2
:104D4000ADE743461C2231002800FFF7FFFEA6E72F
:104D500043461D2231002800FFF7F8FE9FE7434637
:104D60001E2231002800FFF7F1FE98E743461F227C
:104D700031002800FFF7EAFE91E743460C2231009C
:104D80002800FFF7E3FE042F1BD90A3C312C1ED864
:104D9000A4003C4B1B599F4643460C22310028007F
:104DA000FFF7D4FEEFE743460B2231002800FFF760
:104DB000CDFEE8E743460B2231002800FFF7C6FE90
:104DC000E1E74346072231002800FFF7BFFEC0BCE1
:104DD000B946B046F8BD4346082231002800FFF727
:104DE000B5FEF4E743460A2231002800FFF7AEFE85
:104DF000EDE74346092231002800FFF7A7FEE6E76A
:104E00004346072231002800FFF7A0FE43460D224B
:104E100031002800FFF79AFED9E743460D22310002
:104E20002800FFF793FED2E743460722310028000F
:104E3000FFF78CFE43460D2231002800FFF786FE67
:104E4000C5E74346092231002800FFF77FFEBEE791
:104E500043460A2231002800FFF778FEB7E74346B1
:104E6000082231002800FFF771FEB0E74346072211
:104E700031002800FFF76AFEA9E7C046042300209E
:104E8000A4E5021004E6021030B50300100003E0B0
:104E9000020030CB30C210008B42F9D130BD00008F
:104EA000F8B504000E001700551AE9100B4B9D428F
:104EB0000ED800290FD00022FFF701FE0200226069
:104EC0005519A56039003000FFF7DEFF6060F8BDBE
:104ED00003481FF0A9FB0022F1E7C046F8FFFF7F5F
:104EE00008E3021010B582B0040000910192002383
:104EF000036043608360D2008A18FFF7D1FF04E0AB
:104F00002000FFF7D1FD1EF0DFFA200002B010BD37
:104F1000F0B5CE46474680B5E14CA54404000D00EF
:104F200001280CD0002C04D1DE4B9D4201D101F0B0
:104F30005FFEDD4B9D44C0BCB946B046F0BDD94BC9
:104F40009942EFD1D94B00221A719A60D849D960A1
:104F500019615A61D74B1E6801361E60012E56D06A
:104F6000D54A136801331360012B01D101F06EF9AA
:104F7000D24A136801331360012B01D101F091F97A
:104F8000CF4A136801331360012B01D101F08EF970
:104F9000CC4A136801331360012B01D101F08EF963
:104FA000C94B1E6801361E60012E01D101F08FF938
:104FB000C64A136801331360012B01D101F0C8F90F
:104FC000C34B1E6801361E60012EABD1C14F0C22AF
:104FD000002138001AF042F800233B607B60BB6080
:104FE000BD4A6A441360536001219160D36011008F
:104FF000BA4B6B441A6002229A231B016B441A605D
:10500000B748B84B6B44FFF76DFF01F0ACF9B649F8
:10501000D6AAD0A8FBF7A6FA10E0112411231B1B77
:105020004C245C43B14BE418B04B9C4201D101F0DD
:1050300065FE4C3C2000FBF768FAF5E7AA49DDAABB
:10504000D7A8FBF78FFA04E01124D0A81FF0FAFCD0
:10505000E4E70027DE9701235B42DF93E093A44B54
:105060006B441F700C223900E2A819F0F7FFE29799
:10507000E397E4979D48E2AB03939D4B6B44029307
:10508000E0AB0193DFAB0093DEABD7AAD0A9FBF76F
:10509000C9FF07E01124E2A8FBF727FAD7A81FF001
:1050A000D1FCD2E79349EBAAE5A8FBF75BFA01E054
:1050B0001024F0E79049F2AAECA8FBF753FA04E0B9
:1050C0001024E5A81FF0BEFCE5E70323F393043B9F
:1050D000F493F5930027894B6B441F700C22390021
:1050E000F7A819F0BBFFF797F897F9978448F7AB43
:1050F0000393824B6B440293F5AB0193F4AB0093A3
:10510000F3ABECAAE5A9FBF78DFF07E01024F7A8A5
:10511000FBF7EBF9ECA81FF095FCD2E77949FFAA61
:105120000432FAA8FBF71EFA01E00F24EFE77649F4
:10513000FFAA2032FFA80830FBF714FA04E00F247E
:10514000FAA81FF07FFCE2E70323FFAA24321360D2
:10515000043BFFAA28321360FFAA2C3213600027F9
:10516000FFAB33331F700C223900FFA8343019F025
:1051700075FFFFAB34331F60FFAB38331F60FFABED
:105180003C331F606148FFAB34330393FFAB3333D1
:105190000293FFAB2C330193FFAB28330093FFAB9B
:1051A0002433FFAA0832FAA9FBF73CFF09E00F24D9
:1051B000FFA83430FBF799F9FFA808301FF042FC34
:1051C000BEE75349FFAA5832FFA84030FBF7CAF99F
:1051D00001E00E24ECE74F49FFAA7432FFA85C30CF
:1051E000FBF7C0F905E00E24FFA840301FF02AFCB1
:1051F000DEE70123FFAA783213600027FFAA7C3282
:105200001760FF225242FFA980310A60FFAA87324D
:1052100013700C223900FFA8883019F01FFFFFAB74
:1052200088331F60FFAB8C331F60FFAB90331F6070
:105230003948FFAB88330393FFAB87330293FFAB4F
:1052400080330193FFAB7C330093FFAB7833FFAA2D
:105250005C32FFA94031FBF7E5FE09E00E24FFA810
:105260008830FBF742F9FFA85C301FF0EBFBBBE78F
:105270002A49FFAAAC32FFA89430FBF773F901E08A
:105280000D24ECE71849FFAAC832FFA8B030FBF79D
:1052900069F945E00D24FFA894301FF0D3FBDEE749
:1052A0005CF4FFFFFFFF0000A40B0000982A002021
:1052B0009C2A0020681C0020641C0020601C002028
:1052C000581C00205C1C00206C1C0020701C00205E
:1052D0007C1C002064250020A40900009C0900001B
:1052E00070250020B40900006C0603101C1D00206E
:1052F000870300006CE3021070E30210DB03000080
:10530000681D00202847031074E30210B41D00201C
:1053100080E3021084E30210001E002040FE021011
:105320000323FFAACC321360043BFFAAD0321360E0
:10533000FFAAD43213600027FFABDB331F700C22AF
:105340003900FFA8DC3019F089FEFFABDC331F60A9
:10535000FFABE0331F60FFABE4331F60D848FFAB07
:10536000DC330393FFABDB330293FFABD433019306
:10537000FFABD0330093FFABCC33FFAAB032FFA911
:105380009431FBF74FFE09E00D24FFA8DC30FBF75A
:10539000ACF8FFA8B0301FF055FB7CE7C949CA4AFA
:1053A0006A44FFA8E830FBF7DDF801E00C24ECE7E5
:1053B000C649A322D2006A44A020C0006844FBF77B
:1053C000D1F805E00C24FFA8E8301FF03BFBDCE738
:1053D0000423BF4A6A4413600023A422D2006A4413
:1053E00013600533BB4A6A441360BB4B6B44012214
:1053F0001A70BA49A822D2006A44ACA8FBF7B2F8E6
:1054000011E005260C240522921B18235343ACAA55
:10541000D518ACAB9D4201D101F069FC183D2800C4
:105420001FF010FBF5E7AE49AE4A6A44B2A8FBF79D
:1054300099F802E004260C24E5E7AB49A922D20042
:105440006A44B8A8FBF78EF802E003260C24DAE7DA
:10545000A649A74A6A44BEA8FBF784F802E00226E0
:105460000C24D0E7A349AA22D2006A44C4A8FBF7BF
:1054700079F801E00C24C6E79F49A04A6A44CAA80B
:10548000FBF770F802E000260C24BCE7ACA9A723C8
:10549000DB006B4419600622994B6B441A60AB2306
:1054A000DB006B4497486844FBF7F2F90BE00C24EF
:1054B000D0ADACAB9D4201D101F016FC183D2800E7
:1054C0001FF0C0FAF5E790488E4B6B440393824B74
:1054D0006B4402937F4B6B440193A423DB006B442A
:1054E00000937B4B6B44A022D2006A44FFA9E831B1
:1054F000FBF798FD05E00C2482486844FAF7F5FFB5
:10550000D6E78249824A6A4482486844FBF72AF80F
:1055100001E00B24F0E78049B222D2006A44AF20B8
:10552000C0006844FBF71EF805E00B247948684486
:105530001FF088FAE0E70223784A6A441360033BCD
:10554000B322D2006A441360754A6A441360754BF3
:105550006B4401221A700B320021734B6B4418000C
:1055600019F07CFD0023704A6A441360B522D20012
:105570006A4413606D4A6A4413606D486A4B6B4419
:105580000393684B6B440293654B6B440193B323C5
:10559000DB006B440093614B6B44AF22D2006A4442
:1055A0005C496944FBF73EFD0AE00B245E48684411
:1055B000FAF79BFFAF20C00068441FF043FAB5E73D
:1055C0005C49B922D2006A44B620C0006844FAF7A8
:1055D000C9FF01E00A24E9E75749584A6A44584894
:1055E0006844FAF7BFFF06E00A24B620C00068440A
:1055F0001FF028FADAE70123BD22D2006A441360C3
:105600000A22504969440A605A32BE21C9006944DD
:105610000A604D4A6A4413700C220021BF23DB004C
:105620006B44180019F01AFD0023BF22D2006A440F
:105630001360464A6A441360C022D2006A44136071
:105640004348BF23DB006B4403933F4B6B440293FF
:10565000BE23DB006B4401933A4B6B440093BD23A4
:10566000DB006B44364A6A44B621C9006944FBF743
:10567000D9FC0AE00A24BF20C0006844FAF735FFCD
:105680002F4868441FF0DEF9AFE73249324A6A44D6
:1056900032486844FAF766FF01E00924EBE7304935
:1056A000C722D2006A44C420C0006844FAF75AFFF7
:1056B00058E00924294868441FF0C4F9DBE7C046D4
:1056C0004C1E002094E30210FC04000098E302103A
:1056D0001C050000240500002B0500003CE302101F
:1056E00044E30210440500004CE3021054E30210AE
:1056F0004C0500005CE3021064E302105405000056
:105700003C0500002C050000981E0020A8E30210B4
:10571000740500005C050000ACE302109405000075
:105720009C050000A3050000A4050000AC050000D6
:10573000E41E0020BCE30210C0E30210E4050000F8
:10574000CC050000EC050000F7050000FC0500009A
:10575000301F0020D4E302101C06000004060000E5
:105760006C0603100323E04A6A441360043BC8221A
:10577000D2006A441360DD4A6A4413600027DC4BA0
:105780006B441F700C223900DA4B6B44180019F07F
:1057900065FCD84B6B441F60CA23DB006B441F6061
:1057A000D54B6B441F60D548D24B6B440393D04B11
:1057B0006B440293CD4B6B440193C823DB006B44D5
:1057C0000093C94B6B44C422D2006A44CC4969445B
:1057D000FBF728FC0AE00924C6486844FAF785FE6E
:1057E000C420C00068441FF02DF963E7C549CE22EC
:1057F000D2006A44CB20C0006844FAF7B3FE01E04F
:105800000824E9E7C049C14A6A44C1486844FAF734
:10581000A9FE06E00824CB20C00068441FF012F95E
:10582000DAE70223D222D2006A441360033BB94A6A
:105830006A441360D322D2006A441360B64B6B44AF
:1058400001221A700B320021D423DB006B441800B4
:1058500019F004FC0023D422D2006A441360AF4A3A
:105860006A441360D522D2006A441360AC48D42342
:10587000DB006B440393A84B6B440293D323DB0000
:105880006B440193A34B6B440093D223DB006B4426
:105890009F4A6A44CB21C9006944FBF7C3FB0AE075
:1058A0000824D420C0006844FAF71FFE98486844D2
:1058B0001FF0C8F8AFE79B499B4A6A449B4868447D
:1058C000FAF750FE01E00724EBE79949DC22D20009
:1058D0006A44D920C0006844FAF744FE05E0072472
:1058E000924868441FF0AEF8DBE70423914A6A440B
:1058F00013600023DD22D2006A44136003338E4A12
:105900006A4413608D4B6B4401221A708C49E1226A
:10591000D2006A4494A8FAF725FE11E00326072472
:105920000322921B1823534394AAD51894AB9D428B
:1059300001D101F0D2F9183D28001FF083F8F5E7F6
:105940008049814A6A449AA8FAF70CFE02E00226CE
:105950000724E5E77D49E222D2006A44A0A8FAF7CD
:1059600001FE01E00724DBE779497A4A6A44A6A8E8
:10597000FAF7F8FD02E000260724D1E794A9E02316
:10598000DB006B4419600422734B6B441A60E32301
:10599000DB006B4471486844FAF77AFF0BE0072498
:1059A000ACAD94AB9D4201D101F094F9183D2800B3
:1059B0001FF048F8F5E76A48684B6B4403935F4B68
:1059C0006B4402935C4B6B440193DD23DB006B441F
:1059D0000093584B6B44D922D2006A44534969441E
:1059E000FBF720FB05E007245C486844FAF77DFDDF
:1059F000D6E75C495C4A6A445C486844FAF7B2FD01
:105A000001E00624F0E75A49EA22D2006A44E7207E
:105A1000C0006844FAF7A6FD05E006245348684430
:105A20001FF010F8E0E70223524A6A441360033B78
:105A3000EB22D2006A4413604F4A6A4413604F4B12
:105A40006B4401221A700B3200214D4B6B4418003D
:105A500019F004FB00234A4A6A441360ED22D20085
:105A60006A441360474A6A4413604748444B6B4496
:105A70000393424B6B4402933F4B6B440193EB23E4
:105A8000DB006B4400933B4B6B44E722D2006A443B
:105A900036496944FBF7C6FA0AE0062438486844E8
:105AA000FAF723FDE720C00068441EF0CBFFB5E7FE
:105AB0003649F122D2006A44EE20C0006844FAF769
:105AC00051FD01E00524E9E73149324A6A44324890
:105AD0006844FAF747FD61E00524EE20C000684401
:105AE0001EF0B0FFDAE7C0463C06000044060000A6
:105AF0004B0600004C060000540600007C1F0020EE
:105B000004060000D8E30210DCE302108C0600005B
:105B100074060000940600009F060000A406000022
:105B2000C81F0020ECE30210C4060000AC06000011
:105B3000F0E30210E4060000EC060000F3060000AB
:105B4000FCE3021010E402100C07000020E4021035
:105B50002CE402101407000004070000F406000003
:105B60001420002038E40210340700001C07000055
:105B70003CE40210540700005C07000063070000CB
:105B8000640700006C0700006020002054E402104D
:105B900058E40210A40700008C0700000123F5223E
:105BA000D2006A4413600027DB4A6A44176064220B
:105BB000F621C90069440A60D84A6A4413700C226D
:105BC0003900F723DB006B44180019F047FAF7237C
:105BD000DB006B441F60D24B6B441F60F823DB007B
:105BE0006B441F60CF48F723DB006B440393CB4B20
:105BF0006B440293F623DB006B440193C64B6B446A
:105C00000093F523DB006B44C74A6A44EE21C900C8
:105C10006944FBF707FA0AE00524F720C00068444E
:105C2000FAF763FCC04868441EF00CFF55E7BF4913
:105C3000BF4A6A44BF486844FAF794FC01E0042470
:105C4000EBE7BD49FF22D2006A44FC20C000684453
:105C5000FAF788FC05E00424B64868441EF0F2FE1A
:105C6000DBE70223B54A6A441360033B802212013A
:105C70006A441360B24A6A441360B24B6B44012217
:105C80001A700B320021B04B6B44180019F0E6F982
:105C90000023AD4A6A441360812212016A441360F2
:105CA000AA4A6A441360AA48A74B6B440393A54BC6
:105CB0006B440293A24B6B44019380231B016B4402
:105CC00000939E4B6B44FC22D2006A44994969447C
:105CD000FBF7A8F90AE004249B486844FAF705FC9E
:105CE000FC20C00068441EF0ADFEB5E79949832250
:105CF00012016A4498486844FAF734FC01E003242E
:105D0000EAE79649964A6A4496486844FAF72AFCB4
:105D100005E00324904868441EF094FEDCE702236B
:105D2000852212016A441360033B8F4A6A44136060
:105D30008E4A6A44136000278D4B6B441F700C22FF
:105D4000390086231B016B44180019F087F986235C
:105D50001B016B441F60874B6B441F60864B6B4479
:105D60001F60864886231B016B440393804B6B4462
:105D700002937E4B6B4401937B4B6B4400938523D2
:105D80001B016B44774A6A4473496944FBF74AF93B
:105D90000AE00324862000016844FAF7A6FB714854
:105DA00068441EF04FFEB5E77549764A6A44764866
:105DB0006844FAF7D7FB01E00224EBE767498A223F
:105DC00012016A4471486844FAF7CCFB05E00224EA
:105DD0006D4868441EF036FEDCE703236C4A6A44D3
:105DE0001360043B6B4A6A4413606B4A6A44136055
:105DF00000276A4B6B441F700C223900684B6B44C0
:105E0000180019F02BF9664B6B441F60654B6B440F
:105E10001F60654B6B441F606448614B6B44039388
:105E20005E4B6B4402935C4B6B440193594B6B4448
:105E30000093574B6B44554A6A4453496944FBF7F6
:105E4000F1F80AE0022656486844FAF74EFB4F483C
:105E500068441EF0F7FD3400BAE75549554A6A44D4
:105E60008C2000016844FAF77DFB3C49524A6A44A1
:105E700052486844FAF776FB0027514B6B441F6089
:105E800001235B424F4A6A441360902212016A4424
:105E900013604D4B6B441F700C2239004B4B6B440D
:105EA000180019F0DBF8494B6B441F60484B6B44FA
:105EB0001F6091231B016B441F604648434B6B449A
:105EC0000393414B6B44029390231B016B4401935A
:105ED0003C4B6B4400933A4B6B44384A6A448C21E8
:105EE00009016944FBF79EF83B493C4A6A443C4837
:105EF0006844FAF737FB75E0002634486844FAF73F
:105F0000F4FA2E4868441EF09DFD8C200001684480
:105F10001EF098FD97E7C046AC070000B7070000E9
:105F2000BC070000AC2000208C07000068E40210D1
:105F3000DC070000C40700006CE40210FC0700004E
:105F4000040800000B0800000C0800001408000002
:105F5000F820002078E40210180800006C060310F6
:105F60004C080000340800005408000058080000E5
:105F70005F08000064080000680800004421002059
:105F80007CE40210840800006C080000880800000F
:105F9000A4080000A8080000AC080000B308000036
:105FA000B4080000B8080000BC08000090210020E0
:105FB00080E40210D8080000F4080000DC080000AB
:105FC000F8080000FC0800000709000008090000AC
:105FD0000C090000DC21002088E402102C090000DC
:105FE00014090000F549F64A6A4493200001684408
:105FF000FAF7B8FA0523F34A6A441360063B952280
:1060000012016A441360F04A6A4413600026EF4BA1
:106010006B441E700C223100ED4B6B44180019F0DC
:106020001DF8EB4B6B441E6096231B016B441E60F6
:10603000E84B6B441E60E848E54B6B440393E34B2D
:106040006B440293E04B6B44019395231B016B441B
:106050000093DC4B6B44932212016A44DF4969448C
:10606000FAF7E0FFDA486844FAF73FFA93200001B4
:1060700068441EF0E7FCD94868441EF0E3FCD848A9
:106080006844FAF732FAD74868441EF0DBFC8C20EB
:10609000000168441EF0D6FCD3486844FAF725FA9C
:1060A000D24868441EF0CEFCD14868441EF0CAFCB9
:1060B000862000016844FAF718FACE4868441EF0BA
:1060C000C1FCCD4868441EF0BDFCCC486844FAF7DA
:1060D0000CFAFC20C00068441EF0B4FCC8486844B8
:1060E0001EF0B0FCF720C0006844FAF7FEF9C5487E
:1060F00068441EF0A7FCEE20C00068441EF0A2FC1D
:10610000C1486844FAF7F1F9E720C00068441EF07E
:1061100099FCBE4868441EF095FCBD486844FAF7F7
:10612000E4F9ACAE94AB9E4204D0183E30001EF0B1
:1061300089FCF7E7D920C00068441EF083FCB5480D
:1061400068441EF07FFCD420C0006844FAF7CDF903
:10615000B14868441EF076FCCB20C00068441EF0B5
:1061600071FCAE486844FAF7C0F9C420C000684426
:106170001EF068FCAA4868441EF064FCBF20C00002
:106180006844FAF7B2F9A74868441EF05BFCB620F1
:10619000C00068441EF056FCA3486844FAF7A5F90D
:1061A000AF20C00068441EF04DFCA04868441EF0BB
:1061B00049FC9F486844FAF798F9D0AEACAB9E42D0
:1061C00004D0183E30001EF03DFCF7E7A020C000D0
:1061D00068441EF037FCFFA8E8301EF033FCFFA82F
:1061E000DC30FAF782F9FFA8B0301EF02BFCFFA8D4
:1061F00094301EF027FCFFA88830FAF776F9FFA844
:106200005C301EF01FFCFFA840301EF01BFCFFA8F6
:106210003430FAF76AF9FFA808301EF013FCFAA828
:106220001EF010FCF7A8FAF760F9ECA81EF00AFCC3
:10623000E5A81EF007FCE2A8FAF757F9D7A81EF068
:1062400001FCD0A81EF0FEFBFEF78AFE794A7A49CF
:10625000ACAE3000FAF79EF9784B6B441E60012219
:10626000774B6B441A607748774B6B440293774BBC
:106270006B44019397231B016B440093002331006F
:10628000FAF748FEB6AEACAB9E4201D1FEF770FE07
:10629000283E30001830FAF7F8F830001EF0D2FB34
:1062A000F1E76B48FAF7BDFBFEF76AFE4349694820
:1062B000694A6A44FAF756F9FEF76AFE3F496748A9
:1062C000982212016A44FAF74DF9FEF769FE644913
:1062D0006448654A6A44FAF745F964496448654A7E
:1062E0006A44FAF73FF910E0042605239B1B1824A3
:1062F0005C435C4BE4185B4B9C4201D100F09FFD7A
:10630000183C20001EF09EFBF5E75B495B485C4AA9
:106310006A44FAF727F901E00326E6E759495A48A3
:10632000992212016A44FAF71DF901E00226DCE71E
:1063300056495748574A6A44FAF714F95649574894
:10634000574A6A44FAF70EF9FEF732FE0026CCE708
:10635000544B00221A705A60022199601C31197343
:106360005A73FEF72DFE9C21090169444E4B0A0029
:1063700083CB83C283CB83C29C21090169444B4BED
:106380006B44196003224A4B6B441A6049484A4BDC
:106390006B44FEF7A7FD93E0202622239B1B0C24D1
:1063A0005C43464BE418454B9C4201D100F04EFD46
:1063B0000C3C2000FEF778FBF5E7C0466C060310A6
:1063C000480900004C090000540900005B09000066
:1063D0005C09000064090000282200201409000064
:1063E00008090000DC080000B4080000880800006C
:1063F0006C08000034080000180800000C080000B9
:10640000C40700008C070000640700001C070000A0
:10641000F4060000AC060000740600004C06000004
:1064200004060000CC050000A40500005C05000087
:106430002C050000411F011080E4021068090000D3
:106440006C090000001D002078090000740900009C
:10645000D81C0020A81C00207C090000C01C0020C3
:106460003CE30210742200208409000044E302107F
:106470008C220020880900004CE30210A422002096
:106480008C09000054E30210BC2200205CE30210DF
:10649000D42200209409000064E30210EC220020C2
:1064A00098090000042300200CE70210B80900003E
:1064B000BC0900007C250020D809000064250020CC
:1064C000E8496944E84B0A0083CB83C283CB83C28B
:1064D000E4496944E54B6B44196003229E231B0188
:1064E0006B441A60E248E34B6B44FEF7FBFC01E0AF
:1064F0001F2652E704A9E04B0A0083CB83C283CB5B
:1065000083C203CB03C204A9A0231B016B441960FF
:106510000422DA4B6B441A60D948DA4B6B44FEF71D
:10652000E1FC01E01E2638E7D74FD8480C239946F6
:106530001A00002118F092FD00239846FB633B648B
:106540007B64380048304A46190018F087FD4346FE
:10655000BB64FB643B650CA9CD4B0A0083CB83C2B3
:1065600083CB83C203CB03C20CA9CA4B6B44196013
:106570000422A1231B016B441A60C748C74B6B441C
:10658000FEF7B0FC01E01B2607E714A9C44B0A0084
:1065900083CB83C283CB83C203CB03C214A9C14B79
:1065A0006B4419600422C04B6B441A60BF48A2239D
:1065B0001B016B44FEF796FC01E01A26EDE6BC4990
:1065C000382294A818F050FD94A9BA4B6B44196076
:1065D0000722B94B6B441A60B848B94B6B44FEF7BD
:1065E00081FC01E01926D8E6B6493822ACA818F09B
:1065F0003BFDACA9A3231B016B4419600722B24BDE
:106600006B441A60B148B24B6B44FEF76BFC01E07F
:106610001826C2E6AF496944AF4B0A0083CB83C258
:1066200083CB83C2AB496944AC4B6B4419600322F2
:10663000A4231B016B441A60A948AA4B6B44FEF7C4
:1066400051FC01E01726A8E61CA9A74B0A0083CB42
:1066500083C283CB83C203CB03C21CA9A6231B0125
:106660006B4419600422A14B6B441A60A048A14BF3
:106670006B44FEF737FC01E016268EE624A99E4BFC
:106680000A0083CB83C283CB83C203CB03C224A97A
:106690009A4B6B4419600422A7231B016B441A60B8
:1066A0009748984B6B44FEF71DFC01E0152674E6F5
:1066B0002CA9954B0A0083CB83C283CB83C203CB27
:1066C00003C22CA9914B6B4419600422904B6B447C
:1066D0001A609048A8231B016B44FEF703FC01E0FD
:1066E00014265AE600238C4A6A441360013BA9220F
:1066F00012016A44136088496944884B6B441960ED
:106700000122874B6B441A608648874B6B44FEF727
:10671000E9FB01E0132640E60C23AA2212016A4499
:1067200013600D3B814A6A441360AA210901694440
:106730007F4B6B44196001227E4B6B441A607E488C
:106740007E4B6B44FEF7CEFB01E0122625E6652367
:106750007B4A6A441360663B7A4A6A4413607A4B08
:106760006B44774A6A441A600122AB231B016B44D5
:106770001A607648764B6B4471496944FEF7B2FB68
:1067800001E0112609E67123724A6A441360723BE4
:10679000714A6A441360AC231B016B446D4A6A441E
:1067A0001A6001226D4B6B441A606D48AD231B01CA
:1067B0006B4468496944FEF795FB01E01026ECE55F
:1067C000314F68480C2399461A00002118F046FC06
:1067D00000239846E4334246FA500433FA50043317
:1067E000FA503800F0304A46414618F037FCF023A2
:1067F0004246FA500433FA500433FA5034A95A4B43
:106800000A0083CB83C283CB83C203CB03C234A9E8
:10681000564B6B4419600422554B6B441A60554823
:10682000554B6B44FEF75EFB01E00D26B5E53CA938
:10683000524B0A0083CB83C283CB83C203CB03C2F8
:106840003CA9AE231B016B44196004224C4B6B44E2
:106850001A604C484C4B6B44FEF744FB96E00C2608
:106860009BE5C046E409000024E70210DC090000B3
:1068700088250020FC0900003CE70210040A000003
:1068800094250020080A000064250020A02500208F
:106890005CE702100C0A0000B8250020140A000072
:1068A0007CE70210180A00001C0A0000C425002022
:1068B0009CE70210240A0000280A0000D0250020CE
:1068C0002C0A0000D4E70210340A0000DC25002066
:1068D000380A0000440A00000CE802103C0A0000DC
:1068E000E82500205C0A000024E80210640A000089
:1068F000F4250020680A000044E802106C0A000039
:1069000000260020740A000064E80210780A0000E3
:106910007C0A00000C2600208C0A0000840A00007B
:10692000880A000018260020940A0000A40A00002B
:10693000980A00009C0A000024260020A80A0000F3
:10694000B40A0000B80A0000AC0A0000302600209B
:10695000BC0A0000C80A0000CC0A0000C40A0000FB
:106960003C2600204826002084E80210D40A0000BB
:10697000D80A000060260020DC0A0000A4E802100B
:10698000E40A00006C260020E80A000044A9E44B59
:106990000A0083CB83C283CB83C203CB03C244A947
:1069A000E04B6B4419600422AF231B016B441A6057
:1069B000DD48DE4B6B44FEF795FA01E00B26ECE474
:1069C0004CA9DB4B0A0083CB83C283CB83C203CBAE
:1069D00003C24CA9D74B6B4419600422D64B6B44BD
:1069E0001A60D648B0231B016B44FEF77BFA01E026
:1069F0000A26D2E454A9D24B0A0083CB83C283CBAC
:106A000083C203CB03C254A9CE4B6B44196004224A
:106A1000CD4B6B441A60CD48CD4B6B44FEF762FA08
:106A200001E00926B9E474A9CA4B0A0083CB83C2EA
:106A300083CB83C283CB83C21B68136074A9B12349
:106A40001B016B4419600522C34B6B441A60C34899
:106A5000C34B6B44FEF746FA01E008269DE488A983
:106A6000C04B0A0083CB83C283CB83C283CB83C258
:106A700083CB83C288A9BC4B6B4419600622B22326
:106A80001B016B441A60B948B94B6B44FEF72AFAF4
:106A900001E0072681E45CA9B64B0A0083CB83C2E0
:106AA00083CB83C203CB03C25CA9B34B6B44196095
:106AB0000422B24B6B441A60B148B3231B016B44F0
:106AC000FEF710FA01E0062667E464A9AD4B0A0060
:106AD00083CB83C283CB83C203CB03C264A9AA4BFB
:106AE0006B4419600422A94B6B441A60A848A94B57
:106AF0006B44FEF7F7F901E005264EE46CA9A64BBE
:106B00000A0083CB83C283CB83C203CB03C26CA9AD
:106B1000B4231B016B4419600422A04B6B441A6020
:106B20009F48A04B6B44FEF7DDF901E0042634E4F6
:106B30009D4969448C469D4B0A0083CB83C283CB1D
:106B400083C29B4B6B4462461A600322B5231B0130
:106B50006B441A609748984B6B446146FEF7C2F944
:106B600001E0032619E47EA9944B0A0083CB83C27B
:106B700083CB83C283CB83C21B6813607EA9B723F8
:106B80001B016B44196005228D4B6B441A608D48C4
:106B90008D4B6B44FEF7A6F902E00226FFF7FDFBE2
:106BA0008A4969448C468A4B0A0083CB83C283CBD3
:106BB00083C2884B6B4462461A600322B8231B01D0
:106BC0006B441A608448854B6B446146FEF78AF932
:106BD000834E84480C22002118F040FA0022CC2178
:106BE000490072500431725004317250FEF79AF924
:106BF0007D4A1368013B1360002B08D17B4C03E0F6
:106C00000C3C2000FDF750FF754B9C42F8D1784AB0
:106C10001368013B1360002B08D1764C764B9C42E5
:106C200004D0183C20001DF00DFFF7E7734A1368ED
:106C3000013B1360002B20D0714A1368013B1360A5
:106C4000002B1ED06F4A1368013B1360002B1CD031
:106C50006D4A1368013B1360002B1AD06B4A13680E
:106C6000013B1360002B18D1694C6A4B9C4214D035
:106C70004C3C2000F9F749FCF7E767481DF0E2FEBD
:106C8000DAE766481DF0DEFEDCE76548F9F751FDFE
:106C9000DEE76448F9F745FEE0E763488168F9F705
:106CA0006AFFFEF746F961486844F9F71EFC932035
:106CB000000168441DF0C6FE5D4868441DF0C2FE38
:106CC0000026FFF71AF9F7E7FFF717F9FFF71DF9A5
:106CD000FFF7B9F80326FEF723FED920C000684469
:106CE0001DF0B0FEFEF7FCFD0526FEF78CFBA02094
:106CF000C00068441DF0A6FEFEF765FB1CF0E4FB37
:106D0000B6ACACAB9C4208D0283C20001830F9F758
:106D1000BCFB20001DF096FEF3E71CF0D5FBC0463F
:106D2000C4E80210EC0A000078260020F40A0000F3
:106D3000E4E80210F80A0000FC0A000084260020A3
:106D400004E90210040B0000080B0000902600204C
:106D50000C0B000024E90210140B00009C260020FC
:106D6000180B00004CE902101C0B0000A8260020A4
:106D7000240B00007CE90210280B00002C0B000003
:106D8000B42600209CE90210340B0000380B0000F0
:106D9000C02600203C0B0000BCE90210440B0000A0
:106DA000CC260020480B0000540B0000DCE9021048
:106DB0004C0B0000D82600206C0B0000F4E90210F8
:106DC000740B0000E4260020780B0000840B000008
:106DD0001CEA02107C0B0000F02600209C0B000037
:106DE00064250020FC2600207C1C002008270020B1
:106DF0006C1C002004230020742200205C1C002056
:106E0000581C0020601C0020641C0020681C00200E
:106E1000742200201C1D0020C01C0020A81C002083
:106E2000D81C0020001D0020982A00205C090000CA
:106E3000140900000526FFF758FAFFF756FA1CF070
:106E400043FB2126FFF7A9FAFFF7A7FA1CF03CFB4A
:106E500010B502490120FEF75BF810BDFFFF0000EE
:106E600010B50400024B036007F030FE200010BD97
:106E700090EB021010B50400FFF7F2FF0421200090
:106E80001CF084FA200010BD10B5040007F02EFE9F
:106E9000014B2360200010BD90EB0210F0B5C646F8
:106EA00000B586B005000E001F00531E032B08D945
:106EB000D31F0D2B17D9103B0B2B17D90323984643
:106EC00001E0022398465400A21892000F4951187D
:106ED00003A8FDF726FE0097434603AA31002800C9
:106EE00007F032FF05E001239846ECE700239846BF
:106EF000E9E703A8FDF7D8FD06B080BCB846F0BDB1
:106F000003A8FDF7D1FD1CF0DFFAC046A028002041
:106F1000F8B5CE46474680B504000D0091461F00E7
:106F2000089E0521180017F00DF88846002905DC99
:106F3000914B5B7B002B07D0F30705D43300112264
:106F400029002000FFF7AAFF4346012B05DC8A4BEE
:106F50005B7B002B07D0F30705D4330012222900F6
:106F60002000FFF79BFF4346022B05DC824B5B7B37
:106F7000002B07D0F30705D433001322290020008B
:106F8000FFF78CFF4346032B05DC7B4B5B7B002B21
:106F900007D0F30705D43300142229002000FFF79F
:106FA0007DFF3300012229002000FFF777FF330027
:106FB000022229002000FFF771FF3300032229007D
:106FC0002000FFF76BFF4B46002B05D0172B09D88D
:106FD0009A006A4B9B589F463300222229002000CA
:106FE000FFF75CFF7B1F98461D2B5AD93B00233BC4
:106FF000182B5DD94346042B61D90A3F312F64D841
:10700000BF005F4BDB599F46330017222900200049
:10701000FFF744FFE6E73300182229002000FFF7BE
:107020003DFFDFE73300192229002000FFF736FF7C
:10703000D8E733001A2229002000FFF72FFFD1E7FD
:1070400033001B2229002000FFF728FFCAE7330086
:107050001C2229002000FFF721FFC3E733001D2277
:1070600029002000FFF71AFFBCE733001E22290089
:107070002000FFF713FFB5E733001F22290020008F
:10708000FFF70CFFAEE73300202229002000FFF7B6
:1070900005FFA7E73300212229002000FFF7FEFEAD
:1070A000A0E73300072229002000FFF7F7FEA1E741
:1070B0003300082229002000FFF7F0FE9AE7330092
:1070C000092229002000FFF7E9FEC0BCB946B046FE
:1070D000F8BD33000A2229002000FFF7DFFEF4E7A5
:1070E00033000E2229002000FFF7D8FE33001022C3
:1070F00029002000FFF7D2FEE7E733000C22290029
:107100002000FFF7CBFEE0E733000F22290020002C
:10711000FFF7C4FED9E733000F2229002000FFF754
:10712000BDFED2E73300092229002000FFF7B6FE9A
:10713000CBE733000C2229002000FFF7AFFEC4E7A5
:1071400033000E2229002000FFF7A8FE3300102292
:1071500029002000FFF7A2FEB7E733000A2229002A
:107160002000FFF79BFEB0E7330009222900200032
:10717000FFF794FEA9E7C0460423002034EA02107A
:1071800094EA0210F0B5CE46474680B5D94CA544E6
:1071900004000D0001280CD0002C04D1D64B9D42D8
:1071A00001D101F042FED54B9D44C0BCB946B0466A
:1071B000F0BDD14B9942EFD1D14B00221A719A60A8
:1071C000D049D96019615A61CF4B1E6801361E60E3
:1071D000012E58D0CD4A136801331360012B01D121
:1071E00001F052F9CA4A136801331360012B01D12F
:1071F00001F075F9C74A136801331360012B01D1FF
:1072000001F072F9C44A136801331360012B01D1F4
:1072100001F072F9C14B1E6801361E60012E01D1CA
:1072200001F072F9BE4A136801331360012B01D1DA
:1072300001F0ACF9BB4B1E6801361E60012EABD1CC
:10724000B94F0C220021380017F008FF00233B60E3
:107250007B60BB6005A9B54B0A0083CB83C283CB9F
:1072600083C203CB03C205A9B14B6B44196004224E
:10727000B04B6B441A60B04897231B016B44FDF779
:1072800031FE01F08EF9AD49C9AAC3A8F9F76AF930
:1072900010E0112411231B1B4C245C43A84BE41861
:1072A000A74B9C4201D101F0DAFE4C3C2000F9F7DB
:1072B0002CF9F5E7A149D0AACAA8F9F753F904E0D7
:1072C0001124C3A81DF0BEFBE4E70027D1970123DA
:1072D0005B42D293D3939B4B6B441F700C223900BB
:1072E000D5A817F0BBFED597D697D7979448D5ABBE
:1072F0000393944B6B440293D3AB0193D2AB0093B3
:10730000D1ABCAAAC3A9F9F78DFE07E01124D5A80D
:10731000F9F7EBF8CAA81DF095FBD2E78A49DEAA77
:10732000D8A8F9F71FF901E01024F0E78749E5AA8A
:10733000DFA8F9F717F904E01024D8A81DF082FBA4
:10734000E5E70323E693043BE793E8930027804BAC
:107350006B441F700C223900EAA817F07FFEEA97F1
:10736000EB97EC977B48EAAB0393794B6B44029322
:10737000E8AB0193E7AB0093E6ABDFAAD8A9F9F736
:1073800051FE07E01024EAA8F9F7AFF8DFA81DF0D6
:1073900059FBD2E77049F3AAEDA8F9F7E3F801E049
:1073A0000F24F0E76D49FAAAF4A8F9F7DBF804E036
:1073B0000F24EDA81DF046FBE5E70323FB93043BF8
:1073C000FC93FD930027664B6B441F700C22390021
:1073D000FFA817F043FEFF97FFAB04331F60FFAB1E
:1073E00008331F605F48FFAB03935D4B6B44029310
:1073F000FDAB0193FCAB0093FBABF4AAEDA9F9F74D
:1074000011FE07E00F24FFA8F9F76FF8F4A81DF0AC
:1074100019FBCEE75449FFAA2432FFA80C30F9F734
:10742000A1F801E00E24EEE75049FFAA4032FFA880
:107430002830F9F797F805E00E24FFA80C301DF06E
:1074400001FBE0E70123FFAA443213600027FFAAF3
:1074500048321760FF225242FFA94C310A60FFAA4E
:10746000533213700C223900FFA8543017F0F6FD88
:10747000FFAB54331F60FFAB58331F60FFAB5C336F
:107480001F603B48FFAB54330393FFAB533302936E
:10749000FFAB4C330193FFAB48330093FFAB443356
:1074A000FFAA2832FFA90C31F9F7BCFD09E00E2430
:1074B000FFA85430F9F719F8FFA828301DF0C2FAD8
:1074C000BBE72C49FFAA7832FFA86030F9F74AF8E9
:1074D00001E00D24ECE71949FFAA9432FFA87C30A3
:1074E000F9F740F848E00D24FFA860301DF0AAFA33
:1074F000DEE7C0467CF4FFFFFFFF0000840B0000C6
:10750000B02A0020B42A0020681C0020641C00203F
:10751000601C0020581C00205C1C00206C1C0020FB
:10752000701C0020841C0020A02800209CEB02106E
:10753000680900006C090000AC2800206C060310EC
:107540001C1D0020530300006CE3021070E30210C6
:10755000A7030000681D00202847031074E30210F1
:10756000FB030000B41D002080E3021084E302103E
:10757000001E002040FE02100323FFAA9832136071
:10758000043BFFAA9C321360FFAAA03213600027BD
:10759000FFABA7331F700C223900FFA8A83017F0EB
:1075A0005DFDFFABA8331F60FFABAC331F60FFABCB
:1075B000B0331F60D548FFABA8330393FFABA733AD
:1075C0000293FFABA0330193FFAB9C330093FFAB5F
:1075D0009833FFAA7C32FFA96031F9F723FD09E057
:1075E0000D24FFA8A830F8F780FFFFA87C301DF01D
:1075F00029FA79E7C649FFAACC32FFA8B430F8F7D8
:10760000B1FF01E00C24ECE7C249FFAAE832FFA871
:10761000D030F8F7A7FF05E00C24FFA8B4301DF028
:1076200011FADEE70423FFAAEC3213600023FFAA5D
:10763000F03213600533FFAAF4321360FFABFB3363
:1076400001221A70B449B54A6A449FA8F8F78AFF24
:1076500011E005260C240522921B182353439FAAF0
:10766000D5189FAB9D4201D101F0F3FC183D2800D5
:107670001DF0E8F9F5E7AA49A222D2006A44A5A8BC
:10768000F8F770FF02E004260C24E4E7A549A64AB7
:107690006A44ABA8F8F766FF02E003260C24DAE799
:1076A000A249A322D2006A44B1A8F8F75BFF02E026
:1076B00002260C24CFE79E499E4A6A44B7A8F8F7F1
:1076C00051FF01E00C24C6E79B49A422D2006A4482
:1076D000BDA8F8F747FF02E000260C24BBE79FA9EE
:1076E000964B6B4419600622A123DB006B441A60A1
:1076F000934B6B44FFA8FC30F9F7CAF80BE00C245D
:10770000C3AD9FAB9D4201D101F0A0FC183D280004
:107710001DF098F9F5E78B48FFABFC330393FFAB03
:10772000FB330293FFABF4330193FFABF0330093D1
:10773000FFABEC33FFAAD032FFA9B431F9F772FCEA
:1077400005E00C24FFA8FC30F8F7CFFED8E77E490F
:10775000A822D2006A44A520C0006844F8F702FFBE
:1077600001E00B24EEE77949794A6A447948684494
:10777000F8F7F8FE06E00B24A520C00068441DF0D1
:1077800061F9DFE70223AC22D2006A441360033BB5
:10779000714A6A441360AD22D2006A4413606F4B91
:1077A0006B4401221A700B320021AE23DB006B44C4
:1077B000180017F053FC0023AE22D2006A44136075
:1077C000674A6A441360AF22D2006A441360654876
:1077D000AE23DB006B440393604B6B440293AD23F9
:1077E000DB006B4401935C4B6B440093AC23DB00E8
:1077F0006B44584A6A44A521C9006944F9F712FC50
:107800000AE00B24AE20C0006844F8F76EFE514831
:1078100068441DF017F9AFE75349544A6A44544885
:107820006844F8F79FFE01E00A24EBE75149B622CD
:10783000D2006A44B320C0006844F8F793FE05E024
:107840000A244B4868441DF0FDF8DBE701234A4A4F
:107850006A4413600A22B721C90069440A605A3297
:10786000464969440A60464A6A4413700C22002162
:10787000444B6B44180017F0F1FB0023414A6A4463
:107880001360B922D2006A4413603F4A6A4413600D
:107890003E483C4B6B440393394B6B440293374B4C
:1078A0006B440193B723DB006B440093324B6B4472
:1078B000B322D2006A442E496944F9F7B3FB0AE0C7
:1078C0000A2430486844F8F710FEB320C00068442A
:1078D0001DF0B8F8B5E72E49BD22D2006A44BA209F
:1078E000C0006844F8F73EFE01E00924E9E72949B1
:1078F000294A6A4429486844F8F734FE50E00924CC
:10790000BA20C00068441DF09DF8DAE74C1E002044
:1079100094E3021098E302103CE302100C0500000F
:1079200044E302104CE302101405000054E302107B
:107930005CE302101C05000064E302100405000073
:1079400024050000981E0020A8E30210ACE30210FA
:107950005C05000044050000640500006F050000A0
:1079600074050000E41E0020BCE302109405000032
:107970007C050000C0E30210B4050000BC05000057
:10798000C3050000C4050000CC050000301F002026
:10799000D4E302106C06031004060000EC0500009E
:1079A0000323C122D2006A441360043BE14A6A44C3
:1079B0001360C222D2006A4413600027DE4B6B447E
:1079C0001F700C223900C323DB006B44180017F032
:1079D00045FBC323DB006B441F60D84B6B441F6027
:1079E000C423DB006B441F60D548C323DB006B441A
:1079F0000393D14B6B440293C223DB006B4401938E
:107A0000CC4B6B440093C123DB006B44CD4A6A44EA
:107A1000BA21C9006944F9F705FB0AE00924C3202B
:107A2000C0006844F8F761FDC64868441DF00AF8D4
:107A300066E7C549C54A6A44C5486844F8F792FDF7
:107A400001E00824EBE7C349CB22D2006A44C820F6
:107A5000C0006844F8F786FD05E00824BC48684487
:107A60001CF0F0FFDBE70223BB4A6A441360033BD0
:107A7000CC22D2006A441360B84A6A441360B84BFF
:107A80006B4401221A700B320021B64B6B44180074
:107A900017F0E4FA0023B34A6A441360CE22D200FE
:107AA0006A441360B04A6A441360B048AD4B6B44FB
:107AB0000393AB4B6B440293A84B6B440193CC23D1
:107AC000DB006B440093A44B6B44C822D2006A4491
:107AD0009F496944F9F7A6FA0AE00824A1486844D6
:107AE000F8F703FDC820C00068441CF0ABFFB5E701
:107AF0009F49D222D2006A44CF20C0006844F8F7E0
:107B000031FD01E00724E9E79A499B4A6A449B4812
:107B10006844F8F727FD06E00724CF20C00068443A
:107B20001CF090FFDAE70423D622D2006A441360E7
:107B30000023934A6A4413600333D722D2006A4475
:107B40001360904B6B4401221A708F498F4A6A442C
:107B500087A8F8F707FD11E0032607240322921BEC
:107B60001823534387AAD51887AB9D4201D101F052
:107B700067FA183D28001CF065FFF5E78449DB2211
:107B8000D2006A448DA8F8F7EDFC02E00226072433
:107B9000E4E78049804A6A4493A8F8F7E3FC01E0EF
:107BA0000724DBE77D49DC22D2006A4499A8F8F774
:107BB000D9FC02E000260724D0E787A9784B6B4464
:107BC00019600422DA23DB006B441A60754B6B44A6
:107BD000D820C0006844F8F75BFE0BE007249FAD97
:107BE00087AB9D4201D101F028FA183D28001CF016
:107BF00029FFF5E76C48D823DB006B440393614B06
:107C00006B440293D723DB006B4401935C4B6B44C2
:107C10000093D623DB006B44584A6A44CF21C90045
:107C20006944F9F7FFF906E00724D820C00068444A
:107C3000F8F75BFCD3E75D49E022D2006A44DD201F
:107C4000C0006844F8F78EFC01E00624EDE75849CF
:107C5000584A6A4458486844F8F784FC06E0062409
:107C6000DD20C00068441CF0EDFEDEE70223E422C4
:107C7000D2006A441360033B504A6A441360E52211
:107C8000D2006A4413604E4B6B4401221A700B32CF
:107C90000021E623DB006B44180017F0DFF9002316
:107CA000E622D2006A441360464A6A441360E7221F
:107CB000D2006A4413604448E623DB006B4403931C
:107CC0003F4B6B440293E523DB006B4401933B4B3A
:107CD0006B440093E423DB006B44374A6A44DD21A4
:107CE000C9006944F9F79EF90AE00624E620C000BD
:107CF0006844F8F7FAFB304868441CF0A3FEAFE78D
:107D00003249334A6A4433486844F8F72BFC01E0AF
:107D10000524EBE73049EE22D2006A44EB20C00094
:107D20006844F8F71FFC59E005242A4868441CF011
:107D300089FEDBE70C060000170600001C060000A9
:107D40007C1F0020EC050000D8E302103C06000078
:107D500024060000DCE302105C060000640600005C
:107D60006B0600006C06000074060000C81F0020AF
:107D7000ECE30210F0E30210AC06000094060000F1
:107D8000B4060000BF060000FCE30210D4060000A9
:107D900010E4021020E40210DC0600002CE40210C3
:107DA000CC060000E40600001420002038E4021095
:107DB0003CE402101C070000040700002407000038
:107DC0002F070000340700006020002054E4021058
:107DD000540700003C07000058E402100123DF4A6A
:107DE0006A4413600027EF22D2006A4417606422BD
:107DF000DB4969440A60DB4A6A4413700C2239008B
:107E0000D94B6B44180017F029F9D74B6B441F600E
:107E1000F123DB006B441F60D44B6B441F60D448DC
:107E2000D14B6B440393CF4B6B440293CC4B6B44CD
:107E30000193EF23DB006B440093C84B6B44EB22B0
:107E4000D2006A44CB496944F9F7ECF80AE005240A
:107E5000C5486844F8F749FBEB20C00068441CF0B3
:107E6000F1FD62E7C449F522D2006A44F220C00065
:107E70006844F8F777FB01E00424E9E7BF49C04A0A
:107E80006A44C0486844F8F76DFB06E00424F22019
:107E9000C00068441CF0D6FDDAE70223F922D200C4
:107EA0006A441360033BB84A6A441360FA22D20062
:107EB0006A441360B54B6B4401221A700B320021E7
:107EC000FB23DB006B44180017F0C8F80023FB22EB
:107ED000D2006A441360AE4A6A441360FC22D200A6
:107EE0006A441360AB48FB23DB006B440393A74B4E
:107EF0006B440293FA23DB006B440193A24B6B4467
:107F00000093F923DB006B449E4A6A44F221C900C6
:107F10006944F9F787F80AE00424FB20C0006844AC
:107F2000F8F7E3FA974868441CF08CFDAFE79A49EC
:107F30009A4A6A449A486844F8F714FB01E003241B
:107F4000EBE79849984A6A44802000016844F8F7B2
:107F500009FB05E00324924868441CF073FDDCE74C
:107F60000223924A6A441360033B822212016A444C
:107F700013608F4A6A44136000278E4B6B441F7056
:107F80000C2239008C4B6B44180017F067F88A4BB1
:107F90006B441F6083231B016B441F60874B6B4442
:107FA0001F608748844B6B440393824B6B4402935E
:107FB0007F4B6B44019382231B016B4400937B4BEB
:107FC0006B44802212016A4475496944F9F72AF822
:107FD0000AE0032478486844F8F787FA8020000113
:107FE00068441CF02FFDB6E77649852212016A44E9
:107FF00075486844F8F7B6FA01E00224EAE76949EF
:10800000724A6A4472486844F8F7ACFA05E0022400
:108010006D4868441CF016FDDCE70323872212013B
:108020006A441360043B6B4A6A4413606A4A6A44B8
:1080300013600027694B6B441F700C2239008823A2
:108040001B016B44180017F009F888231B016B44CF
:108050001F60634B6B441F60624B6B441F60624840
:1080600088231B016B4403935C4B6B4402935A4B74
:108070006B440193574B6B44009387231B016B4464
:10808000534A6A4450496944F8F7CCFF0BE0022692
:10809000882000016844F8F728FA4D4868441CF02D
:1080A000D1FC3400B4E75149514A6A44514868440C
:1080B000F8F758FA3B498C2212016A444E4868444A
:1080C000F8F750FA00274D4B6B441F6001235B42C9
:1080D0004B4A6A4413604B4A6A4413604A4B6B44F0
:1080E0001F700C223900494B6B44180016F0B6FF84
:1080F000464B6B441F60464B6B441F60454B6B44C3
:108100001F604548414B6B4403933F4B6B440293C4
:108110003C4B6B4401933A4B6B440093374B6B449D
:10812000354A6A4433496944F8F77CFF3B493C4A85
:108130006A448E2000016844F8F714FA72E00026C1
:1081400032486844F8F7D1F92B4868441CF07AFCAF
:10815000284868441CF076FC9AE7C0467407000083
:108160007C07000083070000840700008C070000E4
:10817000AC2000203C07000068E402106CE4021010
:10818000C4070000AC070000CC070000D7070000C0
:10819000DC070000F820002078E40210FC07000053
:1081A000E40700006C060310180800001C0800001B
:1081B000240800002B0800002C08000034080000F0
:1081C000442100207CE40210380800006C08000004
:1081D0005408000074080000780800007F080000C0
:1081E00084080000880800009021002080E402102C
:1081F000A40800008C080000A8080000C4080000C3
:10820000C8080000CC080000D3080000D408000013
:10821000D8080000DC080000DC21002088E40210FF
:10822000F8080000F249F34A6A44F3486844F8F752
:1082300099F90523F14A6A441360063BF04A6A44FF
:108240001360922212016A4413600026ED4B6B44C6
:108250001E700C223100EC4B6B44180016F0FEFE31
:10826000E94B6B441E60E94B6B441E6093231B017A
:108270006B441E60E648E44B6B440393E14B6B4454
:10828000029392231B016B440193DD4B6B440093DB
:10829000DA4B6B44D84A6A448E2109016944F8F7E5
:1082A000C1FED9486844F8F720F9D34868441CF067
:1082B000C9FB8E20000168441CF0C4FBD54868440B
:1082C000F8F713F9D44868441CF0BCFBD348684461
:1082D0001CF0B8FB882000016844F8F706F9D04884
:1082E00068441CF0AFFBCF4868441CF0ABFBCE48A1
:1082F0006844F8F7FAF88020000168441CF0A2FBFB
:10830000CA4868441CF09EFBFB20C0006844F8F794
:10831000ECF8C74868441CF095FBF220C0006844A4
:108320001CF090FBC3486844F8F7DFF8EB20C0006E
:1083300068441CF087FBC04868441CF083FBE620BF
:10834000C0006844F8F7D1F8BC4868441CF07AFBD8
:10835000DD20C00068441CF075FBD820C0006844D4
:10836000F8F7C3F89FAE87AB9E4204D0183E3000AA
:108370001CF068FBF7E7B24868441CF063FBCF20B1
:10838000C00068441CF05EFBAE486844F8F7ADF8E6
:10839000C820C00068441CF055FBAB4868441CF082
:1083A00051FBC320C0006844F8F79FF8A748684411
:1083B0001CF048FBBA20C00068441CF043FBA448F2
:1083C0006844F8F792F8B320C00068441CF03AFB08
:1083D000A04868441CF036FBAE20C0006844F8F7A3
:1083E00084F89D4868441CF02DFBA520C00068441B
:1083F0001CF028FBFFA8FC30F8F777F8C3AE9FAB62
:108400009E4204D0183E30001CF01CFBF7E7FFA88A
:10841000D0301CF017FBFFA8B4301CF013FBFFA8F2
:10842000A830F8F762F8FFA87C301CF00BFBFFA81F
:1084300060301CF007FBFFA85430F8F756F8FFA88F
:1084400028301CF0FFFAFFA80C301CF0FBFAFFA844
:10845000F8F74BF8F4A81CF0F5FAEDA81CF0F2FAC6
:10846000EAA8F8F742F8DFA81CF0ECFAD8A81CF04C
:10847000E9FAD5A8F8F739F8CAA81CF0E3FAC3A8B6
:108480001CF0E0FAFEF7A6FE744A75499FAE300074
:10849000F8F780F8734B6B441E600122724B6B44FB
:1084A0001A607248724B6B44029394231B016B4415
:1084B0000193704B6B44009300233100F8F72AFDC1
:1084C000A9AE9FAB9E4201D1FEF78CFE283E300044
:1084D0001830F7F7DAFF30001CF0B4FAF1E766481D
:1084E000F8F79FFAFEF786FE41496448644A6A44F9
:1084F000F8F738F8FEF786FE3D496248624A6A445A
:10850000F8F730F8FEF786FE6049614895221201BF
:108510006A44F8F727F85F495F48604A6A44F8F709
:1085200021F810E0042605239B1B18245C43584BBC
:10853000E418574B9C4201D100F0A7FD183C2000E5
:108540001CF080FAF5E756495648574A6A44F8F74E
:1085500009F801E00326E6E754495548554A6A44BC
:10856000F8F700F801E00226DDE753495348962268
:1085700012016A44F7F7F6FF51495248524A6A44D9
:10858000F7F7F0FFFEF74EFE0026CCE74F4B002238
:108590001A705A60022199601C3119735A73FEF7E0
:1085A00049FE4B4A6A444B4B83CB83C21B68136022
:1085B00047496944484B6B4419600222474B6B445E
:1085C0001A604748474B6B44FCF78CFC8EE0212631
:1085D00023239B1B0C245C43434BE418424B9C42DB
:1085E00001D100F059FD0C3C2000FCF75DFAF5E7E5
:1085F0006C06031014090000FC08000018090000B4
:108600001C09000027090000280900002C090000AF
:1086100028220020D4080000A80800008C080000D0
:1086200054080000380800002C080000E40700008F
:10863000AC070000840700003C07000004070000AE
:10864000940600006C06000024060000EC05000003
:10865000C40500007C05000044050000411F011016
:1086600080E402103409000038090000001D0020D9
:10867000440900003C090000D81C0020A81C002070
:1086800048090000C01C00204C0900003CE3021017
:108690007422002044E302108C22002054090000C0
:1086A0004CE30210A42200205809000054E30210F9
:1086B000BC2200205C0900005CE30210D4220020F0
:1086C00064E30210EC22002064090000042300206F
:1086D0007C090000BCEB021074090000780900005E
:1086E000B82800208C090000A0280020D449694443
:1086F000D44B0A0083CB83C283CB83C2D049694465
:1087000099231B016B4419600322CF4B6B441A6001
:10871000CE489B231B016B44FCF7E4FB01E02026C1
:1087200056E70023CA4A6A44136007339C221201A9
:108730006A441360C6496944C64B6B441960012200
:10874000C54B6B441A60C548C54B6B44FCF7CAFB6C
:1087500001E01F263CE7C34FC3480C2399461A008B
:10876000002116F07BFC00239846FB633B647B648E
:10877000380048304A46190016F070FC4346BB6486
:10878000FB643B659D231B016B4442461A60072333
:10879000B64A6A4413609D2109016944B44B6B4495
:1087A00019600122B34B6B441A60B348B34B6B445E
:1087B000FCF798FB01E01C260AE70DAAB04B83CB1F
:1087C00083C2110085CB85C105CB05C10DA9AD4B79
:1087D0006B44196004229E231B016B441A60AA4853
:1087E000AA4B6B44FCF77EFB01E01B26F0E657A981
:1087F000A74B0A0083CB83C283CB83C283CB83C2C4
:1088000083CB83C257A9A34B6B4419600622A24BAA
:108810006B441A60A1489F231B016B44FCF762FB69
:1088200001E01A26D4E625AA9D4B83CB83C2110012
:1088300085CB85C185CB85C11B680B6025A9994B6C
:108840006B4419600522984B6B441A609748984B0B
:108850006B44FCF747FB01E01926B9E6814F9548C8
:108860000C22002116F0FAFB002284217A500431F8
:108870007A5004317A502FAA8F4B83CB83C21100D8
:1088800085CB85C185CB85C11B680B602FA9A02333
:108890001B016B4419600522884B6B441A608848A1
:1088A000884B6B44FCF71EFB01E0172690E66D4FEA
:1088B00085480C22002116F0D1FB00229C217A5021
:1088C00004317A5004317A50804A6A44804B83CB19
:1088D00083C21B6813607D4969447E4B6B441960F9
:1088E0000222A1231B016B441A607B487B4B6B4423
:1088F000FCF7F8FA01E015266AE639AA784B83CB33
:1089000083C2110085CB85C185CB85C11B680B60F7
:1089100039A9744B6B4419600522734B6B441A6080
:108920007248A3231B016B44FCF7DCFA01E0142618
:108930004EE663A96E4B0A0083CB83C283CB83C20E
:1089400083CB83C283CB83C263A96A4B6B44196018
:108950000622694B6B441A606848694B6B44FCF70C
:10896000C1FA01E0132633E60023664A6A44136025
:10897000013B654A6A44136062496944A4231B01B0
:108980006B4419600122614B6B441A606048A52357
:108990001B016B44FCF7A6FA01E0122618E60C2333
:1089A0005C4A6A4413600D3BA62212016A441360BC
:1089B00058496944584B6B4419600122574B6B442A
:1089C0001A605748574B6B44FCF78CFA01E01126AC
:1089D000FEE56523A72212016A441360663B524AF2
:1089E0006A441360A72109016944504B6B44196024
:1089F00001224F4B6B441A604E484F4B6B44FCF7BF
:108A000071FA01E01026E3E571234C4A6A441360D1
:108A1000723B4B4A6A4413604A4B6B44474A6A4470
:108A20001A600122A8231B016B441A604648474B79
:108A30006B4442496944FCF755FA89E00F26C7E5C3
:108A400098090000CCEB021094090000C428002013
:108A5000BC090000B4090000B8090000D0280020BB
:108A6000C4090000A0280020DC280020D409000050
:108A7000C8090000CC090000F4280020D809000033
:108A8000E4EB0210DC09000000290020E4090000EA
:108A900004EC0210E8090000EC0900000C29002099
:108AA00034EC0210F4090000F80900001829002035
:108AB000FC090000242900205CEC0210040A0000DC
:108AC00030290020080A00003C290020140A000078
:108AD00084EC02100C0A000048290020240A00003F
:108AE00094EC0210280A00002C0A000054290020EF
:108AF000BCEC0210340A0000380A00006029002093
:108B00003C0A0000480A00004C0A0000440A000029
:108B10006C2900205C0A0000540A0000580A00007A
:108B200078290020640A0000740A0000680A000026
:108B30006C0A000084290020780A0000840A0000E2
:108B4000880A00007C0A0000902900208C0A00009E
:108B5000E34FE4480C2399461A00002116F07EFAF0
:108B600000239846FC334246FA500433FA5004334B
:108B7000FA5038000930FF304A46414616F06EFA86
:108B800084235B004246FA500433FA500433FA500F
:108B9000D54969448C46D54B0A0083CB83C283CB2D
:108BA00083C2A9231B016B4462461A600322D04B87
:108BB0006B441A60CF48AB231B016B446146FCF742
:108BC00091F901E00C2603E5CB4969448C46CB4B77
:108BD0000A0083CB83C283CB83C2C94B6B446246FA
:108BE0001A600322C74B6B441A60C748C74B6B44DB
:108BF0006146FCF777F901E00B26E9E4AE210901B3
:108C000069448C46C24B0A0083CB83C283CB83C2A8
:108C1000C04B6B4462461A600322BF4B6B441A6020
:108C2000BE48BF4B6B446146FCF75CF901E00A2685
:108C3000CEE4BC4938229FA816F016FA9FA9BA4B79
:108C40006B4419600722B0231B016B441A60B748BC
:108C5000B74B6B44FCF746F901E00926B8E46FA96D
:108C6000B44B0A0083CB83C283CB83C283CB83C242
:108C700083CB83C26FA9B04B6B4419600622AF4B04
:108C80006B441A60AE48B1231B016B44FCF72AF910
:108C900001E008269CE4AB4969448C46AA4B0A00D3
:108CA00083CB83C283CB83C2A84B6B4462461A60DA
:108CB0000322A74B6B441A60A648A74B6B4461463E
:108CC000FCF710F901E0072682E443AAA34B83CB0B
:108CD00083C2110085CB85C185CB85C11B680B6024
:108CE00043A99F4B6B44196005229E4B6B441A604D
:108CF0009D48B4231B016B44FCF7F4F801E0062601
:108D000066E415AA994B83CB83C2110085CB85C13C
:108D100005CB05C115A9964B6B4419600422954BF0
:108D20006B441A609448954B6B44FCF7DBF801E008
:108D300005264DE41DAA924B83CB83C2110085CB3F
:108D400085C105CB05C11DA9B5231B016B44196065
:108D500004228C4B6B441A608B488C4B6B44FCF7A1
:108D6000C1F801E0042633E44DAA894B83CB83C2CA
:108D7000110085CB85C185CB85C11B680B604DA9D2
:108D8000844B6B4419600522B6231B016B441A60A7
:108D90008148824B6B44FCF7A5F801E0032617E4F9
:108DA0007BAA7F4B83CB83C2110085CB85C185CB4A
:108DB00085C185CB85C17BA97A4B6B44196006229E
:108DC000794B6B441A607948B7231B016B44FCF75D
:108DD00089F802E00226FFF7FBFB87AA744B83CBDE
:108DE00083C2110085CB85C185CB85C185CB85C16B
:108DF00087A9704B6B44196006226F4B6B441A6055
:108E00006E486F4B6B44FCF76DF8354E6D480C2285
:108E1000002116F023F90022D221490072500431BA
:108E2000725004317250FEF7B7F9674A1368013B7C
:108E30001360002B08D1654C03E00C3C2000FBF7CD
:108E400033FE274B9C42F8D1614A1368013B136003
:108E5000002B08D15F4C604B9C4204D0183C200092
:108E60001BF0F0FDF7E75D4A1368013B1360002B30
:108E700020D05B4A1368013B1360002B1ED0594A77
:108E80001368013B1360002B1CD0574A1368013B49
:108E90001360002B1AD0554A1368013B1360002B56
:108EA00018D1534C534B9C4214D04C3C2000F7F744
:108EB0002CFBF7E750481BF0C5FDDAE74F481BF0E5
:108EC000C1FDDCE74E48F7F734FCDEE74D48F7F725
:108ED00028FDE0E74C488168F7F74DFEFEF763F99F
:108EE000A02800209C290020980A0000ECEC021029
:108EF000940A0000B4290020BC0A000004ED02100E
:108F0000B40A0000B80A0000C0290020D40A0000FA
:108F10001CED0210D80A0000DC0A0000CC29002059
:108F2000F80A000034ED0210FC0A0000D8290020E5
:108F3000040B00006CED0210080B00000C0B00008D
:108F4000E42900201C0B00009CED0210140B000013
:108F5000180B0000F0290020340B0000B4ED0210C3
:108F6000380B00003C0B0000FC290020DCED021057
:108F7000440B0000480B0000082A00204C0B0000A6
:108F8000FCED0210540B0000142A0020580B0000C6
:108F90001CEE02105C0B0000202A0020640B000075
:108FA00044EE0210680B00006C0B00002C2A00201D
:108FB00074EE0210740B0000780B0000382A0020B9
:108FC0007C0B0000442A0020841C0020502A002032
:108FD0006C1C002004230020742200205C1C002054
:108FE000581C0020601C0020641C0020681C00200D
:108FF000742200201C1D0020C01C0020A81C002082
:10900000D81C0020001D0020B02A002023486844FE
:10901000F7F76BFA224868441BF014FD8E2000011C
:1090200068441BF00FFD0026FFF78AF8F6E7FFF70C
:1090300087F8FFF78DF8FFF72BF80326FEF78EFD74
:10904000184868441BF0FEFCFEF767FD0526FEF796
:1090500002FBFFA8D0301BF0F5FCFEF7DEFA1AF099
:1090600033FAA9AC9FAB9C4208D0283C20001830B2
:10907000F7F70BFA20001BF0E5FCF3E71AF024FAEF
:109080000526FFF750FAFFF74EFA1AF01DFA2226CE
:10909000FFF79EFAFFF79CFA1AF016FA280900006B
:1090A000FC0800009406000010B502490120FEF7FC
:1090B00069F810BDFFFF000010B50400024B03600B
:1090C00005F004FD200010BD00F0021010B50400F2
:1090D000FFF7F2FF042120001AF058F9200010BD1C
:1090E00010B5040005F002FD014B2360200010BD07
:1090F00000F00210F0B5C64600B586B005000E00BF
:109100001F00531E022B08D9931F0A2B17D90D3BA2
:109110000D2B17D90323984601E0022398465400EB
:10912000A21892000F49511803A8FBF7FAFC009708
:10913000434603AA3100280005F006FE05E001239E
:109140009846ECE700239846E9E703A8FBF7ACFC58
:1091500006B080BCB846F0BD03A8FBF7A5FC1AF02A
:10916000B3F9C04608270020F8B5CE46474680B57B
:1091700006000F0015001C00089B984605212000E2
:1091800014F0E0FE8946002906DCA94B5B7B002B2E
:1091900008D04346DB0705D443460D223900300092
:1091A000FFF7A8FF4B46012B06DCA14B5B7B002B96
:1091B00008D04346DB0705D443460E223900300071
:1091C000FFF798FF4B46022B06DC994B5B7B002B8D
:1091D00008D04346DB0705D443460F223900300050
:1091E000FFF788FF4B46032B06DC914B5B7B002B84
:1091F00008D04346DB0705D443461022390030002F
:10920000FFF778FF4346012239003000FFF772FF75
:109210004346022239003000FFF76CFF0C2D14DDAD
:109220004346202239003000FFF764FF272C04DD7D
:10923000681C182114F086FE0D00002D0CD0172D8F
:1092400010D8AD007B4B5B599F4643461F22390027
:109250003000FFF74FFFE9E743461E223900300098
:10926000FFF748FF651F132D61D923001E3B092B13
:109270006CD92300193B042B6FD92300283B132BF7
:1092800072D9042C59D84346032239003000FFF725
:1092900031FF52E04346132239003000FFF72AFF26
:1092A000E0E74346142239003000FFF723FFD9E7F7
:1092B0004346152239003000FFF71CFFD2E7434632
:1092C000162239003000FFF715FFCBE7434617227F
:1092D00039003000FFF70EFFC4E74346182239007B
:1092E0003000FFF707FFBDE7434619223900300081
:1092F000FFF700FFB6E743461A2239003000FFF7B8
:10930000F9FEAFE743461B2239003000FFF7F2FEBB
:10931000A8E743461C2239003000FFF7EBFEA1E727
:1093200043461D2239003000FFF7E4FE9AE743462A
:109330000C2239003000FFF7DDFE042D1BD90A3C5A
:10934000312C1ED8A4003C4B1B599F4643460C228F
:1093500039003000FFF7CEFEEFE743460A2239001E
:109360003000FFF7C7FEE8E743460A223900300025
:10937000FFF7C0FEE1E74346082239003000FFF75F
:10938000B9FEC0BCB946B046F8BD43460922390013
:109390003000FFF7AFFEF4E7434606223900300005
:1093A000FFF7A8FEEDE74346072239003000FFF73C
:1093B000A1FEE6E74346082239003000FFF79AFE97
:1093C00043460B2239003000FFF794FED9E74346AD
:1093D0000B2239003000FFF78DFED2E7434608220A
:1093E00039003000FFF786FE43460B22390030007B
:1093F000FFF780FEC5E74346072239003000FFF73C
:1094000079FEBEE74346062239003000FFF772FEC0
:10941000B7E74346092239003000FFF76BFEB0E79B
:109420004346082239003000FFF764FEA9E7C04632
:1094300004230020A4EE021004EF0210F0B5C6468B
:1094400000B5D24CA54404000D0001280BD0002C1F
:1094500004D1CF4B9D4201D101F0E4FDCD4B9D44A1
:1094600080BCB846F0BDCA4B9942F0D1CA4B00222D
:109470001A719A60C949D96019615A61C84B1E684E
:1094800001361E60012E57D0C64A1368013313609F
:10949000012B01D101F030F9C34A13680133136085
:1094A000012B01D101F053F9C04A13680133136055
:1094B000012B01D101F050F9BD4A1368013313604B
:1094C000012B01D101F050F9BA4B1E6801361E6024
:1094D000012E01D101F050F9B74A1368013313602E
:1094E000012B01D101F08AF9B44A136801331360EA
:1094F000012BACD1B24E0C220021300015F0AEFD94
:10950000002333607360B360932212016A441360D6
:10951000536001219160D3601100AA4B6B441A6023
:109520000222A94B6B441A60A84894231B016B4488
:10953000FBF7D8FC01F06DF9A549B9AAB3A8F7F774
:1095400011F810E0112411231B1B4C245C43A14B88
:10955000E418A04B9C4201D101F0E8FD4C3C2000F6
:10956000F6F7D3FFF5E79A49C0AABAA8F6F7FAFFCB
:1095700004E01124B3A81BF065FAE4E70027C197C3
:1095800001235B42C293C393934B6B441F700C2225
:109590003900C5A815F062FDC597C697C7978D48D5
:1095A000C5AB03938C4B6B440293C3AB0193C2AB2B
:1095B0000093C1ABBAAAB3A9F7F734FD07E01124B1
:1095C000C5A8F6F792FFBAA81BF03CFAD2E7834988
:1095D000CEAAC8A8F6F7C6FF01E01024F0E780493C
:1095E000D5AACFA8F6F7BEFF04E01024C8A81BF048
:1095F00029FAE5E70323D693043BD793D8930027B2
:10960000784B6B441F700C223900DAA815F026FD48
:10961000DA97DB97DC977448DAAB0393714B6B44B2
:109620000293D8AB0193D7AB0093D6ABCFAAC8A90E
:10963000F7F7F8FC07E01024DAA8F6F756FFCFA8F2
:109640001BF000FAD2E76949E3AADDA8F6F78AFF22
:1096500001E00F24F0E76649EAAAE4A8F6F782FFE2
:1096600004E00F24DDA81BF0EDF9E5E70323EB93FD
:10967000043BEC93ED9300275E4B6B441F700C2270
:109680003900EFA815F0EAFCEF97F097F1975A48E8
:10969000EFAB0393574B6B440293EDAB0193ECABF1
:1096A0000093EBABE4AADDA9F7F7BCFC07E00F24BD
:1096B000EFA8F6F71AFFE4A81BF0C4F9D2E74F4968
:1096C000F8AAF2A8F6F74EFF01E00E24F0E74C49A5
:1096D000FFAAF9A8F6F746FF04E00E24F2A81BF053
:1096E000B1F9E5E70123FFAA043213600027FFAABE
:1096F00008321760FF225242FFA90C310A60FFAA0C
:10970000133213700C223900FFA8143015F0A6FC98
:10971000FFAB14331F60FFAB18331F60FFAB1C336C
:109720001F603848FFAB14330393FFAB133302932E
:10973000FFAB0C330193FFAB08330093FFAB043353
:10974000F9AAF2A9F7F76EFC08E00E24FFA814307E
:10975000F6F7CBFEF9A81BF075F9BFE72A49FFAA77
:109760003832FFA82030F6F7FDFE01E00D24EDE7CA
:109770001749FFAA5432FFA83C30F6F7F3FE45E044
:109780000D24FFA820301BF05DF9DFE7D8F4FFFFC0
:10979000FFFF0000280B0000C82A0020CC2A002070
:1097A000681C0020641C0020601C0020581C002045
:1097B0005C1C00206C1C0020701C0020801C002001
:1097C00008270020280900002C0900001427002089
:1097D0006C0603101C1D0020130300006CE3021034
:1097E00070E3021067030000681D00202847031083
:1097F00074E30210BB030000B41D002080E30210DC
:1098000084E30210001E002040FE02100323FFAA82
:1098100058321360043BFFAA5C321360FFAA603227
:1098200013600027FFAB67331F700C223900FFA8BD
:10983000683015F013FCFFAB68331F60FFAB6C336F
:109840001F60FFAB70331F60D248FFAB68330393D8
:10985000FFAB67330293FFAB60330193FFAB5C3325
:109860000093FFAB5833FFAA3C32FFA92031F7F732
:10987000D9FB09E00D24FFA86830F6F736FEFFA8F3
:109880003C301BF0DFF87CE7C349FFAA8C32FFA80D
:109890007430F6F767FE01E00C24ECE7BF49FFAA3D
:1098A000A832FFA89030F6F75DFE05E00C24FFA873
:1098B00074301BF0C7F8DEE70423FFAAAC32136054
:1098C0000023FFAAB03213600533FFAAB43213603D
:1098D000FFABBB3301221A70B149FFAAD0328FA867
:1098E000F6F740FE11E005260C240522921B1823F2
:1098F00053438FAAD5188FAB9D4201D101F010FCC4
:10990000183D28001BF09EF8F5E7A649FFAAD432BF
:1099100095A8F6F727FE02E004260C24E5E7A24905
:10992000FFAAD8329BA8F6F71DFE02E003260C24FE
:10993000DBE79E49FFAADC32A1A8F6F713FE02E09E
:1099400002260C24D1E79A49FFAAE032A7A8F6F72D
:1099500009FE01E00C24C8E79649FFAAE432ADA84D
:10996000F6F700FE02E000260C24BEE78FA9FFAB4D
:10997000C83319600622FFABCC331A60FFABE83363
:10998000FFA8BC30F6F784FF0BE00C24B3AD8FAB1F
:109990009D4201D101F0C1FB183D28001BF052F897
:1099A000F5E78548FFABBC330393FFABBB330293B2
:1099B000FFABB4330193FFABB0330093FFABAC33D9
:1099C000FFAA9032FFA97431F7F72CFB05E00C24B5
:1099D000FFA8BC30F6F789FDD8E77849A022D2006D
:1099E0006A44FFA8EC30F6F7BDFD01E00B24EFE779
:1099F0007349744A6A4474486844F6F7B3FD05E055
:109A00000B24FFA8EC301BF01DF8E1E70223A42291
:109A1000D2006A441360033B6C4A6A441360A52277
:109A2000D2006A4413606A4B6B4401221A700B32F5
:109A30000021A623DB006B44180015F00FFB002368
:109A4000A622D2006A441360624A6A441360A722C5
:109A5000D2006A4413606048A623DB006B44039382
:109A60005B4B6B440293A523DB006B440193574B84
:109A70006B440093A423DB006B44534A6A44FFA960
:109A8000EC31F7F7CFFA0AE00B24A620C0006844B7
:109A9000F6F72BFD4C4868441AF0D4FFB1E74F4964
:109AA0004F4A6A444F486844F6F75CFD01E00A24D7
:109AB000EBE74D49AE22D2006A44AB20C0006844B7
:109AC000F6F750FD05E00A24464868441AF0BAFF4C
:109AD000DBE70123454A6A4413600A22AF21C9002B
:109AE00069440A605A32424969440A60414A6A44F8
:109AF00013700C220021404B6B44180015F0AEFA95
:109B000000233D4A6A441360B122D2006A441360C4
:109B10003A4A6A4413603A48374B6B440393354BD7
:109B20006B440293324B6B440193AF23DB006B44D5
:109B300000932E4B6B44AB22D2006A4429496944FE
:109B4000F7F770FA0AE00A242B486844F6F7CDFCD0
:109B5000AB20C00068441AF075FFB5E72949B5226B
:109B6000D2006A44B220C0006844F6F7FBFC01E072
:109B70000924E9E72449254A6A4425486844F6F758
:109B8000F1FC47E00924B220C00068441AF05AFFF3
:109B9000DAE7C0464C1E002094E3021098E302105E
:109BA0003CE3021044E302104CE3021054E30210C1
:109BB0005CE3021064E30210981E0020A8E3021088
:109BC000ACE302101C0500000405000024050000A1
:109BD0002F05000034050000E41E0020BCE3021045
:109BE000540500003C050000C0E3021074050000AD
:109BF0007C05000083050000840500008C05000042
:109C0000301F0020D4E302106C060310C4050000CE
:109C1000AC0500000323B922D2006A441360043B60
:109C2000E14A6A441360BA22D2006A4413600027F2
:109C3000DE4B6B441F700C223900BB23DB006B44EE
:109C4000180015F00BFABB23DB006B441F60D84BE8
:109C50006B441F60BC23DB006B441F60D548BB23F3
:109C6000DB006B440393D14B6B440293BA23DB00BC
:109C70006B440193CC4B6B440093B923DB006B44E2
:109C8000CD4A6A44B221C9006944F7F7CBF90AE02A
:109C90000924BB20C0006844F6F727FCC648684486
:109CA0001AF0D0FE6FE7C549C54A6A44C548684402
:109CB000F6F758FC01E00824EBE7C349C322D200C1
:109CC0006A44C020C0006844F6F74CFC05E0082454
:109CD000BC4868441AF0B6FEDBE70223BB4A6A447C
:109CE0001360033BC422D2006A441360B84A6A443A
:109CF0001360B84B6B4401221A700B320021B64B33
:109D00006B44180015F0AAF90023B34A6A441360A3
:109D1000C622D2006A441360B04A6A441360B04855
:109D2000AD4B6B440393AB4B6B440293A84B6B441A
:109D30000193C423DB006B440093A44B6B44C0220B
:109D4000D2006A449F496944F7F76CF90AE0082495
:109D5000A1486844F6F7C9FBC020C00068441AF067
:109D600071FEB5E79F49CA22D2006A44C720C000ED
:109D70006844F6F7F7FB01E00724E9E79A499B4AB4
:109D80006A449B486844F6F7EDFB06E00724C720C9
:109D9000C00068441AF056FEDAE70423CE22D2004F
:109DA0006A4413600023934A6A4413600333CF224A
:109DB000D2006A441360904B6B4401221A708F49A1
:109DC0008F4A6A4477A8F6F7CDFB11E003260724F3
:109DD0000322921B1823534377AAD51877AB9D42D1
:109DE00001D101F094F9183D28001AF02BFEF5E797
:109DF0008449D322D2006A447DA8F6F7B3FB02E07F
:109E000002260724E4E78049804A6A4483A8F6F7DB
:109E1000A9FB01E00724DBE77D49D422D2006A4494
:109E200089A8F6F79FFB02E000260724D0E777A970
:109E3000784B6B4419600422D223DB006B441A6018
:109E4000754B6B44D020C0006844F6F721FD0BE051
:109E500007248FAD77AB9D4201D101F055F9183D34
:109E600028001AF0EFFDF5E76C48D023DB006B44C7
:109E70000393614B6B440293CF23DB006B4401934C
:109E80005C4B6B440093CE23DB006B44584A6A441E
:109E9000C721C9006944F7F7C5F806E00724D020B8
:109EA000C0006844F6F721FBD3E75D49D822D20011
:109EB0006A44D520C0006844F6F754FB01E006244C
:109EC000EDE75849584A6A4458486844F6F74AFB4F
:109ED00006E00624D520C00068441AF0B3FDDEE792
:109EE0000223DC22D2006A441360033B504A6A44D6
:109EF0001360DD22D2006A4413604E4B6B44012292
:109F00001A700B320021DE23DB006B44180015F0C1
:109F1000A5F80023DE22D2006A441360464A6A4450
:109F20001360DF22D2006A4413604448DE23DB0062
:109F30006B4403933F4B6B440293DD23DB006B4484
:109F400001933B4B6B440093DC23DB006B44374AAB
:109F50006A44D521C9006944F7F764F80AE0062489
:109F6000DE20C0006844F6F7C0FA304868441AF0B2
:109F700069FDAFE73249334A6A4433486844F6F72B
:109F8000F1FA01E00524EBE73049E622D2006A4409
:109F9000E320C0006844F6F7E5FA59E005242A48B2
:109FA00068441AF04FFDDBE7CC050000D705000040
:109FB000DC0500007C1F0020AC050000D8E3021087
:109FC000FC050000E4050000DCE302101C060000B4
:109FD000240600002B0600002C06000034060000BA
:109FE000C81F0020ECE30210F0E302106C06000032
:109FF00054060000740600007F060000FCE3021017
:10A000009406000010E4021020E402109C060000F8
:10A010002CE402108C060000A4060000142000208E
:10A0200038E402103CE40210DC060000C406000024
:10A03000E4060000EF060000F406000060200020A7
:10A0400054E4021014070000FC06000058E402105B
:10A050000123E14A6A4413600027E722D2006A44E0
:10A0600017606422DD4969440A60DD4A6A4413705E
:10A070000C223900DB4B6B44180014F0EFFFD94B76
:10A080006B441F60E923DB006B441F60D64B6B44BD
:10A090001F60D648D34B6B440393D14B6B44029360
:10A0A000CE4B6B440193E723DB006B440093CA4B18
:10A0B0006B44E322D2006A44CD496944F6F7B2FF0B
:10A0C0000AE00524C7486844F6F70FFAE320C00009
:10A0D00068441AF0B7FC62E7C649ED22D2006A4430
:10A0E000EA20C0006844F6F73DFA01E00424E9E7FD
:10A0F000C149C24A6A44C2486844F6F733FA06E0E6
:10A100000424EA20C00068441AF09CFCDAE7022329
:10A11000F122D2006A441360033BBA4A6A441360D6
:10A12000F222D2006A441360B74B6B4401221A70CA
:10A130000B320021F323DB006B44180014F08EFF78
:10A140000023F322D2006A441360B04A6A441360C9
:10A15000F422D2006A441360AD48F323DB006B4461
:10A160000393A94B6B440293F223DB006B440193EE
:10A17000A44B6B440093F123DB006B44A04A6A4478
:10A18000EA21C9006944F6F74DFF0AE00424F320F0
:10A19000C0006844F6F7A9F9994868441AF052FCDF
:10A1A000AFE79C499C4A6A449C486844F6F7DAF950
:10A1B00001E00324EBE79A49FB22D2006A44F8202D
:10A1C000C0006844F6F7CEF905E0032493486844DC
:10A1D0001AF038FCDBE70223924A6A441360033B1F
:10A1E000FC22D2006A4413608F4A6A44136000273D
:10A1F0008E4B6B441F700C2239008D4B6B44180042
:10A2000014F02CFF8A4B6B441F60FE23DB006B4471
:10A210001F60884B6B441F608748854B6B440393DA
:10A22000824B6B440293804B6B440193FC23DB0015
:10A230006B4400937B4B6B44F822D2006A4477490D
:10A240006944F6F7EFFE0AE0032479486844F6F71C
:10A250004CF9F820C00068441AF0F4FBB6E77749DF
:10A26000812212016A44FF20C0006844F6F77AF99F
:10A2700001E00224E9E76A49714A6A447148684486
:10A28000F6F770F906E00224FF20C00068441AF0D7
:10A29000D9FBDAE70323832212016A441360043BEB
:10A2A000694A6A441360694A6A4413600027684B2C
:10A2B0006B441F700C22390084231B016B4418006F
:10A2C00014F0CCFE84231B016B441F60614B6B4474
:10A2D0001F60614B6B441F60604884231B016B440B
:10A2E00003935B4B6B440293584B6B440193564B67
:10A2F0006B44009383231B016B44524A6A44FF2141
:10A30000C9006944F6F78EFE0BE0022684200001A6
:10A310006844F6F7EAF84B4868441AF093FB3400B7
:10A32000B2E74F494F4A6A444F486844F6F71AF972
:10A330003B49882212016A444C486844F6F712F9F6
:10A3400000274B4B6B441F6001235B42494A6A4420
:10A350001360494A6A441360484B6B441F700C22D7
:10A360003900474B6B44180014F078FE444B6B44A3
:10A370001F60444B6B441F60434B6B441F6043485A
:10A380003F4B6B4403933D4B6B4402933A4B6B44FE
:10A390000193384B6B440093354B6B44334A6A440A
:10A3A00031496944F6F73EFE39493A4A6A448A20FF
:10A3B00000016844F6F7D6F86EE00026304868449D
:10A3C000F6F793F8294868441AF03CFB264868449D
:10A3D0001AF038FB9AE7C046340700003C0700003B
:10A3E00043070000440700004C070000AC20002099
:10A3F000FC06000068E402106CE402108407000010
:10A400006C0700008C070000970700009C07000005
:10A41000F820002078E40210BC070000A407000028
:10A420006C060310DC070000E4070000EB070000E7
:10A43000EC070000F4070000442100207CE4021037
:10A440002C08000014080000340800003808000040
:10A450003F08000044080000480800009021002048
:10A4600080E40210640800004C0800006808000046
:10A4700084080000880800008C0800009308000091
:10A4800094080000980800009C080000DC210020CF
:10A4900088E40210B8080000F149F24A6A44F24820
:10A4A0006844F6F75FF80523F04A6A441360063BF8
:10A4B000EF4A6A4413608E2212016A441360002638
:10A4C000EC4B6B441E700C223100EB4B6B441800BC
:10A4D00014F0C4FDE84B6B441E60E84B6B441E60F7
:10A4E0008F231B016B441E60E548E34B6B440393D1
:10A4F000E04B6B4402938E231B016B440193DC4BB6
:10A500006B440093D94B6B44D74A6A448A210901B2
:10A510006944F6F787FDD8486844F5F7E6FFD24866
:10A5200068441AF08FFA8A20000168441AF08AFA07
:10A53000D4486844F5F7D9FFD34868441AF082FA42
:10A54000D24868441AF07EFA842000016844F5F786
:10A55000CCFFCF4868441AF075FAFF20C000684469
:10A560001AF070FACB486844F5F7BFFFF820C00036
:10A5700068441AF067FAC84868441AF063FAF3208E
:10A58000C0006844F5F7B1FFC44868441AF05AFAAD
:10A59000EA20C00068441AF055FAC1486844F5F74B
:10A5A000A4FFE320C00068441AF04CFABD48684498
:10A5B0001AF048FADE20C0006844F5F796FFBA4862
:10A5C00068441AF03FFAD520C00068441AF03AFAFD
:10A5D000D020C0006844F5F788FF8FAE77AB9E426D
:10A5E00004D0183E30001AF02DFAF7E7AF4868445F
:10A5F0001AF028FAC720C00068441AF023FAAC48C1
:10A600006844F5F772FFC020C00068441AF01AFAD7
:10A61000A84868441AF016FABB20C0006844F5F751
:10A6200064FFA54868441AF00DFAB220C0006844DF
:10A630001AF008FAA1486844F5F757FFAB20C000AC
:10A6400068441AF0FFF99E4868441AF0FBF9A62006
:10A65000C0006844F5F749FF9A4868441AF0F2F9D7
:10A66000FFA8EC301AF0EEF9FFA8BC30F5F73DFF7B
:10A67000B3AE03E0183E30001AF0E4F98FAB9E420F
:10A68000F8D1FFA890301AF0DDF9FFA874301AF065
:10A69000D9F9FFA86830F5F728FFFFA83C301AF079
:10A6A000D1F9FFA820301AF0CDF9FFA81430F5F742
:10A6B0001CFFF9A81AF0C6F9F2A81AF0C3F9EFA81E
:10A6C000F5F713FFE4A81AF0BDF9DDA81AF0BAF9FE
:10A6D000DAA8F5F70AFFCFA81AF0B4F9C8A81AF05B
:10A6E000B1F9C5A8F5F701FFBAA81AF0ABF9B3A8FC
:10A6F0001AF0A8F9FEF7C8FE734A74498FAE30000D
:10A70000F5F748FF724B6B441E600122714B6B449E
:10A710001A607148714B6B44029390231B016B4488
:10A7200001936F4B6B44009300233100F6F7F2FB6B
:10A7300099AE8FAB9E4201D1FEF7AEFE283E3000AF
:10A740001830F5F7A2FE30001AF07CF9F1E7654801
:10A75000F6F767F9FEF7A8FE41496348634A6A4481
:10A76000F5F700FFFEF7A8FE3D496148614A6A44DB
:10A77000F5F7F8FEFEF7A8FE5F4960489122120146
:10A780006A44F5F7EFFE5E495E485F4A6A44F5F7B2
:10A79000E9FE10E0042605239B1B18245C43574B5D
:10A7A000E418564B9C4201D100F0D6FC183C200026
:10A7B0001AF048F9F5E755495548564A6A44F5F7FD
:10A7C000D1FE01E00326E6E753495448544A6A445F
:10A7D000F5F7C8FE01E00226DDE752495248922211
:10A7E00012016A44F5F7BEFE50495148514A6A4485
:10A7F000F5F7B8FEFEF770FE0026CCE74E4B0022C0
:10A800001A705A60022199601C3119735A73FEF74D
:10A810006BFE4A4A6A444A4BC1CBC1C21B681360F3
:10A8200046496944474B6B4419600222464B6B44CE
:10A830001A604648464B6B44FAF754FB8CE01F23E2
:10A840002122D31A0C245C43424BE418414B9C4216
:10A8500001D100F086FC0C3C2000FAF725F9F5E761
:10A860006C060310D4080000BC080000D8080000E3
:10A87000DC080000E7080000E8080000EC08000021
:10A880002822002094080000680800004C080000FE
:10A8900014080000EC070000A40700006C0700008B
:10A8A00044070000FC060000C40600005406000037
:10A8B0002C060000E4050000AC0500008405000043
:10A8C0003C05000004050000411F011080E4021057
:10A8D000F4080000F8080000001D00200409000032
:10A8E000FC080000D81C0020A81C0020080900005B
:10A8F000C01C00200C0900003CE302107422002060
:10A9000044E302108C220020140900004CE30210E2
:10A91000A42200201809000054E30210BC220020E9
:10A920001C0900005CE30210D422002064E3021042
:10A93000EC22002024090000042300204C09000020
:10A940000CF00210440900004809000020270020F4
:10A950005C0900000827002053A9E74B0A00C1CB7F
:10A96000C1C243CB43C243CB43C243CB43C253A92F
:10A9700096231B016B4419600622E04B6B441A605E
:10A98000DF48E04B6B44FAF7ADFA01E01E2357E7CE
:10A99000DD4EDE480C2398461A00002114F05EFBC1
:10A9A000002737637763B76330003C304246390095
:10A9B00014F054FBF76337647764D54938228FA8C5
:10A9C00014F052FB8FA9D34B6B44196007229723D5
:10A9D0001B016B441A60D048D04B6B44FAF782FAE3
:10A9E00001E01B232CE75FA9CD4B0A00C1CBC1C2FC
:10A9F00043CB43C243CB43C243CB43C25FA9C94B02
:10AA00006B4419600622C84B6B441A60C7489823F0
:10AA10001B016B44FAF766FA01E01A2310E705A957
:10AA2000C34B0A00C1CBC1C243CB43C203CB03C259
:10AA300005A9C04B6B4419600422BF4B6B441A60DC
:10AA4000BE48BF4B6B44FAF74DFA01E01923F7E615
:10AA5000BC496944BC4B0A00C1CBC1C243CB43C211
:10AA6000B849694499231B016B4419600322B74B11
:10AA70006B441A60B6489B231B016B44FAF732FA09
:10AA800001E01823DCE6B34A6A44B34BC1CBC1C230
:10AA90001B681360AF496944B04B6B4419600222D4
:10AAA000AF4B6B441A60AF48AF4B6B44FAF71AFADE
:10AAB00001E01723C4E60DA9AC4B0A00C1CBC1C20B
:10AAC00043CB43C203CB03C20DA99D231B016B449F
:10AAD00019600422A64B6B441A60A648A64B6B442F
:10AAE000FAF700FA01E01623AAE615A9A34B0A001B
:10AAF000C1CBC1C243CB43C203CB03C215A9A04BF8
:10AB00006B44196004229E231B016B441A609D480C
:10AB10009D4B6B44FAF7E6F901E0152390E600231C
:10AB20009F2212016A441360013B984A6A441360F1
:10AB30009F2109016944964B6B4419600122954B92
:10AB40006B441A609448954B6B44FAF7CBF901E0DB
:10AB5000142375E60C23924A6A4413600D3B914A14
:10AB60006A4413608E4969448F4B6B44196001221B
:10AB7000A0231B016B441A608C488D4B6B44FAF781
:10AB8000B1F901E013235BE665238A4A6A44136046
:10AB9000663B894A6A44136086496944A1231B01C4
:10ABA0006B4419600122854B6B441A608448A223D0
:10ABB0001B016B44FAF796F901E0122340E671237A
:10ABC000804A6A441360723BA32212016A441360F4
:10ABD0007D4B6B447B4A6A441A6001227B4B6B4479
:10ABE0001A607B487B4B6B4476496944FAF77AF9E3
:10ABF00001E0112324E6444E77480C2398461A00BE
:10AC0000002114F02BFA0027CC23F7500433F7501F
:10AC10000433F7503000D8304246390014F01EFAA1
:10AC2000D823F7500433F7500433F750A421090117
:10AC300069446A4B0A00C1CBC1C2C1CBC1C2684BD7
:10AC40006B4419600322674B6B441A606648674B7C
:10AC50006B44FAF747F901E00E23F1E564496944D2
:10AC6000644B0A00C1CBC1C2C1CBC1C2624B6B44B1
:10AC700019600322A6231B016B441A605F48604BD6
:10AC80006B44FAF72FF901E00D23D9E535A95D4BA7
:10AC90000A00C1CBC1C243CB43C243CB43C21B68F2
:10ACA000136035A9A8231B016B4419600522564B7C
:10ACB0006B441A605548564B6B44FAF713F901E0A0
:10ACC0000C23BDE51DA9534B0A00C1CBC1C243CB28
:10ACD00043C203CB03C21DA94F4B6B44196004222E
:10ACE000A9231B016B441A604C484D4B6B44FAF787
:10ACF000F9F897E00B23A3E51CF0021064090000AB
:10AD00002C27002068090000082700203827002091
:10AD10004CF002106C09000050270020740900005C
:10AD200084F00210780900007C0900005C270020F4
:10AD3000B4F0021084090000880900006827002090
:10AD40008C09000098090000D4F00210940900005A
:10AD500074270020BC090000ECF00210B4090000C8
:10AD6000B809000080270020CC090000FCF0021088
:10AD7000D40900008C270020D80900001CF1021023
:10AD8000DC09000098270020E4090000F409000015
:10AD9000E8090000EC090000A4270020F8090000E1
:10ADA000040A0000080A0000FC090000B027002087
:10ADB0000C0A0000180A00001C0A0000140A000017
:10ADC000BC2700202C0A0000240A0000280A0000EA
:10ADD000C8270020340A0000D42700203CF10210CC
:10ADE000380A00003C0A0000EC270020580A000046
:10ADF000640A000054F102105C0A0000F8270020E9
:10AE00007C0A00006CF10210840A00000428002073
:10AE1000880A000094F102108C0A0000102800201B
:10AE2000940A000025A9D04B0A00C1CBC1C243CB74
:10AE300043C203CB03C225A9CC4B6B441960042247
:10AE4000CB4B6B441A60CB48AA231B016B44FAF727
:10AE500049F801E00A23F3E4C7496944C74B0A00F3
:10AE6000C1CBC1C2C1CBC1C2C54B6B441960032267
:10AE7000C44B6B441A60C448C44B6B44FAF732F8B5
:10AE800001E00923DCE43FA9C14B0A00C1CBC1C2E8
:10AE900043CB43C243CB43C21B6813603FA9BD4BA6
:10AEA0006B4419600522BC4B6B441A60BB48AD2350
:10AEB0001B016B44FAF716F801E00823C0E449A926
:10AEC000B74B0A00C1CBC1C243CB43C243CB43C241
:10AED0001B68136049A9B34B6B4419600522B24B40
:10AEE0006B441A60B148B24B6B44F9F7FBFF01E0C9
:10AEF0000723A5E42DA9AF4B0A00C1CBC1C243CBA8
:10AF000043C203CB03C22DA9AE231B016B441960BE
:10AF10000422A94B6B441A60A848A94B6B44F9F76B
:10AF2000E1FF01E006238BE4A6496944A64B0A0031
:10AF3000C1CBC1C2C1CBC1C2A44B6B4419600322B7
:10AF4000AF231B016B441A60A148A24B6B44F9F775
:10AF5000C9FF01E0052373E46BA99F4B0A00C1CB35
:10AF6000C1C243CB43C243CB43C243CB43C26BA911
:10AF7000B1231B016B4419600622984B6B441A6085
:10AF80009748984B6B44F9F7ADFF01E0042357E471
:10AF900077A9954B0A00C1CBC1C243CB43C243CB77
:10AFA00043C243CB43C277A9904B6B44196006223E
:10AFB000B2231B016B441A608D488E4B6B44F9F72A
:10AFC00091FF01E003233BE48B4E8C480C23984611
:10AFD0001A00002114F042F80027BA235B00F75052
:10AFE0000433F7500433F75030008130FF304246CD
:10AFF000390014F033F8C0235B00F7500433F750E6
:10B000000433F75030008D30FF304246390014F0E1
:10B0100025F8C6235B00F7500433F7500433F7508C
:10B02000FEF715FA764A1368013B1360002B08D12E
:10B03000744C714B9C4204D00C3C2000F9F734FD59
:10B04000F7E7714A1368013B1360002B08D16F4C7E
:10B050006F4B9C4204D0183C200019F0F3FCF7E73A
:10B060006C4A1368013B1360002B20D06A4A1368B6
:10B07000013B1360002B1ED0684A1368013B13602C
:10B08000002B1CD0664A1368013B1360002B1AD0BA
:10B09000644A1368013B1360002B18D1624C634B68
:10B0A0009C4214D04C3C2000F5F72FFAF7E760489B
:10B0B00019F0C8FCDAE75F4819F0C4FCDCE75E4829
:10B0C000F5F737FBDEE75D48F5F72BFCE0E75C487A
:10B0D0008168F5F750FDFEF7C1F95A486844F5F765
:10B0E00004FA5948684419F0ADFC8A20000168440C
:10B0F00019F0A8FC0026FFF761F9F6E7FFF75EF903
:10B10000FFF764F9FFF702F90326FEF761FE4F48E7
:10B11000684419F097FCFEF73AFE0526FEF7E5FBBA
:10B12000FFA8903019F08EFCFEF7C1FB18F0CCF9A7
:10B1300099AC8FAB9C4208D0283C20001830F5F722
:10B14000A4F9200019F07EFCF3E718F0BDF90526FC
:10B15000FFF721FBFFF71FFB18F0B6F92023FFF7DD
:10B160006FFB18F0B1F9C046B4F10210980A000064
:10B170009C0A00001C280020AC0A0000D4F1021038
:10B18000A40A0000A80A000028280020C40A000021
:10B19000ECF10210C80A0000CC0A0000342800209C
:10B1A00014F20210D40A0000D80A0000402800203F
:10B1B000DC0A00003CF20210E40A00004C280020E7
:10B1C000E80A0000F40A00005CF20210EC0A000039
:10B1D000582800200C0B000074F20210140B000021
:10B1E00064280020180B0000A4F202101C0B0000C1
:10B1F00070280020240B0000082700207C28002055
:10B20000801C0020A02800206C1C002004230020AB
:10B21000742200205C1C0020581C0020601C0020B0
:10B22000641C0020681C0020742200201C1D0020CB
:10B23000C01C0020A81C0020D81C0020001D0020DD
:10B24000C82A0020E8080000BC08000054060000DE
:10B2500010B502490120FEF7F1F810BDFFFF000014
:10B2600010B50400024B036003F030FC200010BD59
:10B2700008F3021010B50400FFF7F2FF04212000CC
:10B2800018F084F8200010BD30B543685B180568DD
:10B29000DC171F210A002240D21852119200AD186B
:10B2A0000560E40E1B191940091B01D4416030BD33
:10B2B0002031043D0560F9E730B585B06C462300C8
:10B2C00024C824C32000FFF7DFFF009A6168012330
:10B2D0008B400292039310681840431E9841C0B2FD
:10B2E00005B030BD10B5040003F000FC014B236035
:10B2F000200010BD08F3021030B587B001AB00226A
:10B3000001920292039204920592020032CB32C261
:10B3100003CB03C207B030BD10B50400006800289D
:10B3200006D02169091A18F031F82000FFF7E4FF70
:10B3300010BD0000F0B5C64600B586B005000E0091
:10B340001F00531E032B08D9D31F072B17D90A3B05
:10B35000072B17D90323984601E00223984654008F
:10B36000A21892000F49511803A8F9F7DAFB0097C9
:10B37000434603AA3100280003F0E6FC05E0012360
:10B380009846ECE700239846E9E703A8F9F78CFB19
:10B3900006B080BCB846F0BD03A8F9F785FB18F0ED
:10B3A00093F8C0462C240020F0B5C64600B5B4B0D2
:10B3B00005000E00170098463A9C0A2C15DC282C34
:10B3C00020DC0A21404612F0BDFD0FA806F08AFAE3
:10B3D0006421404612F0B6FD08000A2112F0B2FDC9
:10B3E00001000AA806F07EFA1BE023000122FFF705
:10B3F000A1FF192CE5DD2300022231002800FFF710
:10B4000099FFDCE72300032231002800FFF792FFB9
:10B41000372CD6DD2300042231002800FFF78AFFF5
:10B42000CFE70A21380012F08DFD05A806F05AFA80
:10B430006421380012F086FD08000A2112F082FD16
:10B440000100684606F04EFA0F9B149300231593F3
:10B45000002114A8FFF730FF002805D023000722A1
:10B4600031002800FFF766FF0F9B16930023179308
:10B47000012116A8FFF720FF002805D0230008228D
:10B4800031002800FFF756FF0F9B189300231993F4
:10B49000022118A8FFF710FF002805D02300092279
:10B4A00031002800FFF746FF0F9B1A9300231B93E0
:10B4B00003211AA8FFF700FF002805D023000A2265
:10B4C00031002800FFF736FF0A9B1C9300231D93D1
:10B4D00000211CA8FFF7F0FE002805D023000B2256
:10B4E00031002800FFF726FF0A9B1E9300231F93BD
:10B4F00001211EA8FFF7E0FE002805D023000C2242
:10B5000031002800FFF716FF0A9B209300232193A8
:10B51000022120A8FFF7D0FE002805D023000D222D
:10B5200031002800FFF706FF0A9B22930023239394
:10B53000032122A8FFF7C0FE002805D023000E2219
:10B5400031002800FFF7F6FE059B24930023259386
:10B55000002124A8FFF7B0FE002805D02300112207
:10B5600031002800FFF7E6FE059B26930023279372
:10B57000012126A8FFF7A0FE002805D023001222F3
:10B5800031002800FFF7D6FE059B2893002329935E
:10B59000022128A8FFF790FE002805D023001322DF
:10B5A00031002800FFF7C6FE059B2A9300232B934A
:10B5B00003212AA8FFF780FE002805D023001422CB
:10B5C00031002800FFF7B6FE009B2C9300232D933B
:10B5D00000212CA8FFF770FE002805D023001522BB
:10B5E00031002800FFF7A6FE009B2E9300232F9327
:10B5F00001212EA8FFF760FE002805D023001622A7
:10B6000031002800FFF796FE009B30930023319312
:10B61000022130A8FFF750FE002805D02300172292
:10B6200031002800FFF786FE009B329300233393FE
:10B63000032132A8FFF740FE002805D0230018227E
:10B6400031002800FFF776FE6846FFF765FE05A883
:10B65000FFF762FE0AA8FFF75FFE0FA8FFF75CFE88
:10B6600034B080BCB846F0BD6846FFF755FE05A86B
:10B67000FFF752FE0AA8FFF74FFE0FA8FFF74CFE98
:10B6800017F022FFF3E7F5E7F7E70000F0B5CE4645
:10B69000474680B5D04CA54404000D0001280CD0CD
:10B6A000002C04D1CD4B9D4201D101F025FDCC4BA6
:10B6B0009D44C0BCB946B046F0BDC84B9942EFD1DD
:10B6C000C84B00221A719A60C749D96019615A6142
:10B6D000C64B1E6801361E60012E58D0C44A13683E
:10B6E00001331360012B01D101F02BF9C14A13681A
:10B6F00001331360012B01D101F04EF9BE4A1368EA
:10B7000001331360012B01D101F04BF9BB4A1368DF
:10B7100001331360012B01D101F04CF9B84B1E68C5
:10B7200001361E60012E01D101F04CF9B54A1368B3
:10B7300001331360012B01D101F085F9B24B1E6872
:10B7400001361E60012EABD1B04F0C220021380013
:10B7500013F084FC00233B607B60BB60AC4A6A440E
:10B760001360013BAB4A6A441360A94969449223C0
:10B770001B016B4419600122A74B6B441A60A74858
:10B7800093231B016B44F9F7ADFB01F067F9A44962
:10B79000B7AAB1A8F4F7E6FE10E0112411231B1B91
:10B7A0004C245C439F4BE4189E4B9C4201D101F01A
:10B7B00027FD4C3C2000F4F7A8FEF5E79849BEAA07
:10B7C000B8A8F4F7CFFE04E01124B1A819F03AF9B3
:10B7D000E4E70027BF9701235B42C093C193924BDC
:10B7E0006B441F700C223900C3A813F037FCC397B9
:10B7F000C497C5978B48C3AB03938B4B6B440293A1
:10B80000C1AB0193C0AB0093BFABB8AAB1A9F5F728
:10B8100009FC07E01124C3A8F4F767FEB8A819F0E3
:10B8200011F9D2E78149CCAAC6A8F4F79BFE01E042
:10B830001024F0E77E49D3AACDA8F4F793FE04E0E4
:10B840001024C6A819F0FEF8E5E70323D493043BBF
:10B85000D593D6930027774B6B441F700C22390089
:10B86000D8A813F0FBFBD897D997DA977248D8ABD2
:10B870000393704B6B440293D6AB0193D5AB00930B
:10B88000D4ABCDAAC6A9F5F7CDFB07E01024D8A804
:10B89000F4F72BFECDA819F0D5F8D2E76749E1AA55
:10B8A000DBA8F4F75FFE01E00F24F0E76449E8AAA3
:10B8B000E2A8F4F757FE04E00F24DBA819F0C2F861
:10B8C000E5E70323E993043BEA93EB9300275D4B01
:10B8D0006B441F700C223900EDA813F0BFFBED97ED
:10B8E000EE97EF975848EDAB0393564B6B4402939A
:10B8F000EBAB0193EAAB0093E9ABE2AADBA9F5F766
:10B9000091FB07E00F24EDA8F4F7EFFDE2A819F092
:10B9100099F8D2E74D49F6AAF0A8F4F723FE01E022
:10B920000E24F0E74A49FDAAF7A8F4F71BFE04E04D
:10B930000E24F0A819F086F8E5E70123FE9300270E
:10B94000FF97FF225242FFA904310A60FFAA0B327F
:10B9500013700C223900FFA80C3013F07FFBFFABF3
:10B960000C331F60FFAB10331F60FFAB14331F603D
:10B970003848FFAB0C330393FFAB0B330293FFABA1
:10B9800004330193FFAB0093FEABF7AAF0A9F5F7E0
:10B9900049FB08E00E24FFA80C30F4F7A6FDF7A839
:10B9A00019F050F8C5E72C49FFAA3032FFA818302B
:10B9B000F4F7D8FD01E00D24EDE71949FFAA4C3258
:10B9C000FFA83430F4F7CEFD48E00D24FFA818306E
:10B9D00019F038F8DFE7C046CCF5FFFFFFFF0000A5
:10B9E000340A0000E02A0020E42A0020681C00201D
:10B9F000641C0020601C0020581C00205C1C0020DF
:10BA00006C1C0020701C0020781C00202C240020BE
:10BA1000280900002C090000240900003824002017
:10BA20006C0603101C1D00200B0300006CE30210C9
:10BA300070E302105F030000681D00202847031018
:10BA400074E30210B3030000B41D002080E3021071
:10BA500084E30210001E002040FE02100323FFAA10
:10BA600050321360043BFFAA54321360FFAA5832CD
:10BA700013600027FFAB5F331F700C223900FFA853
:10BA8000603013F0EBFAFFAB60331F60FFAB643341
:10BA90001F60FFAB68331F60D148FFAB6033039377
:10BAA000FFAB5F330293FFAB58330193FFAB5433CB
:10BAB0000093FFAB5033FFAA3432FFA91831F5F7DA
:10BAC000B1FA09E00D24FFA86030F4F70EFDFFA8DD
:10BAD000343018F0B7FF79E7C249FFAA8432FFA8D3
:10BAE0006C30F4F73FFD01E00C24ECE7BE49FFAAFF
:10BAF000A032FFA88830F4F735FD05E00C24FFA83C
:10BB00006C3018F09FFFDEE70423FFAAA432136015
:10BB10000023FFAAA83213600533FFAAAC321360DA
:10BB2000FFABB33301221A70B049FFAAC8328DA807
:10BB3000F4F718FD11E005260C240522921B1823AA
:10BB400053438DAAD5188DAB9D4201D101F052FB14
:10BB5000183D280018F076FFF5E7A549FFAACC327A
:10BB600093A8F4F7FFFC02E004260C24E5E7A149C2
:10BB7000FFAAD03299A8F4F7F5FC02E003260C24C2
:10BB8000DBE79D49FFAAD4329FA8F4F7EBFC02E063
:10BB900002260C24D1E79949FFAAD832A5A8F4F7C8
:10BBA000E1FC01E00C24C8E79549FFAADC32ABA810
:10BBB000F4F7D8FC02E000260C24BEE78DA9FFAB09
:10BBC000C03319600622FFABC4331A60FFABE03309
:10BBD000FFA8B430F4F75CFE0BE00C24B1AD8DABE4
:10BBE0009D4201D101F003FB183D280018F02AFF07
:10BBF000F5E78448FFABB4330393FFABB333029351
:10BC0000FFABAC330193FFABA8330093FFABA4337E
:10BC1000FFAA8832FFA96C31F5F704FA05E00C247D
:10BC2000FFA8B430F4F761FCD8E77749FFAAFC32EB
:10BC3000FFA8E430F4F796FC01E00B24F0E7734929
:10BC4000734A6A4473486844F4F78CFC05E00B249B
:10BC5000FFA8E43018F0F6FEE2E70223A322D200A8
:10BC60006A441360033B6C4A6A441360A422D20006
:10BC70006A441360694B6B4401221A700B32002135
:10BC8000A523DB006B44180013F0E8F90023A5227C
:10BC9000D2006A441360624A6A441360A622D2004A
:10BCA0006A4413605F48A523DB006B4403935B4B3E
:10BCB0006B440293A423DB006B440193564B6B440B
:10BCC0000093A323DB006B44524A6A44FFA9E4318A
:10BCD000F5F7A8F90AE00B24A520C0006844F4F7A2
:10BCE00004FC4C48684418F0ADFEB1E74E494F4A99
:10BCF0006A444F486844F4F735FC01E00A24EBE756
:10BD00004C49AD22D2006A44AA20C0006844F4F72E
:10BD100029FC05E00A244648684418F093FEDBE756
:10BD20000123454A6A4413600A22AE21C9006944CE
:10BD30000A605A32414969440A60414A6A441370B0
:10BD40000C2200213F4B6B44180013F087F90023AD
:10BD50003C4A6A441360B022D2006A4413603A4AF3
:10BD60006A4413603948374B6B440393344B6B443C
:10BD70000293324B6B440193AE23DB006B44009380
:10BD80002D4B6B44AA22D2006A4429496944F5F735
:10BD900049F90AE00A242B486844F4F7A6FBAA20D4
:10BDA000C000684418F04EFEB5E72949B422D2001D
:10BDB0006A44B120C0006844F4F7D4FB01E00924D0
:10BDC000E9E72449244A6A4424486844F4F7CAFB52
:10BDD00046E00924B120C000684418F033FEDAE7D9
:10BDE0004C1E002094E3021098E302103CE3021082
:10BDF00044E302104CE3021054E302105CE302102F
:10BE000064E30210981E0020A8E30210ACE30210C5
:10BE100014050000FC0400001C05000027050000BC
:10BE20002C050000E41E0020BCE302104C050000BD
:10BE300034050000C0E302106C050000740500002A
:10BE40007B0500007C05000084050000301F0020F9
:10BE5000D4E302106C060310BC050000A40500002A
:10BE60000323B822D2006A441360043BE14A6A44C7
:10BE70001360B922D2006A4413600027DE4B6B4482
:10BE80001F700C223900BA23DB006B44180013F03A
:10BE9000E5F8BA23DB006B441F60D84B6B441F608E
:10BEA000BB23DB006B441F60D548BA23DB006B4427
:10BEB0000393D14B6B440293B923DB006B44019392
:10BEC000CC4B6B440093B823DB006B44CD4A6A44EF
:10BED000B121C9006944F5F7A5F80AE00924BA20A0
:10BEE000C0006844F4F701FBC648684418F0AAFD96
:10BEF00070E7C549C54A6A44C5486844F4F732FB4F
:10BF000001E00824EBE7C349C222D2006A44BF2003
:10BF1000C0006844F4F726FB05E00824BC486844E8
:10BF200018F090FDDBE70223BB4A6A441360033B31
:10BF3000C322D2006A441360B84A6A441360B84B03
:10BF40006B4401221A700B320021B64B6B4418006F
:10BF500013F084F80023B34A6A441360C522D20068
:10BF60006A441360B04A6A441360B048AD4B6B44F6
:10BF70000393AB4B6B440293A84B6B440193C323D5
:10BF8000DB006B440093A44B6B44BF22D2006A4495
:10BF90009F496944F5F746F80AE00824A148684437
:10BFA000F4F7A3FABF20C000684418F04BFDB5E7D2
:10BFB0009F49C922D2006A44C620C0006844F4F7F1
:10BFC000D1FA01E00724E9E79A499B4A6A449B4871
:10BFD0006844F4F7C7FA06E00724C620C0006844A6
:10BFE00018F030FDDAE70423CD22D2006A44136052
:10BFF0000023934A6A4413600333CE22D2006A447A
:10C000001360904B6B4401221A708F498F4A6A4427
:10C0100075A8F4F7A7FA11E0032607240322921B60
:10C020001823534375AAD51875AB9D4201D101F071
:10C03000D8F8183D280018F005FDF5E78449D2220C
:10C04000D2006A447BA8F4F78DFA02E002260724A6
:10C05000E4E78049804A6A4481A8F4F783FA01E062
:10C060000724DBE77D49D322D2006A4487A8F4F78E
:10C0700079FA02E000260724D0E775A9784B6B44D3
:10C0800019600422D123DB006B441A60754B6B44AA
:10C09000CF20C0006844F4F7FBFB0BE007248DAD14
:10C0A00075AB9D4201D101F099F8183D280018F0B8
:10C0B000C9FCF5E76C48CF23DB006B440393614B6D
:10C0C0006B440293CE23DB006B4401935C4B6B44C7
:10C0D0000093CD23DB006B44584A6A44C621C90053
:10C0E0006944F4F79FFF06E00724CF20C0006844AE
:10C0F000F4F7FBF9D3E75D49D722D2006A44D42094
:10C10000C0006844F4F72EFA01E00624EDE7584930
:10C11000584A6A4458486844F4F724FA06E006246A
:10C12000D420C000684418F08DFCDEE70223DB2237
:10C13000D2006A441360033B504A6A441360DC2215
:10C14000D2006A4413604E4B6B4401221A700B32CA
:10C150000021DD23DB006B44180012F07FFF002379
:10C16000DD22D2006A441360464A6A441360DE222C
:10C17000D2006A4413604448DD23DB006B44039320
:10C180003F4B6B440293DC23DB006B4401933B4B3E
:10C190006B440093DB23DB006B44374A6A44D421B1
:10C1A000C9006944F4F73EFF0AE00624DD20C00020
:10C1B0006844F4F79AF93048684418F043FCAFE754
:10C1C0003249334A6A4433486844F4F7CBF901E012
:10C1D0000524EBE73049E522D2006A44E220C000A2
:10C1E0006844F4F7BFF959E005242A48684418F078
:10C1F00029FCDBE7C4050000CF050000D4050000E2
:10C200007C1F0020A4050000D8E30210F405000004
:10C21000DC050000DCE30210140600001C06000030
:10C2200023060000240600002C060000C81F002082
:10C23000ECE30210F0E30210640600004C0600007C
:10C240006C06000077060000FCE302108C0600007C
:10C2500010E4021020E40210940600002CE4021006
:10C26000840600009C0600001420002038E4021020
:10C270003CE40210D4060000BC060000DC0600000E
:10C28000E7060000EC0600006020002054E40210E5
:10C290000C070000F406000058E402100123E14AF4
:10C2A0006A4413600027E622D2006A4417606422C1
:10C2B000DD4969440A60DD4A6A4413700C22390082
:10C2C000DB4B6B44180012F0C9FED94B6B441F6066
:10C2D000E823DB006B441F60D64B6B441F60D648DD
:10C2E000D34B6B440393D14B6B440293CE4B6B44C3
:10C2F0000193E623DB006B440093CA4B6B44E222BC
:10C30000D2006A44CD496944F4F78CFE0AE0052462
:10C31000C7486844F4F7E9F8E220C000684418F020
:10C3200091FB62E7C649EC22D2006A44E920C000D2
:10C330006844F4F717F901E00424E9E7C149C24A67
:10C340006A44C2486844F4F70DF906E00424E92081
:10C35000C000684418F076FBDAE70223F022D2002E
:10C360006A441360033BBA4A6A441360F122D20064
:10C370006A441360B74B6B4401221A700B320021E0
:10C38000F223DB006B44180012F068FE0023F22257
:10C39000D2006A441360B04A6A441360F322D200A8
:10C3A0006A441360AD48F223DB006B440393A94B4E
:10C3B0006B440293F123DB006B440193A44B6B4469
:10C3C0000093F023DB006B44A04A6A44E921C900D2
:10C3D0006944F4F727FE0AE00424F220C000684410
:10C3E000F4F783F89948684418F02CFBAFE79C49B0
:10C3F0009C4A6A449C486844F4F7B4F801E003247A
:10C40000EBE79A49FA22D2006A44F720C000684458
:10C41000F4F7A8F805E003249348684418F012FBE9
:10C42000DBE70223924A6A441360033BFB22D200FB
:10C430006A4413608F4A6A44136000278E4B6B4432
:10C440001F700C2239008D4B6B44180012F006FE51
:10C450008A4B6B441F60FD23DB006B441F60884BDD
:10C460006B441F608748854B6B440393824B6B443E
:10C470000293804B6B440193FB23DB006B440093DE
:10C480007B4B6B44F722D2006A4477496944F4F746
:10C49000C9FD0AE0032479486844F4F726F8F72038
:10C4A000C000684418F0CEFAB6E77749774A6A4484
:10C4B000FE20C0006844F4F755F801E00224EAE7E2
:10C4C0006A49734A6A4473486844F4F74BF806E0D3
:10C4D0000224FE20C000684418F0B4FADBE703230E
:10C4E0006D4A6A441360043B6C4A6A4413608322B9
:10C4F00012016A4413600027694B6B441F700C22C1
:10C500003900684B6B44180012F0A8FD654B6B4472
:10C510001F60654B6B441F6084231B016B441F60CD
:10C520006248604B6B4403935D4B6B4402938323DF
:10C530001B016B440193594B6B440093564B6B4466
:10C54000544A6A44FE21C9006944F4F76BFD0AE0CD
:10C55000022654486844F3F7C8FF4E48684418F070
:10C5600071FA3400B5E75249524A6A445248684465
:10C57000F3F7F8FF3D49514A6A44862000016844B8
:10C58000F3F7F0FF00274E4B6B441F6001235B4223
:10C59000882212016A4413604A4A6A4413604A4B73
:10C5A0006B441F700C223900484B6B44180012F08A
:10C5B00055FD464B6B441F6089231B016B441F6074
:10C5C000434B6B441F604348404B6B4403933E4BCB
:10C5D0006B4402933B4B6B44019388231B016B44D8
:10C5E0000093374B6B44862212016A4432496944F6
:10C5F000F4F718FD38498B2212016A443748684421
:10C60000F3F7B0FF6CE0002630486844F3F76DFFA5
:10C6100086200001684418F015FA2748684418F08D
:10C6200011FA96E72C070000340700003B070000D2
:10C630003C07000044070000AC200020F406000086
:10C6400068E402106CE402107C070000640700003C
:10C65000840700008F07000094070000F8200020E6
:10C6600078E40210B40700009C0700006C06031079
:10C67000D4070000DC070000E3070000E407000027
:10C68000EC070000442100207CE4021008080000B0
:10C69000240800000C080000280800002C080000F6
:10C6A00037080000380800003C08000090210020F6
:10C6B00080E402105C0800004408000078080000D4
:10C6C0007C080000840800008B0800008C08000033
:10C6D00094080000DC21002088E402109808000083
:10C6E000F349F44A6A44F4486844F3F73BFF0523EE
:10C6F0008D2212016A441360063BF04A6A441360BB
:10C70000EF4A6A4413600026EE4B6B441E700C2205
:10C7100031008E231B016B44180012F09FFC8E2306
:10C720001B016B441E60E84B6B441E60E74B6B447F
:10C730001E60E7488E231B016B440393E14B6B445F
:10C740000293DF4B6B440193DC4B6B4400938D23CE
:10C750001B016B44D84A6A44DE496944F4F762FC21
:10C760008E2000016844F3F7C0FED348684418F0F7
:10C7700069F9D848684418F065F9D7486844F3F770
:10C78000B4FE86200001684418F05CF9D348684480
:10C7900018F058F9D2486844F3F7A7FED148684426
:10C7A00018F050F9FE20C000684418F04BF9CE484C
:10C7B0006844F3F79AFEF720C000684418F042F985
:10C7C000CA48684418F03EF9F220C0006844F3F704
:10C7D0008CFEC748684418F035F9E920C000684469
:10C7E00018F030F9C3486844F3F77FFEE220C00038
:10C7F000684418F027F9C048684418F023F9DD2090
:10C80000C0006844F3F771FEBC48684418F01AF998
:10C81000D420C000684418F015F9CF20C000684447
:10C82000F3F763FE8DAE03E0183E300018F00AF90E
:10C8300075AB9E42F8D1B248684418F003F9C6209F
:10C84000C000684418F0FEF8AE486844F3F74DFEA7
:10C85000BF20C000684418F0F5F8AB48684418F0F1
:10C86000F1F8BA20C0006844F3F73FFEA7486844D7
:10C8700018F0E8F8B120C000684418F0E3F8A448C4
:10C880006844F3F732FEAA20C000684418F0DAF8D2
:10C89000A048684418F0D6F8A520C0006844F3F713
:10C8A00024FE9D48684418F0CDF8FFA8E43018F045
:10C8B000C9F8FFA8B430F3F718FEB1AE03E0183E94
:10C8C000300018F0BFF88DAB9E42F8D1FFA8883039
:10C8D00018F0B8F8FFA86C3018F0B4F8FFA8603072
:10C8E000F3F703FEFFA8343018F0ACF8FFA81830B7
:10C8F00018F0A8F8FFA80C30F3F7F7FDF7A818F028
:10C90000A1F8F0A818F09EF8EDA8F3F7EEFDE2A864
:10C9100018F098F8DBA818F095F8D8A8F3F7E5FD1B
:10C92000CDA818F08FF8C6A818F08CF8C3A8F3F7B4
:10C93000DCFDB8A818F086F8B1A818F083F8FEF767
:10C94000CDFE764A76498DAE3000F3F723FE754B67
:10C950006B441E6001228F231B016B441A607248D6
:10C96000724B6B440293724B6B440193714B6B445B
:10C97000009300233100F4F7CDFA97AE8DAB9E42C1
:10C9800001D1FEF7B3FE283E30001830F3F77DFDED
:10C99000300018F057F8F1E76748F4F742F8FEF76F
:10C9A000ADFE43496548902212016A44F3F7DAFD6F
:10C9B000FEF7ACFE3E496248624A6A44F3F7D2FD94
:10C9C000FEF7ACFE60496148614A6A44F3F7CAFD6C
:10C9D00060496148614A6A44F3F7C4FD10E00426E7
:10C9E00005239B1B18245C43584BE418574B9C426F
:10C9F00001D100F01BFC183C200018F023F8F5E7EB
:10CA000057495848912212016A44F3F7ABFD01E0FF
:10CA10000326E5E754495548554A6A44F3F7A2FD11
:10CA200001E00226DCE753495348544A6A44F3F7CD
:10CA300099FD53495348544A6A44F3F793FDFEF76E
:10CA400075FE0026CCE7514B00221A705A60022175
:10CA500099601C3119735A73FEF770FE0C234C4A0F
:10CA60006A4413600D3B942212016A441360494BDF
:10CA70006B44474A6A441A600122474B6B441A6070
:10CA80004648474B6B4442496944F8F72BFA8BE020
:10CA9000172619239B1B0C245C43424BE418414B83
:10CAA0009C4200D1C7E30C3C2000F7F7FDFFF6E7FE
:10CAB0006C060310CC080000B4080000D408000085
:10CAC000D8080000DF080000E4080000E8080000C3
:10CAD00028220020980800008C080000440800006C
:10CAE000380800000C080000E40700009C07000064
:10CAF000640700003C070000F4060000BC060000CC
:10CB00004C06000024060000DC050000A40500001F
:10CB10007C05000034050000FC040000411F0110EA
:10CB200080E40210EC080000001D0020FC0800005A
:10CB3000F8080000F4080000D81C0020A81C002001
:10CB4000C01C0020040900003CE3021074220020F5
:10CB50000809000044E302108C2200200C090000A8
:10CB60004CE30210A422002054E30210BC22002057
:10CB7000140900005CE30210D42200201809000010
:10CB800064E30210EC2200201C09000004230020B2
:10CB90003C0900003409000038090000442400204A
:10CBA000440900002C2400206523952212016A44C8
:10CBB0001360663BE84A6A441360E84B6B44952275
:10CBC00012016A441A600122E54B6B441A60E54881
:10CBD000E54B6B44952109016944F8F783F901E0BD
:10CBE000162656E77123E14A6A441360723BE04A15
:10CBF0006A441360DF4B6B44DC4A6A441A600122CA
:10CC000096231B016B441A60DB48DC4B6B44D7490D
:10CC10006944F8F767F901E015263AE7D84FD94893
:10CC20000C2399461A00002112F018FA00239846A6
:10CC3000FB633B647B64380048304A46190012F0BD
:10CC40000DFA4346BB64FB643B6505A9CE4B0A0065
:10CC500083CB83C283CB83C203CB03C205A99723B3
:10CC60001B016B4419600422C84B6B441A60C8480E
:10CC7000C84B6B44F8F736F901E0122609E70DAA14
:10CC8000C54B83CB83C2110085CB85C105CB05C1C4
:10CC90000DA9C24B6B441960042298231B016B44FD
:10CCA0001A60BF48BF4B6B44F8F71CF901E011262E
:10CCB000EFE615AABC4B83CB83C2110085CB85C19F
:10CCC00005CB05C115A9B94B6B4419600422B84BBB
:10CCD0006B441A60B74899231B016B44F8F702F9BB
:10CCE00001E01026D5E61DAAB34B83CB83C2110009
:10CCF00085CB85C105CB05C11DA9B04B6B4419601F
:10CD00000422AF4B6B441A60AE48AF4B6B44F8F74C
:10CD1000E9F801E00F26BCE625AAAC4B83CB83C221
:10CD2000110085CB85C105CB05C125A99A231B011F
:10CD30006B4419600422A64B6B441A60A548A64BAD
:10CD40006B44F8F7CFF801E00E26A2E62DAAA34B1C
:10CD500083CB83C2110085CB85C105CB05C12DA92D
:10CD60009F4B6B44196004229B231B016B441A6088
:10CD70009C489D4B6B44F8F7B5F801E00D2688E61A
:10CD800035AA9A4B83CB83C2110085CB85C105CBD5
:10CD900005C135A9964B6B4419600422954B6B4431
:10CDA0001A6095489C231B016B44F8F79BF801E03F
:10CDB0000C266EE63DAA914B83CB83C2110085CB36
:10CDC00085C105CB05C13DA98D4B6B44196004227B
:10CDD0008C4B6B441A608C488C4B6B44F8F782F890
:10CDE00001E00B2655E6664F89480C2399461A0048
:10CDF000002112F033F900239846B4334246FA502A
:10CE00000433FA500433FA503800C0304A464146E1
:10CE100012F024F9C0234246FA500433FA50043386
:10CE2000FA5045AA7B4B83CB83C2110085CB85C1C9
:10CE300005CB05C145A99D231B016B441960042244
:10CE4000754B6B441A607548754B6B44F8F74AF89C
:10CE500001E008261DE64DAA724B83CB83C2110068
:10CE600085CB85C105CB05C14DA96F4B6B441960BE
:10CE700004229E231B016B441A606C486C4B6B446C
:10CE8000F8F730F801E0072603E655AA694B83CB93
:10CE900083C2110085CB85C105CB05C155A9664B61
:10CEA0006B4419600422654B6B441A6064489F23ED
:10CEB0001B016B44F8F716F801E00626E9E55DAAC8
:10CEC000604B83CB83C2110085CB85C105CB05C1E7
:10CED0005DA95D4B6B44196004225C4B6B441A6086
:10CEE0005B485C4B6B44F7F7FDFF01E00526D0E59E
:10CEF00065AA594B83CB83C2110085CB85C105CB75
:10CF000005C165A9A0231B016B4419600422534B82
:10CF10006B441A605248534B6B44F7F7E3FF01E050
:10CF20000426B6E56DAA504B83CB83C2110085CB96
:10CF300085C105CB05C16DA94C4B6B44196004221A
:10CF4000A1231B016B441A6049484A4B6B44F7F715
:10CF5000C9FF91E003269CE5540900004809000040
:10CF60004C0900005024002058090000640900000A
:10CF7000680900005C0900005C2400206C090000C6
:10CF80002C2400206824002014F3021074090000EF
:10CF9000802400207809000034F302107C0900008E
:10CFA0008C2400208409000054F30210880900003A
:10CFB0008C0900009824002074F3021094090000EA
:10CFC00098090000A42400209C09000094F302109A
:10CFD000A4090000B0240020A8090000B4F3021046
:10CFE000AC090000BC240020B4090000D4F30210F6
:10CFF000B8090000BC090000C8240020F4F30210A6
:10D00000C4090000C8090000D4240020CC09000095
:10D01000E024002014F40210D4090000F8240020B9
:10D02000D809000034F40210DC09000004250020B7
:10D03000E409000054F40210E8090000EC090000C3
:10D040001025002074F40210F4090000F809000013
:10D050001C250020FC09000094F40210040A0000C2
:10D0600028250020080A0000B4F402100C0A000071
:10D0700034250020140A000075AA704B83CB83C2AC
:10D08000110085CB85C105CB05C175A96C4B6B44DF
:10D09000196004226B4B6B441A606B48A2231B017E
:10D0A0006B44F7F71FFF01E00226F2E48DAA674BFD
:10D0B00083CB83C2110085CB85C105CB05C18DA96A
:10D0C000634B6B4419600422624B6B441A606248E4
:10D0D000624B6B44F7F706FF614E62480C22002159
:10D0E00011F0BCFF002296214900725004317250A9
:10D0F00004317250FEF7D4FA5B4A1368013B1360A7
:10D10000002B08D1594C03E00C3C2000F7F7CCFC75
:10D11000534B9C42F8D1564A1368013B1360002BD5
:10D1200008D1544C544B9C4204D0183C200017F0BA
:10D1300089FCF7E7514A1368013B1360002B20D0AC
:10D140004F4A1368013B1360002B1ED04D4A1368F1
:10D15000013B1360002B1CD04B4A1368013B13604A
:10D16000002B1AD0494A1368013B1360002B18D1D9
:10D17000474C484B9C4214D04C3C2000F3F7C5F977
:10D18000F7E7454817F05EFCDAE7444817F05AFC29
:10D19000DCE74348F3F7CDFADEE74248F3F7C1FB9B
:10D1A000E0E741488168F3F7E6FCFEF780FA8E205D
:10D1B00000016844F3F799F93C48684417F042FCD1
:10D1C0003B48684417F03EFC0026FFF71DFAF7E7DE
:10D1D000FFF71AFAFFF721FAFFF7BBF90326FEF76C
:10D1E0001DFF3448684417F02DFCFEF7F6FE0526B7
:10D1F000FEF7A3FCFFA8883017F024FCFEF77FFCA5
:10D2000016F062F997AC8DAB9C4208D0283C200008
:10D210001830F3F73AF9200017F014FCF3E716F092
:10D2200053F90526FFF7DCFBFFF7DAFB16F04CF9A4
:10D2300018262EE42DE416F047F9C046D4F4021067
:10D24000180A00001C0A000040250020F4F4021017
:10D25000240A0000280A00004C2500202C0A0000A7
:10D260002C24002058250020781C00206425002054
:10D270006C1C002004230020742200205C1C002071
:10D28000581C0020601C0020641C0020681C00202A
:10D29000742200201C1D0020C01C0020A81C00209F
:10D2A000D81C0020001D0020E02A0020B408000047
:10D2B000980800004C06000010B502490120FEF756
:10D2C000E5F910BDFFFF000010B50400024B03603C
:10D2D00001F0FCFB200010BD44F5021010B5040065
:10D2E000FFF7F2FF0421200016F050F8200010BDD7
:10D2F00010B5040001F0FAFB014B2360200010BDC3
:10D3000044F50210F0B5DE4657464E464546E0B5B8
:10D31000B3B007008846934699463C9E0A2E06DC29
:10D32000282E35DC002400239A4600256CE007A94E
:10D3300000230793013B4B6005910233069309AB31
:10D34000012202A8F7F7CEFD0096022302AA414669
:10D35000380001F0F9FC02A8F7F7A6FB192EE1DD71
:10D360000FA95B4B0A0011CB11C20D9101230E9343
:10D37000130001220AA8F7F7B5FD009602230AAAB6
:10D380004146380001F0E0FC0AA8F7F78DFBC7E73B
:10D3900017A9504B0A0011CB11C215910123169306
:10D3A0001300012212A8F7F79DFD0096022312AA8E
:10D3B0004146380001F0C8FC12A8F7F775FB372E7C
:10D3C000B0DD1FA9444B0A0011CB11C21D910123EE
:10D3D0001E93130001221AA8F7F784FD009602237A
:10D3E0001AAA4146380001F0AFFC1AA8F7F75CFB17
:10D3F00098E722A8F7F758FB01340A2C03DD012334
:10D400009C46E24400240135AB4513D927A9279453
:10D4100053464B6025910123269329AB012222A874
:10D42000F7F760FD0096002322AA4146380001F07C
:10D430008BFCDEE7002400239A4600250AE02AA898
:10D44000F7F732FB01340A2C03DD01239C46E2444A
:10D4500000240135A94533D9092352469B1A2FA927
:10D460002F944B602D9101232E9331AB01222AA8DA
:10D47000F7F738FD009601232AAA4146380001F04B
:10D4800063FCDCE702A8F7F70FFB16F01DF80AA80B
:10D49000F7F70AFB16F018F812A8F7F705FB16F0D5
:10D4A00013F81AA8F7F700FB16F00EF822A8F7F702
:10D4B000FBFA16F009F82AA8F7F7F6FA16F004F8BE
:10D4C00033B0F0BCBB46B246A946A046F0BDC0464C
:10D4D00050F5021058F5021060F50210F0B5CE4676
:10D4E000474680B5D84CA54404000D0001280CD057
:10D4F000002C04D1D54B9D4201D101F099F8D44BB9
:10D500009D44C0BCB946B046F0BDD04B9942EFD166
:10D51000D04B00221A719A60CF49D96019615A61C3
:10D52000CE4B1F6801371F60012F37D0CC4A1368DC
:10D5300001331360012B01D100F0F6FFC94A1368D3
:10D5400001331360012B01D101F01AF8C64A1368A8
:10D5500001331360012B01D101F017F8C34A13689E
:10D5600001331360012B01D101F018F8C04B1E6884
:10D5700001361E60012E01D101F018F8BD4A136872
:10D5800001331360012BB3D1BB4B00221A705A60D8
:10D59000022199601C3119735A73A9E7B74947AA48
:10D5A00041A8F2F7DFFF10E0112411231B1B4C24CC
:10D5B0005C43B34BE418B24B9C4201D101F0A9F893
:10D5C0004C3C2000F2F7A1FFF5E7AC494EAA48A871
:10D5D000F2F7C8FF04E0112441A817F033FAE4E79A
:10D5E00000264F9601235B42509351934C23FF3307
:10D5F0006B441E700C22310053A811F02FFD53967E
:10D60000549655969E4853AB03934C23FF336B447B
:10D61000029351AB019350AB00934FAB48AA41A981
:10D62000F3F700FD07E0112453A8F2F75EFF48A8C6
:10D6300017F008FAD0E793495CAA56A8F2F792FFD0
:10D6400001E01024F0E7904963AA5DA8F2F78AFF91
:10D6500004E0102456A817F0F5F9E5E703236493D6
:10D66000043B659366930026A023FF336B441E7032
:10D670000C22310068A811F0F1FC689669966A9650
:10D68000824868AB0393A023FF336B44029366ABDD
:10D69000019365AB009364AB5DAA56A9F3F7C2FC96
:10D6A00007E0102468A8F2F720FF5DA817F0CAF978
:10D6B000D0E7774971AA6BA8F2F754FF01E00F2475
:10D6C000F0E7744978AA72A8F2F74CFF04E00F243F
:10D6D0006BA817F0B7F9E5E703237993043B7A9336
:10D6E0007B930026F423FF336B441E700C22310021
:10D6F0007DA811F0B3FC7D967E967F9666487DAB43
:10D700000393F423FF336B4402937BAB01937AAB17
:10D71000009379AB72AA6BA9F3F784FC07E00F249E
:10D720007DA8F2F7E2FE72A817F08CF9D0E75B490A
:10D7300086AA80A8F2F716FF01E00E24F0E7584908
:10D740008DAA87A8F2F70EFF04E00E2480A817F038
:10D7500079F9E5E701238E9300268F96FF22524246
:10D760009092504A6A4413700C22310092A811F032
:10D7700075FC9296939694964B4892AB0393494BC3
:10D780006B44029390AB01938FAB00938EAB87AA4F
:10D7900080A9F3F747FC07E00E2492A8F2F7A5FE54
:10D7A00087A817F04FF9D1E740499BAA95A8F2F74F
:10D7B000D9FE01E00D24F0E73049A2AA9CA8F2F7B7
:10D7C000D1FE04E00D2495A817F03CF9E5E703230A
:10D7D000A393043BA493A5930026354B6B441E7082
:10D7E0000C223100A7A811F039FCA796A896A9969B
:10D7F0003048A7AB03932E4B6B440293A5AB019328
:10D80000A4AB0093A3AB9CAA95A9F3F70BFC07E08C
:10D810000D24A7A8F2F769FE9CA817F013F9D2E728
:10D820002549B0AAAAA8F2F79DFE01E00C24F0E772
:10D830002249B7AAB1A8F2F795FE41E00C24AAA8A4
:10D8400017F000F9E5E7C0469CF8FFFFFFFF000076
:10D8500064070000F82A0020FC2A0020681C002031
:10D86000641C0020601C0020581C00205C1C002050
:10D870006C1C0020701C0020042300206C06031088
:10D880001C1D00206CE3021070E30210681D0020D4
:10D890002847031074E30210B41D002080E3021037
:10D8A00084E3021047020000001E002040FE021028
:10D8B0009B0200004C1E002094E3021098E302102B
:10D8C0000423B8930023B9930533BA93DF4B6B4419
:10D8D00001221A70DE49C1AA1DA8F2F743FE11E029
:10D8E00005270C240522D21B182353431DAAD51843
:10D8F0001DAB9D4201D100F007FF183D280017F035
:10D90000A1F8F5E7D349C2AA23A8F2F72BFE02E05B
:10D9100004270C24E6E7D049C3AA29A8F2F722FE7F
:10D9200002E003270C24DDE7CC49C4AA2FA8F2F7B4
:10D9300019FE02E002270C24D4E7C949C5AA35A87C
:10D94000F2F710FE01E00C24CCE7C649C6AA3BA8BA
:10D95000F2F708FE02E000270C24C3E71DA9BF91DF
:10D960000622C092C7ABBCA8F2F792FF0BE00C24D2
:10D9700041AD1DAB9D4201D100F0C3FE183D280012
:10D9800017F060F8F5E7B848BCAB0393AF4B6B44B6
:10D990000293BAAB0193B9AB0093B8ABB1AAAAA9F1
:10D9A000F3F740FB04E00C24BCA8F2F79EFDDFE790
:10D9B000AE49CEAAC8A8F2F7D5FD01E00B24F3E7E3
:10D9C000AB49D5AACFA8F2F7CDFD04E00B24C8A837
:10D9D00017F038F8E8E70223D693033BD793D893A0
:10D9E000A44B6B4401221A700B320021DAA811F00B
:10D9F00035FB0023DA93DB93DC939F48DAAB039388
:10DA00009C4B6B440293D8AB0193D7AB0093D6AB3E
:10DA1000CFAAC8A9F3F706FB07E00B24DAA8F2F7B0
:10DA200064FDCFA817F00EF8D1E79449E3AADDA86A
:10DA3000F2F798FD01E00A24F0E79149EAAAE4A888
:10DA4000F2F790FD04E00A24DDA816F0FBFFE5E7FD
:10DA50000123EB930A22EC925A32ED92894A6A44EE
:10DA600013700C220021EFA811F0F8FA0023EF93B5
:10DA7000F093F1938448EFAB0393824B6B44029392
:10DA8000EDAB0193ECAB0093EBABE4AADDA9F3F7AC
:10DA9000C9FA07E00A24EFA8F2F727FDE4A816F078
:10DAA000D1FFD1E77949F8AAF2A8F2F75BFD01E0CE
:10DAB0000924F0E77649FFAAF9A8F2F753FD04E03C
:10DAC0000924F2A816F0BEFFE5E70323FFAA0432FB
:10DAD0001360043BFFAA08321360FFAA0C321360E4
:10DAE0000026FFAB13331E700C223100FFA8143048
:10DAF00011F0B4FAFFAB14331E60FFAB18331E6095
:10DB0000FFAB1C331E606348FFAB14330393FFABC2
:10DB100013330293FFAB0C330193FFAB0833009335
:10DB2000FFAB0433F9AAF2A9F3F77CFA08E0092461
:10DB3000FFA81430F2F7D9FCF9A816F083FFC0E76C
:10DB40005549FFAA3832FFA82030F2F70BFD01E05B
:10DB50000824EDE75149FFAA5432FFA83C30F2F700
:10DB600001FD05E00824FFA8203016F06BFFDFE779
:10DB70000223FFAA58321360033BFFAA5C321360F2
:10DB8000FFAA60321360FFAB673301221A700B32B9
:10DB90000021FFA8683011F061FA0023FFAA683263
:10DBA0001360FFAA6C321360FFAA703213603C4806
:10DBB000FFAB68330393FFAB67330293FFAB603374
:10DBC0000193FFAB5C330093FFAB5833FFAA3C32A9
:10DBD000FFA92031F3F726FA09E00824FFA86830EE
:10DBE000F2F783FCFFA83C3016F02CFFBBE72D4971
:10DBF000FFAA8C32FFA87430F2F7B4FC01E00724CE
:10DC0000ECE72949FFAAA832FFA89030F2F7AAFC56
:10DC100005E00724FFA8743016F014FFDEE70423A4
:10DC2000FFAAAC3213600023FFAAB03213600333A3
:10DC3000FFAAB4321360FFABBB3301221A701B4939
:10DC4000FFAAD03205A8F2F78DFC43E0EF020000F6
:10DC50003CE3021044E302104CE3021054E30210D0
:10DC60005CE3021064E30210981E0020A8E3021097
:10DC7000ACE3021067030000E41E0020BCE30210C6
:10DC8000C0E30210BB030000301F0020D4E30210E9
:10DC90006C0603107C1F0020D8E30210DCE30210A6
:10DCA000C81F0020ECE30210F0E30210FCE30210B6
:10DCB000032707240322D21B1823534305AAD51890
:10DCC00005AB9D4201D100F016FD183D280016F06D
:10DCD000B9FEF5E7EA49FFAAD4320BA8F2F742FCF5
:10DCE00002E002270724E5E7E649FFAAD83211A897
:10DCF000F2F738FC01E00724DCE7E349FFAADC3255
:10DD000017A8F2F72FFC02E000270724D2E705A9A5
:10DD1000FFABC83319600422FFABCC331A60FFABF2
:10DD2000E033FFA8BC30F2F7B3FD0BE007241DADD4
:10DD300005AB9D4201D100F0DBFC183D280016F038
:10DD400081FEF5E7D148FFABBC330393FFABBB3398
:10DD50000293FFABB4330193FFABB0330093FFAB3F
:10DD6000AC33FFAA9032FFA97431F3F75BF905E0F9
:10DD70000724FFA8BC30F2F7B8FBD8E7C449FFAAD4
:10DD8000FC32FFA8E430F2F7EDFB01E00624F0E7F7
:10DD9000C049C14A6A44C1486844F2F7E3FB05E060
:10DDA0000624FFA8E43016F04DFEE2E70223A3228A
:10DDB000D2006A441360033BB94A6A441360A42248
:10DDC000D2006A441360B74B6B4401221A700B32C5
:10DDD0000021A523DB006B44180011F03FF900235C
:10DDE000A522D2006A441360AF4A6A441360A62297
:10DDF000D2006A441360AD48A523DB006B44039353
:10DE0000A84B6B440293A423DB006B440193A44B07
:10DE10006B440093A323DB006B44A04A6A44FFA930
:10DE2000E431F3F7FFF80AE00624A520C0006844B7
:10DE3000F2F75BFB9948684416F004FEB1E79C4991
:10DE40009C4A6A449C486844F2F78CFB01E0052434
:10DE5000EBE79A49AD22D2006A44AA20C000684488
:10DE6000F2F780FB05E005249348684416F0EAFDCC
:10DE7000DBE70123924A6A4413600026AE22D200F7
:10DE80006A44166064228F4969440A608E4A6A4473
:10DE900013700C2231008D4B6B44180011F0DEF82A
:10DEA0008A4B6B441E60B023DB006B441E60884BC2
:10DEB0006B441E608748854B6B440393824B6B44D5
:10DEC0000293804B6B440193AE23DB006B440093C1
:10DED0007B4B6B44AA22D2006A4477496944F3F72A
:10DEE000A1F80AE0052479486844F2F7FEFAAA206E
:10DEF000C000684416F0A6FDB6E77749B422D20008
:10DF00006A44B120C0006844F2F72CFB01E004240D
:10DF1000E9E77249724A6A4472486844F2F722FBA0
:10DF200006E00424B120C000684416F08BFDDAE757
:10DF30000223B822D2006A441360033B6A4A6A444F
:10DF40001360B922D2006A441360684B6B4401220B
:10DF50001A700B320021BA23DB006B44180011F059
:10DF60007DF80023BA22D2006A441360604A6A44F2
:10DF70001360BB22D2006A4413605E48BA23DB0000
:10DF80006B440393594B6B440293B923DB006B44FE
:10DF90000193554B6B440093B823DB006B44514A0B
:10DFA0006A44B121C9006944F3F73CF80AE004244B
:10DFB000BA20C0006844F2F798FA4A48684416F05C
:10DFC00041FDAFE74C494D4A6A444D486844F2F779
:10DFD000C9FA01E00324EBE74A49C222D2006A44AD
:10DFE000BF20C0006844F2F7BDFA05E003244448AE
:10DFF000684416F027FDDBE70223434A6A441360B6
:10E00000033BC322D2006A441360404A6A4413604F
:10E0100000263F4B6B441E700C2231003D4B6B447D
:10E02000180011F01BF83B4B6B441E60C523DB004E
:10E030006B441E60384B6B441E603848354B6B4454
:10E040000393334B6B440293304B6B440193C323D4
:10E05000DB006B4400932C4B6B44BF22D2006A441C
:10E0600027496944F2F7DEFF5AE00324294868444F
:10E07000F2F73BFABF20C000684416F0E3FCB6E7B5
:10E0800010E4021020E402102CE4021014200020FE
:10E0900038E402103CE4021014050000FC04000007
:10E0A0001C050000270500002C0500006020002052
:10E0B00054E402104C0500003405000058E402103E
:10E0C0006C050000740500007B0500007C05000065
:10E0D00084050000AC20002068E402106CE402100B
:10E0E000BC050000A4050000C4050000CF05000029
:10E0F000D4050000F820002078E40210F4050000A8
:10E10000DC0500006C060310140600001C0600006D
:10E1100023060000240600002C06000044210020F5
:10E12000E649C922D2006A44C620C0006844F2F71A
:10E1300019FA01E0022499E7E149E24A6A44E24817
:10E140006844F2F70FFA06E00224C620C0006844D3
:10E1500016F078FC8AE70323CD22D2006A441360CC
:10E16000043BDA4A6A441360CE22D2006A44136048
:10E17000002399466B46D64A9B184A461A70CF260A
:10E18000F6006E440C324946300010F067FF4A46F4
:10E1900032607260B260CF480396CD4B6B440293FD
:10E1A000CE23DB006B440193C84B6B440093CD231B
:10E1B000DB006B44C44A6A44C621C9006944F2F7D3
:10E1C00031FF0BE00227CF20C0006844F2F78DF941
:10E1D000BD48684416F036FC3C00B6E7BE49BF4A6D
:10E1E0006A44BF486844F2F7BDF9B549D722D20066
:10E1F0006A44D420C0006844F2F7B4F90023994679
:10E20000B84B6B444A461A6001235B42D822D200C5
:10E210006A441360B44A6A4413606B46B34A9B185D
:10E220004A461A70B24E6E440C324946300010F025
:10E2300015FF4A4632607260B260AE480396AB4B3F
:10E240006B440293A84B6B440193D823DB006B44CF
:10E250000093A44B6B44D422D2006A44A049694481
:10E26000F2F7E0FEA449DE22D2006A44DB20C000BF
:10E270006844F2F777F90EE000279D486844F2F70A
:10E2800034F9D420C000684416F0DCFB944868449C
:10E2900016F0D8FB97E78A49984A6A449848684438
:10E2A000F2F760F90523E222D2006A441360063BCC
:10E2B000944A6A441360E322D2006A441360924F86
:10E2C0006F44002398463B70E426F6006E440C220F
:10E2D0001900300010F0C2FE424632607260B26037
:10E2E0008A4803960297E323DB006B440193854B36
:10E2F0006B440093E223DB006B44814A6A44DB21D8
:10E30000C9006944F2F78EFE3000F2F7EEF87C485F
:10E31000684416F097FBDB20C000684416F092FBBF
:10E3200073486844F2F7E1F8D420C000684416F05E
:10E3300089FB6B48684416F085FBCF20C000684419
:10E34000F2F7D3F86048684416F07CFBC620C000A2
:10E35000684416F077FB6E486844F2F7C6F8BF20B1
:10E36000C000684416F06EFB6A48684416F06AFB09
:10E37000BA20C0006844F2F7B8F86748684416F05D
:10E3800061FBB120C000684416F05CFB6348684440
:10E39000F2F7ABF8AA20C000684416F053FB6048BF
:10E3A000684416F04FFBA520C0006844F2F79DF8C2
:10E3B0005C48684416F046FBFFA8E43016F042FBC8
:10E3C000FFA8BC30F2F791F81DAE05AB9E4204D019
:10E3D000183E300016F036FBF7E7FFA8903016F035
:10E3E00031FBFFA8743016F02DFBFFA86830F2F760
:10E3F0007CF8FFA83C3016F025FBFFA8203016F073
:10E4000021FBFFA81430F2F770F8F9A816F01AFBF8
:10E41000F2A816F017FBEFA8F2F767F8E4A816F0D9
:10E4200011FBDDA816F00EFBDAA8F2F75EF8CFA814
:10E4300016F008FBC8A816F005FBBCA8F2F755F8C3
:10E4400041AE1DAB9E4204D0183E300016F0FAFAE1
:10E45000F7E7B1A816F0F6FAAAA816F0F3FAA7A8FB
:10E46000F2F743F89CA816F0EDFA95A816F0EAFA30
:10E4700092A8F2F73AF887A816F0E4FA80A816F006
:10E48000E1FA7DA8F2F731F872A816F0DBFA6BA872
:10E4900016F0D8FA68A8F2F728F85DA816F0D2FAB4
:10E4A00056A816F0CFFA53A8F2F71FF848A816F0AE
:10E4B000C9FA41A816F0C6FAFFF738F87CE4021052
:10E4C0006C060310640600004C0600006C06000099
:10E4D000770600009021002080E402109C060000D6
:10E4E00084060000BC060000C4060000CB06000045
:10E4F000CC060000DC21002088E402100C0700009C
:10E50000F4060000140700001F0700002822002066
:10E5100024060000DC050000A40500007C050000C6
:10E5200034050000FC040000854A86491DAE300019
:10E53000F2F730F8844B6B441E600122E623DB00C7
:10E540006B441A608148824B6B440293E723DB00E3
:10E550006B4401937F4B6B44009300233100F2F72F
:10E56000D9FC27AE1DAB9E4201D1FEF7E7FF283E46
:10E5700030001830F1F789FF300016F063FAF1E748
:10E580007548F2F74EFAFEF7E1FF74497448E82245
:10E59000D2006A44F1F7E6FFFEF7E0FF6F497148E9
:10E5A000714A6A44F1F7DEFFFEF7E0FF6F497048F9
:10E5B000E922D2006A44F1F7D5FF6E496E486F4AEE
:10E5C0006A44F1F7CFFF0FE0042605239B1B1824B4
:10E5D0005C43674BE418664B9C4200D1ADE0183CAD
:10E5E000200016F02FFAF6E765496648EA22D200C5
:10E5F0006A44F1F7B7FF01E00326E6E762496348A2
:10E60000634A6A44F1F7AEFF01E00226DDE76149A3
:10E610006148EB22D2006A44F1F7A4FF5F496048E9
:10E62000604A6A44F1F79EFFFEF7A8FF0026CCE798
:10E630005D4A1368013B1360002B08D15B4C4C4BC7
:10E640009C4204D0183C200016F0FCF9F7E7584A29
:10E650001368013B1360002B19D0564A1368013B25
:10E660001360002B17D0544A1368013B1360002B32
:10E6700015D0524A1368013B1360002B13D0504A47
:10E680001368013B1360002B18D14E4C13E0354842
:10E6900016F0D8F9E1E7324816F0D4F9E3E72E484E
:10E6A000F2F747F8E5E72948F2F73BF9E7E74C3C92
:10E6B0002000F1F72AFF444B9C42F8D1434881687F
:10E6C000F2F759FAFEF71BFFE420C0006844F1F7A7
:10E6D0000CFF3F48684416F0B5F9DB20C0006844E1
:10E6E00016F0B0F90027C8E5F7E7C6E5CEE56AE51C
:10E6F0000327FFF7DFFAFFA8903016F0A3F9FFF722
:10E7000089FA0527FFF7EEF8B1A816F09BF9FFF795
:10E7100096F814F0D9FE27AC1DAB9C4208D0283CDB
:10E7200020001830F1F7B1FE200016F08BF9F3E766
:10E7300014F0CAFE052648E747E714F0C5FEC046B8
:10E74000411F011080E402102C070000001D002072
:10E750003C07000034070000D81C00206C060310A2
:10E76000A81C0020C01C0020440700003CE302104D
:10E770007422002044E302108C2200204C07000089
:10E780004CE30210A422002054E30210BC2200201B
:10E79000540700005CE30210D422002064E302105E
:10E7A000EC2200205C0700006C1C002004230020E9
:10E7B0005C1C0020581C0020601C0020641C0020F1
:10E7C000681C0020742200201C1D0020F82A002054
:10E7D000F406000010B502490120FEF77FFE10BDCF
:10E7E000FFFF000030B585B06B46D8719D1D997153
:10E7F0005A71D87903AB187029785970D2B29A70CF
:10E80000884217D86B46073319788A4215D31A788D
:10E8100003ABDA705A781202187810439A7812040F
:10E82000074908401043DB781B060002000A184322
:10E8300005B030BD6B460633E6E76B460533E6E7C9
:10E84000FFFF00FFF0B583B004000E0015000029A3
:10E8500016D101AB1A705A709A700022DA7001ABAF
:10E860005A781202187810439A78120449490840DD
:10E870001043DB781B060002000A184303B0F0BD0A
:10E880002B210FF087FBC2B283069B1A9B009B18BB
:10E890009B009B189B009B18E4186300E41864001D
:10E8A000E4B2FF23981B68430012C0B26946C870E7
:10E8B000210071430912591A69430912C9B26F46FE
:10E8C000B9701C1B744324121B1B6B431B12DBB25D
:10E8D0007B70042A4ED892002F4CA258974601AA6A
:10E8E000157053709070984205D36B4601331A78B7
:10E8F00001ABDA70B3E76B460333F8E701AB19708D
:10E900005D709870884205D36B4602331A7801AB6C
:10E91000DA70A4E76B460333F8E701AA107055706C
:10E920009370984205D36B4601331A7801ABDA70C5
:10E9300095E76B460333F8E701AB187059709D708B
:10E94000884205D36B4602331A7801ABDA7086E74A
:10E950006B460333F8E701AA137050709570984224
:10E9600005D36B4601331A7801ABDA7077E76B4653
:10E970000333F8E701AB1D7058709970884205D3D6
:10E980006B4602331A7801ABDA7068E76B460333E3
:10E99000F8E7C046FFFF00FF68F50210F0B58BB046
:10E9A00007AD0790069116001F0028780FF0CAFDEA
:10E9B00032003B000FF055FD0490059106AB18782E
:10E9C0000FF0C0FD0290039132003B0000203D4952
:10E9D0000FF023FD03000C000093019402000B00D4
:10E9E000029803990FF03DFD02000B000498059971
:10E9F0000FF018FD0FF0E6FD09AC207068780FF0FD
:10EA0000A1FD32003B000FF02CFD0290039106AAFD
:10EA100050780FF097FD02000B00009801990FF05D
:10EA200020FD02000B00029803990FF0FBFC0FF091
:10EA3000C9FD6070A8780FF085FD32003B000FF033
:10EA400010FD0290039106AA90780FF07BFD020062
:10EA50000B00009801990FF004FD02000B000298D2
:10EA600003990FF0DFFC0FF0ADFDA070E8780FF018
:10EA700069FD32003B000FF0F4FC06000F0006AA0F
:10EA8000D0780FF05FFD02000B00009801990FF0A5
:10EA9000E8FC02000B00300039000FF0C3FC0FF05F
:10EAA00091FDE07063781B0220781843A3781B0463
:10EAB000054A10401843E3781B060002000A184379
:10EAC0000BB0F0BD0000F03FFFFF00FF014B036003
:10EAD0007047C04618F6021010B50400FFF7F6FFA5
:10EAE0000421200014F052FC200010BD014B0360F3
:10EAF0007047C04618F6021010B582B00C00100026
:10EB0000032913D03C210FF01DFA8900244B9B6888
:10EB1000002B22D1A300E4182301E4186018C0B22E
:10EB2000FF22FF21FFF78EFE019005E08022802169
:10EB30008020FFF757FE019001AB5A781202187837
:10EB400010439A781204174908401043DB781B06DB
:10EB50000002000A184302B010BD012B0AD0022B9C
:10EB60000FD0032B14D0802280218020FFF73AFEA3
:10EB70000190E1E7C8B2FF22FF21FFF763FE019099
:10EB8000DAE7FA22FA21FF20FFF72CFE0190D3E703
:10EB900033227321B820FFF725FE0190CCE7C04651
:10EBA00004230020FFFF00FF10B5002B08D05168A0
:10EBB00009235B1A11680A22521A0260436010BDD1
:10EBC000030012CA12C3FAE7F0B585B0002003288B
:10EBD0000CDC6A46084B1400E0CBE0C41B682360E1
:10EBE00083009B588B4204D00130F0E7002005B031
:10EBF000F0BD0120FBE7C04624F60210F0B5C64682
:10EC000000B582B005000C0090461F00080014F00B
:10EC100039F82B68089A00921E683B004246210092
:10EC20002800B047200014F03DF802B080BCB84680
:10EC3000F0BD00B583B0002300930022FFF7DEFF94
:10EC400003B000BD032901D8014B99607047C0464D
:10EC500004230020F0B5CE46474680B58DB00A6843
:10EC60004B680A2A0EDC092B0CDCD90717D4980054
:10EC7000C0184000C01880469044002100260023A0
:10EC8000994617E01B4907AA01A8F1F76BFC01A8F8
:10EC900002F097FF01A815F0D5FE002020E00B2020
:10ECA000801A9A00D2185200D318C018431E9846F2
:10ECB000E3E70131032911D80136B446C44408AA58
:10ECC0000D4B1400A1CBA1C41B6823608B009B5883
:10ECD0009C45EEDD01239C46E144EAE7404648447A
:10ECE0000DB0C0BCB946B046F0BD01A815F0AAFEF3
:10ECF00014F0EAFB7CF5021024F6021010B543680C
:10ED000002689B1ADB109A00D21810011218100228
:10ED10001218100412185200D218914200D210BDDD
:10ED2000014815F099FCC0469CF5021010B54268E8
:10ED30000368D21AD210914200D210BD014815F0DA
:10ED40008BFCC0469CF50210F0B5CE46474680B518
:10ED50008BB00700884616001900129AFFF7CCFE08
:10ED6000049000251AE005AA6B46110011CB11C1D1
:10ED70001C00274B1B7839002000FFF715FF07A95F
:10ED80000B0005CC05C33800FFF764FF04001DE04D
:10ED9000611C049A404613F05DFF013573683268C8
:10EDA0009B1ADB109D422ED229003000FFF7BEFFD8
:10EDB0003368EA009B186A4611CB11C2019B0133EC
:10EDC000D1D1009873210FF0BDF80C00210038005C
:10EDD000FFF7FAFE0028DBD0002200210020FFF719
:10EDE00001FD814609900A4B187B0FF0AFFB002212
:10EDF000084B0FF01CFB02000B0049460498FFF77C
:10EE0000CDFD0490C4E70BB0C0BCB946B046F0BD20
:10EE10000423002000005940F0B5EBB004000D00C1
:10EE2000709E03A9BC4B0A0083CB83C283CB83C2F1
:10EE300003CB03C203A923910423249325AB04220B
:10EE400020A8F6F74FF820A926A8F5F76AFE009645
:10EE5000002326AA29002000FFF776FF26A8F5F751
:10EE600023FE03A9AD4B0A0083CB83C283CB83C2AD
:10EE700003CB03C203A9299104232A932BAB0422B9
:10EE80001DA8F6F72FF81DA92CA8F5F74AFE009645
:10EE900001232CAA29002000FFF756FF2CA8F5F724
:10EEA00003FE31A99E4B0A0081CB81C22F91012321
:10EEB0003093130001221AA8F6F714F81AA934A8FF
:10EEC000F5F72FFE0096012334AA29002000FFF752
:10EED0003BFF34A8F5F7E8FD39A9924B0A0081CB36
:10EEE00081C23791012338931300012217A8F5F747
:10EEF000F9FF17A93CA8F5F714FE009603233CAAD6
:10EF000029002000FFF720FF3CA8F5F7CDFD41A91F
:10EF1000854B0A0081CB81C23F91012340931300AE
:10EF2000012214A8F5F7DEFF14A944A8F5F7F9FDAE
:10EF30000096032344AA29002000FFF705FF44A8F8
:10EF4000F5F7B2FD002311931293139377494DAA5D
:10EF500047A8F1F707FB764911AA47A802F0EFF896
:10EF600047A815F06FFD129B119A9B1A302B3AD9C6
:10EF7000002111A8FFF7C2FE119B18681DF060F870
:10EF8000509004235193012111A8FFF7B7FE119B64
:10EF900098691DF055F8529005235393022111A84A
:10EFA000FFF7ACFE119B186B1DF04AF850A90861E1
:10EFB00006234B614E91033B4F9356AB032203A8AC
:10EFC000F5F790FF03A957A8F5F7ABFD00960123CD
:10EFD00057AA29002000FFF7B7FE57A8F5F764FDF0
:10EFE00003A8F5F761FD5CA9524B0A0081CB81C2F1
:10EFF0005A9101235B93130001220EA8F5F772FFCB
:10F000000EA95FA8F5F78DFD009603235FAA2900DE
:10F010002000FFF799FE5FA8F5F746FD64A9464B6F
:10F020000A0081CB81C26291012363931300012204
:10F030000BA8F5F757FF0BA967A8F5F772FD009627
:10F04000032367AA29002000FFF77EFE67A8F5F7D3
:10F050002BFD0BA8F5F728FD0EA8F5F725FD11A847
:10F06000F1F743FA14A8F5F71FFD17A8F5F71CFDF3
:10F070001AA8F5F719FD1DA8F5F716FD20A8F5F754
:10F0800013FD6BB0F0BD26A8F5F70EFD20A8F5F72F
:10F090000BFD14F019FA2CA8F5F706FD1DA8F5F7DD
:10F0A00003FDF3E734A8F5F7FFFC1AA8F5F7FCFC1D
:10F0B000F4E73CA8F5F7F8FC17A8F5F7F5FCF4E73A
:10F0C00044A8F5F7F1FC14A8F5F7EEFCF4E747A81F
:10F0D00015F0B8FC11A8F1F708FAF4E757A8F5F70E
:10F0E000E3FC03A8F5F7E0FCF4E7FAE75FA8F5F71F
:10F0F000DBFC0EA8F5F7D8FCECE767A8F5F7D4FC25
:10F100000BA8F5F7D1FCF4E7FAE7F2E7E2E7DAE774
:10F11000D2E7CAE7C2E7B9E734F6021054F60210A4
:10F1200074F602107CF6021084F60210E8F5021064
:10F13000D44803108CF6021094F60210F0B5CE46B7
:10F14000474680B5D84CA54404000D0001280CD0DA
:10F15000002C04D1D54B9D4201D101F099F8D44B3C
:10F160009D44C0BCB946B046F0BDD04B9942EFD1EA
:10F17000D04B00221A719A60CF49D96019615A6147
:10F18000CE4B1F6801371F60012F37D0CC4A136860
:10F1900001331360012B01D100F0F6FFC94A136857
:10F1A00001331360012B01D101F01AF8C64A13682C
:10F1B00001331360012B01D101F017F8C34A136822
:10F1C00001331360012B01D101F018F8C04B1E6808
:10F1D00001361E60012E01D101F018F8BD4A1368F6
:10F1E00001331360012BB3D1BB4B00221A705A605C
:10F1F000022199601C3119735A73A9E7B74947AACC
:10F2000041A8F1F7AFF910E0112411231B1B4C2486
:10F210005C43B34BE418B24B9C4201D101F0A9F816
:10F220004C3C2000F1F771F9F5E7AC494EAA48A82B
:10F23000F1F798F904E0112441A815F003FCE4E784
:10F2400000264F9601235B42509351934C23FF338A
:10F250006B441E700C22310053A80FF0FFFE539632
:10F26000549655969E4853AB03934C23FF336B44FF
:10F27000029351AB019350AB00934FAB48AA41A905
:10F28000F1F7D0FE07E0112453A8F1F72EF948A8B2
:10F2900015F0D8FBD0E793495CAA56A8F1F762F9BC
:10F2A00001E01024F0E7904963AA5DA8F1F75AF94C
:10F2B00004E0102456A815F0C5FBE5E7032364938A
:10F2C000043B659366930026A023FF336B441E70B6
:10F2D0000C22310068A80FF0C1FE689669966A9604
:10F2E000824868AB0393A023FF336B44029366AB61
:10F2F000019365AB009364AB5DAA56A9F1F792FE4A
:10F3000007E0102468A8F1F7F0F85DA815F09AFB63
:10F31000D0E7774971AA6BA8F1F724F901E00F242F
:10F32000F0E7744978AA72A8F1F71CF904E00F24F9
:10F330006BA815F087FBE5E703237993043B7A93E9
:10F340007B930026F423FF336B441E700C223100A4
:10F350007DA80FF083FE7D967E967F9666487DABF6
:10F360000393F423FF336B4402937BAB01937AAB9B
:10F37000009379AB72AA6BA9F1F754FE07E00F2452
:10F380007DA8F1F7B2F872A815F05CFBD0E75B49F5
:10F3900086AA80A8F1F7E6F801E00E24F0E75849C4
:10F3A0008DAA87A8F1F7DEF804E00E2480A815F0F6
:10F3B00049FBE5E701238E9300268F96FF225242F8
:10F3C0009092504A6A4413700C22310092A80FF0B8
:10F3D00045FE9296939694964B4892AB0393494B75
:10F3E0006B44029390AB01938FAB00938EAB87AAD3
:10F3F00080A9F1F717FE07E00E2492A8F1F775F83F
:10F4000087A815F01FFBD1E740499BAA95A8F1F703
:10F41000A9F801E00D24F0E73049A2AA9CA8F1F771
:10F42000A1F804E00D2495A815F00CFBE5E70323F3
:10F43000A393043BA493A5930026354B6B441E7005
:10F440000C223100A7A80FF009FEA796A896A9964E
:10F450003048A7AB03932E4B6B440293A5AB0193AB
:10F46000A4AB0093A3AB9CAA95A9F1F7DBFD07E041
:10F470000D24A7A8F1F739F89CA815F0E3FAD2E714
:10F480002549B0AAAAA8F1F76DF801E00C24F0E72D
:10F490002249B7AAB1A8F1F765F841E00C24AAA85F
:10F4A00015F0D0FAE5E7C0469CF8FFFFFFFF00002B
:10F4B00064070000102B0020142B0020681C002083
:10F4C000641C0020601C0020581C00205C1C0020D4
:10F4D0006C1C0020701C0020042300206C0603100C
:10F4E0001C1D00206CE3021070E30210681D002058
:10F4F0002847031074E30210B41D002080E30210BB
:10F5000084E3021047020000001E002040FE0210AB
:10F510009B0200004C1E002094E3021098E30210AE
:10F520000423B8930023B9930533BA93DF4B6B449C
:10F5300001221A70DE49C1AA1DA8F1F713F811E0E3
:10F5400005270C240522D21B182353431DAAD518C6
:10F550001DAB9D4201D100F007FF183D280015F0BA
:10F5600071FAF5E7D349C2AA23A8F0F7FBFF02E03E
:10F5700004270C24E6E7D049C3AA29A8F0F7F2FF34
:10F5800002E003270C24DDE7CC49C4AA2FA8F0F73A
:10F59000E9FF02E002270C24D4E7C949C5AA35A82F
:10F5A000F0F7E0FF01E00C24CCE7C649C6AA3BA86F
:10F5B000F0F7D8FF02E000270C24C3E71DA9BF9194
:10F5C0000622C092C7ABBCA8F1F762F90BE00C248D
:10F5D00041AD1DAB9D4201D100F0C3FE183D280096
:10F5E00015F030FAF5E7B848BCAB0393AF4B6B446A
:10F5F0000293BAAB0193B9AB0093B8ABB1AAAAA975
:10F60000F1F710FD04E00C24BCA8F0F76EFFDFE773
:10F61000AE49CEAAC8A8F0F7A5FF01E00B24F3E796
:10F62000AB49D5AACFA8F0F79DFF04E00B24C8A8EA
:10F6300015F008FAE8E70223D693033BD793D89353
:10F64000A44B6B4401221A700B320021DAA80FF090
:10F6500005FD0023DA93DB93DC939F48DAAB039339
:10F660009C4B6B440293D8AB0193D7AB0093D6ABC2
:10F67000CFAAC8A9F1F7D6FC07E00B24DAA8F0F767
:10F6800034FFCFA815F0DEF9D1E79449E3AADDA84D
:10F69000F0F768FF01E00A24F0E79149EAAAE4A83C
:10F6A000F0F760FF04E00A24DDA815F0CBF9E5E7E8
:10F6B0000123EB930A22EC925A32ED92894A6A4472
:10F6C00013700C220021EFA80FF0C8FC0023EF9369
:10F6D000F093F1938448EFAB0393824B6B44029316
:10F6E000EDAB0193ECAB0093EBABE4AADDA9F1F732
:10F6F00099FC07E00A24EFA8F0F7F7FEE4A815F05C
:10F70000A1F9D1E77949F8AAF2A8F0F72BFF01E0B7
:10F710000924F0E77649FFAAF9A8F0F723FF04E0EF
:10F720000924F2A815F08EF9E5E70323FFAA0432B5
:10F730001360043BFFAA08321360FFAA0C32136067
:10F740000026FFAB13331E700C223100FFA81430CB
:10F750000FF084FCFFAB14331E60FFAB18331E6048
:10F76000FFAB1C331E606348FFAB14330393FFAB46
:10F7700013330293FFAB0C330193FFAB08330093B9
:10F78000FFAB0433F9AAF2A9F1F74CFC08E0092415
:10F79000FFA81430F0F7A9FEF9A815F053F9C0E757
:10F7A0005549FFAA3832FFA82030F0F7DBFE01E010
:10F7B0000824EDE75149FFAA5432FFA83C30F0F786
:10F7C000D1FE05E00824FFA8203015F03BF9DFE763
:10F7D0000223FFAA58321360033BFFAA5C32136076
:10F7E000FFAA60321360FFAB673301221A700B323D
:10F7F0000021FFA868300FF031FC0023FFAA683217
:10F800001360FFAA6C321360FFAA703213603C4889
:10F81000FFAB68330393FFAB67330293FFAB6033F7
:10F820000193FFAB5C330093FFAB5833FFAA3C322C
:10F83000FFA92031F1F7F6FB09E00824FFA86830A2
:10F84000F0F753FEFFA83C3015F0FCF8BBE72D495C
:10F85000FFAA8C32FFA87430F0F784FE01E0072481
:10F86000ECE72949FFAAA832FFA89030F0F77AFE0A
:10F8700005E00724FFA8743015F0E4F8DEE7042360
:10F88000FFAAAC3213600023FFAAB0321360033327
:10F89000FFAAB4321360FFABBB3301221A701B49BD
:10F8A000FFAAD03205A8F0F75DFE43E0EF020000AA
:10F8B0003CE3021044E302104CE3021054E3021054
:10F8C0005CE3021064E30210981E0020A8E302101B
:10F8D000ACE3021067030000E41E0020BCE302104A
:10F8E000C0E30210BB030000301F0020D4E302106D
:10F8F0006C0603107C1F0020D8E30210DCE302102A
:10F90000C81F0020ECE30210F0E30210FCE3021039
:10F91000032707240322D21B1823534305AAD51813
:10F9200005AB9D4201D100F016FD183D280015F0F1
:10F9300089F8F5E7EA49FFAAD4320BA8F0F712FEDE
:10F9400002E002270724E5E7E649FFAAD83211A81A
:10F95000F0F708FE01E00724DCE7E349FFAADC3208
:10F9600017A8F0F7FFFD02E000270724D2E705A95A
:10F97000FFABC83319600422FFABCC331A60FFAB76
:10F98000E033FFA8BC30F0F783FF0BE007241DAD88
:10F9900005AB9D4201D100F0DBFC183D280015F0BD
:10F9A00051F8F5E7D148FFABBC330393FFABBB3352
:10F9B0000293FFABB4330193FFABB0330093FFABC3
:10F9C000AC33FFAA9032FFA97431F1F72BFB05E0AD
:10F9D0000724FFA8BC30F0F788FDD8E7C449FFAA88
:10F9E000FC32FFA8E430F0F7BDFD01E00624F0E7AB
:10F9F000C049C14A6A44C1486844F0F7B3FD05E014
:10FA00000624FFA8E43015F01DF8E2E70223A32244
:10FA1000D2006A441360033BB94A6A441360A422CB
:10FA2000D2006A441360B74B6B4401221A700B3248
:10FA30000021A523DB006B4418000FF00FFB00230F
:10FA4000A522D2006A441360AF4A6A441360A6221A
:10FA5000D2006A441360AD48A523DB006B440393D6
:10FA6000A84B6B440293A423DB006B440193A44B8B
:10FA70006B440093A323DB006B44A04A6A44FFA9B4
:10FA8000E431F1F7CFFA0AE00624A520C00068446B
:10FA9000F0F72BFD9948684414F0D4FFB1E79C4976
:10FAA0009C4A6A449C486844F0F75CFD01E00524E8
:10FAB000EBE79A49AD22D2006A44AA20C00068440C
:10FAC000F0F750FD05E005249348684414F0BAFFB0
:10FAD000DBE70123924A6A4413600026AE22D2007B
:10FAE0006A44166064228F4969440A608E4A6A44F7
:10FAF00013700C2231008D4B6B4418000FF0AEFADE
:10FB00008A4B6B441E60B023DB006B441E60884B45
:10FB10006B441E608748854B6B440393824B6B4458
:10FB20000293804B6B440193AE23DB006B44009344
:10FB30007B4B6B44AA22D2006A4477496944F1F7AF
:10FB400071FA0AE0052479486844F0F7CEFCAA204F
:10FB5000C000684414F076FFB6E77749B422D200BB
:10FB60006A44B120C0006844F0F7FCFC01E00424C2
:10FB7000E9E77249724A6A4472486844F0F7F2FC55
:10FB800006E00424B120C000684414F05BFFDAE70B
:10FB90000223B822D2006A441360033B6A4A6A44D3
:10FBA0001360B922D2006A441360684B6B4401228F
:10FBB0001A700B320021BA23DB006B4418000FF0DF
:10FBC0004DFA0023BA22D2006A441360604A6A44A4
:10FBD0001360BB22D2006A4413605E48BA23DB0084
:10FBE0006B440393594B6B440293B923DB006B4482
:10FBF0000193554B6B440093B823DB006B44514A8F
:10FC00006A44B121C9006944F1F70CFA0AE00424FE
:10FC1000BA20C0006844F0F768FC4A48684414F011
:10FC200011FFAFE74C494D4A6A444D486844F0F72C
:10FC300099FC01E00324EBE74A49C222D2006A445E
:10FC4000BF20C0006844F0F78DFC05E00324444861
:10FC5000684414F0F7FEDBE70223434A6A4413606A
:10FC6000033BC322D2006A441360404A6A441360D3
:10FC700000263F4B6B441E700C2231003D4B6B4401
:10FC800018000FF0EBF93B4B6B441E60C523DB0003
:10FC90006B441E60384B6B441E603848354B6B44D8
:10FCA0000393334B6B440293304B6B440193C32358
:10FCB000DB006B4400932C4B6B44BF22D2006A44A0
:10FCC00027496944F1F7AEF95AE00324294868440A
:10FCD000F0F70BFCBF20C000684414F0B3FEB6E799
:10FCE00010E4021020E402102CE402101420002082
:10FCF00038E402103CE4021014050000FC0400008B
:10FD00001C050000270500002C05000060200020D5
:10FD100054E402104C0500003405000058E40210C1
:10FD20006C050000740500007B0500007C050000E8
:10FD300084050000AC20002068E402106CE402108E
:10FD4000BC050000A4050000C4050000CF050000AC
:10FD5000D4050000F820002078E40210F40500002B
:10FD6000DC0500006C060310140600001C060000F1
:10FD700023060000240600002C0600004421002079
:10FD8000E649C922D2006A44C620C0006844F0F7A0
:10FD9000E9FB01E0022499E7E149E24A6A44E248CA
:10FDA0006844F0F7DFFB06E00224C620C000684488
:10FDB00014F048FE8AE70323CD22D2006A44136080
:10FDC000043BDA4A6A441360CE22D2006A441360CC
:10FDD000002399466B46D64A9B184A461A70CF268E
:10FDE000F6006E440C32494630000FF037F94A46AF
:10FDF00032607260B260CF480396CD4B6B44029381
:10FE0000CE23DB006B440193C84B6B440093CD239E
:10FE1000DB006B44C44A6A44C621C9006944F1F757
:10FE200001F90BE00227CF20C0006844F0F75DFB2A
:10FE3000BD48684414F006FE3C00B6E7BE49BF4A20
:10FE40006A44BF486844F0F78DFBB549D722D20019
:10FE50006A44D420C0006844F0F784FB002399462C
:10FE6000B84B6B444A461A6001235B42D822D20049
:10FE70006A441360B44A6A4413606B46B34A9B18E1
:10FE80004A461A70B24E6E440C32494630000FF0AA
:10FE9000E5F84A4632607260B260AE480396AB4BFA
:10FEA0006B440293A84B6B440193D823DB006B4453
:10FEB0000093A44B6B44D422D2006A44A049694405
:10FEC000F1F7B0F8A449DE22D2006A44DB20C0007A
:10FED0006844F0F747FB0EE000279D486844F0F7C0
:10FEE00004FBD420C000684414F0ACFD944868447E
:10FEF00014F0A8FD97E78A49984A6A4498486844EC
:10FF0000F0F730FB0523E222D2006A441360063B7F
:10FF1000944A6A441360E322D2006A441360924F09
:10FF20006F44002398463B70E426F6006E440C2292
:10FF3000190030000FF092F8424632607260B260F1
:10FF40008A4803960297E323DB006B440193854BB9
:10FF50006B440093E223DB006B44814A6A44DB215B
:10FF6000C9006944F1F75EF83000F0F7BEFA7C484A
:10FF7000684414F067FDDB20C000684414F062FDA3
:10FF800073486844F0F7B1FAD420C000684414F014
:10FF900059FD6B48684414F055FDCF20C0006844FB
:10FFA000F0F7A3FA6048684414F04CFDC620C00086
:10FFB000684414F047FD6E486844F0F796FABF2095
:10FFC000C000684414F03EFD6A48684414F03AFDED
:10FFD000BA20C0006844F0F788FA6748684414F013
:10FFE00031FDB120C000684414F02CFD6348684422
:10FFF000F0F77BFAAA20C000684414F023FD6048A3
:020000041001E9
:10000000684414F01FFDA520C0006844F0F76DFAA5
:100010005C48684414F016FDFFA8E43014F012FDAB
:10002000FFA8BC30F0F761FA1DAE05AB9E4204D0CC
:10003000183E300014F006FDF7E7FFA8903014F0EA
:1000400001FDFFA8743014F0FDFCFFA86830F0F744
:100050004CFAFFA83C3014F0F5FCFFA8203014F057
:10006000F1FCFFA81430F0F740FAF9A814F0EAFC0C
:10007000F2A814F0E7FCEFA8F0F737FAE4A814F0C0
:10008000E1FCDDA814F0DEFCDAA8F0F72EFACFA828
:1000900014F0D8FCC8A814F0D5FCBCA8F0F725FAD9
:1000A00041AE1DAB9E4204D0183E300014F0CAFC95
:1000B000F7E7B1A814F0C6FCAAA814F0C3FCA7A8DF
:1000C000F0F713FA9CA814F0BDFC95A814F0BAFC44
:1000D00092A8F0F70AFA87A814F0B4FC80A814F0EC
:1000E000B1FC7DA8F0F701FA72A814F0ABFC6BA884
:1000F00014F0A8FC68A8F0F7F8F95DA814F0A2FCC9
:1001000056A814F09FFC53A8F0F7EFF948A814F094
:1001100099FC41A814F096FCFFF738F87CE4021033
:100120006C060310640600004C0600006C0600001C
:10013000770600009021002080E402109C06000059
:1001400084060000BC060000C4060000CB060000C8
:10015000CC060000DC21002088E402100C0700001F
:10016000F4060000140700001F07000028220020EA
:1001700024060000DC050000A40500007C0500004A
:1001800034050000FC040000854A86491DAE30009D
:10019000F0F700FA844B6B441E600122E623DB007B
:1001A0006B441A608148824B6B440293E723DB0067
:1001B0006B4401937F4B6B44009300233100F0F7B5
:1001C000A9FE27AE1DAB9E4201D1FEF7E7FF283EF8
:1001D00030001830F0F759F9300014F033FCF1E733
:1001E0007548F0F71EFCFEF7E1FF74497448E822F9
:1001F000D2006A44F0F7B6F9FEF7E0FF6F497148A4
:10020000714A6A44F0F7AEF9FEF7E0FF6F497048B3
:10021000E922D2006A44F0F7A5F96E496E486F4AA8
:100220006A44F0F79FF90FE0042605239B1B18246E
:100230005C43674BE418664B9C4200D1ADE0183C30
:10024000200014F0FFFBF6E765496648EA22D20079
:100250006A44F0F787F901E00326E6E7624963485C
:10026000634A6A44F0F77EF901E00226DDE761495E
:100270006148EB22D2006A44F0F774F95F496048A4
:10028000604A6A44F0F76EF9FEF7A8FF0026CCE753
:100290005D4A1368013B1360002B08D15B4C4C4B4B
:1002A0009C4204D0183C200014F0CCFBF7E7584ADD
:1002B0001368013B1360002B19D0564A1368013BA9
:1002C0001360002B17D0544A1368013B1360002BB6
:1002D00015D0524A1368013B1360002B13D0504ACB
:1002E0001368013B1360002B18D14E4C13E03548C6
:1002F00014F0A8FBE1E7324814F0A4FBE3E72E4832
:10030000F0F717FAE5E72948F0F70BFBE7E74C3C75
:100310002000F0F7FAF8444B9C42F8D1434881683A
:10032000F0F729FCFEF71BFFE420C0006844F0F75B
:10033000DCF83F48684414F085FBDB20C0006844CB
:1003400014F080FB0027C8E5F7E7C6E5CEE56AE5CF
:100350000327FFF7DFFAFFA8903014F073FBFFF7D5
:1003600089FA0527FFF7EEF8B1A814F06BFBFFF749
:1003700096F813F0A9F827AC1DAB9C4208D0283C96
:1003800020001830F0F781F8200014F05BFBF3E751
:1003900013F09AF8052648E747E713F095F8C046AA
:1003A000411F011080E402102C070000001D0020F6
:1003B0003C07000034070000D81C00206C06031026
:1003C000A81C0020C01C0020440700003CE30210D1
:1003D0007422002044E302108C2200204C0700000D
:1003E0004CE30210A422002054E30210BC2200209F
:1003F000540700005CE30210D422002064E30210E2
:10040000EC2200205C0700006C1C0020042300206C
:100410005C1C0020581C0020601C0020641C002074
:10042000681C0020742200201C1D0020102B0020BE
:10043000F406000010B502490120FEF77FFE10BD52
:10044000FFFF0000014B03607047C04608F7021031
:10045000F0B5C64600B582B09C4608AC26786D461D
:10046000041D88CC88C5002E0ED016248480153C2F
:100470008471C47105340472417282726346C3721E
:1004800002B080BCB846F0BD6B460027DF5F6B460C
:1004900002269E5703255D5704241C5787808671CA
:1004A000C5710472417282726346C372E8E710B587
:1004B0000400FFF7C7FF0C21200012F067FF2000A7
:1004C00010BD0000014B03607047C04608F70210E2
:1004D000014B19707047C0465C14002010B5094BE1
:1004E000984204DCFA239B00984206DA10BDFA21F8
:1004F00089000DF027FD0800F8E764210DF022FDCA
:100500000800F3E70F270000F0B5C64600B588B035
:1005100005000F00904601A9254B0A0051CB51C29E
:1005200013CB13C21B881380EE007619F6007619E0
:10053000B300F618042402E001360434A4B2AC423D
:1005400013DA002CF9D0A307F7D1642120000DF0B5
:1005500021FD89B20029EFD19131FF3120000DF04A
:1005600019FD89B20029E8D1E6E77B1E5B0001AAEC
:100570009C5A4444A419022F11DD002D0FDDAB0756
:100580000DD1642128000DF0DDFC002906D1913148
:10059000FF3128000DF0D6FC002900D101340721DD
:1005A00020000DF0F7FC080008B080BCB846F0BD94
:1005B000F8F70210F0B5CE4600B584B004000E0086
:1005C00091461A0002AD031D2F0003CB03C7019211
:1005D0001000FFF783FF47B23FB26B4604229A56E2
:1005E00049463000FFF790FF052169560622AA56BA
:1005F0000723EB56A7804D46A571E6712072617204
:10060000A272E37204B080BCB946F0BDF8B5070031
:100610000C0016001D00CBB2DA1ED2B2072A37D862
:10062000043BDBB2052B35D9032919D00A2C33D171
:10063000BB00DB19DA1703201040C018801001300E
:1006400007210DF07FFC1F235B1A5900C918C90050
:1006500073009B19DB00ED18A9421FDA002018E097
:1006600083001B18DA1703201040C01880100430D4
:1006700007210DF067FC1F235B1A5900C918C90038
:1006800073009B19DB00EB189942CFDA012000E0E0
:100690000020F8BD0120FCE70020FAE70120F8E780
:1006A00070B50400043108220EF0DEFC0F4B1B78FD
:1006B000002B15D00023E05E052565570322A256C6
:1006C000022161562B00FFF7A1FF002808D1EDB2EF
:1006D0006B1E58B21B0605D418210DF033FC617156
:1006E000200070BD173568B2F6E7C0465C140020E4
:1006F000F0B5C64600B50C000E004E4388463700E4
:100700004F437C43012580450BD8B04208D3B84203
:100710000BD3A0420BD321000DF03CFC0435F2E7D3
:100720000135280080BCB846F0BD0235F9E7033535
:10073000F7E70000F8B5070014004E1E11E0642131
:1007400020000DF027FC4D00642120000DF022FC5C
:1007500004006A1C0A4B9A5CBA55721E5B5DBB545E
:10076000023E632CEBD8092C07D96400621C044BB1
:100770009A5C7A701B5D3B70F8BD30343C70FBE7CF
:100780002CF70210F8B50500CF0F002915DB0C007F
:100790000A212000FFF7ACFF060039182B000833B0
:1007A0002B602D22280014F057F92868C019220068
:1007B0003100FFF7BFFF2800F8BD4C42E8E770B5F5
:1007C0000400150014F01AFD2900200014F082FC2A
:1007D00004E0200014F036F912F076FE200070BD1F
:1007E000F0B583B00500080014004E6852689119F6
:1007F0000368070008379F4215D08768B94208D9B7
:100800002768BC4627000837BC450ED0A768B94208
:100810000DD9216814F04EFC0100280014F0FAF9FB
:10082000280003B0F0BD0F27E8E70F27EFE7009699
:1008300000220021200014F0F7FB0100280014F032
:10084000E9F9EDE7F0B5C64600B586B0040008004A
:1008500015004B68002B03D106B080BCB846F0BD34
:1008600000230393049305931A4903AA00F067FC3D
:10087000049B039A9B1A302B22D92368DB68984685
:10088000002103A8FEF73AFA039B18681BF0D8FB77
:1008900046B2012103A8FEF731FA039B98691BF0C9
:1008A000CFFB47B2022103A8FEF728FA039B186B7F
:1008B0001BF0C6FB43B200953A0031002000C04750
:1008C00003A8EFF712FEC7E703A8EFF70EFE12F03A
:1008D000FBFDC046A43F0310F0B585B0040008003E
:1008E0004B68002B01D105B0F0BD002301930293AA
:1008F0000393194901AA00F022FC029B019A9B1A5A
:10090000302B20D923685F69002101A8FEF7F6F992
:10091000019B18681BF094FB45B2012101A8FEF76A
:10092000EDF9019B98691BF08BFB46B2022101A8EF
:10093000FEF7E4F9019B186B1BF082FB0300320009
:1009400029002000B84701A8EFF7CFFDCBE701A8A9
:10095000EFF7CBFD12F0B8FDD448031030B5ABB0C3
:100960000400704910AA0AA8EFF7FCFD00230793C2
:10097000089309936C4907AA0AA800F0E0FB089BBA
:10098000079A9B1A302B00D8AAE0002107A8FEF78F
:10099000B5F9079901A814F031FC644901A814F0D5
:1009A000F1FB002805D10125012107A8FEF7A6F9D2
:1009B00059E05F4901A814F0E5FB002801D10225A8
:1009C000F2E75C4901A814F0DDFB002801D1032502
:1009D000EAE7594901A814F0D5FB002801D1042504
:1009E000E2E7564901A814F0CDFB002801D1052506
:1009F000DAE7534901A814F0C5FB002801D1062508
:100A0000D2E7504901A814F0BDFB002801D1072509
:100A1000CAE74D4901A814F0B5FB002801D108250B
:100A2000C2E74A4901A814F0ADFB002801D109250D
:100A3000BAE7474901A814F0A5FB002801D10A250F
:100A4000B2E7444901A814F09DFB002801D10B2511
:100A5000AAE7414901A814F095FB002801D0002520
:100A6000A2E70C25A0E7079918313C4A1DA8FFF71B
:100A7000A6FE290023A8FFF785FE23AA1DA917A813
:100A8000FFF7AEFE354917A814F024FB010011A8AA
:100A900014F0C0F8022107A8FEF730F9079B196B84
:100AA0005A6B11A814F006FB0100200014F0B2F8F4
:100AB00011A813F0C7FF17A813F0C4FF23A813F061
:100AC000C1FF1DA813F0BEFF01A813F0BBFF07A8CC
:100AD000EFF70BFD0AA813F0B5FF20002BB030BDD7
:100AE0001F4929AA2000EFF73DFDF0E711A813F0F8
:100AF000A9FF17A813F0A6FF23A813F0A3FF1DA8B2
:100B000013F0A0FF01A813F09DFF07A8EFF7EDFC7D
:100B10000AA813F097FF12F0D7FCEAE7ECE7F1E739
:100B2000F3E7C0469CF6021048450310A8F60210F1
:100B3000ACF60210B0F60210B4F60210B8F60210CD
:100B4000BCF60210C0F60210C4F60210C8F602107D
:100B5000CCF60210D0F60210D4F60210A43F031017
:100B6000D8F6021010B58EB00400114907AA01A8EA
:100B7000EFF7F8FC012201A92000FFF763FE01A8AE
:100B800013F060FF08A8FFF7E9FE08A92000FFF7AF
:100B9000A3FE08A813F056FF0EB010BD01A813F075
:100BA00051FF12F091FC08A813F04CFF12F08CFCDE
:100BB000E4F6021010B5FFF7D5FF10BD10B5040024
:100BC000024B0360FFF73EFC200010BD38F8021016
:100BD00010B50400FFF7F2FF0C21200012F0D6FB45
:100BE000200010BD10B50400FFF76CFC014B236022
:100BF000200010BD38F8021010B5040011F050FCB0
:100C0000200010BDF0B585B00F0016001D000AAB26
:100C10001B78002B1CD001006846FFF7EDFF02ACEB
:100C20000822002120000EF019FA16232380153B1C
:100C3000A370E370053323716771A671E57120001D
:100C400011F0FAFB402000210BF036F905B0F0BDA1
:100C500001006846FFF7D0FF6B4600229B5E02A8AA
:100C600003806B469B785BB283706B46DB785BB22C
:100C7000C3706B461B795BB2037147718671C57196
:100C800011F0DAFB402000210BF016F9DEE7F0B599
:100C900083B00E0017001C0001006846FFF7ACFF90
:100CA0002000FFF71BFC45B22DB262B239003000C4
:100CB000FFF72AFC6B461D809F70DE701871684636
:100CC00011F0BAFB402000210BF0F6F803B0F0BDA4
:100CD00010B50400FFF790FF0F4B1B78002B01D1DC
:100CE000200010BD0023E05E0523E3560322A25638
:100CF00002216156FFF78AFC0028F1D06279531E69
:100D000058B21B0604D418210DF01CF96171E7E7F5
:100D1000173250B2F7E7C0465C140020F0B5C64663
:100D200000B586B00400080015004B68002B03D105
:100D300006B080BCB846F0BD00230393049305932E
:100D40001A4903AA00F0FBF9049B039A9B1A302B63
:100D500022D92368DB689846002103A8FDF7CEFF5F
:100D6000039B18681BF06CF946B2012103A8FDF73C
:100D7000C5FF039B98691BF063F947B2022103A8E2
:100D8000FDF7BCFF039B186B1BF05AF943B20095AB
:100D90003A0031002000C04703A8EFF7A6FBC7E7E1
:100DA00003A8EFF7A2FB12F08FFBC046A43F03108D
:100DB000F0B585B0040008004B68002B01D105B0E8
:100DC000F0BD0023019302930393194901AA00F097
:100DD000B6F9029B019A9B1A302B20D923685F69D0
:100DE000002101A8FDF78AFF019B18681BF028F974
:100DF00045B2012101A8FDF781FF019B98691BF015
:100E00001FF946B2022101A8FDF778FF019B186B7C
:100E10001BF016F90300320029002000B84701A892
:100E2000EFF763FBCBE701A8EFF75FFB12F04CFB9A
:100E3000D448031010B58EB00400114907AA01A8C8
:100E4000EFF790FB012201A92000FFF767FF01A83F
:100E500013F0F8FD08A8FFF781FD08A92000FFF7AF
:100E6000A7FF08A813F0EEFD0EB010BD01A813F007
:100E7000E9FD12F029FB08A813F0E4FD12F024FBB1
:100E8000E4F6021010B5040011F0A0FA2000FFF7FC
:100E9000D1FF10BD002905D00268136841680B43DB
:100EA000136070470268136841688B431360F8E76A
:100EB00010B50B681B68496819404B1E9941C9B2AF
:100EC000FFF7E8FF10BD10B51C00431A0298001B85
:100ED0005843511A0DF036F8001910BD84B0039034
:100EE00002910192019B984208DB01AB029A1968BA
:100EF000914200DC02AB186804B0704703ABF5E721
:100F000070B50C00150000681BF09AF82A0021004B
:100F1000FFF7E4FF70BD70B50400150014F06EF922
:100F200029686A68200014F0C5F804E0200013F076
:100F300089FD12F0C9FA200070BD4068183870476A
:100F4000F0B595B0050001918368C46806930794D5
:100F50000068049000210591191AC9000919164E5C
:100F6000761A019FBE421ED3129313941090002252
:100F700011920E930F940C900D9203918F4215D8FD
:100F800003AA106840180A930B942A68089200215B
:100F900009919B1ADB00E418A04209D3064B984242
:100FA00008D815B0F0BD100013F03EFB01AAE8E729
:100FB0000148F6E70048F4E7E0FFFF7F70B584B032
:100FC00005000191416804680C1BE410A3001B1983
:100FD00018011B1818021B1818041B185B001B199A
:100FE0001348C01A019CA04219D303939C4219D8FC
:100FF00003AA1068C0182A688A1AD21093009B1896
:1010000019015B1819025B1819045B185B009B1827
:10101000984209D3064B984208D804B070BD10001E
:1010200013F002FB01AAE4E70148F6E70048F4E701
:101030005555550510B500238022920591425B411C
:10104000002B03D1880013F01BF810BD8023DB05B3
:10105000994201D313F0C0FA13F0AEFA70B5040050
:101060000E00150008E02100280013F0D3FD200039
:1010700013F0E8FC18341835B442F4D1280070BDE0
:10108000F8B5DE4657464E464546E0B504000F002B
:1010900093461F4A0121FFF791FF060023689846F7
:1010A000636899464346FB1A9A4600282DD00022D1
:1010B00001002000EFF75CFB05005346E818594695
:1010C00013F0A8FD23002A0039004046FFF7C6FFB1
:1010D00002001832230049463800FFF7BFFF07001F
:1010E000A1684346C91A002B02D0404612F04EF9BF
:1010F0002560676073009B19DB00ED18A560F0BCEC
:10110000BB46B246A946A046F8BD0025D5E7C04675
:101110005CF8021010B504004068A368984208D03B
:1011200013F078FD6368183363602000FFF705FF54
:1011300010BD0A0001002000FFF7A2FFF5E730B55F
:1011400089B00C00150000681CF07AF8010007E077
:1011500001A813F077FC210000201CF071F80100B9
:1011600000290DD007AA01A8EFF7FCF901A9280072
:10117000FFF7D0FFECE701A813F064FC12F0A4F92C
:1011800009B030BD10B590B00023019302930393D2
:10119000204901AAFFF7D3FF029B019A9B1A302B2B
:1011A0002CD9002101A8FDF7A9FD019C012101A86E
:1011B000FDF7A4FD019A183221000AA8FFF7ABFE43
:1011C000022101A8FDF79AFD019B196B5A6B0AA831
:1011D00013F070FF010004A813F01CFD04981AF02E
:1011E0002FFF040004A813F02DFC0AA813F02AFC1A
:1011F00001A8EFF77AF9200010B010BD0024F7E73E
:101200000AA813F01FFC01A8EFF76FF912F05CF9C0
:10121000F9E7C046D448031082B030B587B0050066
:10122000009101920B935C1AE4000C9BE418A41A41
:101230000AE00D9A0E9901238B400492059302A9AE
:1012400004A8FFF735FE013C002C1ADD0C9B5A1E4A
:101250000C92002B04D11F330C930B9B043B0B937C
:101260000B9A0C9901238B40029203930E9B5A1EFA
:101270000E92002BDDD11F330E930D9B043B0D937B
:10128000D7E70DAB2A0003CB03C2280007B030BC60
:1012900008BC02B0184782B0F0B58DB0050004ACB0
:1012A0000491059213A8139306AA130042CC42C3DB
:1012B000190050C850C31C00C0C8C0C401A8C0CB8E
:1012C000C0C04B680093089B0699079A2800FFF757
:1012D000A3FF28000DB0F0BC08BC02B0184782B0D4
:1012E00070B590B0050004A80491059215AE159351
:1012F00006AC230006C806C30822210018000DF022
:10130000B3FE230006CE06C3082221000AA80DF072
:10131000ABFE3300220003CB03C20CAE0822210037
:1013200030000DF0A1FE01AB03CE03C30B9B009375
:101330000A9B0899099A3000FFF7ADFF0822310097
:1013400020000DF091FE2B0006CC06C3280010B043
:1013500070BC08BC02B0184782B0F0B58DB0060072
:1013600004AD0491059213AF139306AC230006CD90
:1013700006C30822210018000DF076FE230006CFD8
:1013800006C3082221000AA80DF06EFE3B0001AA48
:1013900011CB11C20B9B00930A9B0899099A30004C
:1013A000FFF79DFF30000DB0F0BC08BC02B018473D
:1013B00082B0F0B5CE46474680B587B080460091F2
:1013C00001920F935C1AE400109BE418A41A06E043
:1013D000002301934B460433009318E0013C002C9A
:1013E0001EDD009B9946019E01231A00B24049462A
:1013F00002910392119F129DAB400497059302A99D
:1014000004A8FFF755FD731C01931F2EE0D06B1C41
:1014100012931F2DE2D10023129304371197DDE7B9
:1014200011AB424603CB03C2404607B0C0BCB9462D
:10143000B046F0BC08BC02B0184782B0F0B58DB021
:10144000050004AC0491059213A8139306AA130097
:1014500042CC42C3190050C850C31C00C0C8C0C40D
:1014600001A8C0CBC0C04B680093089B0699079A9F
:101470002800FFF79DFF28000DB0F0BC08BC02B0AB
:10148000184782B070B590B0050004A80491059289
:1014900015AE159306AC230006C806C3082221002A
:1014A00018000DF0E1FD230006CE06C3082221003E
:1014B0000AA80DF0D9FD3300220003CB03C20CAE05
:1014C0000822210030000DF0CFFD01AB03CE03C395
:1014D0000B9B00930A9B0899099A3000FFF7ADFF18
:1014E0000822310020000DF0BFFD2B0006CC06C302
:1014F000280010B070BC08BC02B0184782B0F0B52C
:101500008DB0060004AD0491059213AF139306ACA1
:10151000230006CD06C30822210018000DF0A4FD0B
:10152000230006CF06C3082221000AA80DF09CFD67
:101530003B0001AA11CB11C20B9B00930A9B089997
:10154000099A3000FFF79DFF30000DB0F0BC08BCD9
:1015500002B0184782B0F0B5CE46474680B587B096
:101560008146009101920F935C1AE400109BE418ED
:10157000A41A05E000230193043500951BE0013C0B
:10158000002C23DD009D019E01231A00B24004952A
:101590000592296811404A1E9141C9B2119F129AC1
:1015A000904693400297039302A8FFF773FC731CC5
:1015B00001931F2EDED043460133129343461F2B67
:1015C000DDD1002312933B1D1193D8E711AB4A469E
:1015D00003CB03C2484607B0C0BCB946B046F0BC16
:1015E00008BC02B0184782B0F0B58DB0050004AC5D
:1015F0000491059213A8139306AA130042CC42C388
:10160000190050C850C31C00C0C8C0C401A8C0CB3A
:10161000C0C04B680093089B0699079A2800FFF703
:1016200099FF28000DB0F0BC08BC02B0184782B08A
:1016300070B590B0050004A80491059215AE1593FD
:1016400006AC230006C806C30822210018000DF0CE
:101650000BFD230006CE06C3082221000AA80DF0C8
:1016600003FD3300220003CB03C20CAE082221008D
:1016700030000DF0F9FC01AB03CE03C30B9B0093CC
:101680000A9B0899099A3000FFF7ADFF0822310044
:1016900020000DF0E9FC2B0006CC06C3280010B09A
:1016A00070BC08BC02B0184782B0F0B58DB006001F
:1016B00004AD0491059213AF139306AC230006CD3D
:1016C00006C30822210018000DF0CEFC230006CF2F
:1016D00006C3082221000AA80DF0C6FC3B0001AA9F
:1016E00011CB11C20B9B00930A9B0899099A3000F9
:1016F000FFF79DFF30000DB0F0BC08BC02B01847EA
:10170000F0B58BB00400049205931100109D129E59
:10171000AF1AAA4203D03A0030001BF005FDF619BB
:1017200006950022079208AB0896099201AA41CBC0
:1017300041C2119B0093109B290000222000FFF75B
:10174000B3FF20000BB0F0BDF0B5CE46474680B5E4
:101750009FB00400049105921E00826803699A42BA
:101760002ED00EAD030008332A0003CB03C20121A3
:101770002800F9F789FD01AB03CD03C3E3680093AB
:10178000A3680499059A0CA8FFF7E6FD049A059949
:1017900001238B401092119331002800FFF77AFB50
:1017A000E3685A1CE2601F2B04D01FB0C0BCB946CE
:1017B000B046F0BD0023E360A3680433A360F4E700
:1017C000324A0121FFF7BCFB1F3043099846002233
:1017D00019002000FFF72EFC070006A90690002341
:1017E000079322681492159312921393049B9C46BC
:1017F000059B16A88146604616904846436002A89D
:1018000028C928C069464B4621CB21C100232100AD
:1018100008A8FFF775FF082208A91AA80DF024FCF4
:10182000099A531C09931F2A29D01A99012393401E
:1018300018911993310018A8FFF72CFB1CAB22005C
:101840000832190041CA41C10AAE08AA01A921CA39
:1018500021C11D9B00931C9B0499059A3000FFF742
:101860004DFE2000F9F758FD43469D007F19276182
:1018700006AB220003CB03C203CE03C295E70023CD
:101880000993089B04330893CFE7C04678F8021009
:10189000F0B587B085680269954217D002AC0200A6
:1018A0000832C0CAC0C4C468631CC3601F2C08D0FF
:1018B0000122A240009501926846FFF7EBFA07B0BB
:1018C000F0BD0023C3602B1D8360F1E704AA030071
:1018D0000833140060CB60C40B000499059AFFF72D
:1018E00033FFECE770B506000C0000230360436093
:1018F0008360C3600361002503E0E30F1C196410DB
:101900000135072D0ADC012121403000FFF7C0FF1F
:10191000F3E73000F9F700FD11F0D6FD300070BD9F
:1019200010B582B00C00154B98420AD00022144B1F
:101930005200D35EA34206D06B46DA1D147000211C
:1019400017E00122F3E76B46DA1D0D231370002127
:101950000029F1D183699B06FCD41378036001311F
:101960000132F5E783699B06FCD4137803600131EB
:1019700001320029F6D002B010BDC04600800340FD
:10198000D43B002030B583B004000D00002313E0E9
:101990006B46DA1D1170002006E0A3699B06FCD49B
:1019A00013782360013001320028F6D02B780D3BEC
:1019B0005A425341DBB201352978002905D0002B6A
:1019C000E6D12000FFF7ACFFF0E703B030BD82B0F6
:1019D00000226B46D91D06E08369DB06FCD4036850
:1019E0000B7001320131002AF6D06B46D87902B073
:1019F0007047000070B5040005000835030010337F
:101A000083600023C360037443600749280013F018
:101A1000FBFA04E0280013F015F811F055FD00233F
:101A20002370200070BDC0466C06031010B59621CF
:101A3000094C890120000AF01FFE0221002009F054
:101A400091F90221012009F08DF9E26A10239343F4
:101A5000024A136010BDC046004003402C500340B2
:101A600010B58368002B02D0C368984710BD12F0F0
:101A700043FE70B50400150013F0C0FB2A000121DD
:101A8000200013F0E5F904E0200012F0DBFF11F074
:101A90001BFD200070BD70B504000E001500030092
:101AA000083303600023436003725168013113F06F
:101AB00011F932000121200013F0CAF929686A687F
:101AC000200013F0F7FA04E0200012F0BBFF11F041
:101AD000FBFC200070BD000010B59EB00C00122869
:101AE00001DD1EB010BD4C21484328494118343156
:101AF00006A813F083FB06AA252118A8FFF7CBFF41
:101B0000234918A813F0E6FA010012A813F082F88E
:101B10002168626812A813F0CDFA01000CA813F036
:101B200079F81C490CA813F0D5FA0100684613F0A7
:101B300071F80CA812F086FF12A812F083FF18A803
:101B400012F080FF009914480DF09AFC0099134898
:101B5000FFF718FF684612F075FF06A812F072FF33
:101B6000BFE70CA812F06EFF12A812F06BFF18A8C6
:101B700012F068FF06A812F065FF11F0A5FCF3E76C
:101B8000F5E7684612F05EFFF4E7F3E71C1D00205E
:101B900094F8021098F80210A0F8021000400340D8
:101BA00010B582B0040008004968009201230022A9
:101BB00013F0F4F80100200013F02CF8200002B01C
:101BC00010BD00B589B0016807AA01A8EEF7CAFCEC
:101BD00001A90120FFF780FF01A812F033FF09B02F
:101BE00000BD01A812F02EFF11F06EFC30B5A3B0BD
:101BF00005000C00FFF7FEFE00232B705F22210082
:101C00001CA8FFF736FF1D9B022B5FD90023019311
:101C1000029303933F4901AA1CA8FFF790FA029987
:101C2000019BC91ACA1093009B1818011B181802AF
:101C30001B1818041B185B009A1830294CD9002176
:101C400001A8FDF75BF8019904A813F0D7FA012168
:101C500001A8FDF753F8019918310AA813F0CEFA3C
:101C6000022101A8FDF74AF80199303110A813F0BC
:101C7000C5FA01232B7000236B6000240AE016A92B
:101C800004A8EEF789FF002800D06C6016A812F0B7
:101C9000D9FE0134112C08DC4C2161431E4BC918BC
:101CA000343116A813F0AAFAE9E7280008300AA987
:101CB00012F002FF10A812F0C5FE0AA812F0C2FE30
:101CC00004A812F0BFFE01A8EEF70FFC1CA812F04A
:101CD000B9FE280023B030BD1C9910480DF0D0FB90
:101CE000F1E710A812F0AEFE0AA812F0ABFE04A8AD
:101CF00012F0A8FE01A8EEF7F8FB1CA812F0A2FE55
:101D00002800083012F09EFE11F0DEFBECE7EEE753
:101D1000F0E7F5E794F802101C1D0020A4F802106B
:101D200070B582B06B461A00040060CC60C20A0035
:101D300060CA60C011CB11C102B070BD70B50500A2
:101D40000C00FFF7EDFFAB68A268AA60A360EB6828
:101D5000E268EA60E36070BD10B584B004006846D4
:101D6000EFF709F821006846FFF7E8FF6846EEF74D
:101D70008CFB200004B010BD10B5C268CB68D31A2C
:101D80009B10541EA2419B1A5A00D318DC00E41A7F
:101D900002684368D21AD21093009B1818011B18CE
:101DA00018021B1818041B185B009B18E0188A689F
:101DB0000B68D21AD21093009B1819015B181902F4
:101DC0005B1819045B185B009B18C01810BD10B598
:101DD0000400806812F036FEE068FC21490011F032
:101DE000D5FA63691A1D62615B68E3601A00F93213
:101DF000FF322261A36010BD10B504008068236922
:101E0000183B984205D012F01DFEA3681833A3605A
:101E100010BD2000FFF7DBFFFAE7F0B5D6464F46CE
:101E20004646C0B5070088469246994602688B0030
:101E3000D658002E15D034680AE02568002D18D039
:101E40007968E86A0CF0A6F8260088450FD12C00C6
:101E5000E56AA945F1D1211D5046EEF79DFE002807
:101E6000EBD03000E0BCBA46B146A846F0BD002633
:101E7000F7E72E00F5E7000070B504000E00C36818
:101E8000142B0ED88468251E09D0211D3000EEF7D2
:101E900083FE002801D12C68F5E7200000E0002037
:101EA00070BD08684968084A12F0A6F80500616824
:101EB0000CF070F82B0032002000FFF7AEFF002876
:101EC000EED00068ECE7C04607690FC770B50400A4
:101ED0000D00EFF763F82B7B23732B6923616B698C
:101EE0006361AB69A361200070BD70B505000C0093
:101EF000FFF7ECFF21001C3128001C3013F07EF9A5
:101F000004E02800EEF7F1FA11F0DEFA280070BDC7
:101F100070B505000C00FFF7E8FF21003431280000
:101F2000343013F06BF908E028001C3012F08AFD01
:101F30002800EEF7DAFA11F0C7FA280070BD0000A9
:101F400070B58B4CA5440026AEE01D991E9A5FA883
:101F500013F0B0F8010059A812F05CFE232259A931
:101F600053A8FFF71DFE1C9965A8FEF70BFC65AA98
:101F700053A94DA8FEF734FC23224DA947A8FFF72B
:101F80000FFE1B996BA8FEF7FDFB6BAA47A941A8A2
:101F9000FEF726FC232241A93BA8FFF701FE1A9970
:101FA00071A8FEF7EFFB71AA3BA935A8FEF718FC54
:101FB000232235A92FA8FFF7F3FD16AB197B77A8CD
:101FC000FEF7E0FB77AA2FA929A8FEF709FC232238
:101FD00029A904A8FFF7E4FD29A812F033FD77A88A
:101FE00012F030FD2FA812F02DFD35A812F02AFDB9
:101FF00071A812F027FD3BA812F024FD41A812F0B1
:1020000021FD6BA812F01EFD47A812F01BFD4DA884
:1020100012F018FD65A812F015FD53A812F012FD7C
:1020200059A812F00FFD5FA812F00CFD51497DAACE
:102030000AA8EEF797FA16A901A8EEF7AFFF0199E3
:10204000029D11E02C2210A97EA8FFF712FD7E99B7
:102050007F9A0AA813F02EF87EA812F0F3FC10A8BD
:1020600012F0F0FC210018310C008D4203D010A8B2
:1020700013F0C4F8E6E70AAA04A984A8FEF74BFF08
:1020800084A91120FFF728FD84A812F0DBFC01A829
:10209000EEF72BFA0AA812F0D5FC04A812F0D2FC35
:1020A00016A8EEF732FA0136112E5DD84C21714395
:1020B000314BC91816A8FFF72BFF232223A95FA8CD
:1020C000FFF7D7FC41E729A812F0BCFC77A812F073
:1020D000B9FC2FA812F0B6FC35A812F0B3FC71A819
:1020E00012F0B0FC3BA812F0ADFC41A812F0AAFC23
:1020F0006BA812F0A7FC47A812F0A4FC4DA812F0A0
:10210000A1FC65A812F09EFC53A812F09BFC59A8F4
:1021100012F098FC5FA812F095FC16A8EEF7F5F9FE
:1021200011F0D2F9D2E7D7E7D9E7DEE7E0E7E5E754
:10213000E7E7ECE7EEE77EA812F084FC10A812F0C7
:1021400081FC01A8EEF7D1F90AA812F07BFC04A8E3
:1021500012F078FCE1E7F1E784A812F073FCF0E7F5
:10216000EFE7F1E7F3E7D8E78A239B009D4470BDD2
:10217000D8FDFFFF6C0603101C1D002070B5140075
:102180000D1A884204D02A00010020001AF0CCFF6A
:10219000601970BD70B50400096813F02FF82500B0
:1021A00018350C22002128000CF058FF08220021CD
:1021B00028000CF053FF00236362200070BD30B58F
:1021C00085B0150000220121EEF7AEFD04000023CA
:1021D00008C02B6803936B4600221A70002302AAE2
:1021E00003A9FFF7D7FF0BE011F04AFA30212000D6
:1021F00011F0CCF811F0AEFE11F07CFA11F064F998
:10220000200005B030BD0000F0B587B005000C001F
:10221000086849681A4A11F0EFFE060069680BF079
:10222000B9FE0F00330022002800FFF7F6FD00285A
:1022300007D00068002804D01C300400200007B03C
:10224000F0BD049402950F4905AB04AA2800FFF7DE
:10225000B6FF0300039001220092320039002800EB
:10226000EEF731FD002303931C30040002A8EEF7C3
:10227000E3FBE3E702A8EEF7DFFB11F025F9C04628
:1022800007690FC71CF9021010B50400122912D0FB
:102290008368002B11D00A4B01221A704C2359433A
:1022A000084BC91834310848FFF7AEFF2100FFF78B
:1022B00053FD012010BD0020FCE70120FAE7C046D5
:1022C000F53B00201C1D0020001D002030B5A7B0EC
:1022D00004001AA812F092FF1AA92000FFF786FC4A
:1022E0001AA812F0AFFB2378002B03D0284B1B78E1
:1022F000002B02D1200027B030BD63684C21594328
:10230000244BC918343101A812F078FF224801A9E2
:10231000FFF7B2FD002814D01F4801A9FFF774FF92
:1023200005002100083120A812F068FF20A928002C
:10233000FFF796FB20A812F085FB01A812F082FBA4
:10234000D8E763684C215943124BC91807A8FFF717
:10235000DFFD124807A90DF093F807A8EEF7D5F8AE
:10236000EBE71AA812F06EFB11F0AEF820A812F0FD
:1023700069FB01A812F066FB2000083012F062FB36
:1023800011F0A2F807A8EEF7C0F8F2E7F1E7F3E7DB
:10239000F53B00201C1D0020001D0020CCF8021081
:1023A00010B598B0194908001030FFF7E5FC002877
:1023B00001D118B010BD164CA1681491E3681593B3
:1023C0002369169363691793684612F017FF20007C
:1023D000FFF712FD69460EA812F010FF0EA906A81D
:1023E000FFF774FF08A812F02DFB0EA812F02AFBCD
:1023F000684612F027FBDCE70EA812F023FB6846C4
:1024000012F020FB11F060F8F9E7C046E01C002054
:10241000D81C002070B514000D1A814205D0531B42
:102420002A00010018001AF07FFE601B70BDF0B595
:10243000D6464F464646C0B584B005000191924647
:10244000416A40690E1AB4100134019A14196B687C
:102450006700BB421AD92F68BC461B1B5B089B0058
:102460005446002C01D0920000E000229B186344E7
:102470001C00984204D904311A00FFF77FFE30E0B7
:102480000431321D9A18FFF7C5FF2AE0291D9A4230
:1024900013D80A689B18023398460022190003A833
:1024A000EEF748FA814643461C1B6408A4005346D5
:1024B000002B04D0019B9B0002E001A9E9E7002367
:1024C000E4184C44696A043168692200FFF756FE3B
:1024D00028686968890010F059FF4B462B60434615
:1024E0006B606C612368EB60F933FF332B61A419D7
:1024F0006C622368EB61F933FF332B6204B0E0BCFC
:10250000BA46B146A846F0BD70B54C1C4268436A55
:1025100005685B1B9B10D31A9C4200D870BD00223B
:10252000FFF785FFFAE7000070B504000D001830D2
:1025300021000831FFF720FC174B98420FD00121F2
:102540002000FFF7E1FF666A002215212000EEF768
:102550000FF97060A069290012F050FE02E00F48E8
:1025600012F062F8636A1A1D62625B68E3611A0026
:10257000F932FF322262A36170BD11F081F8636A03
:102580005868FC21490010F001FF11F0E3FC11F044
:10259000B1F810F099FFC04655555505ECF80210FA
:1025A00010B504008069236A183B984205D012F0E8
:1025B00025FEA3691833A36110BD2000FFF7B4FF07
:1025C000FAE7000010B513E01D4C1E482100FFF78C
:1025D000E7FF1D49200012F017FD1C4B00221A7066
:1025E000D0231B06802292049A61012009F071FC1D
:1025F000174B9B69DB0621D4D0231B068022920453
:102600005A611348FFF7E3F90A28DDD0252809D0DD
:102610000E4B1B78002BE3D0094B0100180012F081
:1026200093FBDDE7094B1B78002BF1D106490448E9
:1026300012F0EAFC054B01221A70D1E710BDC0462A
:10264000A81C0020D81C00206C060310F43B0020BE
:1026500000400340F0B5CE46474680B5D74CA54470
:1026600004000D0001280CD0002C04D1D44B9D4255
:1026700001D101F0A8F8D34B9D44C0BCB946B04687
:10268000F0BDCF4B9942EFD1CF4B00221A719A6027
:10269000CE49D96019615A61CD4B1E6801361E6062
:1026A000012E30D0CB4A136801331360012B63D065
:1026B000C94B1F6801371F60012F67D0C74A1368D5
:1026C00001331360012B01D101F043F8C44A1368B0
:1026D00001331360012B01D101F067F8C14A13687F
:1026E00001331360012B01D101F064F8BE4A136875
:1026F00001331360012BB7D1BC49BD48BD4A6A44C0
:10270000EDF730FFB0E7BC49BC4841AAEDF72AFF1E
:10271000BB49BC4842AAEDF725FF10E0042605237B
:102720009B1B18245C43B54BE418B44B9C4201D16D
:1027300001F09AF8183C200012F084F9F5E7B2494C
:10274000B24843AAEDF70EFF01E00326E7E7B049E0
:10275000B04844AAEDF706FF01E00226DFE7AE49E4
:10276000AE4845AAEDF7FEFEAD49AE4846AAEDF7E4
:10277000F9FE97E70026D2E7AB4B00221A705A60A9
:10278000022199601C3119735A7391E797494DAA38
:1027900047A8EDF7E7FE10E0112411231B1B4C2482
:1027A0005C43A24BE418A14B9C4201D101F083F899
:1027B0004C3C2000EDF7A9FEF5E78C4954AA4EA841
:1027C000EDF7D0FE04E0112447A812F03BF9E4E74E
:1027D0000026559601235B42569357936423FF339B
:1027E0006B441E700C22310059A80CF037FC59962E
:1027F0005A965B968D4859AB03936423FF336B4421
:10280000029357AB019356AB009355AB4EAA47A921
:10281000EEF708FC07E0112459A8EDF766FE4EA874
:1028200012F010F9D0E7824962AA5CA8EDF79AFE8F
:1028300001E01024F0E77F4969AA63A8EDF792FE52
:1028400004E010245CA812F0FDF8E5E703236A9386
:10285000043B6B936C930026B823FF336B441E70CC
:102860000C2231006EA80CF0F9FB6E966F967096F4
:1028700071486EAB0393B823FF336B4402936CAB88
:1028800001936BAB00936AAB63AA5CA9EEF7CAFB3A
:1028900007E010246EA8EDF728FE63A812F0D2F826
:1028A000D0E7664977AA71A8EDF75CFE01E00F2436
:1028B000F0E763497EAA78A8EDF754FE04E00F2400
:1028C00071A812F0BFF8E5E703237F93043B8093E0
:1028D000819300265B4B6B441E700C22310083A851
:1028E0000CF0BCFB839684968596574883AB039384
:1028F000544B6B44029381AB019380AB00937FAB4D
:1029000078AA71A9EEF78EFB07E00F2483A8EDF7F4
:10291000ECFD78A812F096F8D2E74C498CAA86A86C
:10292000EDF720FE01E00E24F0E7494993AA8DA8B7
:10293000EDF718FE04E00E2486A812F083F8E5E710
:102940000123949300269596FF2252429692414A83
:102950006A4413700C22310098A80CF07FFB989603
:1029600099969A963C4898AB03933A4B6B440293E2
:1029700096AB019395AB009394AB8DAA86A9EEF725
:1029800051FB07E00E2498A8EDF7AFFD8DA812F0DB
:1029900059F8D1E73149A1AA9BA8EDF7E3FD01E081
:1029A0000D24F0E71149A8AAA2A8EDF7DBFD57E036
:1029B0000D249BA812F046F8E5E7C0469CF8FFFFFF
:1029C000FFFF000064070000282B00202C2B0020B4
:1029D0006C1C0020701C0020681C0020641C00205F
:1029E000601C0020581C00205C1C00206C0603109A
:1029F000C01C00205C0700003CE302107422002091
:102A000044E302108C2200204CE30210A422002098
:102A100054E30210BC2200205CE30210D422002008
:102A200064E30210EC220020042300201C1D00207F
:102A30006CE3021070E30210681D002028470310A9
:102A400074E302100B020000B41D002080E30210AA
:102A500084E302105F020000001E002040FE02100E
:102A60000323A993043BAA93AB930026E64B6B4444
:102A70001E700C223100ADA80CF0F0FAAD96AE96A7
:102A8000AF96E248ADAB0393DF4B6B440293ABAB25
:102A90000193AAAB0093A9ABA2AA9BA9EEF7C2FA35
:102AA00007E00D24ADA8EDF720FDA2A811F0CAFFA4
:102AB0007FE7D749B6AAB0A8EDF754FD01E00C2492
:102AC000F0E7D449BDAAB7A8EDF74CFD04E00C240B
:102AD000B0A811F0B7FFE5E70423BE930023BF932E
:102AE0000533C093CC4B6B4401221A70CB49C7AA63
:102AF0001DA8EDF737FD11E005270C240522D21B98
:102B0000182353431DAAD5181DAB9D4201D100F0D7
:102B1000CDFE183D280011F095FFF5E7C049C8AA81
:102B200023A8EDF71FFD02E004270C24E6E7BD49CA
:102B3000C9AA29A8EDF716FD02E003270C24DDE75A
:102B4000B949CAAA2FA8EDF70DFD02E002270C240F
:102B5000D4E7B649CBAA35A8EDF704FD01E00C2473
:102B6000CCE7B349CCAA3BA8EDF7FCFC02E0002778
:102B70000C24C3E71DA9C5910622C692CDABC2A8FD
:102B8000EDF786FE0BE00C2441AD1DAB9D4201D15B
:102B900000F089FE183D280011F054FFF5E7A54824
:102BA000C2AB03939C4B6B440293C0AB0193BFAB8E
:102BB0000093BEABB7AAB0A9EEF734FA04E00C2438
:102BC000C2A8EDF792FCDFE79B49D4AACEA8EDF7A7
:102BD000C9FC01E00B24F3E79849DBAAD5A8EDF77F
:102BE000C1FC04E00B24CEA811F02CFFE8E702237F
:102BF000DC93033BDD93DE93914B6B4401221A700F
:102C00000B320021E0A80CF029FA0023E093E193B5
:102C1000E2938C48E0AB0393894B6B440293DEABA9
:102C20000193DDAB0093DCABD5AACEA9EEF7FAF9A0
:102C300007E00B24E0A8EDF758FCD5A811F002FF3F
:102C4000D1E78149E9AAE3A8EDF78CFC01E00A2469
:102C5000F0E77E49F0AAEAA8EDF784FC04E00A2434
:102C6000E3A811F0EFFEE5E70123F1930A22F292C7
:102C70005A32F392764A6A4413700C220021F5A866
:102C80000CF0ECF90023F593F693F7937148F5AB4C
:102C900003936F4B6B440293F3AB0193F2AB00933E
:102CA000F1ABEAAAE3A9EEF7BDF907E00A24F5A81B
:102CB000EDF71BFCEAA811F0C5FED1E76649FEAAB4
:102CC000F8A8EDF74FFC01E00924F0E76349FFAAFB
:102CD0001832FFA8EDF746FC04E00924F8A811F02B
:102CE000B1FEE4E70323FFAA1C321360043BFFAAF2
:102CF00020321360FFAA243213600026FFAB2B336F
:102D00001E700C223100FFA82C300CF0A7F9FFAB8D
:102D10002C331E60FFAB30331E60FFAB34331E60BC
:102D20004F48FFAB2C330393FFAB2B330293FFAB26
:102D300024330193FFAB20330093FFAB1C33FFAA76
:102D4000F8A9EEF76FF908E00924FFA82C30EDF799
:102D5000CCFBFFA811F076FEC0E74249FFAA503233
:102D6000FFA83830EDF7FEFB01E00824EDE73E490F
:102D7000FFAA6C32FFA85430EDF7F4FB05E00824FD
:102D8000FFA8383011F05EFEDFE70223FFAA7032A1
:102D90001360033BFFAA74321360FFAA78321360FA
:102DA000FFAB7F3301221A700B320021FFA8803065
:102DB0000CF054F90023FFAA80321360FFAA84327A
:102DC0001360FFAA883213602848FFAB8033039357
:102DD000FFAB7F330293FFAB78330193FFAB7433C8
:102DE0000093FFAB7033FFAA5432FFA93831EEF7DE
:102DF00019F93DE00824FFA88030EDF776FBFFA825
:102E0000543011F01FFEBBE7B30200004C1E00203F
:102E100094E3021098E30210070300003CE3021061
:102E200044E302104CE3021054E302105CE302108E
:102E300064E30210981E0020A8E30210ACE3021025
:102E40007F030000E41E0020BCE30210C0E3021078
:102E5000D3030000301F0020D4E302106C060310DF
:102E60007C1F0020D8E30210DCE30210C81F002002
:102E7000E949FFAAA432FFA88C30EDF773FB01E00B
:102E80000724B8E7E549FFAAC032FFA8A830EDF74C
:102E900069FB05E00724FFA88C3011F0D3FDAAE7F9
:102EA0000423FFAAC43213600023FFAAC8321360B0
:102EB0000333FFAACC321360FFABD33301221A7065
:102EC000D749FFAAE83205A8EDF74CFB11E003272C
:102ED00007240322D21B1823534305AAD51805AB98
:102EE0009D4201D100F0D9FC183D280011F0AAFD47
:102EF000F5E7CC49FFAAEC320BA8EDF733FB02E073
:102F000002270724E5E7C849FFAAF03211A8EDF728
:102F100029FB01E00724DCE7C449FFAAF43217A823
:102F2000EDF720FB02E000270724D2E705A9FFAB5D
:102F3000E03319600422FFABE4331A60FFABF833CF
:102F4000FFA8D430EDF7A4FC0BE007241DAD05ABC2
:102F50009D4201D100F09EFC183D280011F072FD49
:102F6000F5E7B348FFABD4330393FFABD3330293FE
:102F7000FFABCC330193FFABC8330093FFABC4333B
:102F8000FFAAA832FFA98C31EEF74CF805E0072420
:102F9000FFA8D430EDF7A9FAD8E7A649A222D200BB
:102FA0006A44FFA8FC30EDF7DDFA01E00624EFE704
:102FB000A149A24A6A44A2486844EDF7D3FA05E061
:102FC0000624FFA8FC3011F03DFDE1E70223A62214
:102FD000D2006A441360033B9A4A6A441360A722F2
:102FE000D2006A441360984B6B4401221A700B3272
:102FF0000021A823DB006B4418000CF02FF80023FD
:10300000A822D2006A441360904A6A441360A9223D
:10301000D2006A4413608E48A823DB006B440393FC
:10302000894B6B440293A723DB006B440193854BD0
:103030006B440093A623DB006B44814A6A44FFA9DA
:10304000FC31EDF7EFFF0AE00624A820C000684439
:10305000EDF74BFA7A48684411F0F4FCB1E77D498A
:103060007D4A6A447D486844EDF77CFA01E0052416
:10307000EBE77B49B022D2006A44AD20C00068442F
:10308000EDF770FA05E005247448684411F0DAFCA5
:10309000DBE70123734A6A4413600026B122D200A1
:1030A0006A4416606422704969440A606F4A6A443F
:1030B00013700C2231006E4B6B4418000BF0CEFFE6
:1030C0006B4B6B441E60B323DB006B441E60694B8B
:1030D0006B441E606848664B6B440393634B6B44C0
:1030E0000293614B6B440193B123DB006B4400936B
:1030F0005C4B6B44AD22D2006A4458496944EDF7F9
:1031000091FF0AE005245A486844EDF7EEF9AD2036
:10311000C000684411F096FCB6E75849B722D200C7
:103120006A44B420C0006844EDF71CFA01E00424AE
:10313000E9E75349534A6A4453486844EDF712FAA1
:1031400006E00424B420C000684411F07BFCDAE7F8
:103150000223BB22D2006A441360033B4B4A6A44F9
:103160001360BC22D2006A441360494B6B440122B5
:103170001A700B320021BD23DB006B4418000BF0EA
:103180006DFF0023BD22D2006A441360414A6A44A5
:103190001360BE22D2006A4413603F48BD23DB00A7
:1031A0006B4403933A4B6B440293BC23DB006B44A8
:1031B0000193364B6B440093BB23DB006B44324AD4
:1031C0006A44B421C9006944EDF72CFF0AE00424E5
:1031D000BD20C0006844EDF788F92B48684411F021
:1031E00031FCAFE72D492E4A6A442E486844EDF77A
:1031F000B9F901E00324EBE72B49C522D2006A4468
:10320000C220C0006844EDF7ADF94FE00324254823
:10321000684411F017FCDBE7ECE30210F0E3021066
:10322000FCE3021010E4021020E402102CE402106F
:103230001420002038E402103CE402102C050000A9
:1032400014050000340500003F050000440500009F
:103250006020002054E40210640500004C050000CA
:1032600058E40210840500008C050000930500005E
:10327000940500009C050000AC20002068E40210CA
:103280006CE40210D4050000BC050000DC05000061
:10329000E7050000EC050000F820002078E40210AB
:1032A0000C060000F40500006C0603100223EE4A31
:1032B0006A441360033BC622D2006A441360EB4A9F
:1032C0006A4413600026EA4B6B441E700C223100E6
:1032D000E84B6B4418000BF0C1FEE64B6B441E60DC
:1032E000C823DB006B441E60E34B6B441E60E34865
:1032F000E04B6B440393DE4B6B440293DB4B6B441C
:103300000193C623DB006B440093D74B6B44C2226E
:10331000D2006A44DA496944EDF784FE0AE00324E6
:10332000D4486844EDF7E1F8C220C000684411F0C9
:1033300089FB6CE7D349CC22D2006A44C920C00083
:103340006844EDF70FF901E00224E9E7CE49CF4ADE
:103350006A44CF486844EDF705F906E00224C92025
:10336000C000684411F06EFBDAE70323D022D200DC
:103370006A441360043BC74A6A441360D122D200F6
:103380006A441360002399466B46C34A9B184A4619
:103390001A70D226F6006E440C32494630000BF00B
:1033A0005DFE4A4632607260B260BC480396BA4B1A
:1033B0006B440293D123DB006B440193B54B6B4408
:1033C0000093D023DB006B44B14A6A44C921C90091
:1033D0006944EDF727FE0BE00227D220C0006844C5
:1033E000EDF783F8AA48684411F02CFB3C00B6E7DF
:1033F000AB49AC4A6A44AC486844EDF7B3F8A2491B
:10340000DA22D2006A44D720C0006844EDF7AAF857
:1034100000239946A54B6B444A461A6001235B4240
:10342000DB22D2006A441360A14A6A4413606B46EF
:10343000A04A9B184A461A709F4E6E440C32494669
:1034400030000BF00BFE4A4632607260B2609B485F
:103450000396984B6B440293954B6B440193DB238B
:10346000DB006B440093914B6B44D722D2006A443B
:103470008D496944EDF7D6FD9149E122D2006A44B5
:10348000DE20C0006844EDF76DF80EE000278A48A2
:103490006844EDF72AF8D720C000684411F0D2FA4A
:1034A0008148684411F0CEFA97E77749854A6A4423
:1034B00085486844EDF756F80523E522D2006A44B2
:1034C0001360063B814A6A441360E622D2006A44D4
:1034D00013607F4F6F44002398463B70E726F60049
:1034E0006E440C22190030000BF0B8FD42463260E9
:1034F0007260B260774803960297E623DB006B4464
:103500000193724B6B440093E523DB006B446E4ADE
:103510006A44DE21C9006944EDF784FD3000ECF710
:10352000E4FF6948684411F08DFADE20C000684469
:1035300011F088FA60486844ECF7D7FFD720C00044
:10354000684411F07FFA5848684411F07BFAD220A1
:10355000C0006844ECF7C9FF4D48684411F072FAA6
:10356000C920C000684411F06DFA42486844ECF785
:10357000BCFFC220C000684411F064FA40486844AF
:1035800011F060FABD20C0006844ECF7AEFF52486D
:10359000684411F057FAB420C000684411F052FAA0
:1035A0004E486844ECF7A1FFAD20C000684411F01C
:1035B00049FA4B48684411F045FAA820C000684415
:1035C000ECF793FF4748684411F03CFAFFA8FC3041
:1035D00011F038FAFFA8D430ECF787FF1DAE05AB29
:1035E0009E4204D0183E300011F02CFAF7E7FFA8F5
:1035F000A83011F027FAFFA88C3011F023FAFFA8A9
:103600008030ECF772FFFFA8543011F01BFAFFA8CE
:10361000383011F017FAFFA82C30ECF766FFFFA83E
:1036200011F010FAF8A811F00DFAF5A8ECF75DFF0B
:10363000EAA811F007FAE3A811F004FAE0A8ECF701
:1036400054FFD5A811F0FEF9CEA811F0FBF9C2A8DD
:10365000ECF74BFF41AE1DAB9E4245D0183E30000B
:1036600011F0F0F9F7E7C0462C0600003406000020
:103670003B0600003C0600004406000044210020F8
:10368000F40500007CE402106C0603107C060000C8
:1036900064060000840600008F06000090210020D0
:1036A00080E40210B40600009C060000D40600006E
:1036B000DC060000E3060000E4060000DC21002038
:1036C00088E40210240700000C0700002C0700000B
:1036D0003707000028220020BC05000094050000E8
:1036E0004C05000014050000B7A811F0ABF9B0A814
:1036F00011F0A8F9ADA8ECF7F8FEA2A811F0A2F914
:103700009BA811F09FF998A8ECF7EFFE8DA811F097
:1037100099F986A811F096F983A8ECF7E6FE78A847
:1037200011F090F971A811F08DF96EA8ECF7DDFE9B
:1037300063A811F087F95CA811F084F959A8ECF797
:10374000D4FE4EA811F07EF947A811F07BF9FEF7E0
:10375000B5FF614A61491DAE3000ECF71BFF604BBD
:103760006B441E600122E923DB006B441A605D4854
:103770005D4B6B440293EA23DB006B4401935B4B8C
:103780006B44009300233100EDF7C4FB27AE1DAB63
:103790009E4201D1FEF79AFF283E30001830ECF728
:1037A00074FE300011F04EF9F1E75148EDF739F9A8
:1037B000FEF794FF4F495048EB22D2006A44ECF7E1
:1037C000D1FEFEF793FF4D4A1368013B1360002BB7
:1037D00019D04B4A1368013B1360002B17D0494A9C
:1037E0001368013B1360002B15D0474A1368013B57
:1037F0001360002B13D0454A1368013B1360002B64
:1038000018D1434C13E0434811F01CF9E1E73A4862
:1038100011F018F9E3E73648ECF78BFFE5E731489C
:10382000EDF77FF8E7E74C3C2000ECF76EFE3A4BF3
:103830009C42F8D1394A1368013B1360002B08D130
:10384000374C384B9C4204D0183C200011F0FAF859
:10385000F7E735488168EDF78EF9FEF70CFF05268E
:10386000FEF75DFFFEF75BFF0FF02EFEE720C000C6
:103870006844ECF73AFE2D48684411F0E3F8DE2086
:10388000C000684411F0DEF8002700E6F7E7FEE527
:1038900006E6A2E50327FFF71CFBFFA8A83011F0FE
:1038A000D1F8FFF7F8FA0527FFF728F9B7A811F0C4
:1038B000C9F8FFF70DF90FF007FE27AC1DAB9C42CE
:1038C00008D0283C20001830ECF7DFFD200011F074
:1038D000B9F8F3E70FF0F8FD411F011080E4021082
:1038E00044070000001D0020540700004C070000A2
:1038F000D81C00206C060310A81C00205C1C0020B3
:10390000581C0020601C0020641C0020681C002043
:1039100074220020C01C00201C1D00206C1C0020F4
:103920000423002074220020282B00200C07000014
:1039300010B502490120FEF78DFE10BDFFFF00000B
:10394000F0B5C64600B582B0009190460193466836
:10395000002E27D001680B008E1900251F009E4203
:1039600014D01C782300303B092B16D81C0043458B
:1039700013DC4346181B0A210AF0E4FAA8420CDBC8
:10398000A8004019400005197B1CE7E7009B9D42F9
:103990000ADB019B1D60012000E0002002B080BC1A
:1039A000B846F0BD0020F9E70020F7E710B5041E87
:1039B0000FDD83070FD164210AF0C4FA00290CD16E
:1039C0009131FF3120000AF0BDFA002907D0002014
:1039D00000E0002010BD0020FCE70120FAE70120F4
:1039E000F8E7000010B50400022804D0013C054BA4
:1039F000A400E05810BD0800FFF7D8FF0028F5D05C
:103A00001D20F7E78005031070B5002814DB2B2676
:103A1000C317C4185C403C2120000AF093FA0D0043
:103A20003C2120000AF08EFA0200044C2B003100E9
:103A300020000BF025FD70BD2D26E9E720F90210CE
:103A4000F8B504000F000E1AB61007E02000F8BD0C
:103A50002000FCE72000FAE72C1D013E002E19DDB6
:103A6000207818F0DDFA0028F0D0250060780134C5
:103A700018F0D6FA0028EBD0AC1CA87818F0D0FAD1
:103A80000028E7D0EC1CE87818F0CAFA0028E3D147
:103A90002000DCE73B1B022B0DD0032B03D0012BB6
:103AA00011D03800D3E7207818F0BAFA002801D1F5
:103AB0002000CCE70134207818F0B2FA002801D1B8
:103AC0002000C4E70134207818F0AAFA0028E8D1D1
:103AD0002000BCE710B500230022FFF7B1FF10BDA6
:103AE00010B50B68013B187818F09AFA4342584118
:103AF000C0B210BDF0B5CE46474680B597B00400C1
:103B000001910292039300223A2111F0FBFA050081
:103B1000431C11D0461C32003A21200011F0F2FA69
:103B20000700431C08D0431C99461A003A21200084
:103B300011F0E8FA013006D00024200017B0C0BC14
:103B4000B946B046F0BD2B000022210004A811F0B8
:103B500063FB019B1722002104A8FFF7F1FE8046BA
:103B600000280AD106000400002E3ED14346002B57
:103B70003FD104A810F066FFDFE77B1B013B32005A
:103B800021000AA811F048FB0DE00026002E02D00B
:103B90000AA810F057FF4346002B02D004A810F0EB
:103BA00051FF0FF091FC029B3B2200210AA8FFF776
:103BB000C7FE0500061E01D10400D5E701235B42C4
:103BC0004A46210010A811F027FB01E0A846DDE7D6
:103BD000039B3B22002110A8FFF7B2FE041E02D077
:103BE00006008046C0E7A846BEE710A810F02AFFEE
:103BF000BCE70AA810F026FFBBE70026B046C5E7E1
:103C0000F0B5DE4657464E464546E0B595B0040051
:103C10000E001700984600222E2111F073FA0500BD
:103C2000431C26D1002500239A46002401339946DF
:103C3000002D00D095E05346002B00D095E0002CDD
:103C400000D096E04B46002B00D096E03468434607
:103C500019683868FFF7C6FE0300E00FDA17A342C1
:103C60005041C0B215B0F0BCBB46B246A946A04612
:103C7000F0BD431C9B461A002E21200011F042FA91
:103C80000090431C06D1002500239A4600240133EE
:103C90009946CDE7431C99461A002E21200011F0C9
:103CA00031FA013006D0002500239A460024013362
:103CB0009946BDE72B000022210002A811F0ACFAC2
:103CC00033001F22012102A8FFF73AFE019082462D
:103CD000002804D1019D012401239946A8E7009BF7
:103CE0005B1B013B5A46210008A811F095FA0DE034
:103CF0000025002D02D008A810F0A4FE5346002B8A
:103D000002D002A810F09EFE0FF0DEFB3B000C225A
:103D1000012108A8FFF714FE0090051E03D1019BA6
:103D20001C00994684E701235B424A4621000EA805
:103D300011F072FA02E0009B9A46DAE7FA21434654
:103D4000104AC9000EA8FFF7FBFD041E04D00500B1
:103D50008246002399466BE7009B9A461C009946D1
:103D600066E70EA810F06EFE65E708A810F06AFE80
:103D700065E702A810F066FE64E7002072E7002500
:103D8000AA46B6E733080000F0B589B00700002660
:103D9000002518E0013427D17C6800230193631BC0
:103DA0002A00390002A811F037FA01ABFF220021E6
:103DB00002A8FFF7C5FD050002A810F043FE002D84
:103DC00012D0651C0136032E10DC2A002E2138008B
:103DD00011F098F90400022E01DC431C04D0032EDC
:103DE000D8D0631CD9D1D7E7002000E0012009B06A
:103DF000F0BD70B504000E00150005E0207818F045
:103E000025F9287001340135B442F7D1280070BD7E
:103E100070B505000C0008684968411800230200CD
:103E2000FFF7E7FF2100280010F0F4FE280070BD26
:103E300010B58CB00C00010006A811F0DFF906A93E
:103E40006846FFF7E5FF06A810F0FCFD1F4968462D
:103E500011F098F9002808D1012323700124684645
:103E600010F0F0FD20000CB010BD1949684611F0AB
:103E700089F90028F0D01749684611F083F9002825
:103E8000EAD01549684611F07DF90028E4D01349BD
:103E9000684611F077F9002803D10023237001242C
:103EA000DDE70F49684611F06DF90028F5D00D499E
:103EB000684611F067F90028EFD00B49684611F009
:103EC00061F90028E9D00024C9E7C046E8300310B2
:103ED0002CF9021034F902103CF90210C80003104A
:103EE00040F902104CF90210782E031070B504004E
:103EF0000C2200210BF0B2F80822002120000BF068
:103F0000ADF80025E560260010360C2200213000B7
:103F10000BF0A4F80822002130000BF09FF8E561B7
:103F200010360C22002130000BF098F808220021F6
:103F300030000BF093F8E56210360C2200213000BF
:103F40000BF08CF80822002130000BF087F8E563B5
:103F500010360C22002130000BF080F808220021DE
:103F600030000BF07BF8E56410360C2200213000A5
:103F70000BF074F80822002130000BF06FF8E565B3
:103F800010360C22002130000BF068F808220021C6
:103F900030000BF063F8E56610360C22002130008B
:103FA0000BF05CF80822002130000BF057F8E567B1
:103FB00010360C22002130000BF050F808220021AE
:103FC00030000BF04BF8F56010360C220021300069
:103FD0000BF044F80822002130000BF03FF8F560A8
:103FE00010360C22002130000BF038F80822002196
:103FF00030000BF033F8F56010360C220021300051
:104000000BF02CF80822002130000BF027F8F560A7
:1040100010360C22002130000BF020F8082200217D
:1040200030000BF01BF8F56010360C220021300038
:104030000BF014F80822002130000BF00FF8F560A7
:1040400010360C22002130000BF008F80822002165
:1040500030000BF003F8F56010360C220021300020
:104060000AF0FCFF0822002130000AF0F7FFF5609B
:10407000200070BD10B518480BF0D0F917480BF0B0
:10408000CDF917480BF0CAF916480BF0C7F91648D6
:104090000BF0C4F915480BF0C1F915480BF0BEF947
:1040A00014480BF0BBF914480BF0B8F913480BF0A7
:1040B000B5F913480BF0B2F912480BF0AFF91248FA
:1040C0000BF0ACF911480BF0A9F911480BF0A6F967
:1040D00010480BF0A3F910BD54F902108CF902102E
:1040E000C4F90210FCF902104CFA021094FA021002
:1040F000D8FA021018FB021050FB02108CFB0210C1
:10410000D0FB021008FC021044FC021080FC0210DC
:10411000BCFC0210F8FC021030B500E0601C04008A
:10412000884206D0057810788542F7D1187820703B
:10413000F4E730BD10B584B0039102920193836817
:10414000002B06D0C46801AB02AA03A9A04704B0A3
:1041500010BD10F0D1FA10B58368002B02D0C368EF
:10416000984710BD10F0C8FA10B58368002B02D034
:10417000C368984710BD10F0BFFA00B583B06B4616
:10418000D9718368002B05D0C3686A46D11D984752
:1041900003B000BD10F0B0FA10B58368002B02D058
:1041A000C368984710BD10F0A7FA00B583B001911D
:1041B0008368002B04D0C36801A9984703B000BDF1
:1041C00010F09AFA70B582B004000E001500531A70
:1041D00001930F2B0ED800942068AA1B310010F019
:1041E0005FFC002200920199616023685B181A70DD
:1041F00002B070BD002201A910F006FC2060019BF6
:10420000A360E8E770B504000D000C2200210AF05D
:1042100025FF0822002120000AF020FF0023E36090
:10422000AB68002B07D00222290020009847EB68DA
:10423000E360AB68A360200070BD2000ECF725F9B7
:104240000FF042F970B504000D000C2200210AF0B5
:1042500005FF0822002120000AF000FF0023E36090
:10426000AB68002B07D00222290020009847EB689A
:10427000E360AB68A360200070BD2000ECF705F997
:104280000FF022F970B504000D000C2200210AF095
:10429000E5FE0822002120000AF0E0FE0023E36092
:1042A000AB68002B07D00222290020009847EB685A
:1042B000E360AB68A360200070BD2000ECF7E5F878
:1042C0000FF002F970B504000D000C2200210AF075
:1042D000C5FE0822002120000AF0C0FE0023E36092
:1042E000AB68002B07D00222290020009847EB681A
:1042F000E360AB68A360200070BD2000ECF7C5F858
:104300000FF0E2F870B504000D000C2200210AF055
:10431000A5FE0822002120000AF0A0FE0023E36091
:10432000AB68002B07D00222290020009847EB68D9
:10433000E360AB68A360200070BD2000ECF7A5F837
:104340000FF0C2F870B504000D000C2200210AF035
:1043500085FE0822002120000AF080FE0023E36091
:10436000AB68002B07D00222290020009847EB6899
:10437000E360AB68A360200070BD2000ECF785F817
:104380000FF0A2F80B680068181A7047F0B58BB0F0
:1043900006000C00170001AA13703800FFF7F2FFA7
:1043A00085100EE02368336030000BB0F0BD236849
:1043B0003360F9E723683360F6E72368013B236045
:1043C000013D002D28DD2368039303A901A8FFF711
:1043D00087FB0028E6D12368013B2360049304A9EE
:1043E00001A8FFF77DFB0028E1D12368013B236092
:1043F000059305A901A8FFF773FB0028DAD123680C
:10440000013B2360069306A901A8FFF769FB00287A
:10441000D3D023683360C7E721003800FFF7B2FF2D
:10442000022814D0032804D001281ED03B68336032
:10443000BAE72368079307A901A8FFF751FB0028F3
:1044400002D023683360AFE72368013B2360236811
:10445000089308A901A8FFF743FB002802D02368AE
:104460003360A1E72368013B23602368099309A90E
:1044700001A8FFF735FB002802D02368336093E7DB
:104480002368013B2360D1E710B584B004000B68BA
:104490000293136803936B4600221A70002303AA49
:1044A00002A9FFF773FF200004B010BD10B582B061
:1044B00004000B68009313680193002301AA694666
:1044C000FFF7E2FF200002B010BD000070B584B01D
:1044D00005000C000868496841180022FFF7FAFA45
:1044E0000600210001A810F0EDFB210002A810F049
:1044F000EDFB002302AA01A96846FFF7D7FF009A47
:10450000964207D3084903AA2800ECF72BF82800A5
:1045100004B070BD2B0008332B6000236B603100AA
:104520002800FFF74FFEF2E76C060310F0B5A1B0CC
:104530000D00010008A8FFF7C9FF08A902A8FFF7AE
:1045400067FC08A810F07EFA5A4902A810F01AFE7B
:10455000002808D100232B60012402A810F072FA71
:10456000200021B0F0BD544902A810F00BFE002835
:10457000F0D0524902A810F005FE0028EAD0039BB3
:10458000012B00D87FE0029B1B782B2B01D02D2B19
:104590007BD101223A2102A810F0B4FD04000023CF
:1045A00001930093431C2AD0471C3A003A2102A8E9
:1045B00010F0A8FD013036D0002600270124002E7F
:1045C00057D1002F59D1002C61D1009C0F21200020
:1045D00009F0B8FC00295CD1019A13019B1A9B00D9
:1045E000E418029B1B782D2B4BD0B4239B00E318BF
:1045F000C322D20093424ED82C600124ADE70123A0
:104600005B42012202A90EA810F006FE01AB0E22A9
:1046100000210EA8FFF794F904000EA810F012FA7A
:10462000002CD2D199E7631E012202A914A810F030
:10463000F3FD01AB0E22002114A8FFF781F904005D
:10464000061E02D101270124B9E701235B423A008B
:1046500002A91AA810F0E0FD6B463B2200211AA81F
:10466000FFF76EF9071E02D006000024A7E7270017
:10467000A5E71AA810F0E6F9A3E714A810F0E2F9EC
:10468000A1E76442B1E7002467E7002465E700245E
:1046900063E7002461E700245FE70026002E02D0D4
:1046A00014A810F0CFF902A810F0CCF90EF00CFF0E
:1046B000F4E7F8E72CFD021030FD0210782E03100D
:1046C00070B58EB005000C0007A8FFF7FFFE07A924
:1046D00001A8FFF79DFB01A9200010F0B7FA01A87F
:1046E00010F0B0F907A810F0ADF920686168411822
:1046F0000DAA5F2313702A3B6B442D261E70FFF713
:104700000BFD20686168411836226A44202313702B
:1047100017336B441E70FFF7FFFC2100280010F0D8
:1047200079FA28000EB070BDF0B58DB004000D0010
:104730001700130006220021FFF702F9061E02D01F
:1047400030000DB0F0BD210006A810F057FD06A9FD
:104750006846FFF7B5FF06A810F074F9002400E0E2
:104760000134062C08D8A1004959684610F00AFD0A
:104770000028F5D13C600126684610F063F9DFE7B8
:1047800006A810F05FF90EF09FFEF0B58DB00400A2
:104790000E001700130003220021FFF7D1F8051EB9
:1047A00002D028000DB0F0BD210006A810F026FDB3
:1047B00006A96846FFF784FF06A810F043F9002415
:1047C000032C0AD8A3009959684610F0DBFC002896
:1047D00001D00134F4E73C600125684610F032F95D
:1047E000DFE706A810F02EF90EF06EFE11B5FFB04F
:1047F000010014A8FFF76AFEC549002214A810F0B2
:10480000B3FC04000300002214A91AA810F004FD50
:104810001AA90EA8FFF7FCFA1AA810F013F9631CE6
:1048200007D00123621C5B4214A921A810F0F4FCFC
:1048300005E0B84920AA08A8EBF794FE06E021A9F4
:1048400008A8FFF743FE21A810F0FCF8B2490EA813
:1048500010F098FC002802D1FFF70CFC03E2AF49EE
:104860000EA810F08FFC002805D0AD490EA810F05E
:1048700089FC00280AD1002300930193029302AB24
:1048800001AA694608A8FFF735F916E0A5490EA860
:1048900010F078FC002805D0A3490EA810F072FC97
:1048A000002826D1002300930193029302AB01AAB2
:1048B000694608A8FFF7A4F92EE000280AD09B4B10
:1048C0009B68002B0AD0029B019A00999748FFF73A
:1048D00031FC07E096480AF0A1FDC4E195480AF0D2
:1048E0009DFDC0E1029B019A009993480AF0C8FD22
:1048F000B9E192490EA810F045FC002805D0904976
:104900000EA810F03FFC002820D10023029308A934
:104910002DA810F073FC29E0002808D0834B9B6978
:10492000002B08D0874808A9FFF715FC07E0864848
:104930000AF074FD97E185480AF070FD93E1029B4F
:10494000019A009982480AF09BFD8CE181490EA8EA
:1049500010F018FC002805D07F490EA810F012FCBA
:1049600000284DD108A8FFF70FFA5DE02DA927A870
:10497000FFF74EFA794927A810F004FC040027A895
:1049800010F060F82DA810F05DF8002C0BD1674BEB
:104990009B6A002B17D0002C19D1714939AA33A872
:1049A000EBF7E0FD17E002ABFF22002108A8FEF7BD
:1049B000C7FF002803D0029B013B082BE7D86948BA
:1049C0000AF02CFD4FE168480AF028FD4BE10299FE
:1049D00033A8FBF7D7FE654833A9FFF7BCFB33A824
:1049E00010F030F8002C04D0029B002B06D0089960
:1049F00000E05A495E480AF043FD34E15749F9E7BF
:104A00005C490EA810F0BEFB002805D05A490EA83C
:104A100010F0B8FB00281FD100230293574902AAC7
:104A200008A8FFF781FE2BE0002808D03F4B9B6BC6
:104A3000002B08D0524808A9FFF78DFB07E051482A
:104A40000AF0ECFC0FE150480AF0E8FC0BE1089991
:104A50004E480AF015FD06E14D490EA810F092FBF4
:104A6000002805D04B490EA810F08CFB002829D156
:104A700001AB00221A7008A940A810F0BFFB99E012
:104A800000280CD0294B9B6C002B0CD002993AA823
:104A9000FBF778FE40483AA9FFF75DFB07E03F4887
:104AA0000AF0BCFCDFE03E480AF0B8FCDBE03AA8C4
:104AB0000FF0C8FF029A314B92003A48D1580AF0E1
:104AC000DFFCD0E038490EA810F05CFB002806D0CF
:104AD00036490EA810F056FB002800D0CEE0002387
:104AE000029302AB64220A2108A8FEF729FF0028DE
:104AF00000D1D7E00D4B9B6E002B00D1D6E0029980
:104B00004DA8FBF73FFE2A484DA9FFF724FBD1E053
:104B10004CFD02106C06031024FD0210BCF90210BB
:104B20002847031050FD0210D4E302102C2300206C
:104B300058FD02108CFD0210B0FD021038FC02106E
:104B400080E302103C230020CCFD0210F8FD02108F
:104B50001CFE021038FE021040FE021034FD02104E
:104B6000782E031044FE02106CFE02104C2300202D
:104B700094FE0210A8FE021094E3021064050310D4
:104B80005C230020B4FE0210D4FE0210F4FE0210DA
:104B900008FF0210A8E302106C23002014FF02108B
:104BA00060FF021088FF02109CFF0210BCE302109D
:104BB0008C23002040A902A8FFF72AF940A80FF093
:104BC00041FFB64902A810F0DDFA002810D101AB70
:104BD00000221A70B24B9B6D002B29D001AB1B78C1
:104BE000002B29D0AF494CAA46A8EBF7BBFC25E027
:104BF000AD4902A810F0C6FA002803D101AB01228A
:104C00001A70E7E701A908A8FFF712F90028E1D117
:104C1000A6480AF003FC02A80FF014FF08A80FF042
:104C200011FF0EA80FF00EFF14A80FF00BFF23E0EA
:104C30009F480AF0F3FB13E09E49D4E79E4846A93B
:104C4000FFF789FA46A80FF0FDFE01AB1B78002B99
:104C500004D0954999480AF013FC01E08F49F9E71F
:104C600002A80FF0EFFE08A80FF0ECFE0EA80FF060
:104C7000E9FE14A80FF0E6FE7FB011BD90490EA822
:104C800010F080FA002805D08E490EA810F07AFAAC
:104C9000002817D102AB00221A70190008A8FFF7EC
:104CA000C7F823E088480AF0B9FBDCE787480AF038
:104CB000B5FBD8E74DA80FF0C5FE854802990AF06C
:104CC000DFFBD0E783490EA810F05CFA002805D07E
:104CD00081490EA810F056FA002833D10023029320
:104CE0007E4902AA08A8FFF750FD4EE000280DD02B
:104CF0006B4B9B6F002B0DD002AB1B78002B0DD0A4
:104D0000684959AA53A8EBF72DFC09E074480AF04A
:104D100085FBA8E773480AF081FBA4E76549F0E743
:104D2000714853A9FFF717FA53A80FF08BFE02AB97
:104D30001B78002B04D06D496D480AF0A1FB92E767
:104D40006C49F9E76C490EA810F01CFA002805D050
:104D50006A490EA810F016FA002839D100210291F4
:104D600002AB642208A8FEF7EBFD002844D04C4BB0
:104D7000A8229B58002B43D0029960A8FBF702FDA4
:104D80005F4860A9FFF7E7F93EE000280DD0444BEB
:104D900088229B58002B0CD002995AA8FBF7F2FCF2
:104DA00058485AA9FFF7D7F907E057480AF036FBE9
:104DB00059E756480AF032FB55E75AA80FF042FE71
:104DC000029A464B92005248D1580AF059FB4AE7E2
:104DD00050490EA810F0D6F9002805D04E490EA86B
:104DE00010F0D0F9002817D102AB00221A70190078
:104DF00008A8FFF71DF824E048480AF00FFB32E747
:104E000047480AF00BFB2EE760A80FF01BFE454851
:104E100002990AF035FB26E743490EA810F0B2F9D3
:104E2000002800D08CE0099B002B00D0BDE01C4B7B
:104E3000D8229B58002B00D1AAE03C48FFF794F9F8
:104E4000AAE000280ED0164BB8229B58002B0DD09C
:104E500002AB1B78002B0DD012496CAA66A8EBF7A9
:104E600081FB09E032480AF0D9FAFCE631480AF041
:104E7000D5FAF8E60F49F0E72F4866A9FFF76BF976
:104E800066A80FF0DFFD02AB1B78002B04D017499A
:104E90002A480AF0F5FAE6E61649F9E744FD021059
:104EA0002C2300203CF902103CFD0210B0FF021040
:104EB000DCFF0210782E03107C2300200400031076
:104EC00018000310D8E3021028000310500003104C
:104ED000800003109C000310ECE302105405031043
:104EE000A8000310CC0003109C230020E83003101E
:104EF000F8000310C80003101001031054E402105E
:104F0000CC230020AC2300202001031074010310E7
:104F10009C010310B001031068E40210BC010310EF
:104F2000E00103100C02031024020310FC230020F4
:104F30003802031058020310DC23002084020310FF
:104F400086490EA810F01EF9002800D16BE78449AD
:104F50000EA810F017F900284DD082490EA810F0C5
:104F600011F9002847D080490EA810F00BF900284D
:104F70007CD07E490EA810F005F9002876D00F9B52
:104F8000002B00D16FE60E9979480AF079FA6AE6AB
:104F900078480AF043FA41E6002804D07649774879
:104FA0000AF06EFA3AE67649F9E702AB00221A7087
:104FB000190008A8FEF73CFF002803D171480AF049
:104FC0002DFA50E6704BC8229B58002B03D169483C
:104FD0000AF024FA47E602AB19786C48FFF7CDF8DF
:104FE00002AB1B78002B04D0634969480AF048FAE9
:104FF00039E66349F9E7099B002B14D1624BF8228B
:105000009B58002B03D163480AF008FA06E6624871
:105010000AF036FA6148FFF7BFF8FEF7F5FC0A2000
:105020000AF0A4F9FAE50023029302A908A8FFF701
:105030007DFA002803D15A480AF0F0F913E6524BE2
:10504000E8229B58002B03D156480AF0E7F90AE6FC
:1050500055480299FFF7A9F854480AF011FA029846
:10506000FEF7D2FC0A200AF081F9FCE508A973A832
:1050700010F0C4F873A96DA8FEF7CAFE4C496DA8DC
:1050800010F080F8002812D04A4908A810F07AF8E9
:1050900000280ED001246DA80FF0D4FC73A80FF0E7
:1050A000D1FC002C07D044480AF0B8F9DBE5002415
:1050B000F1E70024EFE7344B98229B58002B03D1F3
:1050C0003E480AF0ABF9CEE53A497FAA79A8EBF75A
:1050D00049FA3B4879A9FFF73EF879A80FF0B2FCEE
:1050E00038480AF09BF9BEE521A80FF0ABFC0EA8EA
:1050F0000FF0A8FC14A80FF0A5FC0EF0E5F933A8FA
:105100000FF0A0FC08A80FF09DFCF0E73AA80FF004
:1051100099FCF7E746A80FF095FC02A80FF092FC67
:10512000F0E7FAE74DA80FF08DFCEBE753A80FF07E
:1051300089FCE7E75AA80FF085FCE3E760A80FF0C9
:1051400081FCDFE766A80FF07DFCDBE779A80FF0B4
:1051500079FCD7E7D6E7CAE7CCE7C04678E4021087
:10516000980203107CE402102803031038E40210B4
:1051700064040310A4020310E8300310CC020310EF
:10518000C8000310E40203102C230020EC230020AD
:105190000C0303103C030310640303101C240020C1
:1051A00070030310B00303100C240020D803031075
:1051B000E80303103CF90210F00303101804031075
:1051C000BC2300204004031070B5002504E01F4BF1
:1051D0005B68002B1FD101354F2D36D800200AF017
:1051E0005FF9431C31D0C4B20D2CF0D00A2CEED0A4
:1051F000082C19D07F2C17D0FF23184016F008FF79
:105200000028E8D0114B5B684F2B15D80F482100C0
:105210000FF09AFDDFE70D4C2000FFF7E7FA0023BF
:10522000636022681370D6E7084B5B68002BD2D00E
:1052300006480FF0ABFDCEE7044B00225A601B6816
:105240001A7003480AF0EAF8C5E770BD142300207D
:105250009004031070B505000C00FCF761FDAB680D
:10526000A268AA60A360EB68E268EA60E36070BDD0
:1052700010B584B004006846FEF7C4FF21006846FC
:10528000FFF7E8FF6846EBF700F9200004B010BD17
:1052900070B505000C00FCF743FDAB68A268AA607E
:1052A000A360EB68E268EA60E36070BD10B584B0AB
:1052B00004006846FEF7C6FF21006846FFF7E8FFD6
:1052C0006846EBF7E2F8200004B010BD70B50500A9
:1052D0000C00FCF725FDAB68A268AA60A360EB6830
:1052E000E268EA60E36070BD10B584B0040068460F
:1052F000FEF7C8FF21006846FFF7E8FF6846EBF7B6
:10530000C4F8200004B010BD70B505000C00FCF717
:1053100007FDAB68A268AA60A360EB68E268EA6078
:10532000E36070BD10B584B004006846FEF7CAFFA4
:1053300021006846FFF7E8FF6846EBF7A6F8200073
:1053400004B010BD70B505000C00FCF7E9FCAB68BB
:10535000A268AA60A360EB68E268EA60E36070BDDF
:1053600010B584B004006846FEF7CCFF2100684603
:10537000FFF7E8FF6846EBF788F8200004B010BD9F
:1053800070B505000C00FCF7CBFCAB68A268AA6006
:10539000A360EB68E268EA60E36070BD10B584B0BA
:1053A00004006846FEF7CEFF21006846FFF7E8FFDD
:1053B0006846EBF76AF8200004B010BD70B5050030
:1053C0000C00FFF755FF2100103128001030FFF7C7
:1053D0006DFF2100203128002030FFF767FF2100FA
:1053E000303128003030FFF761FF210040312800C4
:1053F0004030FFF75BFF2100503128005030FFF7AD
:1054000055FF2100603128006030FFF74FFF210079
:10541000703128007030FFF749FF210080312800EB
:105420008030FFF743FF2100903128009030FFF7D4
:105430003DFF2100A0312800A030FFF737FF2100F9
:10544000B0312800B030FFF731FF2100C031280013
:10545000C030FFF749FF2100D0312800D030FFF7DE
:1054600061FF2100E0312800E030FFF779FF2100E3
:10547000F0312800F030FFF791FF280070BD0000E8
:1054800010B50100064B1800FFF798FF054B0022EE
:105490005A601B681A70044809F0C0FF10BDC0466E
:1054A0002C23002014230020AC04031010B50400AA
:1054B000F030EAF7EAFF2000E030EAF7E6FF2000EC
:1054C000D030EAF7E2FF2000C030EAF7DEFF20002C
:1054D000B030EAF7DAFF2000A030EAF7D6FF20006C
:1054E0009030EAF7D2FF20008030EAF7CEFF2000AC
:1054F0007030EAF7CAFF20006030EAF7C6FF2000EC
:105500005030EAF7C2FF20004030EAF7BEFF20002B
:105510003030EAF7BAFF20002030EAF7B6FF20006B
:105520001030EAF7B2FF2000EAF7AFFF200010BD0D
:1055300030B583B004000D00012806D0002C02D144
:10554000124B9D4214D003B030BD104B9942F5D19F
:105550000F4A136801331360012B03D00D48FEF787
:10556000C5FCEBE70C490D4801AAEAF7FBFFF5E79C
:105570000848FFF79BFF064A1368013B1360002BA6
:10558000E1D106480FF05EFADDE7C046FFFF0000FC
:10559000741C00202C2300206C0603101423002010
:1055A00010B502490120FFF7C3FF10BDFFFF000047
:1055B00010B50F2108F0C6FCC0B23130C0B210BD2A
:1055C000431EDBB2682B03D831380301181A704729
:1055D0000020FCE7F0B5C64600B582B000919046C9
:1055E00001934668002E28D001680B008E19002513
:1055F0001F009E4215D01C782300303BDBB2092BE4
:1056000016D8303C444513DC4346181B0A2108F0E9
:1056100099FCA8420CDBA8004019400005197B1C2E
:10562000E6E7009B9D420ADB019B1D60012000E034
:10563000002002B080BCB846F0BD0020F9E7002091
:10564000F7E7000070B504000D00022804D0013C0B
:105650000C4BA400E05870BD0029F8DD8B07F6D193
:105660006421280008F06EFC002908D19131FF3137
:10567000280008F067FC0029E9D11D20EBE71D2078
:10568000E9E7C04670090310F8B505000C001700E3
:105690000668F6180660002E12DD11682068FFF714
:1056A000D1FF864216DD01232B602368013323607E
:1056B0000C2B0FDD012323603B6801333B6009E0C5
:1056C0000B68013B0B60002B05DD39682068FFF794
:1056D000B9FF2860F8BD0C230B601368013B136011
:1056E000F3E7000030B583B0074B1C6853B24AB2F1
:1056F00041B2206800250095C5682000A847034BEB
:1057000001221A7003B030BDCC3B0020641400208D
:1057100010B50200044B1870044B186803685B69ED
:105720000E21984710BDC046FB3B0020A83A002040
:10573000014B18787047C046FB3B002070B5040051
:10574000B4239B00C218C323DB009A4211D80F2157
:1057500008F0F8FB00290CD1064B1C60064B1D68B5
:105760002B685E692000FFF723FF02000F2128004D
:10577000B04770BDD03B0020A83A0020014B18680C
:105780007047C046D03B002010B503685B6898475F
:1057900010BD000030B587B001000B4B1C682368BA
:1057A0001D6968460FF02AFD69462000A847684633
:1057B0000FF048F9054B01221A7007B030BD68465A
:1057C0000FF040F90DF080FECC3B00206414002067
:1057D00010B50400080011001A6809680068236801
:1057E000984710BD10B50A7803681000984710BD9F
:1057F00010B50368984710BD10B50A68036810001B
:10580000984710BD10B50368984710BD024B036060
:10581000024B03607047C0465C090310180903106F
:1058200010B5C068002802D00368DB69984710BD36
:105830000020704710B50400044B0360044B036064
:1058400010210DF0A3FD200010BDC0465C0903101F
:105850001809031010B5044B0360044B03601021BA
:105860000DF094FD10BDC0465C090310180903102B
:1058700010B54368002B02D1084B00221A60FF22AA
:105880000021FBF73DFB0200044B1860044B186835
:10589000D2B203685B690321984710BDE834002049
:1058A000A83A002010B501220021FBF729FB431E76
:1058B0009841C2B2044B1A70044B186803685B69C4
:1058C0000621984710BDC04604230020A83A0020B6
:1058D00010B564220021FBF713FBC2B2044B1A730C
:1058E000044B186803685B690C21984710BDC046DB
:1058F00004230020A83A002010B564220A21FBF7F7
:10590000FFFA0200044B1860044B1868D2B2036817
:105910005B690721984710BD60140020A83A002059
:1059200010B501220021FBF7EBFA431E9841C2B2E9
:10593000044B5A73044B186803685B690D21984740
:1059400010BDC04604230020A83A0020F0B5CE4682
:10595000474680B597B0040001910292039300225C
:105960003A210FF0CFFB0500431C11D0461C32003A
:105970003A2120000FF0C6FB0700431C08D0431C4F
:1059800099461A003A2120000FF0BCFB013006D0E6
:105990000024200017B0C0BCB946B046F0BD2B00B3
:1059A0000022210004A80FF037FC019B17220021E0
:1059B00004A8FFF70FFE804600280AD10600040065
:1059C000002E3ED14346002B3FD104A80FF03AF8F9
:1059D000DFE77B1B013B320021000AA80FF01CFC13
:1059E0000DE00026002E02D00AA80FF02BF8434647
:1059F000002B02D004A80FF025F80DF065FD029BE6
:105A00003B2200210AA8FFF7E5FD0500061E01D193
:105A10000400D5E701235B424A46210010A80FF09D
:105A2000FBFB01E0A846DDE7039B3B22002110A819
:105A3000FFF7D0FD041E02D006008046C0E7A8464E
:105A4000BEE710A80EF0FEFFBCE70AA80EF0FAFFB2
:105A5000BBE70026B046C5E770B586B00400294B09
:105A60001B78002B22D1002305930493039303ABEF
:105A700004AA05A9FFF76AFF00281ED0059B1C0198
:105A8000E41AA400049BE4181F4B1A681F4B002162
:105A90001960A41816D4B423DB009C421ADB1C4BFB
:105AA0009C466444194B01221A6013E0174B0022F4
:105AB0001A60184809F0B2FC21E02168164809F084
:105AC000DFFC1CE0B423DB009C4664440F4B012246
:105AD00052421A60114B1E683C21200008F032FA35
:105AE00005003C21200008F02DFA039B5BB24AB26E
:105AF00069B2306800240094C4683000A04706B042
:105B000070BDC046FB3B0020D03B0020F03B002096
:105B100060FAFFFFB0050310CC050310CC3B00205A
:105B2000F0B5CE46474680B597B004000191029289
:105B3000039300222E210FF0E5FA0500431C11D03B
:105B4000461C32002E2120000FF0DCFA0700431C17
:105B500008D0431C99461A002E2120000FF0D2FADB
:105B6000013006D00024200017B0C0BCB946B046B2
:105B7000F0BD2B000022210004A80FF04DFB019B7B
:105B80001F22012104A8FFF725FD804600280AD125
:105B900006000400002E3FD14346002B40D104A84C
:105BA0000EF050FFDFE77B1B013B320021000AA80B
:105BB0000FF032FB0DE00026002E02D00AA80EF0F6
:105BC00041FF4346002B02D004A80EF03BFF0DF02E
:105BD0007BFC029B0C2201210AA8FFF7FBFC0500BD
:105BE000061E01D10400D5E701235B424A4621008D
:105BF00010A80FF011FB01E0A846DDE7FA21039B96
:105C00000B4AC90010A8FFF7E5FC041E02D00600ED
:105C10008046BFE7A846BDE710A80EF013FFBBE71C
:105C20000AA80EF00FFFBAE70026B046C4E7C04648
:105C30003308000010B584B00400002303930293DE
:105C4000019301AB02AA03A9FFF76AFF002806D05F
:105C500001990298FFF7F6FC039B984205DA216848
:105C60000B4809F00DFC04B010BD0A4B1B6801AADB
:105C700002A903A8FFF708FD074B1868019B029AC9
:105C800052B2039949B204686469A047EBE7C04681
:105C9000E4050310F03B0020CC3B002010B50122AE
:105CA0000021FBF72DF9431E9841C4B2064B18683A
:105CB0002100FAF70DFC054B186803685B692200A8
:105CC0000921984710BDC046CC3B0020A83A0020CF
:105CD00010B504220021FBF713F90100064B1868E8
:105CE000F8F7B0FF054B1868054B1A7A03685B6933
:105CF0000A21984710BDC0465C350020A83A002014
:105D00000423002010B501004368002B00D110BD12
:105D100001480EF0D1FEFAE7401C002010B5040047
:105D2000024B03600DF02EFD200010BD340903105E
:105D300010B50400044B03600DF024FD0421200085
:105D40000DF024FB200010BD3409031010B5040031
:105D5000024B03600DF016FD200010BD4809031032
:105D600010B50400044B03600DF00CFD042120006D
:105D70000DF00CFB200010BD4809031070B50500A4
:105D80000C000068002802D003689B689847364BD7
:105D90005C60062C33D8A400344B1B599F4604206A
:105DA0000EF06EF90400F8F7A1FE2C6070BD04201F
:105DB0000EF066F90400EEF76DFE2C60F6E70420A5
:105DC0000EF05EF90400F5F78DFA2C60EEE7042082
:105DD0000EF056F90400F3F783F92C60E6E704208F
:105DE0000EF04EF90400F1F74FF82C60DEE70420C6
:105DF0000EF046F90400F7F77BFA2C60D6E7042092
:105E00000EF03EF90400F8F771FE2C60164B0622E6
:105E10005A60CBE7042120000DF0B8FA0DF054FBD6
:105E2000042120000DF0B2FA0DF04EFB04212000F9
:105E30000DF0ACFA0DF048FB042120000DF0A6FA9D
:105E40000DF042FB042120000DF0A0FA0DF03CFB08
:105E5000042120000DF09AFA0DF036FB04212000F9
:105E60000DF094FA0DF030FB04230020FC05031024
:105E700010B500280DDB0D4B1868002802D0036810
:105E80005B6898470C200EF0FBF80400EAF7C2FAB2
:105E900003E0074809F0F4FA01E0044B1C6010BD70
:105EA0000C2120000DF072FA0DF00EFB6C39002071
:105EB0001806031010B5002800DB10BD014809F0DA
:105EC000DFFAFAE72C06031010B5002800DB10BD3E
:105ED000014809F0D5FAFAE74006031010B584B07E
:105EE000224823490CF090FC0321022004F03AFFE1
:105EF0000321032004F036FF00220121022004F0D8
:105F000049FF00220121032004F044FF002406E0A1
:105F1000232C1DD0682C1FD0502C21D001347F2C75
:105F200022DC78231A0022402342F1D0782AEFD0D5
:105F3000E1B20E480023009301330F226A440CF0B3
:105F40009BFC0028E4DD0B48210009F099FADFE70B
:105F50002000FFF78DFFE1E72000FFF7B5FFDDE749
:105F60002000FFF7A7FFD9E704B010BD50150020AF
:105F7000A08601005806031010B582B00400064840
:105F80000068002805D0009313000A002100F8F7EC
:105F900035FE02B010BDC0465C35002010B50622AB
:105FA0000021FAF79BFF040002482100FFF7E6FEFC
:105FB000200010BD5C35002010B506220021FAF744
:105FC0009FFFFFF7EBFF0200034B1868D2B2036894
:105FD0005B690521984710BDA83A0020D0B50400A0
:105FE000104B18680A2801DC2000D0BD08F0AEFA7A
:105FF00000220D4B08F01BFA00220C4B08F012FA9D
:1060000006000F00200008F0A1FA32003B0008F063
:106010006BFE08F0B3FAC8220A21FAF75FFF04000A
:10602000E2E7C04660140020000034400000F03F6A
:1060300070B58AB0060001A80BF0DCFF6A4909AA16
:1060400003A8EAF78FFA03A8FBF79CF8040003A85B
:106050000EF0F8FC013401AA1378D2799B181819B4
:10606000FF2107F06FFF0D00002E07D15F4B18686E
:1060700003681B6900219847A8424DD05B4C2068FB
:10608000EAB203685B6900219847206803685B698E
:10609000002205219847206803685B6900220621D9
:1060A0009847206803685B690022032198472068AD
:1060B00003685B69012209219847206803685B69CE
:1060C0000F2207219847206803685B6900220A2194
:1060D0009847206803685B691E220C219847206856
:1060E00003685B6900220D219847206803685B699B
:1060F00000220E219847246823685D690020FFF77D
:1061000057FA02000F212000A847394B18680028D1
:1061100002D003681B6A9847344C206803681B69E7
:1061200003219847334B1860206803681B690521D9
:106130009847FFF733FF206803681B6906219847DB
:1061400001220021FAF7CAFE431E98412A4D287009
:10615000274B1E68206803681B69092198470122A4
:106160000021FAF7BBFE431E9841C1B23000FAF796
:10617000AFF9206803681B69072198471F4B186017
:106180001F4B1E68206803681B690A21984701009D
:106190003000F8F757FD206803681B690C21984709
:1061A0002873206803681B690D219847431E984196
:1061B0006873206803681B690E21984701384342C1
:1061C0005841104B1870206803681B690F219847CD
:1061D000FFF7F6F90C4B18600AB070BD03A80EF07B
:1061E00031FC0DF071F9C046E8F50210A83A002024
:1061F000CC3B0020E8340020042300206014002061
:106200005C350020FB3B0020D03B002070B5D02443
:1062100024068025AD0465610120FFF709FF642095
:1062200005F057FEA56170BDF0B5CE46474680B576
:1062300087B08046080000230393049305933849F0
:1062400003AAFAF77CFF55E00398001939000EF015
:106250006FFD0478303CFF21200007F073FE314BC6
:106260001F683C2107F06EFE00910023220041468A
:106270003800F8F7C3FCFA20800005F02AFE01354B
:10628000310003A8F8F73AFD01E00025F8E7039B89
:106290007400A419E4001B195B682F009D4208D20A
:1062A000204B1B68002BE6D0310003A8F8F726FD31
:1062B000CAE70A2140460CF024FCFA20C00005F091
:1062C00008FE01239C46E144049A039BD21AD21093
:1062D00093009B1819015B1819025B1819045B18CD
:1062E0005B009B184E46994507D2802140460CF032
:1062F00008FCCAE700239946E6E70B4B19784046AD
:106300000CF0FFFB03A8EAF7F0F807B0C0BCB946F1
:10631000B046F0BD03A8EAF7E8F80DF0D5F8C0469E
:10632000D44803105C3500206839002010B5002ADD
:1063300004D0012A06D0EAF74FF901E0024B0360CE
:10634000002010BD0160FBE72CE5021030B585B0E0
:1063500004000D000C220021684608F07FFE082290
:106360000021684608F07AFE002303930095074B4E
:106370000393074B029321006846FEF76BFF6846C4
:10638000EAF783F8200005B030BDC046D1570110B0
:106390002165011030B585B004000D000C220021EC
:1063A000684608F05BFE08220021684608F056FEA9
:1063B000002303930095074B0393074B029321009F
:1063C0006846FEF765FF6846EAF75FF8200005B00B
:1063D00030BDC046E76601102D63011030B585B0B1
:1063E00004000D000C220021684608F037FE082248
:1063F0000021684608F032FE002303930095074B06
:106400000393074B029321006846FEF75FFF68463F
:10641000EAF73BF8200005B030BDC046E557011053
:106420006565011030B585B004000D000C22002117
:10643000684608F013FE08220021684608F00EFEA8
:10644000002303930095074B0393074B029321000E
:106450006846FEF759FF6846EAF717F8200005B0CE
:1064600030BDC046F1570110A965011030B585B0A7
:1064700004000D000C220021684608F0EFFD082200
:106480000021684608F0EAFD002303930095074BBE
:106490000393074B029321006846FEF753FF6846BB
:1064A000E9F7F3FF200005B030BDC046F9570110F1
:1064B000ED65011030B585B004000D000C220021FF
:1064C000684608F0CBFD08220021684608F0C6FDAA
:1064D000002303930095074B0393074B029321007E
:1064E0006846FEF74DFF6846E9F7CFFF200005B08C
:1064F00030BDC0460558011031660110022A0AD08D
:1065000007D8002A03D0012A03D1016001E0034B20
:106510000360002070470B680360FAE74C08031023
:1065200010B5002A04D0012A06D0FFF7E7FF01E0EA
:10653000024B0360002010BD0160FBE74C08031014
:10654000022A0AD007D8002A03D0012A03D1016009
:1065500001E0034B0360002070470B680360FAE71B
:106560006408031010B5002A04D0012A06D0FFF7F2
:10657000E7FF01E0024B0360002010BD0160FBE774
:1065800064080310022A0AD007D8002A03D0012A7F
:1065900003D1016001E0034B0360002070470B68EA
:1065A0000360FAE77C08031010B5002A04D0012A22
:1065B00006D0FFF7E7FF01E0024B0360002010BDAB
:1065C0000160FBE77C080310022A0AD007D8002AE2
:1065D00003D0012A03D1016001E0034B03600020D6
:1065E00070470B680360FAE79408031010B5002A9F
:1065F00004D0012A06D0FFF7E7FF01E0024B036059
:10660000002010BD0160FBE794080310022A0AD0A5
:1066100007D8002A03D0012A03D1016001E0034B0F
:106620000360002070470B680360FAE7AC080310B2
:1066300010B5002A04D0012A06D0FFF7E7FF01E0D9
:10664000024B0360002010BD0160FBE7AC080310A3
:1066500030B5100000E0C968002906D00D691C683B
:10666000A542F8D308008968F6E730BD10B50B00E5
:106670008168021DFFF7ECFF10BD70B50D00816849
:10668000041D2B002200FFF7E3FF844203D02A6899
:1066900003699A4200D2200070BD70B504000D68F5
:1066A0000368AB420AD0002D02D06B6801336B60E7
:1066B0002068002801D0E9F7F2FE2560200070BDB7
:1066C00010B586B00C68110068460EF097FD68465C
:1066D000A04768460EF0B6F906B010BD68460EF049
:1066E000B1F90CF0F1FE10B50A0001000020FFF72F
:1066F000E7FF10BD30B5100000E0C968002906D0E2
:106700000D691C68A542F8D308008968F6E730BD1A
:1067100010B50B008168021DFFF7ECFF10BDF0B54E
:10672000C64600B5804617008C680D1D012302E0A7
:10673000E26825001400002C08D03E682569AE42AE
:106740009B415B42AE42F3D2A268F2E72800002BE5
:1067500004D0CB68AB420CD00DF050FE02693B6810
:106760009A420AD243461C605D60404680BCB846EF
:10677000F0BD43461C605D60F7E7434618600023A8
:1067800042465360F1E7F0B5C64600B504000E007E
:1067900015001F000A1D954213D03A6890462A69D9
:1067A00042452FD9CA68AA4220D028000DF026FE03
:1067B0000369434520D2C368002B1AD02560656069
:1067C00010E04B69002B08D00B691A6939689142B7
:1067D00003D900220260436004E03A003100200047
:1067E000FFF79DFF200080BCB846F0BD026042600C
:1067F000F8E723606060F5E73A0031002000FFF71A
:106800008EFFEFE742451BD20A69AA420BD028004F
:106810000DF0DEFD036998450CD2EB68002B06D025
:1068200020606060DEE7002303604260DAE72360F7
:106830006560D7E73A0031002000FFF770FFD1E72D
:10684000056000234360CDE770B504001D000029FA
:1068500009D00120231D29000DF0ECFD63690133EF
:106860006361280070BD031D9A4205D02B69116930
:10687000994203D80020EDE70120EBE70120E9E78A
:1068800010B582B004000091019200686368FFF7C0
:10689000DBFF0023636002B010BD000070B5040090
:1068A0000D000023036010200DF0EAFB0DE00CF05A
:1068B000E7FE002D03D02B68DB69280098470DF018
:1068C00049FB0CF017FF0CF0FFFD054B03600123A3
:1068D00043608360034B0360C5602060200070BD8F
:1068E000180903105C09031010B504004168002961
:1068F00002D00068EAF716F9200010BDF0B5C646D0
:1069000000B5804617008C680D1D012302E0E26887
:1069100025001400002C08D03E682569AE429B413A
:106920005B42AE42F3D2A268F2E72800002B04D00B
:10693000CB68AB420CD00DF061FD02693B689A4216
:106940000AD243461C605D60404680BCB846F0BD3C
:1069500043461C605D60F7E74346186000234246EB
:106960005360F1E7F0B5C64600B504000E0015000F
:106970001F000A1D954213D03A6890462A69424585
:106980002FD9CA68AA4220D028000DF037FD03692C
:10699000434520D2C368002B1AD02560656010E003
:1069A0004B69002B08D00B691A693968914203D9E9
:1069B00000220260436004E03A0031002000FFF74B
:1069C0009DFF200080BCB846F0BD02604260F8E741
:1069D00023606060F5E73A0031002000FFF78EFF8A
:1069E000EFE742451BD20A69AA420BD028000DF0FE
:1069F000EFFC036998450CD2EB68002B06D02060B1
:106A00006060DEE7002303604260DAE723606560D0
:106A1000D7E73A0031002000FFF770FFD1E70560AB
:106A200000234360CDE770B504001D00002909D0A4
:106A30000120231D29000DF0FDFC63690133636112
:106A4000280070BD031D9A4205D02B691169994237
:106A500003D80020EDE70120EBE70120E9E710B5BE
:106A600082B004000091019200686368FFF7DBFFC9
:106A70000023636002B010BD10B504004168002916
:106A800002D00068EAF76BF8200010BD10B5074B84
:106A90008B4204D32C2048430DF0F2FA10BD044B76
:106AA000994201D90DF098FD0DF086FD2EBAE8024D
:106AB0005D74D10530B583B0150000220121FFF7C8
:106AC000E5FF04002B6801931B6803611430182252
:106AD000002108F0C3FA00232376E3612200183274
:106AE00022626262A362200003B030BD30B585B07F
:106AF00004000D0011001A000290089BFFF7DAFF56
:106B00000300039010332A0021006846FFF73BFE84
:106B1000019B002B0BD000991A0002A8FFF7B0FED2
:106B2000040002A8FFF7A8FF200005B030BD009CBC
:106B3000F7E7000030B585B004000D00FFF7E8FD71
:106B4000231D0100834203D02A6803699A4207D2B9
:106B50000295054A03AB009302AB2000FFF7C6FF86
:106B6000143005B030BDC0461CF9021010B5084BFA
:106B70008B4205D3C800401A80000DF081FA10BD89
:106B8000044B994201D90DF027FD0DF015FDC046CB
:106B9000244992044992240910B582B014000022BD
:106BA0000121FFF7E3FF236801931B6803610023C2
:106BB0004361836102B010BD30B585B004000D00A3
:106BC00011001A000290089BFFF7E6FF03000390F4
:106BD00010332A0021006846FFF7C4FE019B002BFA
:106BE0000BD000991A0002A8FFF739FF040002A891
:106BF000FFF77AFE200005B030BD009CF7E70000EB
:106C000030B585B004000D00FFF730FD231D0100F5
:106C1000834203D02A6803699A4207D20295054A43
:106C200003AB009302AB2000FFF7C6FF143005B0A2
:106C300030BDC0461CF90210F0B5DE4657464E4640
:106C40004546E0B591B005000C00099208931AABD7
:106C500080CB1B7898461CAB1B7899461DAB1B78E4
:106C60009A461EAB1B789B464F4B994228D04F4B00
:106C7000994228D101230D934D4E0DA93000FFF705
:106C800059FF09A9FFF7F9FC07900DA93000FFF79C
:106C900051FF0430079B834227D120200DF0F0F9EB
:106CA0000600099A5B460493534603934B460293AE
:106CB000434601930097089B21000CF0B3F926E0AE
:106CC00000230D93D8E704200CF0C2FB040004203D
:106CD0000DF0D6F900220260364B0360364B03609C
:106CE0002060364920000DF01BF904200CF0B0FBA9
:106CF000040004200DF0C4F9002202602D4B036053
:106D00002F4B036020602F4920000DF009F90B96EE
:106D100031000CA8FFF7C2FD25480DA9FFF70AFFB7
:106D200009A9FFF76DFF0B9B08C00CA9FFF7B5FC85
:106D30000B9B0E930C9B0F93002B02D05A680132D1
:106D40005A600EA928000BF0C7FE0F98002801D04A
:106D5000E9F7A5FB0C98002801D0E9F7A0FB280073
:106D600011B0F0BCBB46B246A946A046F0BD20001B
:106D70000CF084FB0CF0A8FB20000CF07FFB0CF067
:106D8000A3FB202130000CF001FB0CF09DFB0F98C1
:106D9000002801D0E9F783FB0C98002801D0E9F71F
:106DA0007EFB0CF091FBF7E7000020500000305014
:106DB000402B002094310310340903100408031001
:106DC000480903103408031030B587B004000AA83E
:106DD00020C8007800280ED002281BD00020049084
:106DE000033003900238029001300190009520009A
:106DF000FFF722FF0BE000200490033003900138DE
:106E000002900138019000952000FFF715FF200047
:106E100007B030BD0420049001380390013802907F
:106E20000138019000952000FFF706FFEFE7000012
:106E3000F0B5D6464F464646C0B5484CA54408F086
:106E40002BFB192003F0C0FFD0231B0680229204E5
:106E50005A625A614CAB00221A704D9202214E9137
:106E60001C3119735A733E4A13CB13C21B8813800B
:106E7000FFF734F83B4B1B68002B2ED03A4B1B68B6
:106E8000002B34D0394B1B68002B3AD0354B186897
:106E9000002842D0344B1B68002B40D0334B1B687A
:106EA000002B38D003689B6898472F4B18680368FD
:106EB0009B6998472D4B186803681B699847012305
:106EC000019372330093633B0022294949A8FFF7DD
:106ED0007BFF49A80BF0D6FE4EE034200DF0D0F831
:106EE0008046EBF763FA1F4B42461A60C6E70C2058
:106EF0000DF0C6F88046F9F775FE1B4B42461A6046
:106F0000C0E704200DF0BCF88046E9F703FA174B00
:106F100042461A60BAE700240BE0002409E000248E
:106F200007E0D0231B06802292049A61642004F0BB
:106F3000D0FF0E4B1B680C4A12680A4909680D48BD
:106F400008F09EFA01235C40E4B2002CE9D0D02383
:106F50001B06802292045A61E8E7C046E8FDFFFF65
:106F600004230020A83A0020CC3B00206C390020EC
:106F7000000020507006031049A80BF093FE8021FA
:106F800049A80BF0BEFDFA20400004F0A2FFEB4B35
:106F900049A91868F7F74DFEE94804F09AFFFAF797
:106FA00045FD0C22002150A808F058F808220021C5
:106FB00050A808F053F800235393E24B5093E24B50
:106FC0005393E24B5293022150A8FBF75DF950A86E
:106FD000E9F75BFA0C22002154A808F03FF80822D8
:106FE000002154A808F03AF800235793D84B549343
:106FF000D54B5793D54B5693032154A8FBF744F92F
:1070000054A8E9F742FA0C22002158A808F026F803
:107010000822002158A808F021F800235B93CD4BEB
:107020005893C94B5B93C94B5A93052158A8FBF75A
:107030002BF958A8E9F729FA0C2200215CA808F0DE
:107040000DF8082200215CA808F008F800235F93DF
:10705000C14B5C93BC4B5F93BC4B5E9304215CA81B
:10706000FBF712F95CA8E9F710FA0C22002160A8DE
:1070700007F0F4FF0822002160A807F0EFFF0023CB
:107080006393B64B6093B04B6393B04B629306210E
:1070900060A8FBF7F9F860A8E9F7F7F90C220021DE
:1070A00064A807F0DBFF0822002164A807F0D6FFE0
:1070B00000236793AA4B6493A34B6793A34B6693F8
:1070C000092164A8FBF7E0F864A8E9F7DEF90C22CF
:1070D000002168A807F0C2FF0822002168A807F075
:1070E000BDFF00236B939F4B6893974B6B93974B1C
:1070F0006A93072168A8FBF7C7F868A8E9F7C5F9FC
:107100000C2200216CA807F0A9FF082398461A005A
:1071100000216CA807F0A2FF00236F93924B6C93A1
:10712000894B6F93894B6E9341466CA8FBF7ACF883
:107130006CA8E9F7AAF90C22002170A807F08EFFCD
:107140004246002170A807F089FF00237393874B04
:1071500070937D4B73937D4B72930A2170A8FBF75C
:1071600093F870A8E9F791F90C22002174A807F0B0
:1071700075FF4246002174A807F070FF0023779343
:107180007B4B7493704B7793704B76930B2174A861
:10719000FBF77AF874A8E9F778F90C2398461A00F7
:1071A000002178A807F05AFF0822002178A807F0EC
:1071B00055FF00237B936F4B7893634B7B93634B1B
:1071C0007A93414678A8FBF75FF878A8E9F75DF96C
:1071D000424600217CA807F041FF082200217CA83C
:1071E00007F03CFF00237F93634B7C93564B7F93C8
:1071F000564B7E930D217CA8FBF746F87CA8E9F757
:1072000044F90020FEF714FF09A8FCF76FFE5B4964
:1072100009A8FFF79BF85A490DA8FFF7BBF84C499E
:1072200011A8FFF7B7F84C4915A8FFF7B3F849497B
:1072300019A8FFF7AFF849491DA8FFF7ABF849496E
:1072400021A8FFF7A7F8464925A8FFF7A3F8474963
:1072500029A8FFF79FF846492DA8FFF79BF8454955
:1072600031A8FFF797F8444935A8FFF793F8454947
:1072700039A8FFF7B3F844493DA8FFF7D3F84349CD
:1072800041A8FFF7F3F8424945A8FFF713F909A809
:10729000FEF7F6F8D0231B06802292049A612BE0B9
:1072A000FDF792FFFBF78EF9FBF77AF804F09AFEF0
:1072B00004000D00374B1A685B68121BAB41DE17E8
:1072C0003700310051400491734005930499059AA9
:1072D000891BBA4104910592002A03DC08D12E4B88
:1072E000994205D92B4B1C605D602C4B01221A7012
:1072F0002A4B1B78002B03D10A2004F0EAFDCFE7CC
:10730000264B00221A70264B5B68002B06D1254BBA
:1073100019680B68DB6907A8984747E0204980A8EF
:107320000DF06CFF80A949A8FEF77EFF80A80DF044
:1073300089FB1D491A480DF067FEE8E75C3500201F
:1073400070170000595A01107D060010FD0500104D
:1073500071580110B95F0110055D0110A5580110A9
:107360009D5C0110F9580110355C0110D15C0110D1
:107370000D620110D158011021590110E55601107C
:107380009557011011570110315701103D57011049
:107390007D570110381C0020E09304006414002085
:1073A000401C0020CC3B00206C06031007ABDB79AF
:1073B0005BB29846584B1B68984509D1574B1B68E0
:1073C000002B3CD1564B18680368DB68984722E0D5
:1073D000514B42461A6007AB05229A569146062247
:1073E0009A56924603229A560221595600201B5E55
:1073F0004C480393029101924B4B1B680093434608
:107400005246494608F03CF843465246494649A888
:10741000FEF7B2FDD2E7FEF7E1FD434B1B68834266
:1074200005DAFF2B03DC404A0133136009E0834295
:1074300007DD0B2B05DD3C4A013B136001E03A4AB6
:107440001360394B1968394B1B68CB1ADA179B1834
:107450005340002B00DC4FE7344B1960C9B249A8F8
:107460000BF04FFB07AB0521595606229A564346AF
:1074700049A8FEF781FD3FE7342140460BF086FF27
:107480000CF022F80C2140460BF080FF0CF01CF8A9
:10749000042140460BF07AFF0CF016F850A8E8F7EC
:1074A000F4FF49A80BF024FB0CF00EF854A8E8F701
:1074B000ECFFF6E758A8E8F7E8FFF2E75CA8E8F782
:1074C000E4FFEEE760A8E8F7E0FFEAE764A8E8F782
:1074D000DCFFE6E768A8E8F7D8FFE2E76CA8E8F782
:1074E000D4FFDEE770A8E8F7D0FFDAE774A8E8F782
:1074F000CCFFD6E778A8E8F7C8FFD2E77CA8E8F782
:10750000C4FFCEE780A80DF09DFA09A8FDF7CEFFD5
:10751000C7E7FAE7C5E7C04668140020E834002052
:107520006C390020A80603106C1400206839002074
:10753000F0B5CE46474680B5DF4CA54404000D00AB
:1075400001280CD0002C04D1DC4B9D4201D103F06A
:1075500064FADB4B9D44C0BCB946B046F0BDD74B86
:107560009942EFD1D74B00221A719A60D649D9605F
:1075700019615A61D54B1E6801361E60012E63D019
:10758000D34A136801331360012B00D195E0D14B2E
:107590001E6801361E60012E00D198E0CE4A1368A5
:1075A00001331360012B01D101F0E1F9CB4A1368DB
:1075B00001331360012B01D101F004FAC84A1368AA
:1075C00001331360012B01D101F001FAC54A1368A0
:1075D00001331360012B01D101F001FAC24A136893
:1075E00001331360012B01D101F002FABF4B1E6879
:1075F00001361E60012E01D101F070FABC4B1E68ED
:1076000001361E60012E01D101F045FEB94A136812
:1076100001331360012B01D102F0BCFAB64B1E6896
:1076200001361E60012E01D102F009FFB349B448B2
:10763000B44A6A44E8F796FF04200CF021FD0600E6
:10764000F7F754FA03F0E5F9AF49B048E2AAE8F7D2
:1076500089FFAF49AF48E3AAE8F784FF10E00426AA
:1076600005239B1B18245C43A84BE418A74B9C42A2
:1076700001D103F00AFB183C20000DF0E3F9F5E717
:10768000A549A648E4AAE8F76DFF01E00326E7E76D
:10769000A349A448E5AAE8F765FF01E00226DFE771
:1076A000A149A248E6AAE8F75DFFA149A148E7AAD7
:1076B000E8F758FF64E70026D2E79F4B00221A70D4
:1076C0005A60022199601C3119735A735FE78B4924
:1076D000EEAAE8A8E8F746FF10E0112411231B1BCF
:1076E0004C245C43954BE418944B9C4201D103F02D
:1076F000F9FA4C3C2000E8F708FFF5E77F49F5AAC6
:10770000EFA8E8F72FFF04E01124E8A80DF09AF99C
:10771000E4E70027F69701235B42F793F893884B41
:107720006B441F700C223900FAA807F097FCFA97F7
:10773000FB97FC978148FAAB0393814B6B44029310
:10774000F8AB0193F7AB0093F6ABEFAAE8A9E9F722
:1077500069FC07E01124FAA8E8F7C7FEEFA80DF0CE
:1077600071F9D2E77749FFAA1032FDA8E8F7FAFECF
:1077700001E01024EFE77449FFAA2C32FFA814306F
:10778000E8F7F0FE04E01024FDA80DF05BF9E2E755
:107790000323FFAA30321360043BFFAA3432136084
:1077A000FFAA383213600027FFAB3F331F700C2253
:1077B0003900FFA8403007F051FCFFAB40331F6099
:1077C000FFAB44331F60FFAB48331F605F48FFAB24
:1077D00040330393FFAB3F330293FFAB3833019346
:1077E000FFAB34330093FFAB3033FFAA1432FDA953
:1077F000E9F718FC09E01024FFA84030E8F775FE0F
:10780000FFA814300DF01EF9BEE75149FFAA6432FB
:10781000FFA84C30E8F7A6FE01E00F24ECE74D4945
:10782000FFAA8032FFA86830E8F79CFE05E00F242D
:10783000FFA84C300DF006F9DEE70323FFAA8432DF
:107840001360043BFFAA88321360FFAA8C321360D6
:107850000027FFAB93331F700C223900FFA8943030
:1078600007F0FCFBFFAB94331F60FFAB98331F6046
:10787000FFAB9C331F603848FFAB94330393FFABDF
:1078800093330293FFAB8C330193FFAB88330093A8
:10789000FFAB8433FFAA6832FFA94C31E9F7C2FB82
:1078A0005CE00F24FFA89430E8F71FFEFFA86830C3
:1078B0000DF0C8F8BCE7C046E4EEFFFFFFFF000094
:1078C0001C110000402B0020442B00206C1C0020C9
:1078D000701C0020681C0020641C0020601C00201C
:1078E000581C00205C1C0020741C00207C1C002004
:1078F000841C0020801C0020781C00206C060310D3
:10790000401C0020141100003CE3021074220020EF
:1079100044E302108C2200204CE30210A422002039
:1079200054E30210BC2200205CE30210D4220020A9
:1079300064E30210EC220020042300201C1D002020
:10794000E70300006CE3021070E30210681D0020E2
:107950002847031074E30210B41D0020E949FFAA70
:10796000B832FFA8A030E8F7FDFD01E00E2499E74A
:10797000E549FFAAD432FFA8BC30E8F7F3FD05E0E3
:107980000E24FFA8A0300DF05DF88BE70123FFAABD
:10799000D83213600027FFAADC321760FF22524260
:1079A000FFA9E0310A60FFAAE73213700C22390008
:1079B000FFA8E83007F052FBFFABE8331F60FFABD6
:1079C000EC331F60FFABF0331F60D048FFABE833F0
:1079D0000393FFABE7330293FFABE0330193FFABBD
:1079E000DC330093FFABD833FFAABC32FFA9A03130
:1079F000E9F718FB09E00E24FFA8E830E8F775FD69
:107A0000FFA8BC300DF01EF8BBE7C149A122D2008F
:107A10006A44FFA8F430E8F7A5FD01E00D24EBE788
:107A2000BC49BD4A6A44BD486844E8F79BFD05E08F
:107A30000D24FFA8F4300DF005F8DDE70323A5229F
:107A4000D2006A441360043BB54A6A441360A6221C
:107A5000D2006A4413600027B24B6B441F700C22A3
:107A60003900A723DB006B44180007F0F7FAA723BF
:107A7000DB006B441F60AC4B6B441F60A823DB0032
:107A80006B441F60A948A723DB006B440393A54BFD
:107A90006B440293A623DB006B440193A04B6B4421
:107AA0000093A523DB006B449C4A6A44FFA9F43190
:107AB000E9F7B8FA0AE00D24A720C0006844E8F707
:107AC00014FD964868440CF0BDFFB2E79849994A06
:107AD0006A4499486844E8F745FD01E00C24EBE767
:107AE0009649AF22D2006A44AC20C0006844E8F74F
:107AF00039FD05E00C24904868440CF0A3FFDBE757
:107B000004238F4A6A4413600023B022D2006A44DF
:107B1000136005338B4A6A4413608B4B6B4401221C
:107B20001A708A49B422D2006A44BEA8E8F71AFD46
:107B300011E005260C240522921B18235343BEAAEC
:107B4000D518BEAB9D4201D103F0C5F8183D280001
:107B50000CF078FFF5E77E497E4A6A44C4A8E8F74E
:107B600001FD02E004260C24E5E77B49B522D200A2
:107B70006A44CAA8E8F7F6FC02E003260C24DAE718
:107B80007649774A6A44D0A8E8F7ECFC02E002267E
:107B90000C24D0E77349B622D2006A44D6A8E8F78D
:107BA000E1FC01E00C24C6E76F49704A6A44DCA896
:107BB000E8F7D8FC02E000260C24BCE7BEA9B323FA
:107BC000DB006B4419600622694B6B441A60B723D3
:107BD000DB006B4467486844E8F75AFE0BE00C246E
:107BE000E2ADBEAB9D4201D103F072F8183D280012
:107BF0000CF028FFF5E760485E4B6B440393524B53
:107C00006B4402934F4B6B440193B023DB006B44F6
:107C100000934B4B6B44AC22D2006A444649694402
:107C2000E9F700FA05E00C2452486844E8F75DFCE7
:107C3000D6E75249524A6A4452486844E8F792FCEF
:107C400001E00B24F0E75049BE22D2006A44BB2079
:107C5000C0006844E8F786FC05E00B244948684406
:107C60000CF0F0FEE0E70223484A6A441360033B4D
:107C7000BF22D2006A441360454A6A441360454BF0
:107C80006B4401221A700B320021434B6B441800E5
:107C900007F0E4F90023404A6A441360C122D2008D
:107CA0006A4413603D4A6A4413603D483A4B6B4452
:107CB0000393384B6B440293354B6B440193BF23C2
:107CC000DB006B440093314B6B44BB22D2006A440F
:107CD0002C496944E9F7A6F90AE00B242E486844C8
:107CE000E8F703FCBB20C00068440CF0ABFEB5E72E
:107CF0002C49C522D2006A44C220C0006844E8F77B
:107D000031FC53E080E3021084E30210001E0020E7
:107D100040FE02106C060310240500000C05000054
:107D20002C050000370500003C0500004C1E00201B
:107D300094E302105C0500004405000098E3021083
:107D40007C050000840500008B0500003CE3021068
:107D500044E30210A40500004CE3021054E30210B7
:107D6000AC0500005CE3021064E30210B4050000FF
:107D70009C0500008C050000981E0020A8E302105E
:107D8000D4050000BC050000ACE30210F4050000BF
:107D9000FC05000003060000040600000C060000BD
:107DA000E41E0020BCE302100A2497E7E949EA4AEE
:107DB0006A44EA486844E8F7D5FB06E00A24C22092
:107DC000C00068440CF03EFE88E70123C922D200BF
:107DD0006A4413600A22E24969440A605A32CA219D
:107DE000C90069440A60DF4A6A4413700C2200210A
:107DF000CB23DB006B44180007F030F90023CB22C3
:107E0000D2006A441360D84A6A441360CC22D2007C
:107E10006A441360D548CB23DB006B440393D14BFA
:107E20006B440293CA23DB006B440193CC4B6B443D
:107E30000093C923DB006B44C84A6A44C221C900CD
:107E40006944E9F7EFF80AE00A24CB20C00068444F
:107E5000E8F74BFBC14868440CF0F4FDAFE7C449B8
:107E6000C44A6A44C4486844E8F77CFB01E009243A
:107E7000EBE7C249D322D2006A44D020C000684454
:107E8000E8F770FB05E00924BB4868440CF0DAFD14
:107E9000DBE70323BA4A6A441360043BD422D200CE
:107EA0006A441360B74A6A4413600027B64B6B44B8
:107EB0001F700C223900B54B6B44180007F0CEF848
:107EC000B24B6B441F60D623DB006B441F60B04B8A
:107ED0006B441F60AF48AD4B6B440393AA4B6B449C
:107EE0000293A84B6B440193D423DB006B440093B3
:107EF000A34B6B44D022D2006A449F496944E9F7FE
:107F000091F80AE00924A1486844E8F7EEFAD02085
:107F1000C00068440CF096FDB6E79F49DA22D20013
:107F20006A44D720C0006844E8F71CFB01E008243D
:107F3000E9E79A499A4A6A449A486844E8F712FB82
:107F400006E00824D720C00068440CF07BFDDAE787
:107F50000223DE22D2006A441360033B924A6A4441
:107F60001360DF22D2006A441360904B6B440122FD
:107F70001A700B320021E023DB006B44180007F07D
:107F80006DF80023E022D2006A441360884A6A44F4
:107F90001360E122D2006A4413608648E023DB00CC
:107FA0006B440393814B6B440293DF23DB006B44F0
:107FB00001937D4B6B440093DE23DB006B44794AD5
:107FC0006A44D721C9006944E9F72CF80AE008247B
:107FD000E020C0006844E8F788FA724868440CF072
:107FE00031FDAFE77449754A6A4475486844E8F75B
:107FF000B9FA01E00724EBE77249E822D2006A44AB
:10800000E520C0006844E8F7ADFA05E007246C48B5
:1080100068440CF017FDDBE704236B4A6A441360E5
:108020000023E922D2006A4413600333674A6A449A
:108030001360674B6B4401221A706649ED22D2002F
:108040006A44A6A8E8F78EFA11E003260724032263
:10805000921B18235343A6AAD518A6AB9D4201D163
:1080600002F02FFE183D28000CF0ECFCF5E75A4911
:108070005A4A6A44ACA8E8F775FA02E002260724D7
:10808000E5E75749EE22D2006A44B2A8E8F76AFA57
:1080900001E00724DBE75349534A6A44B8A8E8F7EC
:1080A00061FA02E000260724D1E7A6A9EC23DB0051
:1080B0006B44196004224D4B6B441A60EF23DB00C4
:1080C0006B444B486844E8F7E3FB0BE00724BEAD84
:1080D000A6AB9D4201D102F0F1FD183D28000CF045
:1080E000B1FCF5E74348424B6B440393384B6B4478
:1080F0000293364B6B440193E923DB006B440093FE
:10810000314B6B44E522D2006A442D496944E8F7BB
:1081100089FF05E0072436486844E8F7E6F9D6E722
:108120003549364A6A4436486844E8F71BFA01E0A4
:108130000624F0E73349F622D2006A44F320C00057
:108140006844E8F70FFA5FE006242D4868440CF015
:1081500079FCE0E7C0E30210440600002C060000B2
:108160004C060000570600005C060000301F00208F
:10817000D4E302107C060000640600006C060310C5
:108180009C060000A4060000AB060000AC06000040
:10819000B40600007C1F0020D8E30210DCE30210CC
:1081A000EC060000D4060000F4060000FF06000004
:1081B00004070000C81F0020ECE3021024070000A1
:1081C0000C070000F0E30210440700004C07000019
:1081D00053070000FCE3021010E402106C070000DB
:1081E00020E402102CE40210740700006407000071
:1081F000540700001420002038E402109407000007
:108200007C0700003CE402100223DB4A6A4413604E
:10821000033BF722D2006A441360D84A6A441360D1
:10822000D74B6B4401221A700B320021D54B6B44A3
:10823000180006F013FF0023D24A6A441360F922A3
:10824000D2006A441360D04A6A441360CF48CD4BD1
:108250006B440393CA4B6B440293C84B6B4401932A
:10826000F723DB006B440093C34B6B44F322D20033
:108270006A44C7496944E8F7D5FE0AE00624C148C4
:108280006844E8F732F9F320C00068440CF0DAFBE8
:108290005BE7C049FD22D2006A44FA20C00068446E
:1082A000E8F760F901E00524E9E7BB49BB4A6A4405
:1082B000BB486844E8F756F906E00524FA20C000F8
:1082C00068440CF0BFFBDAE70123B64A6A44136046
:1082D0000027B54A6A441760642281210901694474
:1082E0000A60B24A6A4413700C223900B04B6B44E6
:1082F000180006F0B3FEAE4B6B441F60AD4B6B44F1
:108300001F6082231B016B441F60AB48A84B6B446A
:108310000393A64B6B44029381231B016B4401938F
:10832000A14B6B4400939F4B6B449D4A6A44FA21D6
:10833000C9006944E8F776FE09E005249C486844D2
:10834000E8F7D3F8964868440CF07CFBB6E79B4905
:108350009B4A6A449B486844E8F704F901E0042416
:10836000ECE79949994A6A44842000016844E8F797
:10837000F9F805E00424934868440CF063FBDDE75A
:108380000223934A6A441360033B862212016A4423
:108390001360904A6A4413608F4B6B4401221A7039
:1083A0000B3200218D4B6B44180006F057FE002362
:1083B0008A4A6A441360872212016A441360884A19
:1083C0006A4413608748854B6B440393824B6B442C
:1083D0000293804B6B44019386231B016B440093F3
:1083E0007B4B6B44842212016A4476496944E8F766
:1083F00019FE0AE0042479486844E8F776F88420F6
:10840000000168440CF01EFBB5E777498922120190
:108410006A4476486844E8F7A5F801E00324EAE7EF
:108420007349744A6A4474486844E8F79BF805E065
:1084300003246E4868440CF005FBDCE702238B2222
:1084400012016A441360033B6C4A6A4413606C4A2D
:108450006A44136000276B4B6B441F700C22390079
:108460008C231B016B44180006F0F8FD8C231B01C4
:108470006B441F60644B6B441F60644B6B441F6014
:1084800063488C231B016B4403935E4B6B44029344
:108490005B4B6B440193594B6B4400938B231B0143
:1084A0006B44554A6A4451496944E8F7BBFD0AE008
:1084B00003248C2000016844E8F717F84E4868440C
:1084C0000CF0C0FAB5E75349534A6A44534868442C
:1084D000E8F748F801E00224EBE745499022120151
:1084E0006A444F486844E8F73DF805E002244B48E9
:1084F00068440CF0A7FADCE703234A4A6A44136095
:10850000043B494A6A441360484A6A44136000279E
:10851000474B6B441F700C223900464B6B441800CC
:1085200006F09CFD434B6B441F60434B6B441F6044
:10853000424B6B441F6042483E4B6B4403933C4BA1
:108540006B440293394B6B440193374B6B4400935C
:10855000344B6B44324A6A4430496944E8F762FD5F
:1085600070E0022633486844E7F7BFFF2C486844B0
:108570000CF068FA3400BAE7B4070000BC0700004A
:10858000C3070000C4070000CC07000060200020E3
:108590007C07000054E4021058E4021004080000B4
:1085A000EC070000080800000C0800001708000095
:1085B000180800001C080000AC20002068E402102D
:1085C0003C080000240800006CE402105808000079
:1085D0005C080000640800006B0800006C080000E4
:1085E00074080000F820002078E4021078080000E9
:1085F0006C060310AC08000094080000B4080000EA
:10860000B8080000BF080000C4080000C808000047
:10861000442100207CE40210E4080000CC080000A3
:10862000E808000004090000080900000C09000027
:108630001309000014090000180900001C090000BB
:1086400090210020EE49EF4A6A44922000016844DC
:10865000E7F788FFEC49ED4A6A44ED486844E7F7DC
:1086600081FF0027EB4B6B441F6001235B42EA4A0A
:108670006A441360962212016A441360E74B6B440C
:108680001F700C223900E64B6B44180006F0E6FC24
:10869000E34B6B441F60E34B6B441F6097231B014C
:1086A0006B441F60E048DE4B6B440393DB4B6B4431
:1086B000029396231B016B440193D74B6B440093A9
:1086C000D44B6B44D24A6A44922109016944E8F7C9
:1086D000A9FCD649D64A6A44D6486844E7F742FF1F
:1086E0000EE00026CE486844E7F7FFFEC84868441D
:1086F0000CF0A8F99220000168440CF0A3F931E7CE
:10870000C149CD4A6A44992000016844E7F72AFF2D
:108710000523CA4A6A441360063B9B2212016A443D
:108720001360C74A6A4413600026C64B6B441E7030
:108730000C223100C44B6B44180006F08FFCC24B76
:108740006B441E609C231B016B441E60BF4B6B443B
:108750001E60BF48BC4B6B440393BA4B6B440293FF
:10876000B74B6B4401939B231B016B440093B34BAA
:108770006B44992212016A44AE496944E8F752FCFD
:10878000B1486844E7F7B1FE9920000168440CF055
:1087900059F9A84868440CF055F9A1486844E7F72E
:1087A000A4FE9B4868440CF04DF9922000016844F7
:1087B0000CF048F9A7486844E7F797FEA6486844D4
:1087C0000CF040F9A54868440CF03CF98C200001FD
:1087D0006844E7F78AFEA24868440CF033F9A148E0
:1087E00068440CF02FF9A0486844E7F77EFE842027
:1087F000000168440CF026F99C4868440CF022F90A
:108800009B486844E7F771FE9A4868440CF01AF9EF
:10881000FA20C00068440CF015F997486844E7F75F
:1088200064FEF320C00068440CF00CF993486844DF
:108830000CF008F992486844E7F757FEBEAEA6ABC5
:108840009E4204D0183E30000CF0FCF8F7E7E5201B
:10885000C00068440CF0F6F88A4868440CF0F2F85E
:10886000E020C0006844E7F740FE874868440CF009
:10887000E9F8D720C00068440CF0E4F88348684465
:10888000E7F733FED020C00068440CF0DBF88048E6
:1088900068440CF0D7F8CB20C0006844E7F725FE09
:1088A0007C4868440CF0CEF8C220C00068440CF04C
:1088B000C9F879486844E7F718FEBB20C00068444F
:1088C0000CF0C0F8754868440CF0BCF87448684473
:1088D000E7F70BFEE2AEBEAB9E4204D0183E30007E
:1088E0000CF0B0F8F7E7AC20C00068440CF0AAF830
:1088F0006C4868440CF0A6F8A720C0006844E7F76D
:10890000F4FD694868440CF09DF8FFA8F4300CF0C1
:1089100099F8FFA8E830E7F7E8FDFFA8BC300CF0B5
:1089200091F8FFA8A0300CF08DF8FFA89430E7F77D
:10893000DCFDFFA868300CF085F8FFA84C300CF087
:1089400081F8FFA84030E7F7D0FDFFA814300CF005
:1089500079F8FDA80CF076F8FAA8E7F7C6FDEFA8BD
:108960000CF070F8E8A80CF06DF8FEF717FE4F4A0F
:108970002349BEAE3000E7F70DFE4D4B6B441E6041
:1089800001224C4B6B441A604B484C4B6B44029396
:108990004B4B6B4401939D231B016B4400930023BD
:1089A0003100E8F7B7FAC8AEBEAB9E4201D1FEF780
:1089B000FDFD283E30001830E7F767FD30000CF071
:1089C00041F8F1E73F48E8F72CF8FEF7F7FD0E49CC
:1089D0003D483E4A6A44E7F7C5FDFEF7F7FD0A4900
:1089E0003B489E2212016A44E7F7BCFDFEF7F6FD04
:1089F00005493848384A6A44E7F7B4FDFEF7F6FD02
:108A000080E40210380900006C06031054090000CD
:108A10003C090000580900005C09000067090000DB
:108A2000680900006C090000DC21002088E40210C5
:108A30008C09000074090000A8090000AC090000BE
:108A4000B4090000BB090000BC090000C409000013
:108A50002822002014090000E8080000CC080000CB
:108A600094080000780800006C080000240800004A
:108A700018080000EC070000C40700007C07000095
:108A8000540700000C070000D4060000AC060000EC
:108A9000640600002C06000004060000BC0500006F
:108AA0008C050000440500000C050000411F01106A
:108AB000C8090000CC090000001D0020D8090000F2
:108AC000D4090000D81C0020A81C0020DC090000EC
:108AD000C01C002014230020E4090000E24F0C22F7
:108AE0000021380006F0BAFA00233B607B60BB60CF
:108AF0009F2212016A441360536001219160D36088
:108B00001100DA4B6B441A600222D94B6B441A6095
:108B1000D848A0231B016B44ECF7E4F9D64969441B
:108B2000D64B0A0083CB83C283CB83C2D24969442C
:108B3000D34B6B4419600322D24B6B441A60D2486A
:108B4000D24B6B44ECF7CEF910E0202622239B1B7E
:108B50000C245C43C44BE418C34B9C4201D102F08B
:108B6000D7F80C3C2000EBF79FFFF5E7A3210901A4
:108B70006944C74B0A0083CB83C283CB83C2A32142
:108B800009016944C34B6B4419600322C24B6B4417
:108B90001A60C248C24B6B44ECF7A4F901E01F26EF
:108BA000D4E704A9BF4B0A0083CB83C283CB83C223
:108BB00003CB03C204A9BC4B6B4419600422A52358
:108BC0001B016B441A60B948B94B6B44ECF78AF946
:108BD00001E01E26BAE7A44FB6480C2399461A00B6
:108BE000002106F03BFA00239846FB633B647B645C
:108BF000380048304A46190006F030FA4346BB6454
:108C0000FB643B650CA9AC4B0A0083CB83C283CBCE
:108C100083C203CB03C20CA9A84B6B441960042286
:108C2000A74B6B441A60A748A6231B016B44ECF7C3
:108C300059F901E01B2689E714A9A34B0A0083CB4D
:108C400083C283CB83C203CB03C214A99F4B6B4463
:108C5000196004229E4B6B441A609E489E4B6B44E5
:108C6000ECF740F901E01A2670E79C493822A6A8E3
:108C700006F0FAF9A6A9A7231B016B441960072285
:108C8000974B6B441A609748974B6B44ECF72AF963
:108C900001E019265AE795493822BEA806F0E4F902
:108CA000BEA9934B6B4419600722A8231B016B4498
:108CB0001A609048904B6B44ECF714F901E01826C9
:108CC00044E7A921090169448C4B0A0083CB83C284
:108CD00083CB83C2A92109016944894B6B44196084
:108CE0000322884B6B441A608748884B6B44ECF72F
:108CF000F9F801E0172629E71CA9854B0A0083CB68
:108D000083C283CB83C203CB03C21CA9814B6B44B8
:108D100019600422AB231B016B441A607E487F4B11
:108D20006B44ECF7DFF801E016260FE724A97C4B33
:108D30000A0083CB83C283CB83C203CB03C224A9A3
:108D4000784B6B4419600422774B6B441A60774868
:108D5000AC231B016B44ECF7C5F801E01526F5E6E2
:108D60002CA9734B0A0083CB83C283CB83C203CB72
:108D700003C22CA96F4B6B44196004226E4B6B44E9
:108D80001A606E486E4B6B44ECF7ACF801E01426A9
:108D9000DCE600236B4A6A441360013B6A4A6A447A
:108DA000136068496944AD231B016B4419600122BB
:108DB000664B6B441A606648AE231B016B44ECF7AC
:108DC00091F801E01326C1E60C23624A6A4413605D
:108DD0000D3BAF2212016A4413605E4969445E4B49
:108DE0006B44196001225D4B6B441A605C485D4B1B
:108DF0006B44ECF777F801E01226A7E66523B02272
:108E000012016A441360663B574A6A441360B021FA
:108E100009016944554B6B4419600122544B6B4462
:108E20001A605448544B6B44ECF75CF801E011268F
:108E30008CE67123514A6A441360723B504A6A447B
:108E400013604E4969444F4B6B4419600122B123B2
:108E50001B016B441A604C484C4B6B44ECF742F8D6
:108E600096E0102672E6C04664250020E80900005E
:108E7000EC090000702500200C0A0000A009031076
:108E8000040A0000080A00007C250020240A0000D3
:108E9000B8090310280A00002C0A000088250020C9
:108EA000480A0000D00903104C0A00009425002055
:108EB000540A0000A0250020F0090310580A000001
:108EC0005C0A0000B8250020100A0310640A0000A4
:108ED000680A0000C42500206C0A0000300A031054
:108EE000740A0000D0250020780A0000680A0310E8
:108EF0007C0A0000DC250020840A0000A00A031080
:108F0000880A00008C0A0000E8250020A80A00005A
:108F1000B80A0310AC0A0000F4250020B40A0000CF
:108F2000D80A0310B80A0000BC0A0000002600207E
:108F3000F80A0310C40A0000C80A00000C2600202A
:108F4000CC0A0000D80A0000DC0A0000D40A0000A5
:108F500018260020EC0A0000E40A0000E80A0000DD
:108F600024260020F40A0000040B0000F80A000088
:108F7000FC0A000030260020080B0000140B000043
:108F8000180B00000C0B00003C2600201C0B0000FE
:108F9000E64FE7480C2399461A00002106F05EF8D8
:108FA00000239846E4334246FA500433FA5004331F
:108FB000FA503800F0304A46414606F04FF8F023A8
:108FC0004246FA500433FA500433FA5034A9D94BCC
:108FD0000A0083CB83C283CB83C203CB03C234A9F1
:108FE000B2231B016B4419600422D34B6B441A60FB
:108FF000D248D34B6B44EBF775FF01E00D26A5E596
:109000003CA9D04B0A0083CB83C283CB83C203CB62
:1090100003C23CA9CC4B6B4419600422B3231B014F
:109020006B441A60C948CA4B6B44EBF75BFF01E025
:109030000C268BE544A9C74B0A0083CB83C283CBA4
:1090400083C203CB03C244A9C34B6B4419600422FF
:10905000C24B6B441A60C248B4231B016B44EBF74C
:1090600041FF01E00B2671E54EA9BE4B0A0083CB00
:1090700083C283CB83C203CB03C24EA9BA4B6B44DA
:1090800019600422B94B6B441A60B948B94B6B4460
:10909000EBF728FF01E00A2658E558A9B64B0A006D
:1090A00083CB83C283CB83C203CB03C258A9B5232E
:1090B0001B016B4419600422B04B6B441A60B0482A
:1090C000B04B6B44EBF70EFF01E009263EE582A9A9
:1090D000AD4B0A0083CB83C283CB83C283CB83C2D5
:1090E0001B68136082A9A94B6B4419600522B62343
:1090F0001B016B441A60A648A64B6B44EBF7F2FECB
:1091000001E0082622E59AA9A34B0A0083CB83C27B
:1091100083CB83C283CB83C283CB83C29AA99F4B69
:109120006B44196006229E4B6B441A609D48B7231E
:109130001B016B44EBF7D6FE01E0072606E562A9AA
:10914000994B0A0083CB83C283CB83C203CB03C278
:1091500062A9964B6B4419600422954B6B441A60CC
:109160009448954B6B44EBF7BDFE01E00626EDE419
:109170006CA9924B0A0083CB83C283CB83C203CBFF
:1091800003C26CA9B8231B016B44196004228C4BE9
:109190006B441A608B488C4B6B44EBF7A3FE01E0E9
:1091A0000526D3E476A9894B0A0083CB83C283CBFF
:1091B00083C203CB03C276A9854B6B44196004229A
:1091C000B9231B016B441A608248834B6B44EBF755
:1091D00089FE01E00426B9E4BA21090169447F4B04
:1091E0000A0083CB83C283CB83C2BA2109016944BD
:1091F0007B4B6B44196003227A4B6B441A607A48AC
:109200007A4B6B44EBF76EFE01E003269EE48EA9D9
:10921000774B0A0083CB83C283CB83C283CB83C2C9
:109220001B6813608EA9734B6B4419600522BC2325
:109230001B016B441A607048704B6B44EBF752FE95
:1092400001E0022682E4BD21090169446C4B0A0059
:1092500083CB83C283CB83C2BD2109016944694B9F
:109260006B4419600322684B6B441A606748684B73
:109270006B44EBF737FE2D4E66480C22002105F0BB
:10928000EDFE0022CC2149007250043172500431AD
:109290007250FEF7B3F9604F0C220021380005F040
:1092A000DDFE00233B607B60BB6024A95B4B0A00B2
:1092B00083CB83C283CB83C203CB03C224A9584B85
:1092C0006B4419600422BF231B016B441A6055488C
:1092D000554B6B44EBF706FEC02212016A44534B18
:1092E00083CB83C21B681360C02109016944504BC2
:1092F0006B44196002224F4B6B441A604E48C123E5
:109300001B016B44EBF7EEFD98E0212623239B1B0A
:109310000C245C43404BE4183F4B9C4201D101F0CC
:10932000FEFC0C3C2000EBF7BFFBF5E764250020BA
:1093300048260020180B0310240B00006026002094
:10934000280B0000380B03102C0B00006C260020AB
:10935000340B0000580B0310380B00003C0B0000CE
:1093600078260020780B0310440B0000480B000007
:10937000842600204C0B0000980B0310540B0000B7
:1093800090260020580B0000B80B03105C0B000067
:109390009C260020640B0000E00B0310680B00000B
:1093A0006C0B0000A8260020100C0310740B0000AA
:1093B000780B0000B42600207C0B0000300C03105A
:1093C000840B0000C0260020880B0000500C031006
:1093D0008C0B0000CC260020940B0000700C0310B6
:1093E000980B00009C0B0000D8260020B80B000052
:1093F000880C0310BC0B0000E4260020C40B000006
:10940000B00C0310C80B0000CC0B0000F0260020AD
:10941000E80B0000FC260020A0280020C80C031048
:10942000EC0B0000AC280020F40B0000E80C03104B
:10943000F80B0000FC0B0000B8280020EE4969443E
:10944000EE4B0A0083CB83C283CB83C2EA496944D3
:10945000EB4B6B4419600322EA4B6B441A60EA48F9
:10946000EA4B6B44EBF73EFD01E020264EE700237C
:10947000C42212016A4413600733E54A6A44136048
:10948000C42109016944E34B6B4419600122E24B9A
:109490006B441A60E148E24B6B44EBF723FD01E0BB
:1094A0001F2633E7DF4FE0480C2399461A000021BE
:1094B00005F0D4FD00239846FB633B647B643800D1
:1094C00048304A46190005F0C9FD4346BB64FB64B9
:1094D0003B65D64B6B4442461A600723D44A6A4424
:1094E0001360D2496944D34B6B4419600122C523F0
:1094F0001B016B441A60D048D04B6B44EBF7F2FC75
:1095000001E01C2602E72CA9CD4B0A0083CB83C2C5
:1095100083CB83C203CB03C22CA9C6231B016B449C
:1095200019600422C74B6B441A60C748C74B6B4491
:10953000EBF7D8FC01E01B26E8E676A9C44B0A004D
:1095400083CB83C283CB83C283CB83C283CB83C2CF
:1095500076A9C04B6B4419600622C7231B016B44DC
:109560001A60BD48BD4B6B44EBF7BCFC01E01A260A
:10957000CCE644A9BA4B0A0083CB83C283CB83C217
:1095800083CB83C21B68136044A9B64B6B4419603C
:109590000522B54B6B441A60B448C8231B016B44C9
:1095A000EBF7A0FC01E01926B0E69E4FB0480C2274
:1095B000002105F053FD002284217A5004317A50B5
:1095C00004317A504EA9AB4B0A0083CB83C283CBC4
:1095D00083C283CB83C21B6813604EA9A64B6B4426
:1095E00019600522A54B6B441A60A548A54B6B4436
:1095F000EBF778FC01E0172688E68A4FA2480C2298
:10960000002105F02BFD00229C217A5004317A5074
:1096100004317A509D4A6A449D4B83CB83C21B68B8
:1096200013609A496944C9231B016B4419600222E3
:10963000984B6B441A609848984B6B44EBF752FC7C
:1096400001E0152662E658AA954B83CB83C2110030
:1096500085CB85C185CB85C11B680B6058A9914B13
:109660006B4419600522CB231B016B441A608E48A2
:109670008E4B6B44EBF736FC01E0142646E682AADB
:109680008B4B83CB83C2110085CB85C185CB85C134
:1096900085CB85C182A9874B6B4419600622864B16
:1096A0006B441A608548CC231B016B44EBF71AFC12
:1096B00001E013262AE60023814A6A441360013B35
:1096C000CD2212016A4413607D4969447D4B6B448D
:1096D000196001227C4B6B441A607C487C4B6B44C4
:1096E000EBF700FC01E0122610E60C23CE2212015B
:1096F0006A4413600D3B774A6A441360CE21090126
:109700006944754B6B4419600122744B6B441A60B9
:109710007348744B6B44EBF7E5FB01E01126F5E56C
:109720006523714A6A441360663B704A6A44136059
:109730006D4969446E4B6B4419600122CF231B01B4
:109740006B441A606B486C4B6B44EBF7CBFB01E04E
:109750001026DBE57123694A6A441360723B684A4C
:109760006A44136065496944D0231B016B44196046
:109770000122644B6B441A606348D1231B016B4484
:10978000EBF7B0FB01E00F26C0E5264F5F480C2346
:1097900099461A00002105F061FC00239846FC332D
:1097A0004246FA500433FA500433FA503800093074
:1097B000FF304A46414605F051FC84235B00424697
:1097C000FA500433FA500433FA5051496944514B6A
:1097D0000A0083CB83C283CB83C24D4969444E4B7D
:1097E0006B44196003224D4B6B441A604C484D4B3F
:1097F0006B44EBF777FB99E01C0C0000F80C0310AE
:10980000140C0000180C0000C4280020340C0000C8
:10981000440C0000380C00003C0C0000D028002054
:10982000480C0000A0280020DC280020540C000078
:10983000580C00004C0C0000F42800205C0C0000C8
:10984000780B0310640C000000290020680C000055
:10985000100D03106C0C00000C290020740C00008B
:10986000400D0310780C00007C0C0000182900202B
:1098700024290020680D0310840C0000880C0000CF
:10988000302900208C0C00003C290020980C00009E
:10989000900D0310940C000048290020A80C000033
:1098A000A00D0310AC0C000054290020B40C0000E3
:1098B000C80D0310B80C0000BC0C0000602900208B
:1098C000CC0C0000C40C0000C80C00006C29002067
:1098D000D40C0000E40C0000D80C0000DC0C0000EC
:1098E00078290020E80C0000F40C0000F80C0000BF
:1098F000EC0C000084290020FC0C0000080D000086
:109900000C0D0000040D0000902900209C2900206F
:109910001C0D0000F80D0310140D0000180D0000C0
:10992000B4290020340D00000C26EFE4D4210901F5
:109930006944EC4B0A0083CB83C283CB83C2D4211E
:1099400009016944E84B6B4419600322E74B6B44FF
:109950001A60E748E74B6B44EBF7C4FA01E00B26CB
:10996000D4E4E5496944E54B0A0083CB83C283CB49
:1099700083C2E1496944E24B6B4419600322D62358
:109980001B016B441A60DF48DF4B6B44EBF7AAFA0C
:1099900001E00A26BAE4DD493822BEA805F064FBDE
:1099A000BEA9D8231B016B4419600722D84B6B4416
:1099B0001A60D848D84B6B44EBF794FA01E00926BB
:1099C000A4E48EAAD54B83CB83C2110085CB85C17D
:1099D00085CB85C185CB85C18EA9D14B6B441960E0
:1099E0000622D9231B016B441A60CE48CE4B6B4430
:1099F000EBF778FA01E0082688E4DA2109016944E6
:109A0000CA4B0A0083CB83C283CB83C2DA2109010C
:109A10006944C74B6B4419600322C64B6B441A6000
:109A2000C548C64B6B44EBF75DFA01E007266DE4D1
:109A300062AAC34B83CB83C2110085CB85C185CB82
:109A400085C11B680B6062A9BE4B6B44196005227F
:109A5000DC231B016B441A60BB48BC4B6B44EBF727
:109A600041FA01E0062651E434ABB94A83CA83C304
:109A7000190089CA89C109CA09C134A9B54B6B4407
:109A800019600422B44B6B441A60B448DD231B01F7
:109A90006B44EBF727FA01E0052637E43CABB04A0C
:109AA00083CA83C3190089CA89C109CA09C13CA9EB
:109AB000AC4B6B4419600422AB4B6B441A60AB484F
:109AC000AB4B6B44EBF70EFA01E004261EE46CAAE4
:109AD000A84B83CB83C2110085CB85C185CB85C1C3
:109AE0001B680B606CA9DE231B016B441960052207
:109AF000A14B6B441A60A148A14B6B44EBF7F2F900
:109B000002E00326FFF702FC9AAA9E4B83CB83C296
:109B1000110085CB85C185CB85C185CB85C19AA92F
:109B2000994B6B4419600622DF231B016B441A60BA
:109B30009648974B6B44EBF7D5F902E00226FFF706
:109B4000E5FBA6AA934B83CB83C2110085CB85C1CD
:109B500085CB85C185CB85C1A6A98F4B6B44196088
:109B600006228E4B6B441A608D48E0231B016B4428
:109B7000EBF7B8F98B4E8C480C22002105F06EFAF9
:109B80000022D221490072500431725004317250C7
:109B9000FDF73CFD854E0C220021300005F05EFAF9
:109BA000002333607360B360814A6A44136053607A
:109BB00001219160D36011007E4B6B441A60022238
:109BC0007D4B6B441A607D487D4B6B44EBF78AF903
:109BD0007C4A6A447C4BC1CBC1C21B681360794983
:109BE0006944E2231B016B4419600222774B6B44EA
:109BF0001A607748774B6B44EBF774F910E01F233A
:109C00002122D31A0C245C43684BE418674B9C4216
:109C100001D101F089F80C3C2000EAF745FFF5E797
:109C200082AA6D4BC1CBC1C2110045CB45C145CB0A
:109C300045C145CB45C182A9684B6B4419600622DA
:109C4000E4231B016B441A606548664B6B44EBF7D9
:109C500049F901E01E23D3E7544E63480C2398468C
:109C60001A00002105F0FAF9002737637763B7631C
:109C700030003C304246390005F0F0F9F7633764B4
:109C800077645A493822BEA805F0EEF9BEA9584BB0
:109C90006B4419600722574B6B441A605648E52302
:109CA0001B016B44EBF71EF901E01B23A8E78EAA0A
:109CB000524BC1CBC1C2110045CB45C145CB45C1BB
:109CC00045CB45C18EA94E4B6B44196006224D4BC6
:109CD0006B441A604C484D4B6B44EBF703F997E02B
:109CE0001A238DE7100E0310380D00003C0D000004
:109CF000C0290020580D0000640D0000280E03103C
:109D00005C0D0000CC2900207C0D0000400E0310EB
:109D1000840D0000D8290020880D0000780E031063
:109D20008C0D0000E4290020940D0000A80E031003
:109D3000980D00009C0D0000F0290020B80D0000D7
:109D4000C00E0310BC0D0000FC290020C40D000053
:109D5000E80E0310C80D0000CC0D0000082A0020FA
:109D6000080F0310D40D0000D80D0000142A0020A5
:109D7000DC0D0000280F0310E40D0000202A002055
:109D8000E80D0000500F0310EC0D00002C2A0020FD
:109D9000F40D0000800F0310F80D0000FC0D000012
:109DA000382A0020A0280020442A0020082700206C
:109DB0000C0E0000040E0000080E00001427002006
:109DC0001C0E0000280E0000B00F0310240E00002F
:109DD00020270020380E0000C00F03103C0E0000AA
:109DE0002C270020440E000038270020F00F03101D
:109DF000480E00004C0E00005027002028100310D1
:109E0000540E0000580E00005C2700205C0E00007D
:109E10002CA9ED4B0A00C1CBC1C243CB43C203CB3B
:109E200003C22CA9E6231B016B4419600422E74BF3
:109E30006B441A60E648E74B6B44EBF753F801E0DC
:109E40001923DDE6E4496944E44B0A00C1CBC1C2F1
:109E500043CB43C2E0496944E14B6B4419600322A0
:109E6000E7231B016B441A60DE48DF4B6B44EBF7C2
:109E700039F801E01823C3E6DC4A6A44DC4BC1CB65
:109E8000C1C21B681360D9496944E9231B016B44B3
:109E900019600222D74B6B441A60D748D74B6B44EA
:109EA000EBF720F801E01723AAE634A9D44B0A0007
:109EB000C1CBC1C243CB43C203CB03C234A9D14BF4
:109EC0006B4419600422EB231B016B441A60CE48DB
:109ED000CE4B6B44EBF706F801E0162390E63CA965
:109EE000CB4B0A00C1CBC1C243CB43C203CB03C29D
:109EF0003CA9C84B6B4419600422C74B6B441A60E1
:109F0000C648EC231B016B44EAF7ECFF01E0152384
:109F100076E60023C24A6A441360013BED22120137
:109F20006A441360BE496944BE4B6B441960012208
:109F3000BD4B6B441A60BD48BD4B6B44EAF7D2FF82
:109F400001E014235CE60C23EE2212016A44136044
:109F50000D3BB84A6A441360EE2109016944B64BCF
:109F60006B4419600122B54B6B441A60B448B54B81
:109F70006B44EAF7B7FF01E0132341E66523B24AD9
:109F80006A441360663BB14A6A441360AE4969444F
:109F9000AF4B6B4419600122EF231B016B441A6025
:109FA000AC48AD4B6B44EAF79DFF01E0122327E676
:109FB0007123AA4A6A441360723BA94A6A44136037
:109FC000A6496944F0231B016B4419600122A54B8B
:109FD0006B441A60A448F1231B016B44EAF782FF2B
:109FE00001E011230CE6A14EA1480C2398461A006B
:109FF000002105F033F80027CC23F7500433F75045
:10A000000433F7503000D8304246390005F026F8C6
:10A01000D823F7500433F7500433F7509549694477
:10A02000954B0A00C1CBC1C243CB43C2914969449D
:10A03000924B6B4419600322914B6B441A60914818
:10A04000914B6B44EAF74EFF01E00E23D8E5F42173
:10A05000090169448D4B0A00C1CBC1C243CB43C245
:10A06000F421090169448A4B6B4419600322894B2E
:10A070006B441A608848894B6B44EAF733FF01E070
:10A080000D23BDE562AA864BC1CBC1C2110045CBF1
:10A0900045C145CB45C11B680B6062A9814B6B4430
:10A0A00019600522F6231B016B441A607E487F4B22
:10A0B0006B44EAF717FF01E00C23A1E544A97C4BB0
:10A0C0000A00C1CBC1C243CB43C203CB03C244A9E4
:10A0D000784B6B4419600422774B6B441A607748C5
:10A0E000F7231B016B44EAF7FDFE01E00B2387E534
:10A0F0004EA9734B0A00C1CBC1C243CB43C203CBB1
:10A1000003C24EA96F4B6B44196004226E4B6B4423
:10A110001A606E486E4B6B44EAF7E4FE01E00A23D6
:10A120006EE56C4969446C4B0A00C1CBC1C243CB9C
:10A1300043C268496944F8231B016B441960032238
:10A14000664B6B441A606648FA231B016B44EAF7BE
:10A15000C9FE01E0092353E56CAA624BC1CBC1C221
:10A16000110045CB45C145CB45C11B680B606CA9AF
:10A170005D4B6B44196005225C4B6B441A605C4874
:10A180005C4B6B44EAF7AEFE01E0082338E576AAA3
:10A19000594BC1CBC1C2110045CB45C145CB45C1CF
:10A1A0001B680B6076A9FB231B016B441960052219
:10A1B000524B6B441A605248524B6B44EAF792FE82
:10A1C000A2E007231CE5C046080F0310640E000040
:10A1D00068270020680E0000740E0000581003105D
:10A1E0006C0E0000742700208C0E0000980E0000FA
:10A1F00070100310940E000080270020A80E0000AD
:10A2000080100310AC0E00008C270020B40E00005C
:10A21000D80A0310B80E0000BC0E000098270020DA
:10A22000CC0E0000C40E0000C80E0000A4270020C1
:10A23000D40E0000E40E0000D80E0000DC0E00007A
:10A24000B0270020E80E0000F40E0000F80E000019
:10A25000EC0E0000BC270020FC0E0000080F0000E0
:10A260000C0F0000040F0000C82700200827002062
:10A27000D42700201C0F0000B00C0310140F0000A6
:10A28000180F0000EC270020340F0000A01003106E
:10A29000380F00003C0F0000F8270020580F000086
:10A2A000B81003105C0F000004280020640F0000A9
:10A2B000580B0310680F00006C0F000010280020DE
:10A2C000E0100310740F0000780F00001C2800201D
:10A2D0007C0F0000880F000000110310840F0000A5
:10A2E0002828002018110310A40F0000A80F000058
:10A2F00034280020AC0F0000680D0310B40F0000DC
:10A3000040280020B80F000058A9E64B0A00C1CB36
:10A31000C1C243CB43C203CB03C258A9E24B6B4437
:10A3200019600422FC231B016B441A60DF48E04BD8
:10A330006B44EAF7D7FD01E0062361E4FD21090142
:10A340006944DC4B0A00C1CBC1C243CB43C2FD21EF
:10A3500009016944D84B6B4419600322D74B6B4405
:10A360001A60D748D74B6B44EAF7BCFD01E00523E0
:10A3700046E49AAAD44BC1CBC1C2110045CB45C11A
:10A3800045CB45C145CB45C19AA9D04B6B4419601B
:10A390000622FF231B016B441A60CD48CD4B6B4452
:10A3A000EAF7A0FD01E004232AE4A6AACA4BC1CB28
:10A3B000C1C2110045CB45C145CB45C145CB45C1C7
:10A3C000A6A9C64B6B4419600622C54B6B441A60A4
:10A3D000C44880235B016B44EAF784FD01E003235A
:10A3E0000EE4C14EC1480C2398461A00002104F027
:10A3F00035FE0027BA235B00F7500433F7500433CF
:10A40000F75030008130FF304246390004F026FE1C
:10A41000C0235B00F7500433F7500433F75030008B
:10A420008D30FF304246390004F018FEC6235B0031
:10A43000F7500433F7500433F750FDF7EFF8AC4F03
:10A440000C220021380004F009FE00233B607B60F1
:10A45000BB60A84A6A441360013BA74A6A44136080
:10A46000A4496944A54B6B4419600122A44B6B4479
:10A470001A60A448A44B6B44EAF734FD0C238122F4
:10A4800052016A4413600D3BA04A6A441360A04B1A
:10A490006B44812252016A441A6001229D4B6B4435
:10A4A0001A609D489D4B6B44812149016944EAF73C
:10A4B00019FD10E0172619239B1B0C245C438C4BC1
:10A4C000E4188B4B9C4201D100F035FC0C3C200081
:10A4D000EAF7EAFAF5E76523914A6A441360663BB6
:10A4E000904A6A441360904B6B448D4A6A441A60E8
:10A4F00001228E4B6B441A608D488E4B6B44884909
:10A500006944EAF7EFFC01E01626D4E771238A4A92
:10A510006A441360723B894A6A44136082235B0178
:10A520006B44854A6A441A600122854B6B441A6069
:10A530008448854B6B4480496944EAF7D3FC01E0C9
:10A540001526B8E76A4F81480C2399461A00002166
:10A5500004F084FD00239846FB633B647B64380071
:10A5600048304A46190004F079FD4346BB64FB6459
:10A570003B651CA9764B0A0083CB83C283CB83C285
:10A5800003CB03C21CA9734B6B4419600422724BAA
:10A590006B441A607148724B6B44EAF7A3FC01E00C
:10A5A000122688E724A96F4B0A0083CB83C283CB92
:10A5B00083C203CB03C224A983235B016B441960CC
:10A5C0000422694B6B441A606848694B6B44EAF794
:10A5D00089FC01E011266EE72CA9664B0A0083CBAB
:10A5E00083C283CB83C203CB03C22CA9624B6B44CF
:10A5F00019600422614B6B441A606148614B6B44E3
:10A60000EAF770FC01E0102655E734A95E4B0A001A
:10A6100083CB83C283CB83C203CB03C234A95B4BFE
:10A620006B44196004225A4B6B441A6059488423C6
:10A630005B016B44EAF756FC01E00F263BE73CA9BF
:10A64000554B0A0083CB83C283CB83C203CB03C2A7
:10A650003CA9524B6B4419600422514B6B441A6065
:10A660005048514B6B44EAF73DFC01E00E2622E7CF
:10A6700044A94E4B0A0083CB83C283CB83C203CB56
:10A6800003C244A94A4B6B4419600422494B6B44F2
:10A690001A604948494B6B44EAF724FC90E00D26C8
:10A6A00009E7C04640110310BC0F00004C280020F1
:10A6B000C40F000060110310C80F0000CC0F000091
:10A6C00058280020E80F0000C80D0310EC0F000010
:10A6D00064280020F40F0000100D0310F80F000094
:10A6E000FC0F000070280020082700207C28002094
:10A6F0002C2400200C10000010100000041000009A
:10A70000081000003824002014100000241000005D
:10A71000181000001C100000442400202810000025
:10A7200034100000381000002C1000003010000021
:10A73000502400203C100000481000004C10000085
:10A74000441000005C240020501000006824002009
:10A7500078110310541000005810000080240020CD
:10A760005C10000098110310641000008C2400207D
:10A7700068100000B81103106C1000007010000089
:10A780009824002074100000D811031078100000E5
:10A790007C100000A4240020F81103108410000095
:10A7A00088100000B02400208C1000001812031044
:10A7B0009010000094100000BC24002098100000AD
:10A7C0004EA9DE4B0A0083CB83C283CB83C203CB6B
:10A7D00003C24EA9DA4B6B441960042285235B0146
:10A7E0006B441A60D748D84B6B44EAF77BFB01E017
:10A7F0000C2660E658A9D54B0A0083CB83C283CBD5
:10A8000083C203CB03C258A9D14B6B441960042205
:10A81000D04B6B441A60D048D04B6B44EAF762FBD4
:10A8200001E00B2647E6CE4FCE480C2398461A008F
:10A83000002104F013FC00239946B4334A46FA5031
:10A840000433FA500433FA503800C03042464946C7
:10A8500004F004FCC0234A46FA500433FA5004338F
:10A86000FA5062A9C04B0A0083CB83C283CB83C258
:10A8700003CB03C262A9BD4B6B4419600422BC4BDD
:10A880006B441A60BB48BC4B6B44EAF72BFB01E0FE
:10A89000082610E66CA9B94B0A0083CB83C283CB90
:10A8A00083C203CB03C26CA986235B016B4419608E
:10A8B0000422B34B6B441A60B248B34B6B44EAF7C3
:10A8C00011FB01E00726F6E576A9B04B0A0083CB21
:10A8D00083C283CB83C203CB03C276A9AC4B6B4448
:10A8E00019600422AB4B6B441A60AB48AB4B6B4412
:10A8F000EAF7F8FA01E00626DDE582A9A84B0A008E
:10A9000083CB83C283CB83C203CB03C282A9A54B73
:10A910006B4419600422A44B6B441A60A34887233C
:10A920005B016B44EAF7DEFA01E00526C3E58EA978
:10A930009F4B0A0083CB83C283CB83C203CB03C26A
:10A940008EA99C4B6B44196004229B4B6B441A608C
:10A950009A489B4B6B44EAF7C5FA01E00426AAE546
:10A960009AA9984B0A0083CB83C283CB83C203CBC3
:10A9700003C29AA9944B6B4419600422934B6B4415
:10A980001A609348934B6B44EAF7ACFA01E0032654
:10A9900091E5A6A9904B0A0083CB83C283CB83C2E7
:10A9A00003CB03C2A6A98D4B6B44196004228823F4
:10A9B0005B016B441A608A488A4B6B44EAF792FA4F
:10A9C00001E0022677E5BEA9874B0A0083CB83C24C
:10A9D00083CB83C203CB03C2BEA9844B6B441960F3
:10A9E0000422834B6B441A608248834B6B44EAF722
:10A9F00079FA5B4E81480C22002104F02FFB0022E3
:10AA00009621490072500431725004317250FCF7A3
:10AA10000DFE7B4B1E60FCF795FD7A480AF012F89C
:10AA2000794A1368013B1360002B08D1774C03E08F
:10AA30000C3C2000EAF738F8494B9C42F8D1744AA4
:10AA40001368013B1360002B08D1724C724B9C427F
:10AA500004D00C3C2000EAF727F8F7E76F4A1368A8
:10AA6000013B1360002B08D16D4C03E00C3C20002F
:10AA7000EAF71AF86B4B9C42F8D16B4A1368013B1A
:10AA80001360002B08D1694C694B9C4204D00C3CEC
:10AA90002000EAF709F8F7E7664A1368013B1360FC
:10AAA000002B26D0644A1368013B1360002B24D08E
:10AAB000624A1368013B1360002B22D0604A13687E
:10AAC000013B1360002B20D05E4A1368013B1360EA
:10AAD000002B1ED05C4A1368013B1360002B1CD175
:10AAE0005A4C5B4B9C4218D04C3C2000E5F70DFDC6
:10AAF000F7E7584809F0A6FFD4E7574809F0A2FF46
:10AB0000D6E7564809F09EFFD8E75548E5F711FE0D
:10AB1000DAE75448E5F705FFDCE7534A1368013BE1
:10AB20001360002B00D0A5E0504C514B9C4200D14B
:10AB3000A0E0183C200009F085FFF6E7381203106A
:10AB40009C100000C8240020A4100000581203101C
:10AB5000A8100000AC100000D4240020B0100000A9
:10AB60002C240020E024002078120310B4100000F0
:10AB7000B8100000F8240020BC1000009812031048
:10AB8000C410000004250020C8100000B8120310F3
:10AB9000CC100000D010000010250020D4100000C0
:10ABA000D8120310D8100000DC1000001C25002073
:10ABB000F8120310E4100000E8100000282500201F
:10ABC000EC10000018130310F0100000F410000047
:10ABD00034250020F810000038130310FC1000008A
:10ABE0004025002004110000581303100811000034
:10ABF0000C1100004C2500201011000058250020E9
:10AC00005C350020401C0020781C002064250020BA
:10AC1000801C0020A028002008270020841C002081
:10AC2000502A0020A02800207C1C0020082700209B
:10AC300064250020741C00205C1C0020581C00208F
:10AC4000601C0020641C0020681C0020742200206E
:10AC50001C1D002014230020C01C0020A81C002064
:10AC6000D81C0020001D00206C1C002004230020A4
:10AC70007422002034488168E5F77DFFFCF769FC09
:10AC80000526FCF7EDFCFCF7EBFC08F01DFC2F485B
:10AC90006844E5F72AFC99200001684409F0D2FED7
:10ACA0002B48684409F0CEFE0026FDF71BFDF7E7B0
:10ACB000FDF718FDFDF71EFDFDF754FC0326FDF71B
:10ACC000C6F9E520C000684409F0BCFEFDF79FF915
:10ACD0000526FCF730FFAC20C000684409F0B2FE46
:10ACE000FCF709FF08F0F0FBC8ACBEAB9C4208D0F3
:10ACF000283C20001830E5F7C8FB200009F0A2FE30
:10AD0000F3E708F0E1FB2126FDF720FFFDF71EFF2A
:10AD100008F0DAFB2226FEF7F9FAFEF7F7FA08F058
:10AD2000D3FB2023FEF76CFF08F0CEFB1826FFF7BD
:10AD3000C2FBFFF7C0FB08F0C7FB0421300008F09E
:10AD400025FB08F0C1FBC046402B0020BC090000D9
:10AD50007409000010B502490120FCF7E9FB10BDA1
:10AD6000FFFF000010B58300084A944663441A6848
:10AD700040246240803414408022520113431C60FE
:10AD8000C000034B9C466044416010BD04C00140BC
:10AD90000040014080000B4B9C46604400290DD0D0
:10ADA0000823002A0CD004221343026853400C22CB
:10ADB0001A4080235B0103431A6070470023F0E7C9
:10ADC0000022F1E704C0014010B501238340D022E6
:10ADD0001206936293610521FFF7C4FF10BD0000C6
:10ADE000EFF3108072B6034B1B68002BFBD0BFF350
:10ADF0005F8F70472C0100D0BFF35F8F024B0022A2
:10AE00001A6080F3108870472C0100D0F8B5060056
:10AE10000C001500FFF7E4FFE308F718F15C0722C8
:10AE20002240012393400B4205D1DBB20B433B7020
:10AE3000FFF7E2FFF8BD2100280001F017FDF0B593
:10AE400083B00600019114001F00FFF7C9FF00E066
:10AE50000134BC420CD8E308F518F35C072121400B
:10AE600001228A401A42F3D1D2B21A432A7001E079
:10AE700001246442FFF7C0FF002C02DB200003B076
:10AE8000F0BD019B002BF9D0089801F0EFFC000009
:10AE9000034B1B6802201840431E9841C0B2704704
:10AEA00000C00640002307E0054A9A189200BFF34D
:10AEB0005F8F0021116001331F2BF5D97047C04609
:10AEC00040000034054A1078431CDBB21370172B86
:10AED00002D9130010221A707047C0467014002067
:10AEE00010B582B00100054C054B00931F231822BA
:10AEF0002000FFF7A4FF02B010BDC046BC34002004
:10AF000078130310074B9B68103080001950BFF373
:10AF10005F8FBFF35F8F044B0021196082F31088AD
:10AF20007047C04600ED00E0240100D010B5038852
:10AF3000DA0A1C2A05D15B055B1502335B00C018D9
:10AF400010BD034B034A0448A72101F0F7FBC0469C
:10AF50009413031018160310AC13031010B5091A3C
:10AF60000B1F0A4A88180A4A904208D8C90706D413
:10AF70005B105B055B0D0748184380B210BD064BA4
:10AF8000064A0748992101F0D9FBC046FC0700009A
:10AF9000FE0F000000E0FFFF0C1403100C1603105E
:10AFA000AC13031010B5091A04394A08090B08D16B
:10AFB0004905490D064B0B430380064B1343438061
:10AFC00010BD054B054A0648A12101F0B7FBC0465C
:10AFD00000F0FFFF00F8FFFF3C140310E015031022
:10AFE000AC13031001238340034A10681840431E2A
:10AFF0009841C0B27047C04600E100E0002904D08B
:10B00000034B1860034B18607047034B1860FBE755
:10B0100080E200E000E100E080E100E010B5012303
:10B0200083401800FFF7EAFF10BD000001238340B2
:10B03000014A13607047C04600E200E0024B9B6883
:10B0400010308000C058704700ED00E010B5FFF7E9
:10B05000F5FF002805D0054BC01A2F2803D8012082
:10B0600010BD0020FCE70020FAE7C0467414002061
:10B0700070B504000D00EFF3108672B60C4B1B6820
:10B08000002BFBD0BFF35F8F2000FFF7D7FF094BEA
:10B09000984201D0A84205D1320029002000FFF7D4
:10B0A00031FF70BD044B054A05487C2101F046FB89
:10B0B000240100D0CD0100104C14031040160310E1
:10B0C000AC130310F0B5DE4657464E464546E0B594
:10B0D00089B0814601911500EFF3108A72B66E4B6C
:10B0E0001B68002BFBD0BFF35F8F6C4B00269E5775
:10B0F000002E41DB7400A419A4006948241806221C
:10B10000A256664B1A70674B9A684B4610339B00E9
:10B11000D35898461F00181A2F2839D9624B9845E2
:10B1200030D105AF614B3B80614973009B46981954
:10B1300080005B4B984640440230FFF70FFF788059
:10B140005C4BBB80FF23BB71FD71019B07933300F8
:10B150005B449B00434407CF07C301231C43A04625
:10B16000524641464846FFF7CDFE09B0F0BCBB460B
:10B17000B246A946A046F0BD4F4B504A5048CD219B
:10B1800001F0DCFA4F4B4D4A4D48D42101F0D6FA7C
:10B1900001380C2102F0FEFE002912D101239F4349
:10B1A000BB463B000027DA79AA4211D9062159563D
:10B1B00000290CDB4A005218920039491F008B18F5
:10B1C000F1E7414B3D4A3E48E02101F0B7FA1F004C
:10B1D000002F2FD005AB3D4A1A80813A5A800623B2
:10B1E000FB560293002B18DABD20000205AB9B46EC
:10B1F0009880029A9A71DD71019A0792381D210098
:10B20000FFF7ACFEB880BE71254B72009219920018
:10B210009B185A4613CA13C3A2E7381DFFF786FED0
:10B2200001007000801980001D4BC0180430FFF72A
:10B2300095FEDBE705AF1D4B3B801D497300029374
:10B240009B199B00164A90461A0042440392901C98
:10B25000FFF784FE7880039A101D5946FFF77EFEA3
:10B26000B8801B4B5A464146521A524153431B0D5C
:10B27000BB71FD71019A0792029B9B199B0043448D
:10B2800007CF07C3114B5A461380813B53800123DC
:10B290001C43A04664E7C046240100D0FC3B0020CC
:10B2A0007414002000ED00E0CD01001000A1FFFFAC
:10B2B000A414002000BDFFFF8414031028160310FF
:10B2C000AC130310AC140310D41403100148000095
:10B2D000AAAA0000F0B5CE46474680B583B0060066
:10B2E0000D00EFF3108872B6504B1B68002BFBD09B
:10B2F000BFF35F8F4E4B9A6834001034A300D758C9
:10B300004C4B9F4207D0AF4200D18CE001974A4B93
:10B31000FB1A2F2B09D9424639003000FFF7F2FD06
:10B3200003B0C0BCB946B046F0BD3000FFF75AFECE
:10B33000814600213000FFF771FEBFF35F8FE4F715
:10B3400092FF002801D0844211D10123019C9C432B
:10B350000021A368AB4212D00622A256002A0DDBC0
:10B3600053009B189B00344A2100D418F1E7334B5B
:10B37000334A2C213348FF3101F0E0F92100AB4280
:10B380004AD106256557002D2CDB2B4B6A0052193C
:10B3900092009B189A68A260DA79E2719B795BB29D
:10B3A000A371002B10DABD200002A080224B6A009E
:10B3B000521992009B18244A1178997115704946C8
:10B3C0003000FFF72BFEA6E76800401980001A4BFB
:10B3D000C0180430FFF7AAFD0100231D1800FFF775
:10B3E000BDFDE2E7002812D100290ED0FF238B71AA
:10B3F000164B8B8014490B78A3710F4A144BA41A77
:10B40000644163431B0D0B70D9E70A4FF2E7114902
:10B41000201DFFF7C7FDD2E70F4B094A60210948FD
:10B42000FF3101F08BF9034F75E7C046240100D0CE
:10B4300000ED00E0CD010010741400204815031049
:10B44000F8150310AC130310FC3B002000BDFFFFF8
:10B45000AAAA0000AE1400204CF9021070B5040036
:10B46000012606432D4BF31A2F2B28D8E4F7FBFEB9
:10B4700000282BD0EFF3108C72B6294B1B68002BE1
:10B48000FBD0BFF35F8F254A264D2100891A494121
:10B490004D432D0D6DB2244B9B6880001B58B34269
:10B4A0001BD00021032932D81C4B4A0052189200AD
:10B4B0009B189B795BB2AB421FD00131F2E71B4B6B
:10B4C0001B4AC2211B48490001F038F91A4B184A9F
:10B4D00088211848FF3101F031F9134B9B68174A56
:10B4E0001A50174B1A78A2711D70BFF35F8F0C4B67
:10B4F00000221A608CF3108870BD084B4A00501867
:10B5000080001818FF2686710E4A8280E9E70E4BEC
:10B51000074ACC210748490001F010F974140020B3
:10B52000240100D0AAAA000000ED00E06C15031071
:10B53000C4150310AC13031094150310CD010010B3
:10B54000FC3B002000BDFFFFA01503100022044BB0
:10B5500002E0044902C30132072AFAD97047C04603
:10B5600000E400E08080808000B583B00100D0233B
:10B570001B061B6806481818064B0093052300227B
:10B58000FFF75DFC002801DB1F23181A03B000BD84
:10B59000EC3B0020A8150310024B9C466144890037
:10B5A0000160704740000034084B5B6A994209D83B
:10B5B000064A926A824207D2994201D0012002E0F3
:10B5C000002000E0002070470120FCE7004005401B
:10B5D00010B500290AD003681B7B8B4206D3806814
:10B5E000054B9C4661440901401810BD034B044AB9
:10B5F00004483B2101F0A2F8FFFFFF0F5C16031087
:10B60000381A031080160310F8B504001700FFF76E
:10B61000DFFF0668456839002000FFF7D9FF0268A0
:10B6200043680120AB4201D802D00020C0B2F8BD6F
:10B63000B242FBD8F9E7000010B5002B02DB026034
:10B64000436010BD024B034A03483F2101F076F8E6
:10B65000DC160310041A0310F816031070B582B03C
:10B66000060014001D00069A079B12196B419D42AB
:10B6700002D804D1944202D901225242D31768461B
:10B68000FFF7DAFF009A019B32607360300002B06E
:10B6900070BD000010B5002908D0037B8B4205D394
:10B6A00000684B005B18033BC01810BD024B034AF7
:10B6B0000348682101F042F860170310E0190310F5
:10B6C0007C17031010B5437B8B4201D1012010BDC4
:10B6D000FFF7E0FF8378002B01D10020F7E701207E
:10B6E000F5E770B50400857B002D01D1280070BD01
:10B6F0002900FFF7CFFF4378A373002B00D1E3733A
:10B700000023837043700370F0E70000F8B5060073
:10B710000C001500FFF7BEFF0700002C0DD0002D18
:10B7200011D0AC4215D029003000FFF7B3FF847070
:10B730003B78002B13D13D70F8BD0A4B0A4A0B48E9
:10B740006F2100F0FBFF0A4B074A0848702100F008
:10B75000F5FF084B044A0548712100F0EFFF4370E4
:10B760003D70E9E7EC170310BC1903107C170310B8
:10B77000F81703100418031070B506000D0014002C
:10B78000002914D0002A14D0436880689847002804
:10B7900006D0220029003000FFF7B8FF280007E09C
:10B7A0002A0021003000FFF7B1FF200000E0100068
:10B7B00070BD0800FCE7000070B504000D1E0CD041
:10B7C000FFF768FF0023837043700370617B2A00DA
:10B7D0002000FFF7D1FF607370BD034B034A04489C
:10B7E000A52100F0ABFFC0461C180310D0190310B0
:10B7F0007C17031070B505000C1E08D0FFF762FF20
:10B80000002804D1E97B002907D1EC7370BD054BFA
:10B81000054A0648F62100F091FF2800FFF73AFF9D
:10B820004470F2E720180310AC1903107C170310C2
:10B8300010B5002907D003681B7B8B4203D3C06877
:10B840000139401810BD034B034A0448402100F061
:10B8500075FFC0465C16031098190310801603107C
:10B8600070B505000C00080000F0B0FB200000F0EF
:10B87000B3FC0849200000F0F3FBFFF723FB064B65
:10B880009C466044800068602C75044BA400E55021
:10B8900070BDC046ADB901104000003490390020A1
:10B8A0000A4B1A68EFF3108172B61368002BFCD0B4
:10B8B000BFF35F8F054B1B68BFF35F8F00221A60D9
:10B8C00081F3108840BF002000217047B03B00206A
:10B8D00010B582B0040000F085FB02000B00684642
:10B8E000FFF7AAFE009A019B22606360200002B06D
:10B8F00010BD70B584B0040016001D0002A8FFF74B
:10B90000E7FF029A039B009601952000FFF7A6FE31
:10B91000200004B070BD0000F0B583B007000192B4
:10B920001D000AAB1C780BAB1E78002C0BD00068F6
:10B930002100FFF7C7FE002809D0194B194A1A4801
:10B94000652100F0FBFE0068FFF7CBFE0400002C31
:10B9500002D1200003B0F0BD21003800FFF738FE0F
:10B96000019B03604560089B8360099BC360386846
:10B970002100FFF721FFA042EBD1387D019A2B0077
:10B9800000F0B6FB051E01D0002E04D00C9B002B4E
:10B99000DFD01D70DDE73868210000F055FDF5E7C8
:10B9A00044180310EC19031080160310F0B5DE469E
:10B9B00057464E464546E0B58FB00B900021784B78
:10B9C0008200D458894682E029002000FFF700FE5B
:10B9D000804602684368921BBB41002B09DD434649
:10B9E0001A685B680B9800F083FB002398460026DA
:10B9F00089E0002B01D1002AF1D10021584600F046
:10BA000019FD0700A84215D143461A685B680892E1
:10BA1000099343469E68DB689846002E10D02900A3
:10BA20002000FFF705FF037899461B021F4327619B
:10BA3000002068E05B4B5C4A5C488C2100F07EFE95
:10BA40005B4B594A5948902100F078FE2369002B3E
:10BA500077D0BB4219D106980799002342428B4107
:10BA600000920193089A099B0CA8FFF7F7FD0C9A26
:10BA70000D9B0021049101310391029541460191F2
:10BA800000962000FFF748FF16E04A4B464A474819
:10BA90009F2100F053FE069A079B002B01D1002A3C
:10BAA00052D120682900FFF7A5FE29002000FFF7EA
:10BAB000BFFE037801330370002323616268BFF384
:10BAC0005F8F13608AF310880120002861D00CA8D2
:10BAD000FFF7FEFE0C9E0D9F0022002308920993A3
:10BAE0006268EFF3108A72B61368002BFCD0BFF3C4
:10BAF0005F8F23689B465D7B002D00D064E70023A9
:10BB00009846002600206368BFF35F8F00221A600A
:10BB10008AF31088002ED8D04B461F022F4341468F
:10BB20003800B047069007916268EFF3108A72B64A
:10BB30001368002BFCD0BFF35F8F079B002B00DA4C
:10BB400084E7079B002BA6DD2369002BA9D0BB420D
:10BB500019D10CA8FFF7BCFE0C9A0D9B069807990B
:10BB6000009001910CA8FFF779FD0C9A0D9B002124
:10BB70000491013103910295414601910096200004
:10BB8000FFF7CAFE98E70B4B074A0848A22100F0CE
:10BB9000D5FD0FB0F0BCBB46B246A946A046F0BDED
:10BBA000903900206C1803101C1A03108016031023
:10BBB000841803109018031010B50A4B5B68002B13
:10BBC00004D009480A21FFF7E7FC10BD054C074ADD
:10BBD00020682300102100F0A6FB03212000FFF7BE
:10BBE0003FFEEEE7BC140020B03B002009B6011078
:10BBF00010B5064B5B68002B01D0044810BD044B08
:10BC0000044A05485C2100F099FDC046BC140020A0
:10BC1000CC1803108019031080160310F0B5DE460F
:10BC200057464E464546E0B58DB0060090461F008B
:10BC3000169B9A46179B994618AB1B7807932723A8
:10BC400002AA9446634400221A7021E001003000E9
:10BC5000FFF7EEFD00783CE00698002B5CD0079BD8
:10BC6000002B59D04946D04704000D0003000B4378
:10BC700059D0002940DB08A8FFF72AFE089A099B43
:10BC80000094019508A8FFF7E9FC089B9846099FD6
:10BC90007268EFF3108B72B6136859424B41D9B2F8
:10BCA0000691002BF8D1BFF35F8F273302AA944689
:10BCB000634404930023039302934B46019353463A
:10BCC000009342463B003000FFF726FE0400051EAD
:10BCD000BCD17368BFF35F8F002119608BF31088AC
:10BCE000002D17D0272302AA944663441B78002B0B
:10BCF000B2D100022043B0E700236242AB41009280
:10BD0000019342463B0008A8FFF7A8FC089B984611
:10BD1000099FBDE7012040420DB0F0BCBB46B246D2
:10BD2000A946A046F0BD0698F6E7F0B5C64600B5B0
:10BD300084B00500884616001F000AAB1C78FFF788
:10BD400057FF0294019700962A004346FFF766FFCB
:10BD500004B080BCB846F0BDF0B5C64600B50400DE
:10BD60000D004268EFF3108772B61368002BFCD009
:10BD7000BFF35F8FEEB22368984631001800FFF7DB
:10BD8000A1FC00282AD02369AB4213D02D0AEDB2C2
:10BD900031002000FFF74CFD0378AB4211D00020AA
:10BDA0006368BFF35F8F00221A6087F3108880BC3E
:10BDB000B846F0BD0C4B0D4A85210D48490000F0F6
:10BDC000BDFC3100404600F03FFB0028E8D1094BA4
:10BDD000064A12210648FF3100F0B0FC2369AB424D
:10BDE000DED100232361DBE7F0180310681903108C
:10BDF000801603101419031010B50400FFF7F8FEA5
:10BE00002100FFF7A9FF10BD30B587B004000D0079
:10BE1000E4F729FA002820D106225242D31712193A
:10BE20006B41AB4202D803D1A24201D900220023C8
:10BE300004A8FFF701FC02A8FFF74AFD0298039946
:10BE4000049A059B121A8B41002B0BDC08D02000B2
:10BE5000290000F0D3F807B030BD144800F006FD0B
:10BE6000002AF4D0124A0498059900230093FFF7A2
:10BE70005CFF002813DAEAE70E4B1A68EFF3108133
:10BE800072B61368002BFCD0BFF35F8F094B1B68A1
:10BE9000BFF35F8F00221A6081F3108820BF0498DF
:10BEA0000599FFF781FB0028E6D0D0E718190310A9
:10BEB000A1B80110B03B002000B583B002000B0018
:10BEC0006846FFF716FD00980199FFF79DFF03B044
:10BED00000BD10B5FA2292000023002102F0D2FF2B
:10BEE000FFF7EAFF10BD000030B583B005000C007D
:10BEF0000A4A00230093FFF718FF002808DD20BF3F
:10BF0000FFF77AFF28002100FFF74EFB03B030BD9A
:10BF100028002100FFF748FBF8E7C046A1B8011050
:10BF200010B5002B02DB0260436010BD024B034AD8
:10BF300003483F2100F002FCDC160310181B03101D
:10BF4000F816031070B5EFF305833F201840103842
:10BF5000EFF3108C72B6184B1B68002BFBD0BFF3AD
:10BF60005F8F012319008140144A5163144A1278EB
:10BF70001400C440234213D0104B5C6A114B85005F
:10BF8000EB589C4205D3104BEB580D4C8A43227062
:10BF900007E00A4A031D9B0099589950002300E0CE
:10BFA0000023BFF35F8F044A002111608CF31088D7
:10BFB000002B00D0984770BD280100D000400540FC
:10BFC000003C0020BC3B0020AC33002010B5010039
:10BFD000024A034B1800FEF719FF10BD501A031058
:10BFE000FA3B0020044B5B6A034A906A1900536ACB
:10BFF0009942F9D17047C04600400540084B5B6A42
:10C0000001E0074B5B6A8B42FBD301E0044B5B6AA8
:10C010008B4203D1024B9B6A8342F7D37047C046E1
:10C0200000400540F0B583B004000D00FFF7DAFFD3
:10C0300006000F0022002B0092197B41994202D882
:10C0400004D1904202D901225242D3176846FFF729
:10C0500067FF00980199FFF7D1FF03B0F0BD000022
:10C0600070B504000E00EFF3108572B61B4B1B6811
:10C07000002BFBD0BFF35F8F002E1CD02000FEF7FB
:10C08000DDFF174B83420BD019002000FEF7F0FFB5
:10C0900001212000FEF7C2FF0123A340114A1360D3
:10C0A000114BA400E650BFF35F8F0C4B00221A60C7
:10C0B00085F3108870BD0C4BA2000021D1500122E5
:10C0C000A2400A490B7893430B7005492000FFF703
:10C0D00001F900212000FEF7A1FFE4E7280100D0CC
:10C0E00045BF011038600540AC330020003C002003
:10C0F000F0B5DE4600B584B00400150001921E00C4
:10C100000293FFF76FFF03958E4202D84ED185420E
:10C110004CD9EFF3108B72B6274B1B68002BFBD06A
:10C12000BFF35F8F254A17780125A540EBB23B434B
:10C130001370234B5D63221D92000199D150214A57
:10C14000A100029888501B6A2B4212D11C4B1B6C19
:10C150002B4208D00020BFF35F8F174B00221A60DC
:10C160008BF3108823E0184B184A1948C12100F0BE
:10C17000E5FAFFF737FF8E4214D802D1039B8342C2
:10C1800010D80E4B1B78BB420ED00D4B1D625D6369
:10C190001F222240012393400E4A1360074B1F7059
:10C1A0000120D8E70020D6E70120D4E7012004B021
:10C1B00080BCBB46F0BDC046280100D0003C00203A
:10C1C00000400540BC3B0020741A0310FC1A031009
:10C1D000981A031080E200E0EFF3108C72B60B4B5C
:10C1E0001B68002BFBD0BFF35F8F01238340084AFD
:10C1F000136208490A789A430A70BFF35F8F034BB2
:10C2000000221A608CF310887047C046280100D0C5
:10C2100000400540003C002010B5002908D0037BF9
:10C220008B4205D300684B005B18033BC01810BD60
:10C23000024B034A0348682100F080FA601703109C
:10C24000401C03107C170310F8B506000C00150005
:10C25000FFF7E2FF0700002C0DD0002D11D0AC42FB
:10C2600015D029003000FFF7D7FF84703B78002BF2
:10C2700013D13D70F8BD0A4B0A4A0B486F2100F0FC
:10C280005DFA0A4B074A0848702100F057FA084B3C
:10C29000044A0548712100F051FA43703D70E9E706
:10C2A000EC1703102C1C03107C170310F817031055
:10C2B0000418031070B506000D001400002914D0F6
:10C2C000002A14D0436880689847002806D02200CE
:10C2D00029003000FFF7B8FF280007E02A002100FE
:10C2E0003000FFF7B1FF200000E0100070BD080033
:10C2F000FCE770B505000023437301338373037BB0
:10C30000C373012406E021002800FFF785FF0134F4
:10C31000E4B24470297BA142F5D82800FFF77CFFE6
:10C320000023437070BD10B5017342608360FFF756
:10C33000E0FF10BDF0B5C64600B505000C1E03D1E8
:10C34000200080BCB846F0BDFFF766FF4678002E9F
:10C35000F6D031002800FFF75FFF477800239846AA
:10C36000437021002800FFF757FF43464370320017
:10C3700021002800FFF79EFF040039002800FFF786
:10C38000D9FF020021002800FFF794FF0400D7E73F
:10C39000F0B5C64600B504000D001700002920D0F6
:10C3A000FFF73AFF4378002B21D18378002B24D16B
:10C3B00001782000FFF7BEFF06008046002F03D063
:10C3C000E17B00291FD1E5734346002B20D12900D2
:10C3D0002000FFF721FF00234370300080BCB846E7
:10C3E000F0BD0F4B0F4A1048382100F0A7F90F4B52
:10C3F0000C4A0D483A2100F0A1F90D4B094A0A48B0
:10C400003B2100F09BF92000FFF706FF4570DAE7BB
:10C4100031002000FFF700FF00238370D7E7C046FC
:10C42000301B0310181C0310381B0310941B03103F
:10C43000BC1B031070B504000A00457B2900FFF700
:10C44000A7FF6073280070BD70B506000C1E40D0B9
:10C45000437B8B4207D0FFF7DFFE05008178002980
:10C4600006D1002036E00121FFF7E4FF012031E092
:10C470003000FFF7D1FE0178A1420DD03000FFF768
:10C48000CBFE4178A1420AD00029F7D1124B134AC2
:10C490001348673100F052F96B78037001E06B7854
:10C4A00043700023AB706B70012221003000FFF756
:10C4B0006FFF0200717B814205D03000FFF7FAFE6A
:10C4C0007073012006E0074B044A05486D2100F017
:10C4D00035F9002070BDC046A0150310001C0310E4
:10C4E000381B0310E01B031010B5002B02DB0260A9
:10C4F000436010BD024B034A03483F2100F01EF980
:10C50000DC160310201D0310F8160310F0B585B0DB
:10C51000050016001F000192FA22920000230A98DB
:10C52000002102F0AFFC02000B0092197B419F42F8
:10C5300002D804D1964202D901225242D31702A84E
:10C54000FFF7D2FF029A039B2A606B60280005B0B8
:10C55000F0BD10B582B00400FFF744FD02000B00EF
:10C560006846FFF7C1FF009A019B226063602000CC
:10C5700002B010BD30B585B004000D0002A8FFF771
:10C58000E8FF029A039B00952000FFF7BFFF200001
:10C5900005B030BD10B50400FEF794FC010020008A
:10C5A000FEF7FAFFFF232371BFF35F8F10BD10B5B5
:10C5B0000400FEF787FC01002000FEF7EDFFFF23DB
:10C5C000237100236371BFF35F8F10BD034B9C4643
:10C5D000614489000160BFF35F8F70474000003401
:10C5E00010B504000120FEF77BFC01002000FFF7DE
:10C5F000EDFF10BD70B504000D00062000F050FAEC
:10C60000C000290001F0C6FCC60908D00E4B9E42AE
:10C6100017D87F230340013335005E0800E0012571
:10C620006562A6622C3480239B01234300221A609A
:10C63000062000F035FA8000A901891901F0AAFC52
:10C6400070BD0026014DEBE7FEFF0000FFFF00007C
:10C65000002909D00A22064B9C46604443425841B7
:10C66000044B4000C252704780225200F3E7C0469C
:10C670000080FCBFD43B002070B505000C000620F4
:10C6800000F00EFA002829D0164B9D4227D08022B8
:10C69000D203154B1A60154B1A60154B9B6811009D
:10C6A0009943FAD100212800FFF7D2FF210028008A
:10C6B000FFF7A0FF29002C31EB6A602253400E32B5
:10C6C0001A4080235B010B431A600A4B2B638023C3
:10C6D0009B010B4310221A600323AB6470BD8022C0
:10C6E0001204D6E70080034000E0004000F0004064
:10C6F00000C000400103000000BEFDE703000A4A3D
:10C700001268002A08D0084A1068C318074A9A42DB
:10C7100006D3054A13607047034A05491160F2E7E2
:10C7200001204042F7E7C0466435002000000420A5
:10C73000043C002010B5FFF7DFFF000030B583B0E8
:10C740000D001900002A0BD0074B084C01920093F2
:10C750002B000200200002F093FE0120FFF7CCFF27
:10C76000034B1A00F1E7C046381D0310481D0310A3
:10C770006C06031070B52B4B2B4A1A602B4B2C4ABE
:10C780001A602C4B9A682A4B9343FAD12A4C01E049
:10C7900008CC9847294B9C42FAD300F001F9234B6F
:10C7A000274A1A60234B9B68DB43DB01FAD1254BF8
:10C7B00040229A675A671A67DA66234C09E0234BCE
:10C7C000234A24488321FFF7B9FF2000FFF7E2FE48
:10C7D0000834214B9C4209D22368002BF5D0012B51
:10C7E000EDD12000FFF7E3FE0834F2E71B4DA96806
:10C7F0001B4CC022200002F037FCAC60E3F733FD95
:10C80000002800D000BEFEF74DFBFEF79FFEFFF7AD
:10C81000D3F9144C01E008CC9847134B9C42FAD34F
:10C8200070BDC04600E00040BFCDFBFE00F0004000
:10C83000FE7F3C0000C00040B81A0020C81A00204B
:10C84000FFFFFF0100F00140B01A0020781D031027
:10C850000C1E0310981D0310B81A002000ED00E014
:10C8600000000020C81A0020301B00200FB400B5C3
:10C8700083B0084802F0D2FD049B002B07D005A925
:10C880000191180002F0DAFD034802F0C7FD012013
:10C89000FFF732FFFC1D03108C040310F8B5DE46D1
:10C8A00057464E464546E0B506000F0015000A9A69
:10C8B00093424ED31A0E92461B0298460A9A0023C0
:10C8C0004046514601F0A8FB81467400A419A4001B
:10C8D0002E4B9C4664446368834200D26060331FE1
:10C8E000DBB29B46012B3AD9C0239B012343802214
:10C8F00012011A60264BB200D158002905D05869A0
:10C9000001F048FB01300138FDD16D0123685D4025
:10C91000E0222A4080235B0123431A605A46012A01
:10C9200028D980239B012343802212011A604B46A1
:10C9300063604A4600234046514601F06DFB144BAC
:10C94000B60098510120F0BCBB46B246A946A046AD
:10C95000F8BD104B104A11482D21FFF7EFFE012FB3
:10C96000C2D1C0239B01234303221A60A368DB07C3
:10C97000FCD5CAE72168794003220A401A60A368FF
:10C980000125BD401D42FAD0CBE7C04600800040E3
:10C99000C03400201C1E0310981E0310301E03100C
:10C9A00030B583B00C2000F021F9FEF771FA0028B1
:10C9B0000DD0002304E02E4A99002E488850013300
:10C9C000092BF8D92A4B2C4A5A6203B030BD2B4BA5
:10C9D00000229A6700F07CF9294B01221A60274B4C
:10C9E0005B6C012BFBD1274B03221A60234B9B6B03
:10C9F000012BFBD1013300930433234A0121234847
:10CA000000F054F805230093214A0121214800F049
:10CA10004DF8214B0093002202210420FFF73EFF36
:10CA20001E4D00952B00002201210520FFF736FF47
:10CA3000104C00942300002200210720FFF72EFF56
:10CA400000942300002200210820FFF727FF0A4B53
:10CA500000932300002200210920FFF71FFF00950B
:10CA60002B00002200210620FFF718FFADE7C0468B
:10CA7000C0340020006CDC021BB7000000800040C6
:10CA80003CB0004030B00040002F685900800240A8
:10CA9000008C864700C00240001BB7004059730756
:10CAA000014B8000C0587047C0340020F0B5C64626
:10CAB00000B504000F0090461D000C2001F06AFA3A
:10CAC00006003D4A42443D4B9A4243D843011B1A5B
:10CAD0009901C91AC90009188901404601F05AFA9A
:10CAE0000200103A98235B009A4239D86B1E062B3D
:10CAF0003CD8069B013B062B38D8069B9D423BD376
:10CB000043461B09B3423DD32D04069B1E03354308
:10CB10002368002B3CDB2A4B9C424AD080235B01DC
:10CB2000284A1360284A1360284A926819009143E2
:10CB3000FAD12760A060221DC0239B01134321224C
:10CB40001A602268002AFCDAE56008221A6080BCBC
:10CB5000B846F0BD1E4B1F4A1F481121FFF7EEFDDE
:10CB60001E4B1C4A1C481921FFF7E8FD1C4B194AB3
:10CB700019481C21FFF7E2FD1A4B164A16482221DC
:10CB8000FFF7DCFD184B134A13482521FFF7D6FDAC
:10CB900022683F231340BB42BDD1A3681B051B0D78
:10CBA0008342B8D1E368EE22D2021340AB42B2D145
:10CBB000CDE780239B01B3E780E84BD380F8A9320F
:10CBC00000C0024000E0004000F0004000C0004013
:10CBD000A81E031004200310081F0310681F031071
:10CBE000841F0310D01F0310E81F031080239B0035
:10CBF0000343014AD362704700800540024B1A6824
:10CC0000024B5A607047C0467039002000800540D2
:10CC100010B5174B8022D2051A60164B164A1A60BF
:10CC200000290AD0154BE022D2041A60002809D14D
:10CC3000124B802212061A6010BD0D4BE022D20466
:10CC40001A60F3E743011B1A9B00181800010C4BF4
:10CC5000186080235B04984202D3094B094A1A608A
:10CC6000FFF7CCFF054B8022D2051A60E4E7C046EF
:10CC700000B0054008200140FCFF010000A0054075
:10CC800070390020FFFFFF0010B5030010000C4AB0
:10CC90008024E4051460002B0DD001221343094ABF
:10CCA000094CD461094C5C401462516293620021CA
:10CCB000FFF7AEFF10BD034B0022DA61F7E7C04675
:10CCC00000B0054000800540D3C007B02D3FF84FAD
:10CCD000074BAA2212011A602132FF32DA60054B9B
:10CCE000054A1A60024B5B68002BFBDA7047C046AE
:10CCF000004002400060024000B0FA009A4200D2B8
:10CD000088547047704710B5002802D00B684968F6
:10CD1000984710BD0100002007E083001B185B004E
:10CD2000501C08601078C01830380A681378303BFF
:10CD3000DBB2092BF1D97047F0B5DE4657464E46B7
:10CD40004546E0B583B093461F000C9B9A460D9C68
:10CD50000E9B99460F9B9B0703D0B8460F00060019
:10CD600022E00192A34688464E46B9460700B442E7
:10CD700007D2551C4B4641462020B84701342A00B3
:10CD8000F5E73D004F465C46019B9B46B146464653
:10CD9000B84637002E0007E0013C551C5346185D8D
:10CDA00043463900B0472A00002CF5D135003E003B
:10CDB00047460F9B9B0707D4100003B0F0BCBB464F
:10CDC000B246A946A046F0BDB0464E46B9462F0031
:10CDD0005D46531BB342EFD2541C4B4641462020C4
:10CDE000B8472200F5E7F0B5CE46474680B585B096
:10CDF000944698460C9D0D9C0EAB1B789946109A54
:10CE0000119B129EB7071CD4002B0CD0F7070AD534
:10CE10004F46002F02D10C37374204D0013B02E0CD
:10CE200030272F550134944201D21F2CF8D9F7072F
:10CE300007D59C4205D21F2C03D830272F5501342B
:10CE4000F5E7F70612D5770505D4002C03D09442F8
:10CE500021D09C421FD00F9A102A32D00F9A022A5A
:10CE600037D01F2C0AD830222A5501341F2C05D860
:10CE70004A46002A33D02D222A55013403960293C4
:10CE80000194009543466246FFF756FF05B0C0BCCB
:10CE9000B946B046F0BD621E012C10D00F9F102F76
:10CEA0000BD014000F9A102AD8D1B206D6D51F2C59
:10CEB000D4D858222A550134D3E7023CCBE71400DA
:10CEC000C9E7B206EED41F2CECD878222A550134DB
:10CED000C7E71F2CD2D860322A550134C1E7720748
:10CEE00003D52B222A550134C8E73207C6D52022A4
:10CEF0002A550134C2E7F0B5DE4657464E46454650
:10CF0000E0B593B081468A46089209931CAB10CBDA
:10CF10001B789B461E9D219B9846002C03D1102315
:10CF200042469A4390468023DB0046461E404246D6
:10CF30001A4212D0002C22D000260EE03033D9B293
:10CF4000771C0AAB99552900200001F023F8AC4268
:10CF500016D31F2F14D83E0004002900200001F032
:10CF600019F8CBB2092BE9D94246920605D54121E1
:10CF7000C918C9B20A39C9B2E2E76121F8E7270046
:10CF800043460693209B05931F9B049303955B46A2
:10CF9000029301970AAB0093099B089A51464846B1
:10CFA000FFF721FF13B0F0BCBB46B246A946A0462E
:10CFB000F0BDF0B5DE4657464E464546E0B597B063
:10CFC0000A900B910C929A46209B9946219F22AA87
:10CFD00013789B46249B0993259C289B98464A4698
:10CFE0003A4302D11032934398468022D2004546FC
:10CFF0001540434613420AD04A463A4341D00025E1
:10D000002E0053460D934D46099B9A461BE02E0079
:10D0100053460D934D46099B9A4614E03033DAB2DD
:10D02000731C99460EAB9A555246230028003900CE
:10D0300000F0F2FFBC4226D819D04B461F2B1CD85B
:10D040004E4605000F00524623002800390000F02C
:10D05000E3FFD3B2092BE1D94246920605D541221E
:10D06000D218D2B20A3AD2B2DAE76122F8E7AA4578
:10D07000E3D94E460D9B9A4608E04E460D9B9A46D4
:10D0800004E0002602E04E460D9B9A464346069376
:10D09000279B0593269B0493099B03935B4602936E
:10D0A00001960EAB009353460C9A0B990A98FFF722
:10D0B0009AFE17B0F0BCBB46B246A946A046F0BDEA
:10D0C000F0B5DE4657464E464546E0B591B080463F
:10D0D00089460C929A461A9C1B9D22002B00200028
:10D0E000290001F020FA002800D0ECE00122524291
:10D0F000D44B2000290001F011FA002800D0E2E012
:10D1000001225242D04B2000290001F0F1F9002801
:10D1100000D0D8E0002200232000290001F0E8F927
:10D12000002800D0E4E0069407958023DB001E9AD7
:10D130001A400D921E9A1A4201D106231C9306989A
:10D14000079902000B000892099303000A000243AA
:10D1500000D1D9E0080D4005400DBC4EB4466044F6
:10D160000A03120B1E00BA4B13431F0001F0EEF925
:10D17000B84AB94B01F075F9B84AB94B01F052F908
:10D18000089009910022B74B3000390001F045F9B1
:10D19000B54AB64B01F065F902000B0008980999F1
:10D1A00001F040F901F0EAF9834601F0CFF90600F9
:10D1B0000F00AF4AAF4B01F054F90022AE4B01F023
:10D1C00031F901F0DBF90890AC4AAD4B3000390081
:10D1D00001F047F906000F00089801F0B7F9A94AD5
:10D1E000A94B01F03EF902000B003000390001F0BC
:10D1F00014F906000F0002000B0001F032F90A904A
:10D200000B91089BA14A9446634400210022089197
:10D2100009921B0509930023089332003B0030005C
:10D22000390001F0FFF80E900F9132003B00002012
:10D230008021C90501F0F1F806000F000022944B8F
:10D240000A980B9901F0F3F80022924B01F0EAF8EA
:10D2500002000B000A980B9901F0E9F800228E4BAE
:10D2600001F0E0F802000B000A980B9901F0DFF8DA
:10D2700002000B003000390001F0D4F802000B006E
:10D280000E980F9901F0D3F80022714B01F0CAF803
:10D29000089A099B01F0E5F806000F000896099727
:10D2A000069A079B01F03AF900282FD001235B4230
:10D2B0009C46E3440022774B3000390001F0B7F878
:10D2C0000890099122E01E9B04931D9B03931C9BD5
:10D2D00002930094019553460C9A4946404600F04B
:10D2E000FFF811B0F0BCBB46B246A946A046F0BD5F
:10D2F0000021002206910792069480231B069C467B
:10D30000AC446346079310E700239B465B466333B8
:10D31000C62B20D804261E9B1B0528D5089A099BDE
:10D32000190011430FD05D4A5D4B0698079901F033
:10D33000EDF800287AD000225A4B0698079901F0A0
:10D34000D7F8002872D01C9B5B4506DD5A469B1A15
:10D35000013B1C9303E00526DDE700231C9380239B
:10D36000DB001E9A1A431E92002600239B461D9B3B
:10D370009E4265D29F1B02231E9A1A400A921E9A51
:10D38000134202D0002E00D000275B46002B07D0AE
:10D39000089A099B0698079901F049F806900791A9
:10D3A000002200232000290001F0A2F8002800D06C
:10D3B0007CE03D4B1E9A1340049303971C9B029301
:10D3C000069B079C0093019453460C9A494640469D
:10D3D00000F086F8002E00D183E71E9B9B0671D5D6
:10D3E0004525441C5346020049462800C0475A467A
:10D3F000D317D2185A4005230593013E0496002303
:10D4000003930A3302935B46DB0F0193009253466A
:10D41000220049464046FFF76EFD0A9B002B00D1D3
:10D420005FE7020047460C9E1D9D53E01C9B002BAE
:10D430009DD00D9B002B9AD01C9B013B1C9396E723
:10D44000002798E7FFFFEF7FFFFFEFFF01FCFFFFE3
:10D450000000F03FFB799F501344D33FB3C8608B6B
:10D46000288AC63F0000F83F61436F63A787D23F19
:10D4700071A379094F930A400000E03F1655B5BBF0
:10D48000B16B0240EF39FAFE422EE63FFF03000087
:10D4900000002C4000002440000018402D431CEBED
:10D4A000E2361A3F80842E41FFF7FFFF069C079D5E
:10D4B0002200290080200006844661440B00069269
:10D4C000079376E765258CE7541C53464946202090
:10D4D000B8472200931BAB42F6D3100001E7C046C9
:10D4E000F0B5DE4657464E464546E0B595B0069047
:10D4F000079193469946209F1E9A1F9B1000190082
:10D5000001F011F8002831D101225242BF4B1E9880
:10D510001F9900F0EDFF002837D101225242BC4B89
:10D520001E981F9900F0FAFF00283DD10022B94B48
:10D530001E981F9900F0F2FF002850D10022B64B30
:10D540001E981F9900F0D4FF002848D10022002324
:10D550001E981F9900F0CCFF002850D10023984658
:10D56000229B5B0500D4B6E0002458E0229B039385
:10D57000219B029303230193A84B00934B465A46E9
:10D5800007990698FFF7D8FB0EE1229B0393219B96
:10D59000029304230193A24B00934B465A460799EA
:10D5A0000698FFF7C9FBFFE00423229A1A4022994C
:10D5B0000B4210D09B4B002A0FD0042222990391DA
:10D5C00021990291019200934B465A460799069879
:10D5D000FFF7B2FBE8E0944BEDE70322EEE7229B76
:10D5E0000493219B039302971E9B1F9C009301941D
:10D5F0004B465A4607990698FFF762FDD4E01E9AFB
:10D600001F9B0020002100F008FF1E901F910123A6
:10D610009846A5E70CAB30221A55013F01341F2C68
:10D6200001D8092FF6D81E981F9900F0A7FF050012
:10D6300000F08CFF02000B001E981F9900F0EDFE19
:10D640007A4BFA009B181A685B680A920B9300F0F9
:10D6500008FF0890099100F0B5FF060000F072FF86
:10D6600002000B000898099900F0D7FE0890099174
:10D6700000226F4B00F052FF00282ED00136300000
:10D6800000F060FF02000B000A980B9900F036FFD3
:10D69000002801D001350026002F2CD1280000F0F1
:10D6A00055FF02000B001E981F9900F0B6FE060001
:10D6B0000F0000225E4B00F01BFF002846D1002225
:10D6C0005B4B3000390000F029FF00283ED1EB070A
:10D6D0003CD501353AE0062746E70022544B08982E
:10D6E000099900F005FF0028D6D1002E01D0F307DC
:10D6F000D2D50136D0E7AA461F2C11D8013F0A2106
:10D70000300000F047FC651C30310CAB19550A2184
:10D71000300000F03FFC092E0ED906002C00EBE78C
:10D7200055461F2C0CD87B1E002F09D00CAA302187
:10D7300011551F000134F4E72B0055461C00F0E79B
:10D740001F2C03D80CAB2E221A5501341F2C10D8D5
:10D750000A21280000F0F6FB661C30310CAB19558D
:10D760000A21280000F0EEFB051E01D03400EDE791
:10D7700034000323229A1340012B1CD01F2C06D8FF
:10D780004346002B32D00CAB2D221A550134229B7C
:10D790000393219B029301940CAB00934B465A4692
:10D7A00007990698FFF7C8FA15B0F0BCBB46B24619
:10D7B000A946A046F0BD219B002B13D04346002B69
:10D7C00002D10C3313420FD0219B013B219319004E
:10D7D00003E00CAB30221A5501348C42CED21F2C00
:10D7E000F7D9CBE72199F8E72199F6E7229B5B0768
:10D7F00004D50CAB2B221A550134C8E7229B1B071A
:10D80000C5D50CAB20221A550134C0E7FFFFEFFF4E
:10D81000FFFFEF7F65CDCD4165CDCDC11C2003104D
:10D82000202003101020031018200310C82103101B
:10D830000000E03FF0B5DE4657464E464546E0B5AF
:10D8400093B08246884693461193002900D106E39F
:10D8500000255646119B1878002800D102E32528A0
:10D8600009D06C1C5B462A004146B047119B01332E
:10D8700011932500EEE701331193002720E00123E7
:10D880001F4301321192012418E002231F43013289
:10D890001192012412E004231F430132119201244A
:10D8A0000CE008231F4301321192012406E01023EB
:10D8B0001F4301321192012400E00024002C09D002
:10D8C000119A1378203BD9B21029F6D88B00C4499D
:10D8D000CB589F46119B1A781300303BDBB2092BC3
:10D8E00010D92A2A13D00B94119B1A782E2A1ED0F5
:10D8F000119A1378683BD9B2122959D88B00B949CB
:10D90000CB589F4611A8FFF705FA0B90ECE71C9B3C
:10D910001A1D1C921B68002B04DB0B93119B013317
:10D920001193E1E7022217435B420B93F6E7802253
:10D93000D20017435A1C11925A781300303BDBB2C5
:10D94000092B0BD92A2AD3D11C9B1A1D1C921C68A7
:10D95000002C08DB119B01331193C9E711A8FFF7D5
:10D96000D9F90400C4E70024F4E780235B003B43BB
:10D97000511C119151786C2901D01F0018E0C0236F
:10D980009B001F430232119212E080233B43511C43
:10D9900011915178682901D01F0009E0C0231F436D
:10D9A0000232119204E080235B001F430132119286
:10D9B000119B1878672816D8252826D30300253B05
:10D9C000DAB2422A21D89300874AD3589F4680234F
:10D9D0009B001F4301321192EAE780235B001F4343
:10D9E00001321192E4E778280FD869280DD302009C
:10D9F000693AD2B2012393407C4A13420FD11A06EE
:10DA000000D507E25B0500D594E16C1C5B462A005B
:10DA10004146B047119B0133119325001AE778283E
:10DA20000AD062283AD06F283BD058283CD0102327
:10DA30009F43063B9C4601E010239C46582836D065
:10DA4000692803D0642801D00C2297437A0501D5B8
:10DA50000122974369282DD064282BD0BA0500D520
:10DA6000A2E0FA0500D5C3E07A0600D4D5E01C9AFE
:10DA7000111D1C911168FF220A4005970B9B04930E
:10DA80000394634602930023019300925B462A00AD
:10DA900041463000FFF72FFA05002AE002239C469A
:10DAA000CCE708239C46C9E710239C46C6E7202202
:10DAB0001743C5E7BA0520D4FA0550D47A0666D5CF
:10DAC0001C9A111D1C911168FF220A40D0171118D1
:10DAD000414005970B9B0493039463460293D20F36
:10DAE000019200915B462A0041463000FFF703FA9D
:10DAF0000500119B01331193ACE61C9A07320721F4
:10DB00008A43110008311C91116853689946DB174C
:10DB10000C930D930C9A0D9B100048400E904A46B2
:10DB200053400F930E980F990C9A0D9B801A9941B0
:10DB30000E900F9108970B9B0793069463460493EE
:10DB4000002305934B46DA0F0292009001915B4649
:10DB50002A0041463000FFF72CFA0500C9E71C9A5D
:10DB6000111D1C911268D0171118414005970B9B8D
:10DB70000493039463460293D20F019200915B4693
:10DB80002A0041463000FFF7B6F90500B1E73A0632
:10DB900005D51C9A111D1C910023D25E96E71C9A94
:10DBA000111D1C91126891E71C9A073207218A43C4
:10DBB000110008311C9108970B9B0793069463464C
:10DBC0000493002305930293536812680092019313
:10DBD0005B462A0041463000FFF7EBF9050088E775
:10DBE000282003106C200310B8200310419000007F
:10DBF0001C9A111D1C9105970B9B0493039463467B
:10DC0000029300230193136800935B462A00414668
:10DC10003000FFF770F905006BE73A0606D51C9A4D
:10DC2000111D1C9112681204120C26E71C9A111D7A
:10DC30001C91126821E7462819D01C9B0733072244
:10DC400093431A0008321C9204970B9A0392029491
:10DC50001A685B68009201935B462A0041463000D7
:10DC6000FFF73EFC0500119B01331193F2E52023E1
:10DC70001F43E2E7672801D0472802D180231B0118
:10DC80001F43452801D0472801D120231F431C9B57
:10DC90000733072293431A0008321C9204970B9A09
:10DCA000039202941A685B68009201935B462A0013
:10DCB00041463000FFF704FA0500119B0133119330
:10DCC000C8E502231A003A4091463B421DD0012488
:10DCD0001C9B1A1D1C926F1C18785B462A0041463B
:10DCE000B0474B46002B14D1119B013311933D00DB
:10DCF000B0E5571C5B4641462020B04723003A0060
:10DD00005C1C9D42F5D81500E2E701232A000B9D1B
:10DD1000F6E73A00B1460B9E06E0571C5B464146CB
:10DD20002020C8472C003A00651CA642F5D81700F1
:10DD30004E46D9E71C9B1A1D1C921B689A46002C64
:10DD400025D101225242534601E001330A001978DD
:10DD5000002902D0511E002AF7D152469B1A802278
:10DD6000D200390011408946174202D0A34200D99F
:10DD7000230002221100394010913A4209D02A00B2
:10DD8000250057469A4633004E46994621E0220028
:10DD9000D9E72A004546A04606E0541C5B46290008
:10DDA0002020B0473B0022005F1C0B999942F4D819
:10DDB0004446A8463B00250057469A4633004E4647
:10DDC000994606E01D000137541C5B464146C84792
:10DDD00022003878002804D0002EF4D06B1E002DCD
:10DDE000F0D1150053464E46109A002A03D1119BDC
:10DDF000013311932EE50B9F2A0006E0551C5B466C
:10DE000041462020B04723002A005C1C9F42F5D8E1
:10DE10001500ECE721233B431C9A111D1C9112684D
:10DE2000059308230493039408330293002301937A
:10DE300000925B462A0041463000FFF75CF805007F
:10DE4000119B0133119305E56C1C5B462A0041468A
:10DE50002520B047119B013311932500FAE40B4BA9
:10DE60009A46F5E4B2465D450DD35B465A1E5B46C5
:10DE700041460020D047280013B0F0BCBB46B24654
:10DE8000A946A046F0BD2A00F1E7C04605CD011025
:10DE90000EB430B584B0010007AC08CC0394012265
:10DEA000054D009452422800FFF7C4FC04B030BC7A
:10DEB00008BC03B01847C046FDCC011000B585B0C2
:10DEC0000290039101210448009313004A4202A9E1
:10DED000FFF7B0FC05B000BD07CD011001480421DB
:10DEE000014B1847F01400200DDF011010B50100A0
:10DEF00018231B8814221088984710BD10B5010004
:10DF000018231B8816221088984710BDF0B5C64606
:10DF100000B507000E0000250123984600E00135FA
:10DF2000B5420AD2AC003C192068FFF7DFFF206041
:10DF30000028F4D100239846F1E7404680BCB8465B
:10DF4000F0BD0000124A936F9B0815D29066D1660F
:10DF5000002905D0FFE7FFE7FFE7516F106F70471B
:10DF600004B580210906C2175140002800D0C843DB
:10DF700010F016F9002104BDF0B5146E556E576F00
:10DF8000166FFFF7E3FF1466556657671667F0BD17
:10DF9000000000D0114A936F9B0813D2106651669F
:10DFA000002905D0FFE7FFE7FFE7516F106F7047CB
:10DFB00004B5002801D00020C04310F0F1F8002182
:10DFC00004BDC046F0B5146E556E576F166FFFF75F
:10DFD000E5FF1466556657671667F0BD000000D070
:10DFE00094464E4A926F9208624601D230E0C04693
:10DFF000F0B54A4EB56F6D08FCD3346E756E776F11
:10E00000366F00F025F89446444A14665566576703
:10E0100016676246F0BDC0469446404A926F920829
:10E02000624601D258E0C046F0B53C4EB56F6D086F
:10E03000FCD3346E756E776F366F00F04DF89446F2
:10E04000364A14665566576716676246F0BDC04685
:10E05000002B24DB11D000293EDA00B5C943404231
:10E0600000D1013100F038F8C943404200D10131FC
:10E07000DB43524200D1013300BD002AEBD100281E
:10E0800001D1002905D00020C90FC90701D1C04323
:10E09000410800B510F054F80022002300BD00B57F
:10E0A00000290ADBDB43524200D1013300F014F8AF
:10E0B000C943404200D1013100BDC943404200D1B3
:10E0C0000131DB43524200D1013300F005F8DB435C
:10E0D000524200D1013300BD002923D1002B18D1B9
:10E0E000002A0CD0BC460D4F38667A66002100230A
:10E0F000FFE7FFE7FFE77A6F386F67467047002852
:10E1000001D00748010000B510F01AF800220023E2
:10E1100000BD02000B00002000217047000000D06D
:10E12000FFFFFFFF002B00D0BFE0130C28D1002A17
:10E13000E7D080B4114F39667A66FFE7FFE730B465
:10E14000040C7B6F396F1B0423433B667A66FFE741
:10E15000FFE7FFE7C04684B27B6F3D6F1B0423439C
:10E160003B667A66FFE7FFE7C04600232C042D0CD0
:10E170007A6F386F00196941B0BC7047000000D059
:10E18000F0B594460025140E01D112020835140F83
:10E1900001D112010435940F01D192000235D40F40
:10E1A00001D152000135D40B0134254F7C66254C3A
:10E1B0003C660E0C93B2FFE7FFE7FFE73C6F664358
:10E1C000360C7703BE467343DF0B5B04C01AB941BC
:10E1D000130C7343DB18C91ACE086643360CB644D9
:10E1E00093B273431F0F1B01C01AB941130C734341
:10E1F0001F0B1B05C01AB941860D8F023E436643B3
:10E20000360C092D24DB520A7243801A7703460A22
:10E210006643360C16235B1BDE40DF40BF196446A5
:10E220006643821B7046043506330100D940A8407E
:10E23000C01900D30131A24206D20023F0BD000074
:10E24000000000D0FFFFFFFF121B0130F3D3F1E706
:10E2500009277F1BFE406446A2B27243801A00D297
:10E260000139220C7243130C1204821A99410B00DB
:10E270007046043513370100F940A840801900D3D7
:10E280000131002B02D1A2420AD2F0BD013000D3ED
:10E290000131121BFAD2013BF8D1A24200D2F0BDEB
:10E2A000013000D30131121BF7E7F0B51C0C00D090
:10E2B00080E00CB400251C0A04D11B02160E334367
:10E2C000120208351C0B04D11B01160F3343120137
:10E2D00004359C0B04D19B00960F3343920002350A
:10E2E000DC0B02D192185B4101351C009718644188
:10E2F0000134464F7C66464C3C660E0CFFE7FFE758
:10E30000FFE7C0463C6F6643360C7703BE4697B2C4
:10E310007743C01B00D20139C01B00D201399FB224
:10E320007743C91BC91B170C77437E04FF0B801B67
:10E33000B941CE086643360C0C2D33DBB644120BC4
:10E340001F053A431B0B97B27743C01B00D201391C
:10E350009FB27743C91B170C77433E043F0C801BC9
:10E36000B941860D8F023E43664329277F1BFE403D
:10E370000C3D7746AF40BF1930BCA2B2ABB272437E
:10E380007343801A9941220C7243130C1204801AB1
:10E39000994102000B000137001BA941F9D2781EF8
:10E3A0000021F0BD0C277F1BFE4077467F0BAF405E
:10E3B000FF19E0E700245D1C07D0144F7D66396625
:10E3C000FFE7FFE7FFE7FFE73C6F95B29EB26543CB
:10E3D0006643401BB141150C1E0C65436643360471
:10E3E0002F0C3E432D04401BB141994204D2020040
:10E3F0000B0020000021F0BD01D19042F7D3801A1C
:10E40000994101349942F2D3F6E70000000000D0B0
:10E41000FFFFFFFF48404140484018B4134B5B6882
:10E42000019308BD18B4114B1B68019308BD9446B5
:10E430000F4A926F920805D2624618B40B4BDB6804
:10E44000019308BD0A4AF0B5146E556E576F166FEA
:10E450006246FFF7F2FF064A14665566576716676D
:10E46000F0BD18B4014B9B68019308BDA83900208A
:10E47000000000D0FFB550404240504059404B4052
:10E48000594000E0FFB5154F4C00640D03D0BC426D
:10E4900004D10C0314D80020090D09055C00640D9B
:10E4A00003D0BC4204D11C030AD800221B0D1B055B
:10E4B00001264B4009D44B4003D58B4200D1824208
:10E4C000FFBD9942FCD19042FFBD0B43DB180343D3
:10E4D0001343F5D0C9434918FFBD0000FF070000F2
:10E4E00000B5FFF7CFFF01D0002000BD012000BD27
:10E4F00000B5FFF7C7FF804100BDC04600B5FFF77C
:10E50000C1FF01D9002000BD012000BD00B5FFF70B
:10E51000B1FF01D9002000BD012000BD00B5FFF70B
:10E52000A9FF804100BD012040054A00121804D80F
:10E530005A00121801D800207047012070470020AF
:10E54000704700000021002805D17047C1174840DE
:10E55000401AFAD0C90713B5064B1B6898470CBC84
:10E56000441CA2401005120B0349091B090519435D
:10E57000114310BDAC3A00201F04000010B54C0040
:10E58000620D8023D218DB00D21A5B057E2A10DDD3
:10E590009E3A13DACC170903490819435242D14075
:10E5A000640001341532202A05DAD0400843604364
:10E5B00010BD002010BD0846604310BDC80FC01834
:10E5C000013810BD18B4024B5B6A019308BD00000E
:10E5D000A839002018B4024BDB6C019308BD000081
:10E5E000A839002018B4024B1B6D019308BD000030
:10E5F000A839002010B50148FEF738F91822031099
:10E6000070B513231C78012C12D0012C12DC214B85
:10E61000214A93642148FFF769FC214B186070BDC3
:10E6200020491D4A9800815001331F2BF8D9ECE78F
:10E630000023FAE71C48FFF761FC05001B48FFF7C1
:10E640005DFC023803789B007F2B09DD1248802295
:10E65000290000F009FD022C08D0022CDADCD6E7F4
:10E66000134B144A14483221FEF768F8134B1A88EA
:10E67000B5231B029A4209D1114B1A88114B9A42B9
:10E6800004D1114B1A88114B9A42E6D00020FEF7B4
:10E69000EDF8C04651EE0110A83900204C330000BF
:10E6A000AC3A0020F5E50110534400005346000049
:10E6B00030220310FC220310902203105438000073
:10E6C000D8380000494600009C3800005946000038
:10E6D00030B50B0D5B055C0D002B14D00D4B9C422F
:10E6E00011D01419002C09DD0B4B9C420CDDC90F15
:10E6F000C907002409480843050002E00024C90FA7
:10E70000CD072000290030BD0024150524184D41F7
:10E71000F7E7C046FF070000FE0700000000F07F9B
:10E7200030B50B0D5B055A0D002B1FD0134BD218C3
:10E730001ED434239B1A002B1CDD1C00203C0CD45F
:10E7400001225242A240012464429C400300A343A0
:10E7500091430B4310D1012009E02024E41A012247
:10E7600052421500E5409A402A43ECE7012030BDB3
:10E770000020FCE70120FAE70020F8E701FCFFFF9A
:10E7800030B50B0D5B055B0D1B4A9B182CD4342256
:10E79000D31A2BD41C00203C16D4353AA2400124B5
:10E7A00064429C400500A5432C000D0095432A00BF
:10E7B00022431DD1342B1DD01A00203A0DD408005D
:10E7C000D0400123184030BD2024E41A01225242D7
:10E7D0001500E5409A402A43E1E72022D21A0C00B6
:10E7E0009440D8402043ECE70020ECE70020EAE723
:10E7F0000020E8E70120E6E701FCFFFF02000B0034
:10E80000090D4905480D002907D00549884205D062
:10E810001803000B10434342584170470020FCE7A7
:10E82000FF07000070B504000D001600012A0ED08D
:10E83000D20F92195210FFF7F5FF02000B00FFF7FD
:10E8400010FEF60703D522002B00FFF70AFE70BD6D
:10E8500010B5141E03DB2200FFF7E4FF10BD020019
:10E860000B0000200249FFF7E2FD6442F3E7C046D7
:10E870000000F03FF0B5D6464F464646C0B588B0DA
:10E8800014001D000E0D7605760D674BF718674ACC
:10E89000921BFFF71DFFFFF7A5FE654A654BFFF7CB
:10E8A000C6FD0022644B00900191FFF737FE00285F
:10E8B00009D00022614B00980199FFF7AEFD00904E
:10E8C00001915F4BF718002F11D000225D4B200003
:10E8D0002900FFF71BFE002815D0002F10DB0020B9
:10E8E000594908B0E0BCBA46B146A846F0BD22007E
:10E8F0002B0000980199FFF7B4FD00F0B1F9F0E7A3
:10E9000000200021EDE70022504B20002900FFF7F6
:10E91000F5FD002807D0002F02DB00200021E0E7F2
:10E9200000204949DDE72000290000F001F90490AA
:10E93000059102000B0020002900FFF76EFD030087
:10E940000C001A220293039400F0EEF800F0F0F8A5
:10E950001A225242FFF7BCFE04000D0002000B0019
:10E9600002980399FFF759FD0690079104980599BD
:10E97000FFF704FE8146010079438A463800FFF71D
:10E98000E5FD22002B0004900591FFF76AFD0600CB
:10E990000F0000F0CDF804000D00FFF7EFFD8046FA
:10E9A000D04422002B0030003900FFF736FD040070
:10E9B0000D00069A079B04980599FFF752FD020087
:10E9C0000B0020002900FFF72DFD0490059148461B
:10E9D000FFF7BCFD009A019BFFF743FD04000D000B
:10E9E00000F0A6F806000F00FFF7C8FD80443200D3
:10E9F0003B0020002900FFF710FD049A059BFFF75C
:10EA000011FD04000D00029A039B00980199FFF785
:10EA100028FD22002B00FFF705FD00F021F94246FA
:10EA2000FFF756FE5DE7C04601FCFFFFFF03000055
:10EA3000EF39FAFE422EE63F0000E03F0000F03FD3
:10EA400002FCFFFF0000B0400000F07F0000B0C0FB
:10EA5000F0B5C64600B582B004000D0016001F00D8
:10EA6000019000291DDA10001900FFF789FE002827
:10EA70000ED0200080231B06E91832003B00FFF770
:10EA8000E7FF80242406091902B080BCB846F0BD17
:10EA9000019880231B06E91832003B00FFF7D8FFDE
:10EAA000F2E710001900FFF769FD804620002900F9
:10EAB000FFF7A4FE00280CD14346002B28D02033BA
:10EAC000402B1FD932003B0020002900FFF7D2FE67
:10EAD000DAE72A0D5205520D0F4B9C466244802303
:10EAE0001B01984505DA0D4B984504DA0B4B984607
:10EAF00001E00B4B984643465A4300200949FFF773
:10EB0000E7FDC1E7424620002900FFF7A1FEBBE771
:10EB100000200449B8E7C04601FCFFFF00F8FFFFF2
:10EB2000FF0700000000F03F10B5FFF7D1FD10BD5A
:10EB300070B50B0D5B055B0D214A944663445A1C6E
:10EB400024DB5A1C28D03422D21A002A1DDD33249B
:10EB5000E41A2500203D26D40126AE4033000125CD
:10EB6000A5402A0012184B412500203D21D4022641
:10EB7000AE4031000225A5402800002544428D41C9
:10EB80001600264030002B40190070BD0022C90F2E
:10EB9000CB0710001900F8E7CB0FDB070020094A6C
:10EBA0001A431100F1E720252D1B0126EE4033000A
:10EBB000D5E720252D1B0226EE403100DAE7C046BE
:10EBC00001FCFFFF0000F03FF0B5C64600B50600AF
:10EBD0000F000B0D5B055A0D002B25D01E4BD218D4
:10EBE0002AD43424A31A9846002B22DD203B28D4B3
:10EBF00001259D402B0001254446A5402A00012403
:10EC00006442E517A4185D41002903DA24184D4138
:10EC100026002F00002554429D4133002340180058
:10EC20003B002B40190004E00022C90FCB07100065
:10EC3000190080BCB846F0BD002909DA0020074958
:10EC4000F7E720254346ED1A0124EC402300D2E7E4
:10EC500000200021EDE7C04601FCFFFF0000F0BFEF
:10EC600070B504000D000A0D194B9A4229D00022FC
:10EC7000184BFFF743FC002826D10022164B20003A
:10EC80002900FFF743FC002802D0002013491DE0B3
:10EC900020002900FFF74CFFFFF770FC0600FFF78C
:10ECA00055FC02000B0020002900FFF7B6FB0C4AC0
:10ECB0000C4BFFF7D6FBFFF78DFC3200FFF708FD8A
:10ECC00004E00020002101E00020002170BDC046CA
:10ECD000FF0F00000000B0C00000B0400000F07F57
:10ECE000EF39FAFE422EE63FF8B5CE46474680B5EC
:10ECF00006000F0014001D0000224E4BFFF7F0FB32
:10ED0000002821D12B0D98465B055A0D9146002B0A
:10ED10001AD00022484B30003900FFF7E1FB0028F1
:10ED200002D0464B99456DD03A0D5305590D002B35
:10ED30001DD1002D0EDB20002900FFF721FD00284A
:10ED400063D03000390001E000203A49C0BCB94628
:10ED5000B046F8BD20002900FFF712FD002857D06B
:10ED6000FB0FDB070020364A1A431100EEE7334B56
:10ED70009A4213D0334B9A4215D0304B984527D046
:10ED8000304B98452AD020002900FFF7C9FC002805
:10ED90002AD1002F2FDA00202949D7E7002D3ADAAF
:10EDA00000200021D2E7002D08DB20002900FFF71A
:10EDB000E7FC002832D000202349C7E720002900C3
:10EDC000FFF7DEFC00282CD0002080210906BDE7DB
:10EDD0001E4B994228DC00200021B7E71B4B9942CB
:10EDE00025DC00201649B1E722002B003000390055
:10EDF000FFF72EFEAAE722002B0030003900FFF7B4
:10EE000039FDA3E700200B49A0E7002000219DE782
:10EE100000200B499AE70020094997E7002008499C
:10EE200094E70020002191E7002005498EE70020AB
:10EE300000218BE70000F03F0000F0BFFF0700005B
:10EE40000000F07FFF0F00000000F0FFFE03000055
:10EE500007B56046002800D100BE01880A0A0230CA
:10EE6000DF2AFAD1C9B2820804D30288408800049C
:10EE7000104300E00068024A5050039007BD0000B4
:10EE8000A839002051434343C9188C46110C83B262
:10EE90004B4310B4040C614392B280B250436243BE
:10EEA0001C041B0C001910BC59411304120CC0188F
:10EEB00051416144704700004840414048400E4B7A
:10EEC0005B6818470C4B1B6818470C4A936F9B08EC
:10EED00002D2094BDB681847F0B5146E556E576FB8
:10EEE000166FFFF7F6FF054A1466556657671667F3
:10EEF000F0BD014B9B681847B03A0020000000D0DD
:10EF0000491A002808D1084670470000C10FC907F8
:10EF100000D54042002817D0F44603B40B4B1B68C1
:10EF2000984706BC81409E384042803107D20B068C
:10EF300007D04900490AC005104308436047013023
:10EF4000F8E7490A8902F5E770470000AC3A00206B
:10EF5000014B5B6A18470000B03A0020014BDB6FA1
:10EF600018470000B03A002010B50148FDF77EFCBC
:10EF70006C06031070B513231E781848FEF7BEFF09
:10EF80000500012E11D0012E09DDAB1E1B789B0060
:10EF90007F2B1DDD12488022290000F065F8114802
:10EFA000FEF7A4FF104B186070BD0D4854222900D5
:10EFB00000F05AF8002300E001331F2BE3D8084A81
:10EFC0009C00A258002AF7D10849054AA150F3E74E
:10EFD000074B084A08484221FDF7B0FB53460000A2
:10EFE000B03A00204C330000AC3A002069EF011029
:10EFF00010230310B02303104423031010B500287E
:10F0000004D04018034B984200D810BD0248FDF7C9
:10F010002DFCC04600000420C423031070B5050079
:10F020000DF01EF804002900FFF7E8FF200070BD76
:10F0300070B50D000DF01AFB04002900FFF7DEFF8C
:10F04000200070BD10B50DF015F810BD0148042169
:10F05000014B1847001500200DDF0110014B1B6804
:10F060001847000000150020014B5B68184700009E
:10F0700000150020084B5B6A994209D8064A926A3B
:10F08000824207D2994201D0012002E0002000E034
:10F09000002070470120FCE70040054010B5030048
:10F0A000080011001B68984710BD0000F8B5070064
:10F0B0000D001600437C002B02D0002400200CE041
:10F0C00003681100280098472DE03B7C10E03B6866
:10F0D000154802219847601C0134B44214DA002C10
:10F0E000F3DD2B19013B1B780D3B5A425341DBB238
:10F0F0002A5D0A2AF0D1002BEED1A042E7DA3B6864
:10F10000211A28189847E2E7B04203DA3B68311A1F
:10F1100028189847002E06DDAD19013D2B780D3BD0
:10F120005A4253413B74F8BD4C25031070B505009D
:10F130000368002B16D00C4B1C6805E0290004C99D
:10F140002000FFF7B3FFE468002C09D02368002BF0
:10F15000F9D0064B1B68002BF0D0A342F3D1EDE7AA
:10F1600000232B6070BDC046543500206035002060
:10F1700070B505000C000B68802B05D023685A1C65
:10F180002260E418257170BD0800FFF7CFFFF5E796
:10F19000F8B5CE46474680B507000E009146984622
:10F1A0001BE0A368002B04D03100380098470028EA
:10F1B00018DCE468002C06D00C4D2D68002DF0D032
:10F1C000A542F6D1EDE748464146FFF753FF002838
:10F1D00006D101200021FCF725FF054B1C68E9E75B
:10F1E00001204042C0BCB946B046F8BD60350020A1
:10F1F0005435002010B5002B02DB0260436010BDC7
:10F20000024B034A03483F21FDF798FADC1603102E
:10F2100020250310F816031070B582B00600140004
:10F220001D00069A079B12196B419D4202D804D11A
:10F23000944202D901225242D3176846FFF7DAFFFF
:10F24000009A019B32607360300002B070BD10B54F
:10F2500082B00400FCF7C6FE02000B006846FFF710
:10F26000C9FF009A019B22606360200002B010BDBC
:10F2700070B584B0040016001D0002A8FFF7E7FF78
:10F28000029A039B009601952000FFF7C5FF20001E
:10F2900004B070BD10B582B0D0231B0600241C57EB
:10F2A000074801A90EF08CFF002806D1019B9C4263
:10F2B00003D003480EF0C4FF012002B010BDC046C9
:10F2C000B01A002010B502480EF032FF10BDC04643
:10F2D000B01A0020F0B5CE46474680B583B0060090
:10F2E0000D0090461C00FFF7D5FF81466B1C05D032
:10F2F000002C08D0194F1A4B1C6807E030000EF0A4
:10F30000EBF80500F4E7174FF5E7E468002C17D099
:10F310002368002BF9D0144B1B68002B01D0A342AB
:10F32000F3D12A0031002000B8474346002BECD02F
:10F330006B46D91D0A230B7001222000B847E4E771
:10F340004B46002B07D16B1E9D41E8B203B0C0BCF9
:10F35000B946B046F0BDFFF7B5FFF4E79DF00110E8
:10F3600054350020ADF001106035002010B582B09A
:10F3700004006B46D81D0470002300220121FFF712
:10F38000A9FF200002B010BD10B503000800110055
:10F39000002B05D1044B1A685B68FFF7F9FE10BD1E
:10F3A00001204042FBE7C046481A031010B5030095
:10F3B00008001400013B012B06D800230022210085
:10F3C000FFF788FF200010BD01204042FBE700004E
:10F3D000094A01E00C331A001368002B08D083425D
:10F3E000F8D1002907D1C36813600023C36002E08D
:10F3F000002900D0106070475435002010B5064B2E
:10F400001C6801E09847E468002C03D06368002B77
:10F41000F8D1F8E710BDC0465435002070B505009E
:10F420000EF05AF804000023012201002800FFF723
:10F4300051FFFFF7E3FF200070BD000070B5A2B0E0
:10F4400004000E00FFF726FF05008422002101A81A
:10F45000FFF704FE09483300220001A9FEF72EFD44
:10F46000040001A8FFF762FEFFF7C8FF002D02D1DC
:10F47000200022B070BDFFF725FFF9E771F1011000
:10F480000FB400B583B004A901C90191FFF7D6FFFD
:10F4900003B008BC04B0184710B500F0E7F910BD80
:10F4A00000B585B0020000236846FFF7E1FE009A30
:10F4B000019B012103A8FFF76BFE002802DB03D0AC
:10F4C00003AB187805B000BD034B044A95210448EE
:10F4D0004900FDF733F9C04614190310382503100D
:10F4E000C024031070470000014B00221A707047BF
:10F4F000FD3B00204B79FF2B0CD18B79002B0BD1DE
:10F50000CB79012B0AD1082A0AD98A78054B1A70BF
:10F51000092000E0002070470020FCE70020FAE707
:10F520000020F8E7FD3B00200120704770B5040083
:10F530000D000348FEF7DAFC03002900200098477D
:10F540005542000010B5002926D1117953791B02CC
:10F550000B43124909788B4201D0002010BD53782B
:10F56000012B03D0022B10D00020F7E79178D3783D
:10F570001B021943DB0503D54B0A0120984000E02C
:10F5800000207F231940FFF7D1FF642200210020D3
:10F59000FDF77AFB0120E1E70120DFE7FD3B0020DA
:10F5A00001230370004870475025031010B50A78F6
:10F5B0004B781B0213438A7812041A43CB781B063C
:10F5C00013439622D200934200D010BD00210800C0
:10F5D000FFF7ACFF30B583B004000D00184801A957
:10F5E0000EF0EEFD002808D1D0231B061B68019AFF
:10F5F0009A4221D012480EF023FE002001F028FE8E
:10F60000002807D1032464420D480EF091FD20002C
:10F6100003B030BD002001F037FE002802D10324E2
:10F620006442F1E72A002100002001F039FE041EA7
:10F63000EAD103246442E7E703246442E7E7C046D3
:10F64000B43B002010B5064800210EF0B9FD00289B
:10F6500000D110BD01F0B4FB01480EF069FDF8E7E0
:10F66000B43B0020F0B5C64600B582B080460D0020
:10F670002E4801A90EF0A4FD002808D1D0231B06B6
:10F680001B68019A9A420FD028480EF0D9FD00203D
:10F6900001F0DEFD002847D1254B00200021186035
:10F6A000596022480EF044FD02B080BCB846F0BD5F
:10F6B00001F086FB002001F007FE002001F0C8FDEC
:10F6C0000028EED0002001F081FE00281DD0AC42C1
:10F6D000E7DA2E1B002001F079FE0200864200DCF2
:10F6E0003200002AE4D043461919002001F052FEEE
:10F6F000060001F065FB002001F0E6FDA419FCF70F
:10F7000071FC0B4B18605960E1E7FCF76BFC084B90
:10F710001E685F68074A002392197B419942C0D84E
:10F72000D5D19042D3D9BCE70024D0E7B43B002028
:10F73000301C002020A1070010B5002B02DB026066
:10F74000436010BD024B034A03483F21FCF7F6FF1C
:10F75000DC160310F8250310F816031010B582B05C
:10F760000400FCF73FFC02000B006846FFF7E4FFD3
:10F77000009A019B22606360200002B010BD70B54A
:10F7800082B0060014001D00069A079B12196B41F7
:10F790009D4202D804D1944202D901225242D31789
:10F7A0006846FFF7C9FF009A019B32607360300022
:10F7B00002B070BD10B50A4B1A78D0231B061B6827
:10F7C0009A4207D1074B1878FBF730FCFA208000EB
:10F7D000002110BD044B054A05483221FCF7AEFF5D
:10F7E000FF3B0020FE3B002068250310102603107D
:10F7F0009025031010B5024B1878FBF717FC10BDCD
:10F80000FE3B0020F0B587B0040016001D000EABD3
:10F810001F7804A8FFF7A2FF049A059B00960195A4
:10F8200004A8FFF7ACFF049A059B02970D9901917C
:10F830000C9900912000FCF7F1F907B0F0BDF0B58C
:10F84000C64600B584B00500884616001F000AAB06
:10F850001C78FCF7CDF90294019700962A004346E4
:10F86000FFF7D0FF04B080BCB846F0BD10B582B041
:10F87000D0231B061A781B4B1A701B4B1B7801F008
:10F88000E7FF1A48FCF786FE0120FBF76DFE184CD7
:10F8900020701849FF231840FBF7EAFB207801216C
:10F8A000FBF7BCFB0520FBF7D1FB041E0BD0124974
:10F8B00000220520FBF706FC10480121FFF788FD18
:10F8C000200002B010BD0E4A012300930023FA204D
:10F8D00080000021FFF7B3FF431E9841C4B2002807
:10F8E000EED0E9E7FF3B00206C870310B43B00201B
:10F8F000FE3B002045F60110F5F701101015002021
:10F90000B5F7011000487047D4260310004870472F
:10F910008026031010B50400154B1B78002B0ED069
:10F92000002C11D1134B144A5A80012301335B0080
:10F930009BB21048C02292001343038010BD0C48B4
:10F94000112102F05FFBEBE7052C0ED80B4BA40056
:10F95000E4580023122BE9D8E15C0029E6D00133FA
:10F96000044A58008152DBB2F4E70020E6E7C046C3
:10F97000D83B00202C350020090400006826031025
:10F9800002007F201040D209400080184001014B46
:10F99000C01870476835002010B582B001AB074A27
:10F9A0001A80002406E001AB185DFFF7E9FF012390
:10F9B000C3700134012CF6D902B010BD0080FFFFE6
:10F9C00010B5838B3F333F229343022915D0124C4D
:10F9D0002268C260D31823609C0610D10F4C62408D
:10F9E000634080246401A3420FD889061143802319
:10F9F0001B060B434268136010BD5B00E7E7084B32
:10FA0000084A09485421FCF799FE084B054A064864
:10FA10005621FCF793FEC0467439002000001050B8
:10FA2000E82603102428031018270310902703103A
:10FA3000F8B505000E001400FFF7A2FF7F232B404E
:10FA4000EF0985707A427A4142700022C270868343
:10FA50008477012F0DD0DA0012498C46624482600F
:10FA6000826800211160002B09D143600E4BC360F6
:10FA7000F8BDDA000D498C4662448260F0E7012F40
:10FA800009D0013BDB000A4A9446634443602100ED
:10FA9000FFF796FFECE7013BDB00064A9446634420
:10FAA0004360F4E7840010500001105080001050B3
:10FAB0000C0010500800105010B5002308E001336E
:10FAC000DA00002108481150844662445160DBB2DC
:10FAD0000E2BF4D90548F02292000021FFF7BEFA60
:10FAE000034B044A1A6010BD00001050A8350020D6
:10FAF0007439002080011050F0B5CE46474680B5DD
:10FB000083B01D4B9F6D0024012603E0B7437600B0
:10FB10000134E4B2002F29D01F2C27D83E42F6D062
:10FB2000164B9E65630899460123634001221A40E3
:10FB300090464B465D0045446D01114BED18280081
:10FB400000F0A8FA0028E1D00D4A4B465B00434480
:10FB50005B01D3189A8A997801230093002300202F
:10FB600000F0BEFD280000F005FACFE703B0C0BCEE
:10FB7000B946B046F0BDC0460000115000301150EB
:10FB80006835002070B52B4A9823D45880235B0237
:10FB900025001D401C420AD1E30616D4E30419D403
:10FBA000630429D4230433D4A5423ED170BDFFF7AA
:10FBB000F3FE01222049002000F078FD1F4B802237
:10FBC00092021A6580256D02E6E710231D43FFF7B8
:10FBD00093FFE3E780235B011D43164B00221A606D
:10FBE000FFF76AFF01220021002000F04AFD134BBD
:10FBF000802212031A65D3E78023DB011D43012213
:10FC00000421002000F02AFD0C4B10221A65C9E7E0
:10FC100080231B021D4301220521002000F01EFD50
:10FC2000064B802212011A65BEE729006140044894
:10FC3000FCF71CFE00001150000010500030115065
:10FC4000C427031070B50C001500FFF799FE2A00B9
:10FC5000210000F0FBF970BD10B5002804D101218E
:10FC60000520FBF7DBF910BD034B044AB92104481A
:10FC70004900FCF763FDC046D82703101428031081
:10FC80001827031010B5002805D10022002180207C
:10FC9000FFF7D8FF10BD034B034ABF2103484900BB
:10FCA000FCF74CFDD8270310042803101827031075
:10FCB000024B80225202DA647047C0460020115085
:10FCC00070B5041E25D100F02FF9154D0C23AB673C
:10FCD00014490520FBF7CCF9134840220021FFF717
:10FCE000BDF9002240210020FFF7A2FE00224021A2
:10FCF0008020FFF79DFEFFF7DFFE01232B648023AA
:10FD00009B05EB649023094AEA502000FFF7D0FFDF
:10FD100070BD074B074A4E210748FF31FCF70EFD27
:10FD20000000115085FB01106835002010D0010043
:10FD3000D827031038280310182703100B785B0608
:10FD400002D14B78052B00D070478A78014B1A609E
:10FD5000FAE7C0460000115010B50A0000280DD186
:10FD600088780C794B790721194009022143D27810
:10FD70009207920FFFF75CFE012010BD034B044A6F
:10FD8000D62104484900FCF7D9FCC046D827031007
:10FD9000F42703101827031010B5FFF78DFE10BDD0
:10FDA00010B50400080011001A00002C03D1FFF761
:10FDB00049FF012010BD034B034ABC210348FF311A
:10FDC000FCF7BCFCD8270310E42703101827031006
:10FDD00010B508004B0605D1CB09012B0AD0022231
:10FDE000054B9A66FFF7CCFD80221201002100F03E
:10FDF000C7F810BD0122F3E70020115010B508002C
:10FE00004B0600D110BDFFF7BBFD0023C3700022DD
:10FE1000014900F0B5F8F5E7FFF7FFFFF8B504007A
:10FE20000F00438A828B1E1C934200D9161CB6B267
:10FE30009B1B63828022D2003243E378002B13D0D5
:10FE40008025AD01154301225340E3706378002BF8
:10FE50000CD0638A002B02D18023DB011D43002FCD
:10FE600000D02D042800F8BD0025EBE7E068BB01B9
:10FE7000C018A1693200FFF7F7F8A3699B19A361C5
:10FE800080231B021D43E4E770B5040083681B68F0
:10FE9000002900D01B0C9D05AD0D6278002A11D100
:10FEA0001B0409D4A38A5B19A382A38BAB4201D99B
:10FEB00000236382280070BD0D4B0E4A0E48D721E7
:10FEC000FCF73CFC1B040DD5A069E36889015918B7
:10FED0002A00FFF7C9F8A38A5B19A382A3695B19FB
:10FEE000A361E2E7054B034A0348DE21FCF726FC49
:10FEF000442803108029031064280310DC28031011
:10FF000010B5040083681B680021FFF7BDFF63681C
:10FF10001B685B0002D5A38B834200D010BD01217A
:10FF20002000FFF7B1FFF9E710B580235B040C4A0E
:10FF300013600C4A13600C4B9A6880235B04934354
:10FF4000F9D10A4C9C2200212000FFF787F880227B
:10FF5000520100210648FFF781F80923636710BDAD
:10FF600000E0004000F0004000C0004000001150E0
:10FF70000000105000230374438283828361704722
:10FF800010B5002902D083681B681940002A0FD0E1
:10FF9000114352050CD5826813685B050BD40B4BDB
:10FFA0000B401360FFE7FFE7FFE7FFE7FFE7FFE72F
:10FFB0008368196010BD83787F211940DB09044AEA
:10FFC0009B0004489A58FCF751FCC046FFFBFFFF1A
:10FFD00024150020FC28031070B5040043681E6837
:10FFE0000021FFF71BFF80256D010543144B1B6C9F
:10FFF0009B0704D4A378DB0914D1013300E000236C
:020000041002E8
:10000000628A002A01D0002B0ED00E4B1E408023A6
:100010009B053343626813602A0000212000FFF72C
:10002000AFFF70BD0023EBE701212000FFF7F6FED4
:100030000543054A3240A023DB051343EAE7C046E7
:1000400000001150FFFFFFAFFFFFFFDF70B504009E
:100050000D001600037C002B09D166820023A382C9
:1000600001332374A5612000FFF7B6FF70BD8378CC
:100070007F211940DB09054A9B009A580448FFF785
:10008000FFF92000FFF776FFE7E7C04624150020C0
:100090001C29031070B50400057C002D06D0FFF765
:1000A0002FFF638A002B08D1280070BD81787F2341
:1000B0001940044A0448FCF7D9FB2000FFF78CFFE5
:1000C0000025F1E7241500205429031070B5050020
:1000D00000240EE062001219D200184B1B689B1816
:1000E00002E0230010E000235B68280098470134F9
:1000F000E4B2134B1B78A3420ED3124A002AF0D06D
:10010000A342E7D8E31ADBB2002BECD15A00D31894
:10011000DB000D4A9B18E7E70C4C5322002120001E
:10012000FEF79CFFE01C1022FF21FEF797FF200046
:1001300013302022FF21FEF791FF70BD502F0020C9
:10014000F73B0020A1F50110D02A031088320020CF
:1001500010B50400C269EFF3108072B61368002B6B
:10016000FCD0BFF35F8F2062200001F097FEE269B0
:10017000236ABFF35F8F0021116083F3108810BDE5
:1001800010B5FFF7A3FF00F0ADFF10BD70B505007F
:100190000C001600C86800F0AFFFE36832000021D1
:1001A0002800984770BD0000F0B5DE4657464E4621
:1001B0004546E0B583B081460139C8B2FFF7A6FBDA
:1001C000002803D043789846022B0CD05549564856
:1001D000564AFFF755F9002003B0F0BCBB46B246C3
:1001E000A946A046F0BDC5796C110122504B1440C0
:1001F000240119781026B14321431970AD112A400A
:100200005201C9B22024A1430A431A7007000937DA
:100210008278C3781B02134382469A4462E0FB78DB
:100220009B463B78FF1864E03E493F48414AFFF750
:1002300027F90020D0E763001B19DB003E4A156850
:10024000ED1802E0230017E00025AB68320039000A
:10025000484698470190082801D9864214D20134B3
:10026000E4B2364B1B78A34238D3354A002AE9D092
:10027000A342E0D8E31ADBB2002BE5D15D00ED1814
:10028000ED00304BED18E0E75B46012B10D000226B
:1002900093451AD9BB789B18DBB22549C918C97890
:1002A000FF290BD12249CB18DC700132D2B2EFE723
:1002B000AA68254B9A42EAD1C346E8E719491A4889
:1002C000224AFFF7DDF8002086E721482300019D40
:1002D0002A00390001F02AFBAC466744174B1B7813
:1002E000A3420ED3574514D27B780B2B97D0012312
:1002F0009B467B78042B97D15346DE1BB6B2002475
:10030000AFE7F322074908489200FFF7B9F8002049
:1003100062E7104B002B03D000E000BF01205BE739
:10032000012059E7982A0310982903107B03000045
:100330008832002096030000502F0020F73B002059
:10034000A1F50110D02A0310E9140210BD0300002A
:100350009B3200200000000070B505000C00CB7837
:1003600088780F2B54D89A002F498A589746FFF760
:10037000C9FA020012232100280000F067FE48E0BD
:100380002A4B002B46D000E000BF02008178C378E2
:100390001B020B432100280000F058FE39E0022B1D
:1003A00010D0234B002B37D000E000BF0200002A02
:1003B0000CD09178D3781B020B432100280000F069
:1003C00045FE26E0FFF7A2FA0200F0E719491A48B5
:1003D0001A4AFFF755F800201BE0237961790902DA
:1003E0001943FFF797FA021E18D00378210028005E
:1003F00000F02CFE0DE0124B002B11D000E000BFEE
:10040000021E0FD003782100280000F01FFE00E03C
:10041000002070BD0020FCE70020FAE70020F8E78C
:100420000020F6E70020F4E7B029031000000000E8
:1004300000000000802A0310982903101404000013
:100440000000000070B50400C269EFF3108072B6BE
:100450001368002BFCD0BFF35F8F2062200001F0F7
:1004600043FD0500E169226ABFF35F8F0020086049
:1004700082F31088002D01D0280070BD0249034886
:10048000A822FEF7FDFFF7E7702A03109829031052
:10049000024B5878431E9841C0B270478832002002
:1004A000024B18784007C00F7047C04688320020C2
:1004B000014B18787047C046F83B002070B5050026
:1004C000274B1878002800D070BD26485322002101
:1004D000FEF7C4FD244C2000FCF75CF8234B1C60A5
:1004E000234C2000FCF77CF81C3C200001F036FD7A
:1004F000204B1C60204B002B04D02048FFF750F805
:100500001F4B186000240DE062001219D2001C4B32
:100510001B689B1802E023000FE000231B6898472C
:100520000134E4B2154B1B78A3420ED3124A002AC1
:10053000F1D0A342E8D8E31ADBB2002BEDD15A0088
:10054000D318DB000F4A9B18E8E72800FFF7B8FB39
:100550002800FFF781FB024B01221A700120B3E74C
:10056000F83B00208832002040320020DC3200209E
:1005700048150020E0320020A1F50110F73B0020D3
:10058000502F0020D02A031030B585B004000D0094
:100590004378042B47D01DD8022B2DD0032B52D1EA
:1005A0002C4B1B785B073CD52A4A137804218B43DC
:1005B00013700C22002101A8FEF750FD23786A4633
:1005C000137105235371244B18682A0001A9FFF702
:1005D00039FF26E0052B36D11E4B1B78DB0720D5D3
:1005E0001C4A137804218B4313701B4B18682A0094
:1005F0002100FFF727FF14E0164B1A7801218A43E8
:100600001A701A7801318A431A7000225A701A78C7
:1006100002318A431A70104B18682A002100FFF734
:1006200011FF05B030BD0B4B1B78DB07F9D5094A2C
:10063000137804210B431370074B18682A0021001C
:10064000FFF700FFEDE7044B18682A002100FFF7D1
:10065000F9FEE6E788320020E032002070B584B071
:1006600006000D0014000C22002101A8FEF7F6FC84
:100670006B461E715D71210001A8FFF785FF04B074
:1006800070BDF0B585B007000E00150001AC0C225E
:1006900000212000FEF7E2FC277001236370267121
:1006A00029002000FFF770FF05B0F0BD70B584B0E1
:1006B00006000D0014000C22002101A8FEF7CEFC5C
:1006C0006B461E7106236A4653710822290002A850
:1006D000FEF7CAFC210001A8FFF756FF04B070BD69
:1006E000F0B5CE46474680B585B080460F0016006F
:1006F0001D000CAB1B78994601AC0C220021200098
:10070000FEF7ACFC43462370072363702771039602
:10071000657149462000FFF737FF05B0C0BCB946F8
:10072000B046F0BD70B506000D008B7870221A42FD
:100730000DD10D4B9978280001F0A4F8041E0DD0BE
:1007400029003000FFF708FB0400200070BD0749B6
:100750000748084AFEF794FE0024F6E703490448D8
:10076000054AFEF78DFEF0E7883200204C2A031080
:1007700098290310C2040000C3040000F0B5D64657
:100780004F464646C0B581460C0017009846089B68
:100790009A46002516E018491848194AFEF770FED7
:1007A00000263000E0BCBA46B146A846F0BD12496A
:1007B0001248144AFEF764FEF3E7099A137023788F
:1007C000E4180135AF4214DD6378052BE3D1E178FD
:1007D0008907890F4145DED121004846FFF7A2FF76
:1007E000061EE4D0A378DA09012AE6D05246137037
:1007F000E5E70126D5E7C0465C2A031098290310D7
:100800009C0400009D04000070B57F250D40CC09BC
:100810001E4B6A009B181B193033DB78DB07D80F9F
:10082000002B31D1194B9B181B193033DB785B0738
:10083000DE0F002B29DB164B1868012149420DF011
:10084000D7FC124B6A009B181B193033DB78DB078F
:10085000DA0F002B10D10D4B69005B181B193033D8
:10086000DB785B070ED4094B5B181B193033DA7841
:1008700004210A43DA700126054B18680DF058FC74
:10088000300002E01600F7E7002070BD883200203B
:10089000DC32002070B57F250D40CC09134B186861
:1008A000012149420DF0A4FC114B6A009B181B1951
:1008B0003033DB78DB0711D40D4B9B181B19303319
:1008C000DB785B07DE0F002B09DA094B9B181B193D
:1008D0003033DA7804218A43DA7000E00026034BD3
:1008E00018680DF025FC300070BDC046DC320020D9
:1008F00088320020F0B5C64600B582B001937F254E
:100900000D40CE09174C6F00E419A4193034E47877
:10091000E4071DD4134C6F00E419A4193034E378B4
:100920000127BC4667463B43E370019BFFF738FA5B
:10093000002813D10B4B6D005B199B193033DA780B
:1009400001218A43DA70DA7803318A43DA7005E0EC
:1009500005490648064AFEF793FD002002B080BC18
:10096000B846F0BD883200203C2A031098290310B5
:100970000A05000070B57F240C40CD090C4B6200C5
:100980009B185B193033DB789B0700D570BDFFF7F0
:100990001FFA074B64001B195B193033DA78022108
:1009A0000A43DA70DA7801210A43DA70EEE7C046CA
:1009B0008832002070B57F240C40CD090C4B6200BA
:1009C0009B185B193033DB789B0700D470BDFFF7B1
:1009D00015FA074B64001B195B193033DA780221D2
:1009E0008A43DA70DA7801398A43DA70EEE7C04672
:1009F000883200207F220A40C909044B52009B180C
:100A00005B183033D8788007C00F704788320020D9
:100A1000F0B5C64600B582B005000C00002000F01D
:100A20006BFB227860231340602B12D0402B17D031
:100A30002278D206D20E012A00D1D9E0022A00D1B2
:100A400020E1002A1AD00026300002B080BCB8464F
:100A5000F0BDCC49CC48CD4AFEF712FD0026F3E7A5
:100A6000CB4B002B00D180E1180000F045FB2200A9
:100A70000021280000E000BF0600E5E7202B0AD097
:100A8000002B00D077E16378092B00D975E19B003A
:100A9000C04AD3589F4623790F2B00D967E1BE4A3D
:100AA000D318DB78BD4A002A05D0BD4A127893429C
:100AB0000FD39B1ADBB2002B00D05AE15900C918A2
:100AC000C900B84BC91822002800FFF75FFB0600D9
:100AD000BAE75A00D318DB00B34A1168C9180029D5
:100AE000F1D10026B0E7200000F00CFBA17828002F
:100AF000FFF7C8F8A84A137802210B4313700126A8
:100B0000A2E7A54B5B786A460632137001232100E9
:100B1000280000F09BFA012696E7A7789E4B5B78A9
:100B2000DBB2BB4205D09C4B5B78002B09D1002F78
:100B300013D1994B5F702100280000F073FA012651
:100B400082E72800FFF728F9934EB37898462800EB
:100B5000FFF7BCFA4346B370E9E739002800FFF716
:100B600023FB061EE5D187498748904AFEF788FC9B
:100B70006AE721002800FFF7EFFB060064E7A27890
:100B8000E3781B021343012B01D000265CE7824A65
:100B9000137808210B4313702100280000F042FA5B
:100BA000012651E7A278E3781B021343012B01D001
:100BB000002649E7784A137808218B4313702100F7
:100BC000280000F02FFA01263EE7734B1A785109EE
:100BD000920801230B4002210A4013436A46063261
:100BE000138002232100280000F030FA01262BE7B1
:100BF00023790F2B00D9C2E0674AD318DB78674A04
:100C0000002A05D0664A1278934226D39B1ADBB29B
:100C1000002B00D0CEE05900C918C900614BC9189B
:100C200022002800FFF7B2FA061E00D00CE7237856
:100C300060221A4200D007E763780A3B012B00D9F3
:100C400002E7002000F058FA63780A2B0FD0210049
:100C5000280000F0E7F90126F6E65A00D318DB0079
:100C6000514A1168C9180029DAD10026ECE66B4612
:100C70009A1D0023137001332100280000F0E6F9CB
:100C80000136E1E621797F200840CE0970220A4230
:100C90001FD1414A400012189219D27C3F480028C7
:100CA00005D03F48007882421AD3121AD2B2002AE5
:100CB0001DD150008218D2003A4E9619002B18D040
:100CC000002E79D0220031002800FFF75FFA0600DD
:100CD000BAE62C492C48364AFEF7D2FB0026B3E68A
:100CE00050008018C000304A16683618E6E7002623
:100CF000E4E76378012B12D0032B10D0002B01D036
:100D00000026A1E62800FFF775FE6B469A1D1080AD
:100D100002232100280000F099F9012694E6A0782A
:100D2000E2781202024304D1012B1AD02800FFF707
:100D300021FE002E42D0220031002800FFF726FAC3
:100D4000002000F0D9F9144B34229B5CDB07DE0F46
:100D5000002B00D078E62100280000F063F901267E
:100D600072E62800FFF726FEE3E700266CE6002681
:100D70006AE6002668E6002666E6002664E60026A7
:100D800062E6C046AC2A0310982903107F020000D7
:100D900000000000F029031088320020A1F50110A6
:100DA000F73B0020D02A0310502F0020D302000070
:100DB00033030000002647E6002645E6012643E609
:100DC00030B585B000F056FD002808D105B030BD23
:100DD00001AC2078FFF7D4F92279684B9A70684B00
:100DE000186801A9FFF7B4F90028EFD001AB5B78D0
:100DF000082BF4D89B00634AD3589F4601AB187860
:100E0000FFF7BEF9604B002BE9D000E000BFE6E73A
:100E10005A4B1A78012401210A431A703322995C33
:100E2000A1439954995C0420814399540132995CFF
:100E3000A1439954995C8143995401AB187802A954
:100E4000FFF7E6FD0028CAD101AC20780021FEF7AB
:100E5000BFFF20788021FEF7BBFFC0E701AB197907
:100E60007F220A40CC09454B50001B181B19303318
:100E7000D8780125A843D870D8780335A843D8700E
:100E8000002A1BD03D4B52009B181B19DB7C3F4AAC
:100E9000002A05D03E4A1278934216D39B1ADBB241
:100EA000002B1AD15A00D318DB003A4A9B181C6950
:100EB00001A84279039B0078A04790E701A84279F6
:100EC000039B007800F02CF989E75A00D218D20071
:100ED000314B1B689B18002BE9D130493048314A0F
:100EE000FEF7CEFA72E7254B1B78DB0700D476E7D6
:100EF0002D4B002B00D172E7204B18780007C00F54
:100F000000E000BF6BE71D4B1B78DB0700D466E7F2
:100F1000264B002B00D162E700E000BF5FE76200D4
:100F20001219D2001C4B1B689B1802E0230014E02E
:100F300000235B69002B02D001AA10789847013486
:100F4000E4B2134B1B78A34200D248E70F4A002AB1
:100F5000ECD0A342E3D8E31ADBB2002BE8D15A006D
:100F6000D318DB000B4A9B18E3E70024E9E7029B58
:100F7000002B00D133E70398984730E788320020F0
:100F8000E0320020182A031000000000A1F5011033
:100F9000F73B0020D02A0310502F0020C42A031052
:100FA0009829031037020000000000000000000034
:100FB00010B50023CB56002B05DB80210023002237
:100FC000FFF798FC10BD0021F8E70000F8B5050018
:100FD000124B9F89DE89B91B89B20B1C402900D9AD
:100FE00040239CB20D4B1B785BB2002B08DB002129
:100FF000B74211D00A4A23002800FFF77BFCF8BD56
:10100000B74201D18021F3E7044B996804482200DC
:10101000FEF72AF88021EBE70022ECE72C320020D3
:101020004832002070B506000D00074C0822200051
:10103000FEF71AF80023A360E381A38129003000A2
:10104000FFF7B6FF70BDC0462C320020F0B5C64693
:1010500000B580460C0016001D001F4B08221F0023
:101060001800FEF701F8BE600023FB81A379E17947
:10107000090219430B1CA94200D92B1C99B2164A2C
:101080009381A279E3791B02134319D0002901D07F
:10109000002E08D04046FFF799FF041E0AD020001A
:1010A00080BCB846F0BD0D490D487322FEF7E8F943
:1010B0000024F4E709490A487922FEF7E1F9EEE74E
:1010C00021004046FFF774FF041EE8D1034904489D
:1010D0007E22FEF7D5F9E2E72C320020002B031028
:1010E0009829031010B5034814220021FDF7B6FF1C
:1010F00010BDC0462C320020014B18617047C0461D
:101100002C32002010B50100044C08222000FDF70D
:10111000ABFF0023A360E381A38110BD2C3200202C
:1011200070B505001C00C909324B1B78DB098B42E6
:1011300019D0002C10D1304B002B02D02D49FEF7D6
:10114000FDFD2C4B1B69002B03D02A4A02212800ED
:1011500098470124200070BD28492948AB22FEF79A
:101160008FF90024F6E7234B1B785BB2002B07DBDB
:10117000204B986800283BD022492200FDF774FFDD
:101180001C4AD3891B199BB2D381916809199160BC
:10119000D288934201D03F2C1FD8164B1B69002BDD
:1011A00005D0144A01212800984700280BD0114986
:1011B0002800FFF7FDFE041ECCD110491048D822AC
:1011C000FEF75EF9C6E700212800FEF701FE802148
:1011D0002800FEF7FDFD0124BCE72800FFF7F6FE1E
:1011E000041EB7D105490648E322FEF749F9B1E7E5
:1011F0000024AFE72C3200203DFD0110E82A031047
:10120000982903104832002070B5040005001035FD
:10121000280000F033FE3F2800D870BDE1780020A0
:10122000FFF7F2FA0028F8D0280000F027FE3F2848
:1012300008D996239B00E218E17840230020FFF7AD
:1012400059FBEAE7E1780020FFF724FBE5E700001F
:1012500010B50400FFF71CF9002801D1002010BDD3
:10126000FFF71EF9002809D1064BB622920062430F
:101270009B181B79DB0703D50130F0E70020EEE770
:101280000020ECE7542F002010B5B6239B00434309
:1012900010330248181800F0D7FD10BD542F00205D
:1012A00070B5B6239B005843064BC51892B2103058
:1012B000C01800F014FE04002800FFF7A5FF20006E
:1012C00070BDC046542F002070B50500FFF7E0F850
:1012D000002804D10023002B09D1002070BDFFF7A6
:1012E000DFF8002801D10123F5E70023F3E7B62456
:1012F000A4006C432834244BE4180434200000F08C
:10130000A3FD002801D10020E8E71F4BB622920080
:101310006A439B1899780020FFF776FA002801D1DC
:101320000020DBE7B626B6006E43A6239B009C4652
:101330006644154BF61840223100200000F0CFFD26
:10134000041E15D0104BB62292006A439B18997860
:10135000030032000020FFF7CDFA002801D0200062
:10136000BCE70A490A48C822FEF78AF80020B5E718
:10137000054BB62292006A439B1899780020FFF72C
:1013800089FA0020AAE7C046542F0020302B031012
:101390009829031070B50500B624A40044432834EE
:1013A000094BE418043492B2200000F0D2FD06008C
:1013B000200000F049FD3F2801D8300070BD280012
:1013C000FFF782FFF9E7C046542F002010B5B6237F
:1013D0009B0058432830034BC018043000F04EFDEA
:1013E00010BDC046542F0020F0B5CE46474680B50C
:1013F00083B02A48B62292000021FDF72FFE002775
:10140000002F04D003B0C0BCB946B046F0BD234E97
:10141000B624A4007C433519FF236B710023984642
:101420001F4AEA8001222A81AB72EB7208232B73D8
:10143000210048318919F83399462000103080196D
:101440004346009301334A4600F0C5FC2100493170
:10145000FF318919200028308019043001230093BE
:101460004A4600F0B8FC92239B00E3189946B14429
:101470004846FBF78FF843466B624B46AB629423BA
:101480009B009C466444A4192000FBF783F82C645D
:1014900043466B640137FFB2B2E7C046542F0020C9
:1014A00000C2FFFF70B50025002D00D070BDB6242E
:1014B000A4006C430B4EA01905220021FDF7CEFDC0
:1014C00020001030801900F049FD2834A41904349C
:1014D000200000F043FD0121200000F065FD0135F2
:1014E000EDB2E1E7542F0020F0B583B004004B7952
:1014F000022B64D18B79022B65D10023002B07D0FE
:101500008F22324932485200FDF7BAFF002557E0DA
:101510003048B625AD005D4340198078002802D0E0
:101520000133DBB2EAE72B4BEE188B7833700F7880
:10153000CF1909257B78242B06D1954204D83B7816
:101540005D19ADB2FF18F5E7052B09D07B78042BA8
:1015500002D17B790A2B18D03000FFF755FE2FE01F
:1015600039002000FFF7DEF8002806D0BB78737042
:101570003B785D19ADB2FF18E8E79922134914488A
:101580005200FDF77DFF00251AE039784D19ADB204
:101590007918B31C0193F31C00930223022220004C
:1015A000FFF7ECF8002802D00E35ADB2D4E7A12247
:1015B000064907485200FDF763FF002500E00025BB
:1015C000280003B0F0BD0025FAE7C046242B031025
:1015D00098290310542F0020F8B5140012786023C6
:1015E0001340202B00D07FE0444A0025002D00D07E
:1015F0007CE01678277963791B023B439E4206D034
:101600000135EDB2B6239B009C466244EEE7637859
:10161000222B31D009D8202B11D0212B03D1002926
:1016200023D0012061E000205FE0232B05D10029B9
:1016300049D002294CD0012057E0002055E0002974
:1016400003D0022908D001204FE0063207232100F1
:10165000FFF7FCFC012048E0294B002B48D0911DEE
:101660002800FDF7A3FF01203FE0063207232100F9
:10167000FFF7ECFC012038E0002903D0022906D056
:10168000012032E02100FFF7CDFC01202DE0A17800
:10169000E3781B020B430120190001400E005C0897
:1016A000044013714B425941C9B22C32100000F072
:1016B0007BFC144B002B1DD022003100280000E0E1
:1016C00000BF012011E02100FFF7ACFC01200CE07D
:1016D0000D4B002B10D0A378E178090219432800A4
:1016E00000E000BF012000E00020F8BD0020FCE782
:1016F0000120FAE70120F8E70120F6E7542F002047
:10170000ADF501100000000000000000F0B5D64665
:1017100000B582B001900F0000930024002C0DD082
:10172000002C19D1EB78BB421ED0AB78BB4255D010
:101730000124200002B080BCBA46F0BDB625AD0041
:1017400065433D4BED18EB78BB42E9D0AB78BB422B
:10175000E6D00134E4B2E1E7B02238493848FF323C
:10176000FDF78EFE0024E4E710239A46AA44962350
:101770009B00E9186B461A88504600F0EAFB314B93
:10178000002B1BD06B79FF2B18D0002600E0013610
:10179000009B9E4212D26A79AB19962189008C4631
:1017A00063441B789A42F2D1504600F060FB002857
:1017B000EDD16979200000E000BFE8E7224B002B63
:1017C00004D0504600F053FB002803D02800FFF758
:1017D0001BFDAAE7200000E000BFF7E71B4B002B32
:1017E00002D0200000E000BF2000FFF76DFD0028C0
:1017F00001D001249DE728002C3000F025FB0028B3
:1018000015D1009B002B14D09E0601D0012490E737
:10181000A9780198FEF7F8FF041E01D1012488E79A
:10182000A978002300220198FFF764F881E70124DA
:101830007FE701247DE7C046542F0020142B0310BE
:1018400098290310000000000000000000000000C4
:1018500010B50020FEF732FE041E01D0200010BD9E
:10186000024903482922FDF70BFEF7E75C2B031022
:101870009829031010B5FEF71BFE002800D00120A8
:1018800010BD000010B502794479072323401B02E4
:101890001A43C3789B079B0F022B16D0032B2ED025
:1018A000012B01D0002010BD022904D01C4B934213
:1018B00004D30120F7E78023DB00F8E719491A4831
:1018C0005022FDF7DDFD0020EDE7022903D0402A7C
:1018D0000ED80120E7E780239B009A4201D1012026
:1018E000E1E7104910485822FDF7CAFD0020DAE769
:1018F0000C490D485C22FDF7C3FD0020D3E7022907
:1019000004D04023934204D30120CCE78023DB00A2
:10191000F8E7044904486322FDF7B2FD0020C2E75E
:10192000FF030000482B03109829031070B5002412
:1019300003E00D786419A4B2491994420AD24D7893
:10194000052DF6D18E787A3535406D004519F609AA
:10195000AB55EEE770BD03008A1890B2884202D3FF
:101960009A89904202D95B89C01880B2704710B53D
:1019700003008A4204D8881A80B29C89A04204D904
:10198000891A89B25889081A80B210BD838801E08B
:10199000C91A89B28B42FBD908007047F0B583B0F1
:1019A0000600019111001F00D41AA4B29A4202D27B
:1019B0004389E41AA4B2B588A54205D22A003000B2
:1019C000FFF7D5FF30822C00002C02D1002003B09D
:1019D000F0BD39003000FFF7D9FF3168F28850437D
:1019E00009180198FDF740FB0120F0E770B582B0BF
:1019F0000500160093080CE00A784B781B0213438D
:101A00008C7824041C43CB781B0623432B600431C1
:101A10000300581E80B2002BEED1033332001A406F
:101A20001E4201D102B070BD0023019301A8FDF751
:101A30001BFB019B2B60F5E7F0B5DE4657464E4693
:101A40004546E0B583B005008A460CA9097884882C
:101A5000E01A80B21C1B1419A4B2EE880700774369
:101A6000BFB27443A4B2A3462C68A0467343984403
:101A7000002908D001291AD003B0F0BCBB46B246F9
:101A8000A946A046F0BD904205D372434146504658
:101A9000FDF7EAFAF0E73A0041465046FDF7E4FA6E
:101AA0002968380050445A46FDF7DEFAE4E79042D0
:101AB00006D3724392B241465046FFF797FFDBE7E9
:101AC00003233A009A43914641465046FFF78EFF62
:101AD00042464A440323380018401F4230D00423B2
:101AE0001B1A9BB2191C5B4500D95946CFB2FF2384
:101AF0000B405946CC1AA3B29B460023019301AB7D
:101B000004E010781870013308000132411EC9B298
:101B10000028F6D1296804E008781870013317000E
:101B200001317A1ED2B2002FF6D1019B52461360CA
:101B30005B46002BA0D05A465046FFF757FF9BE765
:101B40002968F5E7F0B585B00500029103920AAA6D
:101B500011880BAA17785C1AA4B28B4202D2428970
:101B6000A41AA4B2AE88A64208D2320019002800F6
:101B7000FFF7FDFE2882298A89B23400002C0DD09F
:101B8000039B9C4200D31C002800FFF7FFFE0300CC
:101B90000097220002992800FFF74EFF200005B0B1
:101BA000F0BDF0B583B004000D0016001F00806981
:101BB000002803D0012149420CF01AFBE3899BB2B3
:101BC000228A01970092320029002000FFF7BAFF15
:101BD0000500218A89B202002000FFF7BCFE2082A6
:101BE000A069002801D00CF0A3FA280003B0F0BDD2
:101BF00070B582B01600950809E00B6803701D0AE5
:101C000045701D0C85701B0EC370043025006C1EC2
:101C1000A4B2002DF1D1032332001A401E4201D19B
:101C200002B070BD0B68019301A9FDF71DFAF7E73B
:101C3000F0B5DE4657464E464546E0B583B0050052
:101C40008A460CA90878AC88E11A89B21C1B1419C1
:101C5000A4B2EE880F007743BFB27443A4B2A34688
:101C60002C68A04673439844002808D001281AD055
:101C700003B0F0BCBB46B246A946A046F0BD9142B7
:101C800005D3724351464046FDF7EEF9F0E73A00BE
:101C900051464046FDF7E8F92868390051445A4654
:101CA000FDF7E2F9E4E7914206D3724392B251465E
:101CB0004046FFF79DFFDBE703233A009A43914636
:101CC00051464046FFF794FF42464A4403233800FA
:101CD00018401F422ED004231B1A9BB2191C5B45CF
:101CE00000D95946CFB2FF230B405946CC1AA3B2B4
:101CF0009B4653461B68019301AB04E018781070B3
:101D0000013308000132411EC9B20028F6D128680B
:101D100004E0197801700133170001307A1ED2B245
:101D2000002FF6D15B46002BA2D05A465146FFF752
:101D30005FFF9DE72868F5E7F0B5CE4600B584B0B3
:101D400004008946151E039343D04069002803D040
:101D5000012149420CF04CFAE789BFB2238A9BB2B9
:101D6000227A002A2AD1A288F91A89B29F4202D285
:101D70006389C91A89B2531A9BB22E1C9D4200D99D
:101D80001E1CB6B239002000FFF700FE0300039AC4
:101D90000092320049462000FFF74AFF3200390026
:101DA0002000FFF7D8FDE0816069002801D00CF029
:101DB000BFF9300004B080BCB946F0BDA688AE4281
:101DC00005D8AA1BE5885543A9441F00DAE72E0071
:101DD000D8E71600EDE7F0B583B004000F0015005A
:101DE000019308AB1E7880231B029A4228D84069D1
:101DF000002803D0012149420CF0FAF9A06900281B
:101E000003D0012149420CF0F3F92760A580019B22
:101E1000E38026726D00ADB26B1EA3816D426581B9
:101E20000023E38123826069002801D00CF080F94F
:101E3000A069002806D00CF07BF9012003B0F0BDAA
:101E40000020FBE70120F9E710B5C3899CB2028AA4
:101E500091B29B1A9BB28C4202D242899B1A9BB2CE
:101E60008288101C9A4200D9181C80B210BDC38908
:101E7000008A181A43425841C0B2704730B5C3892E
:101E80009DB2018A8CB282885B1A9BB2A54202D2B3
:101E900041895B1A9BB2D01A80B230BD70B5040084
:101EA0000D008069002803D0012149420CF0A0F9FF
:101EB000E28992B2238A9BB229002000FFF76EFDCF
:101EC0000500218A89B202002000FFF744FD20822C
:101ED000A069002801D00CF02BF9280070BD10B5C6
:101EE0000023FFF75EFE10BD70B504000D004069D1
:101EF000002803D0012149420CF07AF9E3899EB20F
:101F0000228A91B29B1A9BB2B14202D962899B1A72
:101F10009BB2A2889A4202D1207A002816D03100C2
:101F20002000FFF733FD2368E2885043181829008A
:101F3000FDF79AF8012231002000FFF70CFDE08147
:101F40006069002803D00CF0F3F8012070BD012077
:101F5000FCE710B50023FFF7EFFE10BD10B504003D
:101F60004069002803D0012149420CF041F9A069E1
:101F7000002803D0012149420CF03AF90023E38103
:101F80002382A3885B009BB25A1EA2815B426381BD
:101F90006069002801D00CF0CBF8A069002801D0BE
:101FA0000CF0C6F8012010BD70B504000D004069AA
:101FB000002803D0012149420CF01AF9A069002839
:101FC00003D0012149420CF013F925726069002801
:101FD00001D00CF0ADF8A069002801D00CF0A8F8F1
:101FE000012070BD10B5024800F03AF810BDC0469F
:101FF000A039002010B502490822FDF735F810BDC0
:10200000A039002010B5002901D000230AE0104BB0
:10201000104A11481F31FAF791FB00220DE03732C8
:10202000C25401334A1E9A420ED90F2B0CD85A08BB
:102030000A4CA45CDA07F0D4042214410F22224097
:10204000092AECDC3032EBE7C0180023037010BD26
:10205000682B0310D82B0310702B0310A03900201D
:1020600070B588B0040004AD002604960922002152
:1020700005A8FCF7F3FF00960922002101A8FCF750
:10208000EDFF4B232B700D22694628000CF048F819
:10209000002304E05A1D69468A5CE2540133072B91
:1020A000F8DD08B070BD10B5040010220021FCF767
:1020B000D5FF80235B022360F8235B0263608023EB
:1020C000DB02A360C0231B03A360200010BD00003F
:1020D0000523CB56002B01DB934211D1094B9C46C3
:1020E000604443425841084B8000C058097901239D
:1020F0008B40013B9340184043425841C0B2704767
:102100000020FCE70000D0AFA433002070B50A79AE
:10211000202A19D8174B9C46604443425841164B1D
:102120008000C45801239340013B497949B20029FA
:1021300010DB08002025AA1A914218DC8B401C42B3
:1021400001D00120404270BD0C4B0D4A0D4840218A
:10215000FAF7F4FA2020801A002805DB1A008240E2
:102160001442F0D00138F7E701204042EBE70120AC
:102170004042E8E70000D0AFA4330020AC2D0310AC
:102180004C2E0310D82D031070B505000C0016005E
:10219000FFF79EFF002801D0002107E01648FAF75C
:1021A00065FB8B1912339B005A51013123798B4205
:1021B00011D9227863781B021343A27812041A43C0
:1021C000E3781B0613434A009A5A80239B019A42E4
:1021D000E7D29219E5E701229A401300013B074A32
:1021E000944665446A4255410549AD006A58B3407A
:1021F00013436B5070BDC046382E03100000D0AFA3
:10220000A4330020F8B505000E00F8F7E9FD07003B
:1022100031002800FFF77AFF041E09DB02003100BD
:102220002800FFF7B1FF3800F8F7E6FD2000F8BD01
:102230000148FAF71BFBC046382E0310F0B505AC79
:1022400025784C006418E4000419DC342468A446A2
:10225000002D01D01F2614E0002612E05401A02515
:102260006D0525434C006418E40004192700DC3791
:102270003D600D4D3543D8342560053B05321F24A4
:102280002240052BEAD89B06520113434C006218EA
:10229000D20082181500DC352B60034B3343D83253
:1022A000136063462B60F0BD80E00000F0B585B0A0
:1022B00004000D00160002680121A9408A43026053
:1022C000002B35D0186869004919C90061180A0047
:1022D000C832106058680432106098680432106088
:1022E000DB68DC310B606A005319DB00D033E31884
:1022F000802149010B438021090619601960174BA1
:10230000AB40A3602168281D01231F00874039438B
:10231000216021682800083083400B4323601F237D
:1023200033405219D200A418D834236005B0F0BD50
:102330006846FFF7B8FE00996B005B19DB00E318F5
:102340001A00C832116001990432116002990432F6
:102350001160039ADC331A60C5E7C0460101010130
:10236000028880235B019A4219D20223C356013BA3
:10237000DBB20B2B15D80323C356013BDBB21E2B5C
:1023800011D80379062B10D84379172B0FD88379EE
:102390003B2B0ED8C3793B2B0DD8012000E0002049
:1023A00070470020FCE70020FAE70020F8E7002053
:1023B000F6E70020F4E70020F2E70000024BDB68BC
:1023C0005B0801201840704700C0054010B5092087
:1023D000FAF766FB002813D080231B020E4A136015
:1023E0000E4A13600E4B9A6880231B029343F9D167
:1023F000013880235B02984208D20A4B186010BD56
:10240000094B0A4A0A481921FAF798F9094B074A71
:1024100007482421FAF792F900E0004000F000405C
:1024200000C0004000C005406C2E0310FC2E0310BD
:102430007C2E0310DC2E031010B50400FFF790FF74
:10244000002829D0154B0022DA60FFF7B7FF0028DB
:10245000FBD10022A35E1B030222A25612021343E9
:102460000322A25613430D4A53600423E3561B066E
:102470000521615609040B430621615609020B43ED
:10248000072161560B4393601023D3600F3BD36049
:10249000FFF794FF0028FBD010BDC04600C00540E8
:1024A00070B50400FFF78AFF00281CD00E4AD369DC
:1024B00092691D0E0721294021711D0C1F210D401D
:1024C00065711E0A3F252E40A6715BB21D40E57165
:1024D000130B1B051B0D2380150A0F232B40A37024
:1024E00052B21140E17070BD00C00540F0B5DE464B
:1024F00057464E464546E0B585B007001000984661
:102500000EAB1B7803930F9D109E3B680022DA668A
:102510003B6859603B680132DA6600220023994625
:102520000024C3464146029190462BE03A79002AA6
:1025300031D001222FE00399002901D000212EE0A3
:1025400001212CE03000A84703000443E4B2002B33
:1025500006D13A68526BD20602D4002DF2D1F6E7CA
:10256000002B09D13A6880215158894600291FD192
:10257000002C2FD1C2451ED0002C33D1012294460D
:10258000E0440198D8452DDA029A013A9246424633
:10259000002ACBD000229202C245CCD000214902B1
:1025A0000A43411C01910078396802430A61D4E76B
:1025B000526D01240EE0039A002ADDD10AE03000BA
:1025C000A84703000443E4B2002B06D13A68526BDB
:1025D000920502D4002DF2D1F6E7002BCCD13A6857
:1025E000126EC9E74246002C09D0002B15D14B468C
:1025F000002B16D0DB0718D44B461B0709D5039BCD
:102600003B71100005B0F0BCBB46B246A946A046DF
:10261000F0BD02235B421A00F1E701235B421A007E
:10262000EDE702235B421A00E9E702235B421A004E
:10263000E5E7F0B5DE4657464E464546E0B583B081
:1026400005009246180001930CAB1A7893460D9E34
:102650000E9F2B680022DA662B6859602B680132C6
:10266000DA668146002398460024C8453FDA019A7D
:10267000541E2A68516F1029FBD0414600290BD007
:102680000020800244450ED00021490208438021E9
:1026900049000143116118E02979002901D1002086
:1026A000EFE70120EDE75946002901D00021ECE7D2
:1026B0000121EAE73800B04703000443E4B2002CEC
:1026C00015D12A68916F002909D12A6880215158B3
:1026D000546D621E9441E4B2002EEBD1EFE7126913
:1026E00051460A7001229446E044E244BDE7002CC2
:1026F00004D0002B0CD001235B4298465B462B7123
:10270000404603B0F0BCBB46B246A946A046F0BD69
:1027100002235B429846F1E7F0B5D6464F4646465F
:10272000C0B505000C000520FAF7BAF906006008EC
:1027300080192100FBF72EFC0700430099468144D5
:1027400005214846FBF726FC80463B1A9A46284B53
:102750009C4224D8700080192649FBF71BFC441CBE
:102760004346023BA34221D32B680022DA66296844
:102770000B680432534002321A4080235B010B4342
:102780001A602B685246DA612B6842461A624B4641
:102790004F2B11D950214846FBF7FCFB0DE0700090
:1027A00080191549FBF7F6FB441CD9E7134B144A73
:1027B00014485F21F9F7C2FF01202A68A023D050F6
:1027C0002B681A007C32DB6F5C402404240C8023CD
:1027D0005B0113431C602B680122DA66390030006C
:1027E000FBF7D8FBE0BCBA46B146A846F0BDC046F0
:1027F0003F420F008096980040787D01082F03101B
:10280000882F0310282F031010B5114B98421DD0AC
:102810001022104B1A60104B1A60104B9B6814006A
:102820009C43231EF9D104710268D46602686624B1
:10283000FF3414600268D3630268936302688833CC
:10284000633CFF3CD450FFF767FF10BD0822E0E770
:102850005815002000E0004000F0004000C000409B
:1028600030B585B008AC2578002402940194009519
:10287000FFF73CFE05B030BD30B585B008AC25781B
:102880000024029401940095FFF7D3FE05B030BDFB
:1028900010B582B001AC20706170A270E370CBB251
:1028A0001B02C0B21843D3B21B04054A10401843A0
:1028B000E3781B060002000A184302B010BDC046B0
:1028C000FFFF00FF40687047007B7047017370474F
:1028D000002070477047704770B504AC257805AC90
:1028E0002478054E06604160FF2101730272437235
:1028F0008572C47270BDC046C82F0310014B0360BF
:102900007047C046C82F031030B583B004000D00D7
:102910000023002200210020FFF7BAFF0090236867
:10292000DB68290020009847042308E0042B04D129
:102930006B46D87001E06B461870000A13005A1EEF
:10294000002B0ED0A3181B7A032B07D0EED8012B37
:10295000F1D0022BF1D16B465870EEE76B469870C0
:10296000EBE701AB009A01925A78120218781043F3
:102970009A781204044908401043DB781B060002D1
:10298000000A184303B030BDFFFF00FF10B582B04E
:10299000040001910022002009E0042B06D101ABC4
:1029A000DB78184302E001AB1B7818430132032A9D
:1029B00011D80002A3181B7A032B08D0EDD8012BE5
:1029C000F1D0022BF2D101AB5B781843EEE701ABFB
:1029D0009B781843EAE702B010BD70B582B00400DE
:1029E0000D00019203681E691100FFF7CFFF02007E
:1029F00029002000B04702B070BDF0B583B00500DB
:102A0000019114001E00FFF7C1FF0700A3196E68B3
:102A10009E4208D31E0006E02B681B693A00210085
:102A2000280098470134A642F6D803B0F0BD000054
:102A3000064B080018405043090A19405143000A48
:102A40001840034B194008437047C046FF00FF0081
:102A500000FF00FF10B5012805D0002802D10A4B65
:102A600099420CD010BD084B9942F6D1074B002279
:102A70001A719A60064CDC601C615A61EDE70348EC
:102A80008168DEF778F8EDE7FFFF0000582B0020A3
:102A90005C2B002010B502490120FFF7DBFF10BDC1
:102AA000FFFF000010B582B001AC20706170A27011
:102AB000E370CBB21B02C0B21843D3B21B04054A69
:102AC00010401843E3781B060002000A184302B0C6
:102AD00010BDC046FFFF00FF0B6803604B684360FA
:102AE000002B02D05A6801325A60002303727047EB
:102AF00010B504004068002801D0DDF7D0FC2000AC
:102B000010BD10B5006803689B68984710BD30B5CC
:102B100085B005000C000192012B06D0022B58D085
:102B20000068FFF75AFF05B030BD0068FFF7ECFE04
:102B3000029002AB1B78DA43D2B203A90A7001A952
:102B400009788A423AD301AA117802AA5B18137055
:102B50005378DA43D2B20D2169440A7001A9497849
:102B60008A422DD36A460532117802AA5B18537047
:102B70009378DA43D2B20E2169440A7001A98978A8
:102B80008A4220D36A460632117802AA5B189370F3
:102B9000D378DA43D2B20F2169440A7001A9C97807
:102BA0008A4213D36A46073212789B1802AAD3705E
:102BB0002868029A2100FFF710FFB4E703AAC3E7D1
:102BC0000D226A44D0E70E226A44DDE70F226A44F0
:102BD000EAE70068FFF798FE029002AB1B7801AAB3
:102BE000127893422BD301AA117802AA5B1A1370B0
:102BF000537801AA5278934223D36A46053211785A
:102C000002AA5B1A5370937801AA927893421BD35D
:102C10006A460632117802AA5B1A9370D37801AA29
:102C2000D278934213D36A46073212789B1A02AACB
:102C3000D3702868029A2100FFF7CFFE73E702AA3B
:102C4000D2E709226A44DAE70A226A44E2E70B2261
:102C50006A44EAE700B583B00192037AFFF757FFB1
:102C600003B000BD10B582B00191046823681B68F1
:102C7000200098470300002201992000FFF7BDFEC5
:102C800002B010BD10B582B0040000230022002164
:102C90000020FFF707FF010001902000FFF7E2FF8F
:102CA00002B010BD10B5006803685B69984710BD9D
:102CB00010B5012805D0002802D10A4B99420CD04A
:102CC00010BD084B9942F6D1074B00221A719A6049
:102CD000064CDC601C615A61EDE703488168DDF752
:102CE0004AFFEDE7FFFF0000702B0020742B00204F
:102CF00010B502490120FFF7DBFF10BDFFFF000008
:102D000030B585B06B46D8719D1D99715A71D879CF
:102D100003AB187029785970D2B29A70884217D8CC
:102D20006B46073319788A4215D31A7803ABDA70E9
:102D30005A781202187810439A781204074908400A
:102D40001043DB781B060002000A184305B030BDB3
:102D50006B460633E6E76B460533E6E7FFFF00FF09
:102D6000C3698900C8587047C36989005A507047C1
:102D700010B50400064B0360C069002802D004218E
:102D800000F004FB2000FFF7B9FD200010BDC04695
:102D90000830031010B50400FFF7EAFF20212000DF
:102DA00000F0F4FA200010BDF8B50600002713E08B
:102DB00035697469F169BB00327BC9583000FFF78F
:102DC00037FE6A682100103101238B401342F8D18D
:102DD0000434A400605101377368BB42E8D8F8BDE1
:102DE000F0B5C64600B584B00400884617001E0042
:102DF0000AAB20CB1A780CAB1B780DA909780EA86A
:102E000000780190009129002000FFF765FD134B29
:102E10002360434623616761A661114B9D4210D830
:102E2000A80001F04DF9E061002200210020FFF729
:102E300067FF010003902B0000222000FFF7DDFD5B
:102E400006E000F00DFC2000FFF758FD00F03CFB11
:102E5000200004B080BCB846F0BDC0460830031066
:102E6000FEFFFF1F10B5012805D0002802D10A4B34
:102E700099420CD010BD084B9942F6D1074B002265
:102E80001A719A60064CDC601C615A61EDE70348D8
:102E90008168DDF770FEEDE7FFFF0000882B002062
:102EA0008C2B002010B502490120FFF7DBFF10BD7D
:102EB000FFFF000070B506000D1C081CFCF748F869
:102EC00084B2002C12D02000FCF71AF8011C281C38
:102ED000FBF7F5FF8721C905FCF70BF8FCF738F87D
:102EE000C3B21B0224041C43346070BD0023F8E706
:102EF00070B504000D0010220021FCF7AFF880230C
:102F00005B022360F8235B0263608023DB02A36023
:102F1000C0231B03A360EB1CED011B031D43656075
:102F200080239B05E360024B1D406560200070BD5F
:102F3000FFFFFF9F10B50400024B0360FFF718FF6F
:102F4000200010BD5030031010B50400044B036086
:102F5000FFF70EFF2021200000F018FA200010BD1E
:102F600050300310F0B5C64600B586B004000D0021
:102F700017009846274B984249D007214046F7F75B
:102F8000F1FE012600960123424629002000FFF7AA
:102F900055F9390002A8FFF7ABFF059B1E4A134005
:102FA0004246920213430593049A1C4B1A40802315
:102FB0009B0213430D9A5206F82189050A401343D8
:102FC00004939B009B088022D205134304930520A1
:102FD000F9F766FDFBF794FF804611490C98FBF763
:102FE00088FF011C4046FBF770FF011C02A8FFF799
:102FF00061FF02AB3A0029002000FFF757F9236870
:10300000AE403343236006B080BCB846F0BD062115
:10301000B4E7C04600002050FF83FFFFFFFFF5C16B
:1030200000002041F0B5CE46474680B587B0040089
:103030000D0016001F000EAB04CB1B78994610A99B
:10304000097811A8007812AB1B7898460493039076
:1030500002914B46019300923B0032002900200070
:10306000FFF7BEFE104B236010492800FFF7CAF897
:1030700002004346002B09D1183301930C4B0093F7
:103080003B0031002800FFF76DFF06E02023F4E746
:103090002000FFF76DFE00F017FA200007B0C0BC5B
:1030A000B946B046F0BDC046503003107030031032
:1030B0000050C34810B5012805D0002802D10A4BA2
:1030C00099420CD010BD084B9942F6D1074B002213
:1030D0001A719A60064CDC601C615A61EDE7034886
:1030E0008168DDF748FDEDE7FFFF0000A02B002021
:1030F000A42B002010B502490120FFF7DBFF10BD13
:10310000FFFF000010B5012805D0002802D10A4BAE
:1031100099420CD010BD084B9942F6D1074B0022C2
:103120001A719A60064CDC601C615A61EDE7034835
:103130008168DDF720FDEDE7FFFF0000B82B0020E0
:10314000BC2B002010B502490120FFF7DBFF10BDAA
:10315000FFFF000010B5012805D0002802D10A4B5E
:1031600099420CD010BD084B9942F6D1074B002272
:103170001A719A60064CDC601C615A61EDE70348E5
:103180008168DDF7F8FCEDE7FFFF0000D02B0020A1
:10319000D42B002010B502490120FFF7DBFF10BD42
:1031A000FFFF000010B5012805D0002802D10A4B0E
:1031B00099420CD010BD084B9942F6D1074B002222
:1031C0001A719A60064CDC601C615A61EDE7034895
:1031D0008168DDF7D0FCEDE7FFFF0000E82B002061
:1031E000EC2B002010B502490120FFF7DBFF10BDDA
:1031F000FFFF000010B5012805D0002802D10A4BBE
:1032000099420CD010BD084B9942F6D1074B0022D1
:103210001A719A60064CDC601C615A61EDE7034844
:103220008168DDF7A8FCEDE7FFFF0000002C00201F
:10323000042C002010B502490120FFF7DBFF10BD70
:10324000FFFF000010B5012805D0002802D10A4B6D
:1032500099420CD010BD084B9942F6D1074B002281
:103260001A719A60064CDC601C615A61EDE70348F4
:103270008168DDF780FCEDE7FFFF0000182C0020DF
:103280001C2C002010B502490120FFF7DBFF10BD08
:10329000FFFF0000002330B51400102285B000931A
:1032A00001930393036802929D6922686B46A847C5
:1032B0006B461A79062300201340062B02D1009B8F
:1032C0000130236005B030BD009B05209A1A53429F
:1032D0005A415242104001307047C04610B50400B8
:1032E000024B036000F0B4FF200010BDB8300310A3
:1032F00010B50400044B036000F0AAFF2000082171
:1033000000F044F8200010BDB830031070B516006E
:103310001D00069A049B040093420ED02900200051
:1033200000F0B4FF002806D0079B049A1E711A60B3
:103330000123079A9371002070BD059900F0A6FF44
:103340000028EBD0079B5E71F5E7C04670B515000D
:103350001C0000F09BFF002804D00823E360023B20
:103360002560237170BDC046F8B505000C0017003C
:103370001E0000F08BFF002807D1032E05D823681C
:103380003A00290020005B699847F8BD10B508F0A5
:103390006FFB10BD70B5194C083863680668002BC8
:1033A00020D08519AB421DD85A6821D00434002A98
:1033B00006D10DE051681C1D1300002907D00A003A
:1033C0009542F7D303D12A68B6186A685A60236811
:1033D0001A689918884208D05B68066043602368C1
:1033E000586001E04360606070BD92191A60FBE7AD
:1033F0001B6842609B1903606060F5E7981C002021
:10340000020030B50832083000D3082207230F49E4
:10341000073248689A430431002804D10EE0011DA8
:10342000406800280AD003689A42F8D845689C1A78
:10343000072C04D803602B000B60083030BD8318C4
:103440005D6008681C600260F6E7C046981C0020BA
:1034500070B580300500FBF7E1FD041E07D0802227
:1034600000212000FBF7FAFD2000803070BD28000D
:10347000FFF7C6FF041EF2D100F0F2FC074A8038C5
:10348000936810B5984203D9D2689B18984202D32A
:10349000FBF7D8FD10BDFFF77DFFFBE7981C002070
:1034A00070B59E25074C2D012800E560FBF7B6FDA1
:1034B000A060002804D0002305604360606070BDF8
:1034C000E060FBE7981C00201EB400F091F81EBCE1
:1034D0000AF06EFEF0B5C64600B51E0003780C007B
:1034E00082B0472B1FD00020274D2B6801909B688E
:1034F0002800984701239846002804D0019B1B68A8
:10350000019302239846236829001F6920000123A4
:1035100001AAB847002824D100239846404602B0AB
:1035200080BCB846F0BD43784E2BDCD18378552B58
:10353000D9D1C378432BD6D10379462B19D0432B4D
:10354000D1D143792B2BCED183792B2BCBD1C279FF
:10355000012AC8D80300203B1D68012A04D0583036
:10356000C3E7019B3360D9E72B00783B28001D6837
:10357000BBE743794F2BB6D18379522BB3D1C079B6
:10358000024D0028B1D0AEE784310310583103104A
:1035900010B5040000F018F922002378203A472BD8
:1035A00005D08368002B20D18260012010BD637894
:1035B0004E2BF6D1A378552BF3D1E378432BF0D1E2
:1035C0002379432BEDD163792B2BEAD1A3792B2BD4
:1035D000E7D1E379012BE4D8D3690133D361012B1F
:1035E000E3D1836893618260DFE700F039FCC04675
:1035F00010B500F0E9F80300806800282DD02022E3
:10360000825C472A03D000229A60203010BD263AFF
:10361000825C4E2AF7D12C3A825C552AF3D1323A99
:10362000825C432AEFD11F3A825C432AEBD11E3AD7
:10363000825C2B2AE7D1053A825C2B2AE3D1043A3B
:10364000825C012ADFD8C269013AC261002ADCD15A
:1036500082699A6000238361D7E700F001FCC046CD
:10366000042010B5FFF7F4FE024B034A0349036040
:1036700000F056FC183A0310A5520210043A031049
:1036800070B5040000F0A0F8220023780568203A05
:10369000472B04D0002D2BD10260280070BD637829
:1036A0004E2BF7D1A378552BF4D1E378432BF1D1EE
:1036B0002379432BEED163792B2BEBD1A3792B2BE1
:1036C000E8D1E379012BE5D85369002B0DDB0133F9
:1036D00053614368013B4360954201D0156102602C
:1036E0002000656A0AF074FDD7E70121CB1AEFE7E5
:1036F00000F0B6FB10B500F063F80368002B09D0AA
:1037000020229A5C472A06D000222033026018004B
:103710000AF036FD10BD263A9A5C4E2AF4D12C3AB6
:103720009A5C552AF0D1323A9A5C432AECD11F3A7E
:103730009A5C432AE8D11E3A9A5C2B2AE4D1053AD6
:103740009A5C2B2AE0D1043A9A5C012ADCD85A69A7
:10375000002A08DB511E012A0CD04A1C01D05961F5
:10376000D8E700F07DFB511C0132F8D11A690260E4
:103770005961CFE71A692033026018000AF000FD92
:10378000C8E7C0467047C0467047C046004870470B
:10379000DC30031000487047EC30031010B5040013
:1037A0000421FFF7F3FD200010BDC04610B5040052
:1037B0000421FFF7EBFD200010BDC0467047C04656
:1037C00000487047881C002000487047881C002073
:1037D00010B5034A0349044801F03CFD10BDC04642
:1037E00058140020BD370210881C0020F0B5D646C2
:1037F00046464F468A46C0B50600502824D00F24BE
:1038000004400C2C00D96FE03848A40000598746CA
:103810005478107824020443907800042043D4782C
:1038200024060443101D002C08D070253540102DAF
:1038300000D1924676B25444002E0ADB1C60E0BCF4
:10384000BA46B146A846F0BDD01C0322904310C82A
:10385000F4E72468F2E7547810782402044390785F
:1038600000042043D4782406044310000830DAE72B
:103870005478107824020443901CD4E754781078CC
:103880002402044324042414901CCCE77F21150057
:103890000024002788464046297801350840B84072
:1038A000044348B207370028F5DB28001F2FBAD899
:1038B0004D06B8D50125BD406D422C43B5E700212A
:1038C0008C467F311500002488464746614628789B
:1038D000013507408F400721894640B23C43CC4424
:1038E0000028F2DB28009EE708F08AFBB4310310C1
:1038F000020010B50800FF2A10D070231340302BAF
:1039000013D004D8202B07D10AF002FC03E0402B8F
:1039100006D10AF075FC10BD202B04D80020FAE770
:103920000020502BF7D008F06BFB0AF031FCF2E7D7
:10393000F8B505000E0014000020002D02D028006C
:103940000AF05EFC2060771C3678FF2E28D160607C
:103950003B78781CFF2B32D01023002500217F26D6
:1039600023753200037801301A408A405BB2154358
:103970000731002BF5DB4519E560002200257F2685
:1039800003780130637531000378013019409140AC
:103990005BB20D430732002BF5DB45192561F8BDFD
:1039A00029003000FFF7A4FF3A000100231D30007A
:1039B000FFF71CFF07003B78781CFF2BCCD10025BC
:1039C0002375D9E7F0B557464546DE464E460023F7
:1039D000E0B595B00A9303330F0090460340012BE6
:1039E00016D0022B0DD1414638000AF0B9FB002851
:1039F0000CD1082015B0F0BCBB46B246A946A04683
:103A0000F0BD002B00D19DE008F0FAFA0920F1E7A3
:103A100008231A000240034200D19DE002231A430A
:103A20000EAB9A4604920E910C2200210093404660
:103A300000230AF08DFB40460AF00AFC059000289E
:103A4000D1D0524605994046FFF772FF53461B7D81
:103A50004146040018000693FFF74AFF534698605A
:103A60000DAB0F22079000939B4600210023404698
:103A70000AF0CEFB01220D9B9343013B994653462E
:103A80001B6903939C423BD253465E7D0E9B7F2570
:103A900002934B46A1461C0000213000FFF728FF8F
:103AA0004A4601000BAB3000FFF7A0FE0021814623
:103AB0003000FFF71DFF4A4601000CAB3000FFF756
:103AC00095FE002181463000FFF712FF4A460100B3
:103AD0005B463000FFF78AFEA146002100222C0041
:103AE000037801301C4094405BB221430732002B25
:103AF000F5DB029A0B9B944663444C464B4518D920
:103B0000002300251E000133049AD2077AD55B46B4
:103B10000D2200930021002340460A9C0AF078FB06
:103B20000D9B06203B62059B7C62BE62FB623D638F
:103B300060E70C9A9B184B456ED8039B81468342E5
:103B4000AAD8DDE7000700D54DE7012304930EABAB
:103B50009A4653460E9767E70EAB0C6A9A46009357
:103B60000D220023002140460AF052FB0E9B9C428E
:103B700002D002230493ECE753460C220093002169
:103B8000002340460E970AF0E3FA3D6BBC6AFB6ADD
:103B9000002D3ED005930DAB26009B46002E00DA8B
:103BA000ABE003265B460022002100934046002341
:103BB0000D970AF0CDFA5B460122002100934046A2
:103BC00000230D940AF0C4FA5B460F2200210093F3
:103BD000404600230AF01CFB01230D9A00211340EC
:103BE0002B430D935B460F220093404600230AF0BF
:103BF000AFFA022E01D00720FCE63800FFF7C8FC20
:103C00000720F7E6082204990A426DD13400012BFF
:103C1000C4D1380007F04EFF0D9B002B00D1E2E627
:103C2000524655685D19002900D1FCE0039B4C1EEB
:103C30009C466444002D00D1D5E6049A0823110067
:103C400019400991134200D1F0E03F333B70073334
:103C50007B700733BB70123BFB7003333B7109333E
:103C60007B710333BB710023FB710023069A02931F
:103C700007331A40130042469846039508920023E2
:103C800000217F252A002078013402408A40134316
:103C900042B20731002AF5DB1F2905D8400603D5BB
:103CA00001228A40524213439946200000250022F7
:103CB0007F269C46310003780130194091400D4326
:103CC00059B207320029F5DB190063461F2A32D8A2
:103CD000490630D5012191404A421543002B3ED17F
:103CE000012302936419CAE7012B00D1ADE0002E35
:103CF00000DAA6E03400032654E752460599404610
:103D0000FFF716FE53464146187DFFF7F1FD524678
:103D1000E343D1689B00C9180B68002B05D0002332
:103D200001339A008A58002AFAD1BB620423F86250
:103D30003B63796335E7002B11D101230293002DFA
:103D4000D0D1089B039D9846029B002B00D14AE6E8
:103D5000049BDB0700D546E60024022622E7002B61
:103D600013DC5246DB43D6689B00F6183168002FFF
:103D700002D0099B002B31D00029E0D14B461E0018
:103D8000089B039D98460323BEE6069AFF2A40D06F
:103D90004246022A3AD01BD9032A1CD0042A00D05A
:103DA00032E6DB005B425246D2680799D218069889
:103DB0005B46FFF71BFD0D990029DFD0002FBED019
:103DC000002238000AABFFF785FB0028B7D0D5E703
:103DD000002A00D018E69B005B42E4E70A9B0D93A3
:103DE0000029CBD05B46A3461C0003E07168043673
:103DF000002910D02300002238007118FFF76AFB59
:103E00000028F3D023005C469B4698E75B005B42AA
:103E1000C9E70023C7E74B461E00089BA346984608
:103E2000039D032370E6002D92D1DCE53B00FA7977
:103E30005833012A01D00A9317E7783B1B680A938D
:103E400013E700F019F8FFF71BFC00F009F8C04673
:103E500010B5804708F0D4F8FFF712FC08F0D0F84E
:103E6000024B10B51868FFF7F3FFC0466415002039
:103E700010B58047FFF7F4FF024B10B51868FFF745
:103E8000F7FFC04660150020014B18687047C04618
:103E900064150020014B18687047C046601500206B
:103EA00010B5012812D80B00283B1A68501E186064
:103EB000012A00D010BDDB6858310C00002B01D066
:103EC000080098472000FFF7D9FAF3E72839486936
:103ED000FFF7BEFF70B505000026803DEA602E604A
:103EE000A9600400FFF7D6FF2861FFF7CDFF23008C
:103EF0004722583B68611A7007325A7007329A702D
:103F000022004323553A13705370183B9370D370BB
:103F1000024B513C280026702B6370BDA13E02105D
:103F200070B504000D001600FFF74EFC4368320028
:103F30000133290043602000FFF7CCFF0400012378
:103F40002834036020000AF073F92000FFF798FB83
:103F5000FFF786FF10B5FFF737FC436804680133AD
:103F60004360002C0CD02023E35C472B0AD00023B5
:103F70000360203420000AF053F92000FFF780FB93
:103F8000FFF76EFF263BE35C4E2BF0D12C3BE35C4E
:103F9000552BECD1323BE35C432BE8D11F3BE35C78
:103FA000432BE4D11E3BE35C2B2BE0D1053BE35CD0
:103FB0002B2BDCD1043BE35C012BD8D863695B423B
:103FC0006361D6E70120704710B50400024B03601F
:103FD00000F03EF9200010BD2432031010B504009B
:103FE000044B036000F034F920000821FFF7CEF9FC
:103FF000200010BD24320310F0B5C6460C0000B5F9
:104000000500884682B05440032934D90F1FBF08E9
:104010000137BF00194EC7190422290001A8FBF778
:1040200023F8019A74437243130E534073430435CB
:104030005C40BD42F0D1424603231A4090464346BD
:10404000022B10D0032B0BD0012B0FD0620B0B4B8C
:1040500062405343D80B584002B080BCB846F0BD14
:10406000BB781B045C407B781B025C403B78634060
:10407000024C5C43EAE70700E1E7C04695E9D15B03
:1040800010B5041E00D101342000FAF7C7FF002844
:1040900000D010BD07F0BAFD002801D08047F3E73B
:1040A0000430FFF7D5F9034B034A04490360FFF7D7
:1040B00037FFC046C03903106D520210AC390310EF
:1040C00010B5FFF7DDFF10BD0120704710B50400EB
:1040D000024B036007F0A8FD200010BD74320310EE
:1040E00010B50400044B036007F09EFD2000102172
:1040F000FFF74CF9200010BD74320310F8B505002D
:104100000E0017001C00C068012B07D9E868A31C2B
:104110000268F16814693A00A047F8BD064900F04A
:10412000B5F80028F2D0F0680368DB6898470123EF
:104130005840C0B2F1E7C046C452031010B50400A5
:10414000024B0360FFF7CAF8200010BDCC32031009
:1041500010B50400044B0360FFF7C0F820000C21E9
:10416000FFF714F9200010BDCC320310F0B583B076
:104170001E00089B05000F00140093420AD0A86897
:10418000089A036800921D6A220033003900A8478C
:1041900003B0F0BD310000F079F80028EFD0062020
:1041A000F6E7C046F0B50E0085B019000400170010
:1041B0001D0000F06BF8002814D10A9B0C9A934262
:1041C0002AD0A0680D9A036803920C9A31000292DB
:1041D0000B9A01920A9A0092DC693A002B00A047E0
:1041E00005B0F0BD0D9B0A9A1F711A60002E0CDB02
:1041F00093190C9AD31A5A1E934104225B4293439B
:104200000D9A063393710020EAE70236FBD10123B1
:104210000D9A00209371E3E720000B9900F036F827
:104220000028CED00D9B00205F71D9E7F8B50700BC
:104230000C0015001E00FFF789F8002806D1B868A9
:104240002A00036821009F693300B847F8BDC046C3
:104250007047C046002070470020704710B5884264
:1042600011D0406803782A2B0BD049680B782A3B81
:104270005A425341C91809F095F843425841C0B217
:1042800010BD0020FCE70120FAE7C04610B58142CE
:1042900011D0406803782A2B0BD049680B782A3B51
:1042A0005A425341C91809F07DF843425841C0B2FF
:1042B00010BD0020FCE70120FAE7C04670B53D4B79
:1042C00082B01A78002A44D101221A7007F076FCD5
:1042D000002834D04468002123782A3B5A425341B5
:1042E000E41801235B4200220193200001AB07F098
:1042F00057FB314D06002B683022DB6801212F4827
:1043000008F07CFE019B002B13D02B682000D9689D
:1043100008F088FC2B680222DB680121284808F09D
:104320006DFE019B002B02D13000FAF78BFEFFF7E8
:1043300011FE2B683000D96808F074FCEAE71E4BC8
:104340002D221B6801211F48DB6808F057FE07F08B
:1043500057FE194B1D221B680121DB681A4808F023
:104360004DFE07F04DFE0C00012919D1FFF788F929
:1043700003689B6898472B6806000B2221001348AE
:10438000DB6808F03BFE2B683000D96808F04AFC77
:104390002B680A20D96808F0D5FBFFF7ABF9D6E700
:1043A000FFF76EF9FFF7A6F9D1E7FFF7A3F9FFF7DB
:1043B0008BF8C046F63B0020781900202833031004
:1043C0005C33031060330310083303109033031081
:1043D000C368002B04D018009B68002BFBD17047EA
:1043E0004368DA68904207D118005B68DA68824255
:1043F000FAD0C2689342F2D01800F0E703780200C6
:10440000002B03D143685B68984211D09368002B5E
:1044100004D01800DB68002BFBD17047506883681C
:104420009A42FAD10300406882689A42FAD0F4E7CF
:10443000C068F2E7F0B50024CE46474680B54A6032
:104440008C60CC600C7000280AD09160934200D13F
:10445000A3E05D6898682C00904208D1996006E05E
:10446000D160D868904200D195E05D682C000022B0
:1044700001269146A9420DD13BE0002C1ED02778A1
:10448000002F1BD1067026704946117011002C00B8
:104490008D422ED048680278002A2AD1426894685A
:1044A0008442EAD1D768BC46002F28D03F78002F3D
:1044B00025D10121604621700170E5E784688C42B6
:1044C00039D0067048461070D0688468D460002CDB
:1044D00000D06260546844605D68AA4227D0A56835
:1044E000AA4226D0E060826050605D682C008D4258
:1044F000D0D101232370C0BCB946B046F0BDC56819
:104500008D4231D0067048461070E06890600028F7
:1045100000D04260506860605D68AA4220D0C568E3
:10452000AA421FD08460E26054605D68AFE75860C3
:10453000D9E7A060D7E7CD6814008560002D01D0D1
:10454000686044684C605D68A84222D0E568A84273
:104550002ED0A1600C00C860416001002000B0E7CF
:104560005C60E0E7C460DEE78C68C460002C18D0B3
:10457000606044684C605D68A8421BD0A568A84292
:1045800014D0E1600D00886094684160010028004B
:10459000B8E75960DEE7D96067E70C005960D96079
:1045A000A7E74A605C68A04204D01400A160E9E774
:1045B000E160CFE75960E5E7042010B5FEF748FF5A
:1045C000024B034A03490360FFF7AAFCC0390310FA
:1045D0006D520210AC390310042010B5FEF738FFFD
:1045E000024B034A03490360FFF79AFC183A031091
:1045F000A5520210043A031070B505000820FEF71A
:1046000027FF2900040007F071FC2000044A054937
:10461000FFF786FC2000FEF731FFFEF755FFC0468E
:1046200061BD02107853031070B505000820FEF735
:104630000FFF2900040007F09DFC2000044A0549F3
:10464000FFF76EFC2000FEF719FFFEF73DFFC046A6
:10465000A1BD0210985303100FB42023F0B583B00E
:1046600000AFFC1820CC280008F036FF80239B0008
:10467000C118104B2A009C466B466044C008C0001D
:104680001B1A9D466E46230030007C6000F068F9DE
:104690000820FEF7DDFE3100040007F075FC200065
:1046A000054A0649FFF73CFC2000FEF7E7FEFEF74F
:1046B0000BFFC04607020000E1BD0210B853031013
:1046C000004870479C33031010B50400024B036090
:1046D000FFF758F8200010BDDC33031010B50400BC
:1046E000044B0360FFF74EF8200007F0C1F92000EB
:1046F00010BDC046DC330310042010B5FEF7A8FE41
:10470000024B034A03490360FFF70AFCDC33031042
:10471000C9460210C8330310F8B505000D2904D8A6
:10472000012400292AD12000F8BDF923204E002BB6
:104730000ADD5C10A200B218106888421CD21B1B54
:10474000013B161D002BF4DC1A4B34689E422BD023
:104750002000F9F7F7FE060028680F00FAF7FEFBC5
:1047600002000B0030003900F9F77BFEFAF72CFA53
:10477000F9F728FF6860D6E72300D8E70E4B5C5CAA
:104780002000F9F7E3FE060028680F00FAF7E6FBC1
:1047900002000B0030003900F9F763FEFAF714FA53
:1047A000F9F710FF6860BEE7012040426860BAE791
:1047B00010340310F4370310E8330310F0B5D64675
:1047C0004F464646C0B582B092460A9A80469C182B
:1047D0004B6889469C4234D9002B4DD04B46186813
:1047E000FAF7BCFB05000E00200000950196F9F7D2
:1047F000A9FE2A003300F9F71AFE04000D00504606
:10480000F9F7A0FE22002B0006000F00F9F776FE54
:10481000002820D020002900FAF7D6F91D4B0022ED
:10482000F9F700FEF9F7CEFE534601005B0098420F
:1048300026D34846FFF770FF4246012350601370AD
:1048400002E0002303604360404602B0E0BCBA4689
:10485000B146A846F0BD3200009801993B00F9F737
:1048600000FEFAF7B1F9F9F7ADFE4B464246586043
:10487000002313605360E7E70B2CAFD20B24ADE7A6
:1048800019004846FFF748FF424601235060137065
:10489000DAE7C0460000F03FF0B505000C009DB01F
:1048A00000AF641B69220F49381DFAF7DDFB2300B6
:1048B0006A467033DB08DB00D31A9D466E466822D9
:1048C000391D3000FAF7D0FB300022002900683093
:1048D000FAF7CAFB00233419683430002370FFF75D
:1048E0008BFEC046FC370310F0B557464546DE4602
:1048F0004E46E0B583B000AF84B0EA460C23534483
:1049000099461D00154B8B46140098467860200090
:104910000A21F9F73FFB43465B5C013D20000A2179
:104920002B70F9F737FB26000400092EEFD84B4611
:104930005D1B5D450FD85346591B2A0078680C3122
:10494000FAF792FB2800BD4603B0F0BCBB46B24666
:10495000A946A046F0BD01256D42F3E76838031073
:10496000F0B5C64600B515001278013907000400FD
:104970004618002A46D0B0420AD2252A0CD02A78FE
:104980002270013501342A78002A1FD0B442F4D3B2
:1049900021003800FFF780FF6A78732A1CD07A2A3A
:1049A00003D0252AEBD10135EAE7AA78752AE6D1AA
:1049B00004CB2000311B9846FFF796FF0028E7DD67
:1049C000EA78033543462418002ADFD1E01B002390
:1049D000237080BCB846F0BD01CB01789C4600290D
:1049E0000DD0A642D4D9220001E09642D0D01300C7
:1049F000013019700178013214000029F5D16346A5
:104A00000235C0E70020E2E710B580240B68E4051A
:104A1000A34210D2581C934207D95200934204D2A9
:104A2000A24205D32000054B0B60FFF729FB10BD08
:104A30000A60501CF9E70248FFF7F6FDFFFFFF3F51
:104A40007438031003000068083310B5984201D091
:104A500007F00EF810BDC04630B583B01500040055
:104A60000A0001910F290ED80068002A06D0012AF9
:104A700011D02900FAF7F2FA019A20680023626047
:104A8000835403B030BD002201A9FFF7BDFF019A96
:104A90002060A260E9E70570019A2068EEE7C04651
:104AA00010B5012A05D0002A00D110BDFAF7DCFAB2
:104AB000FBE70B780370F8E7F0B5C64600B50400D5
:104AC0000D0082B088420ED00823984607688044C3
:104AD0004E68B84522D08268B24208D3002E14D165
:104AE00000236660BB5502B080BCB846F0BD200014
:104AF00001A90196FFF788FF07002068804501D0D3
:104B000006F0B6FF019B2760A3602968012E07D03D
:104B100038003200FAF7A8FA2768E1E70F22DBE74E
:104B20000B783B702768DBE7F0B54F464646DE461C
:104B3000C0B51F0043680E00891882B08946591A13
:104B400088460A9904008A1AD21808239B460368EB
:104B5000834401929B453BD08268200001A9FFF766
:104B600053FF0500002E05D02168012E2DD0320004
:104B7000FAF77AFA002F09D00A9B002B06D0A81961
:104B8000012B27D039000A9AFAF76EFA4346002B18
:104B90000AD00A9B2168F018434628184944012B83
:104BA00010D04246FAF760FA2068834501D006F03B
:104BB0005FFF019B2560A36002B0E0BCBB46B1462D
:104BC000A846F0BD0B780370EEE70B780370D1E7D1
:104BD0000F22C2E73B780370D8E7C046436870B540
:104BE0008E18150004009A1BB34209D0002D07D07F
:104BF000036858189919012A08D008F095FA6368D3
:104C0000002122685B1B6360D15470BD0B78037078
:104C10006368F5E770B505000E00083028600B6882
:104C200008360C004A689E4209D02B608B68AB6046
:104C3000002328006A6026606360237270BD013221
:104C40003100FAF711FA6268F2E7C04670B5050064
:104C50002E000B00006808360C004A68083309680B
:104C6000B0420FD08B4216D029606A60A268AE684D
:104C7000AA6000280CD02060A66000236360037047
:104C8000280070BD8B4206D029606A60A268AA60C5
:104C900018002360F1E7A54211D0002A05D0012AAF
:104CA00008D0FAF7E1F92868626800236A60835443
:104CB0002068E2E70B78037028686268F5E708006F
:104CC000DBE7C0460CC99B18036070470B680360A4
:104CD0007047C04670B50600036882B0083604000D
:104CE00001919E421FD08268019B934201D802B07D
:104CF00070BD200001A9FFF787FE636805005A1CFC
:104D00002068002B11D0002A05D106F0B1FE019BCE
:104D10002560A360EBE701002800FAF7A5F92068F9
:104D20008642F2D1F3E70F22DEE703782B70F6E735
:104D3000426810B5914202D20068401810BD014887
:104D4000FFF78AFCC43803100200F0B50368466818
:104D5000083204000D0083B0771C934213D08268A0
:104D6000974206D800229D5523686760DA5503B044
:104D7000F0BD012300220093310000232000FFF743
:104D8000D3FE2368EEE70F22EAE7C04610B541687C
:104D900001220139FFF722FF10BDC046F0B5CE4613
:104DA000474680B583B01D000AAB1B78884626496C
:104DB0009946436851180400C91A8D4241D8210010
:104DC0000068AE1A0831F618884234D0A1688E42C5
:104DD00023D8414651185F1A8B420BD0AA4209D002
:104DE0000100414448198918012F20D03A0008F0E9
:104DF0009BF92068002D07D04044012D1DD02A00CA
:104E00004946FAF72BF92068002366608355200095
:104E100003B0C0BCB946B046F0BD200000234146F7
:104E20000095FFF781FE2068002DEDD0E4E70B78B8
:104E300003702068DEE70F21C9E74B460370206846
:104E4000E2E70248FFF7F0FBFFFFFF3F08390310DE
:104E500000B583B00B00416800920022FFF79EFF6F
:104E600003B000BDF0B557464E464546DE46E0B5B8
:104E70001600984685B0624B42680E9FF3180400F6
:104E80009B1A9F4200D9B7E0BB1B9A469146036824
:104E90000830D144834252D0A068814542D8581886
:104EA00075188346551B43451CD9002D0AD0BE42B8
:104EB00008D05B463100D8195944012D56D02A003C
:104EC00008F032F9002F24D123684A46494662602F
:104ED000200000225A5405B0F0BCBB46B246A94699
:104EE000A046F0BD9A189045DFD8002F29D1002D9B
:104EF000EBD0BE42E8D05B46D81933005B44039345
:104F0000012D3FD02A00039908F00EF9BE421FD3AD
:104F1000DAE7012F0DD03A0041465846FAF7A4F8D7
:104F20002368D2E74346320020000097FFF7FCFDDC
:104F3000CAE743465A461B7813702368C5E70F201B
:104F4000ABE7BE4215D2002DD5D133005B440393AD
:104F50004346039ADB199A4217D3012FE9D03A004E
:104F60004146584608F0E0F82368AEE70B78037036
:104F7000A8E7012F2DD03A00414608F0D5F8002DC2
:104F8000B7D1A1E71B780370C0E7039B984509D30D
:104F900041465144012F22D03A005846FAF764F8AE
:104FA000236892E74246039B9D1A012D20D02A00D8
:104FB0004146584608F0B8F85B467A1B5819D9198B
:104FC000012A11D0002A00D17EE7FAF74DF82368B4
:104FD0007BE743461B780370002D8AD174E75A465D
:104FE0000B781370236870E70B78037023686CE705
:104FF00013785A461370DFE70248FFF715FBC046E7
:10500000FFFFFF3F4039031030B5040083B00800B4
:105010000D0008F061FA62682B000090002120006A
:10502000FFF720FF03B030BD20B51500426882B005
:1050300091420AD8521AAA4205D8049D0095FFF75A
:1050400011FF02B020BD2A00F7E7034D130003480B
:105050000A002900FFF700FB283903108C380310E1
:1050600070B50400230046680068083382B09519C3
:10507000984219D0A368AB420DD3002A05D08019FD
:10508000012A13D0F9F7F0FF20680023656043552B
:10509000200002B070BD0B00200000923100002201
:1050A000FFF742FD2068F0E70F23E4E70B78037079
:1050B0002068EAE710B5054B44681B1B9A4202D8EA
:1050C000FFF7CEFF10BD0248FFF7AEFAFFFFFF3F2C
:1050D0005C39031070B5040008000D0008F0FCF9FD
:1050E0006168064B02005B1A834204D3290020004A
:1050F000FFF7B6FF70BD0248FFF796FAFFFFFF3FCC
:105100005C3903101300426810B5934208D204685A
:10511000D21AE01808F0A6F9002801D0001B10BD33
:1051200001204042FBE7C046F8B54746CE468846D8
:1051300080B5140007001E1E0DD04368994608E094
:105140003D6832004046295D08F08CF9002808D1FE
:105150000134A145F4D801204042C0BCB946B04654
:10516000F8BD2000F9E7C04670B50500080016003C
:105170000C0008F0B1F93200030021002800FFF70D
:10518000D3FF70BDF8B50600476808000D0008F0B1
:10519000A3F904000200B84200D93A00002A05D061
:1051A0002900306807F09EFF002800D1381BF8BDA9
:1051B00070B5541A82B005000E0001940F2C0ED861
:1051C0000068012C08D10B780370019C286800232B
:1051D0006C60035502B070BD002CF8D006E00022D0
:1051E00001A9FFF711FC019B2860AB602200310090
:1051F000F9F73AFF019C2868E9E7C04602000B0076
:1052000010B504000832026006CB00238A18FFF7AD
:10521000CFFF200010BDC04670B54C680500A2420B
:105220000FD80830286009688918A21A9A4206D84F
:10523000280000238A18DBF776F9280070BD1A00D1
:10524000F6E7230001490248FFF706FA7439031014
:105250008C380310030010B50800190008F05CF842
:1052600010BDC046004870478C39031010B50400CB
:10527000024B0360FEF786FA200010BDC039031010
:1052800010B50400044B0360FEF77CFA20000421F3
:10529000FEF77CF8200010BDC039031000487047AD
:1052A000CC39031010B50400024B0360FFF7DEFF9A
:1052B000200010BD183A031010B50400044B036021
:1052C000FFF7D4FF20000421FEF760F8200010BD96
:1052D000183A031070B5050031291FD8282939D88C
:1052E0000A292FD90C0001200B3CE4B2A040244C29
:1052F000204238D0002A23D06E69A86986421FDA7E
:10530000B0002C6980198000201800240136446008
:1053100084606E610170C260036170BD0800343842
:10532000C0B21D280CD8012484402000154C204216
:10533000E0D1154C20421DD1D024A4052042DBD160
:105340000020EAE7042915D90C00093C0020012CB3
:10535000E3D8CFE70C00293CE4B2082CF0D80B4886
:10536000A40000598746FF24A4032042C4D1084C5E
:105370002042E5D0002AE3D0002BBDD10020CCE7AD
:10538000FE1F802F0711C701F82E000A243A0310D0
:1053900001004000F8B5CE46474680B5C568060016
:1053A0002C786E2C27D0303CE3B2092B2ED800236A
:1053B0009846174B00279946013507E04B460A21CE
:1053C000181B0135F8F7BEFDB84212DBBB00DB1934
:1053D0005B00F5601F192C78303CE3B2092BEDD946
:1053E0004346002B00D07F423800C0BCB946B046CF
:1053F000F8BD0127F7E76B1CC3606C78303CE2B264
:10540000092A03D81D0001239846D2E70027EBE7BD
:10541000FFFFFF7F10B50400002908D1C3681A7888
:10542000002A01D1002010BD5A1CC26019786829D9
:105430000AD07629F6D12000FFF7ACFFE3681A788E
:105440005F2AEFD10133E3602000FFF7A3FFE36899
:105450001A785F2AE6D101330120E360E3E7C04612
:1054600010B5C36804001A785F2A01D0012008E053
:105470005A1CC2605A785F2A04D0FFF78BFFC043E2
:10548000C00F10BD0233C360FFF784FF00280ADBA2
:105490000928EBDDE36800201A785F2AF1D1013397
:1054A0000120E360EDE70020EBE7C04670B50500A2
:1054B0000C1E15D08E2080211A4E4000C900A36812
:1054C000012B0DDC2A588A420ADC0133A3602378C1
:1054D000512B05D89B00F3589F46E468002CEED171
:1054E00070BD2469FAE7A22149006B5801336B5063
:1054F000E1688E26013276002800AA51FFF7D6FF18
:1055000028002169FFF7D2FFAB59013BAB51E7E718
:10551000E1680B78052BECD19C2040002B5801331F
:105520002B50E6E7483A031003000020002B07D178
:1055300009E0DA68002A06D01B690130002B02D08E
:105540001A782F2AF5D07047002806D108E00029E4
:1055500008D000690139002803D003782F2BF6D03A
:1055600000207047C068FCE7F0B51400C6465268DA
:105570004B1CA5689B1880460E0000B5E768AB423F
:1055800012D8002F0DD1636820683200C018414640
:10559000F9F76AFD236862689B199F5463689B1939
:1055A000636080BCB846F0BD002FFAD1002D02D157
:1055B000022B0DD902356D00AB42FCD829002068C2
:1055C000F9F736FD071E05D0E7682060A560D8E72B
:1055D0000225F3E72068F9F735FD012327606760AE
:1055E000A760E360DDE7C04602780300722A11D0AD
:1055F000562A0FD04B2A0DD00020442A0BD15878C0
:105600000300773B012B05D9202398434F384342B1
:10561000584100E00120704780235B00C35870B5FB
:1056200004000D00FF2B08D0591C80225200A1500D
:10563000E55482235B00E55470BD0022C2548623EA
:105640005B00C258043BFF21C35898479422520084
:10565000A35801210133A3500023E6E788235B0010
:10566000C358002B14D05B681869CB68002B0CDB87
:10567000002806D108E0002B08D00069013B002873
:1056800002D002782F2AF6D000207047C068FCE7CD
:1056900001221933FF33C2500020F6E7F0B5C646A9
:1056A00006000C0000B500291FD01C4B01259846B0
:1056B0001B4F2378082B03D842469B00D3589F46A4
:1056C0002C2B16D9323BDBB21B2B05D82A009A4073
:1056D0003A420AD1012B05D03000E168FFF7DEFF26
:1056E000002803D12469002CE3D1002080BCB846F7
:1056F000F0BD172BF0D90B4A183BDBB2DA4015424C
:10570000EAD00020F2E721003000FFF7A7FF0028D1
:10571000EBD003782F2BE9D00020E7E7903B031074
:105720000100E30C01801000F0B5D6464F46464616
:105730000500C0B508000C0007F0CEFE00282AD0F6
:105740000022802392460D32FF3291465B00043ADC
:105750009046EB5827180AE01900013380225200C6
:10576000AB50013404326E54AE54A74213D02678A5
:10577000FF2BF1D15246EA544B46EA584346FF21EB
:10578000EB582800984794225200AB58002101336F
:10579000AB500123E2E7E0BCBA46B146A846F0BDF3
:1057A00070B5C26804001378542B22D1531CC36017
:1057B00052785F2A1FD06E2A1BD0FFF7EBFD451CE5
:1057C00017D4E3681A785F2A13D10133E360626962
:1057D000A3699A420DDA0023910020698918890093
:1057E0004018436083600132053362610370C56015
:1057F00000E0002070BD0025E7E7C046F0B5D646C2
:105800004F464646C0B51F4B88B00A000500190038
:1058100001A8F8F73DFB01A807F05EFE00282BD099
:105820000022802392460D32FF3291465B0001AC8C
:10583000043A9046EB5827180AE0190001338022F9
:105840005200AB50013404326E54AE54A74213D010
:105850002678FF2BF1D15246EA544B46EA5843468C
:10586000FF21EB582800984794225200AB580021A2
:105870000133AB500123E2E708B0E0BCBA46B146C1
:10588000A846F0BDB43B0310F0B5C64600B5040011
:10589000FFF780FD051E45DDE7686368DB1B984266
:1058A0003EDCA2683B18E360520702D51A78242A2E
:1058B0003AD0A36966699846092D23DD082238008D
:1058C0002A4907F00FFC002806D13B7A2E2B33D053
:1058D0005F2B31D0242B2FD0B04521DDB3002069C0
:1058E0009B199B00C01800230136436083606661EA
:1058F0000023C7604360836003700561A06280BCC1
:10590000B846F0BDB3420BDDB30020699B199B0084
:10591000C01800230136436083606661002FE7D121
:105920000020EBE70020EAE70133E360A369666942
:105930009846092DC2DCE5E77B7A4E2BCCD1E36A91
:1059400016335B1BE362B045EADDB30020699B19A7
:105950009B00C018002301366661436083600370BA
:10596000034BC36015230361C8E7C046B83B03106F
:10597000C43B0310F8B5C36804001A78532A25D134
:105980005A1CC2605A78002A0ED09A1CC2605A78FB
:105990005F2A47D01300303BDDB20020092D20D90B
:1059A0001500413D192D1CD9A068082305001D4094
:1059B000184239D029004B1E99414D4B1D00C4356A
:1059C0001878904238D01C33AB42F9D1002528001A
:1059D000F8BD511CE16012785F2A1BD0180013003B
:1059E000303BDBB2092B0BD8C3001B189B009B1864
:1059F000303B9842EAD8E26811780029E6D0E8E71F
:105A00001300413B192BE1D8C3001B189B009B18C6
:105A1000373BEEE70133226A9A42D7D9E2699B000D
:105A20009D58D4E70023F6E70029C3D0E3681B782C
:105A3000433B012BBED8C0E75E696269A569002EB1
:105A400013D098698446AA424FDA97002069BF189C
:105A5000BF00C01900270132476087606261C660DD
:105A60006646183707700661A062002938D0D868EA
:105A70001969E36A5B18E362AA4234DA9300256984
:105A80009B189B00ED18002301326B60AB6018334C
:105A900062612B70E8602961E3681A78422A96D126
:105AA000A66A0133E3602000FFF7EEFE2A00030040
:105AB0004D212000FFF70EFCE36805001A78422A0A
:105AC000EFD0A662002800D180E7236A626A934281
:105AD00000DB7BE7E269990001338850236276E7B7
:105AE00058689968C5E70025D6E70020BCE7C0469E
:105AF000644A0310F0B5CE46474680B5C668040038
:105B000083B03000FFF770FD002832D133785A2B74
:105B100009D82F2B5FD9303BDBB22A2B5BD8C44A84
:105B20009B00D3589F46613BD9B2192953D8012213
:105B30008A40C04D2A424CD09A00D318BE4A9B00DE
:105B40009B18A16962698A4200DB3DE391002569E7
:105B5000891889006D1801326860A8606261272287
:105B60002A70EB60E26A5B680136D318E362E66094
:105B700026E00022200001A901F03EFA051E2AD0ED
:105B8000E36820001B78462B20D0FFF7B3FF286086
:105B9000002820D003781F3B012B05D8019AC36849
:105BA000C2602A6801922B60019D002D13D0236AE8
:105BB000626A93420FDAE269990001338D502362E1
:105BC000280003B0C0BCB946B046F0BD00F07EFB73
:105BD000DDE7142913D00025F2E7200001F0BEFC18
:105BE00005000190002DF6D0236A626A9342F2DA32
:105BF000E269990001338D50019D2362E0E701368F
:105C00002000E660FFF740FE00230200282120006C
:105C1000FFF760FB05000190E4E7200000F056FB71
:105C200005000190DEE7731CE3607378002BD2D08F
:105C3000B31CE3607378463BDBB2302BCBD87F4A92
:105C40009B00D3589F4601362000E660FFF752FFC5
:105C50000023020025212000FFF73CFB05000190F6
:105C6000C0E72000FFF79CFDE6680500337801904F
:105C7000492BB7D1636B002B00D074E20028AAD067
:105C8000236A626A9342A6DAE26999000133885076
:105C9000236232780023493A012A05D80136E660AA
:105CA000200000F02DFE03002A0004212000FFF751
:105CB00011FB0500019095E773781A00303A092A24
:105CC00005D95F2B03D0413B192B00D93FE20021BE
:105CD0002000FFF74FFEE36805001A780190492A7B
:105CE00000D06DE70133E360DAE701362000E660BB
:105CF000FFF700FF0023020023212000FFF7EAFA4C
:105D0000050001906EE701362000E660FFF7F2FE25
:105D10000023020022212000FFF7DCFA0500019099
:105D200060E701362000E660FFF7E4FE0023020092
:105D300024212000FFF7CEFA0500019052E701363A
:105D40002000E660FFF7D6FE002302002621200097
:105D5000FFF7C0FA0500019044E701362000E66035
:105D6000FFF792FDE36805001A780190492A00D1F7
:105D7000D3E12000FFF7BEFE2B000200212120000E
:105D8000FFF7A8FA050001902CE7711CE16072781A
:105D90005F2A00D1BFE1303A092A00D9CAE10B00DD
:105DA0001D000133E3601A78303A092AF8D9626994
:105DB000A069AF1B824200DB0DE7900026698018C6
:105DC00080003618002001327060B0606261002FE0
:105DD00000DC00E7F16019007060B060307037617E
:105DE0006A785F2A00D0F6E60131E1602000FFF713
:105DF00081FE320003002A212000FFF76BFA050024
:105E00000190EFE601362000E660FFF773FE051E05
:105E100000D1E0E62000FFF76DFE031E00D1DAE6B8
:105E20002A002B212000FFF755FA05000190D9E642
:105E3000EC3B0310FF7BEC03B84F0310983C0310BE
:105E40000123256B2000236300F00AFE2563020076
:105E5000002344212000FFF73DFA051E019000D1E8
:105E6000B9E6E3681A78002A00D1B4E65A1CE26069
:105E70001B78452B00D1B7E60025A1E66369A2692E
:105E8000934200DBA2E19A002569D2189200AD1876
:105E9000002201336A60AA6063612C2309212B7000
:105EA000B3780195303BDBB2994252412A82092BEB
:105EB00002D82000FFF76EFA2000FFF71BFEE86013
:105EC000002800D187E62000FFF764FAE268137823
:105ED000002B02D0531CE3601378733B5A425341AA
:105EE0006B826DE66369A269934200DB73E69A00F8
:105EF000D21801336361002325699200AD186B60ED
:105F0000AB602B70B44BEB600E232B6158E66369DA
:105F1000A269934200DB5EE69A00D2180133636106
:105F2000002325699200AD186B60AB602B70AB4B02
:105F3000EB6004232B6143E66369A269934200DBB3
:105F400047E19A002569D2189200AD18002201336A
:105F50006A60AA60636127232B70A14BEB60E36A40
:105F60000433E3622CE66369A269934200DB30E10B
:105F70009A002569D2189200AD18002201336A6098
:105F8000AA60636127232B70964BEB60E36A0933A9
:105F9000E36215E6B3785F2B00D107E16369A2697C
:105FA000934200DB17E69A002569D2189200AD18DB
:105FB000002201336A60AA606361432320002B70D2
:105FC000FFF7E8F9E860E3681A785F2A00D002E694
:105FD0000133E3602000FFF78DFD2A0003002D212F
:105FE0002000FFF777F905000190FBE56369A269DE
:105FF000934200DBEDE09A002569D2189200AD18BB
:10600000002201336A60AA60636127232B70764BFC
:10601000EB60E36A0733E362D2E56369A269934206
:1060200000DBD6E09A002569D2189200AD18002254
:1060300001336A60AA60636127232B706B4BEB60AE
:10604000E36A0833E362BBE52000FFF753FD00235A
:1060500002004C212000FFF73DF905000190C1E549
:106060006369A269934200DBB3E09A002569D21804
:106070009200AD18002201336A60AA606361272391
:106080002B705B4BEB60E36A1133E36298E5636965
:10609000A269934200DB9CE09A002569D218920025
:1060A000AD18002201336A60AA60636127232B7058
:1060B000504BEB60E36A0833E36281E56369A269F0
:1060C000934200DB85E09A002569D2189200AD1852
:1060D000002201336A60AA60636127232B70464B5C
:1060E000EB60E36A0A33E3626AE56369A26993429B
:1060F0006FDA9A002569D2189200AD180022013398
:106100006A60AA60636127232B703C4BEB60E36AF3
:106110000933E36254E5002666E60133E3602000BC
:1061200000F0EEFB2A00030004212000FFF7D2F864
:1061300005001EE60123256B2000236300F090FC80
:106140002563061E00D146E5E1680A7849E620008D
:1061500001F004FA051E019000D13CE50378182BEC
:1061600000D041E52CE5636920009946236AE76A7F
:106170009846731CE36000F0C3FBE2681278492A7A
:1061800006D04B4663614346E6602362E76229E539
:10619000002D00D11FE5236A626A934200DB1AE5F5
:1061A000E269990001338D5023627CE503365E3B42
:1061B000E6602000266B236300F052FC2663051E78
:1061C00000D000E70025FBE4C368FFDE00231B705E
:1061D000FFDE0023DB68FFDEDC3B031034FD021032
:1061E000FC510310C051031010520310245203102D
:1061F0004C52031038520310E8510310D4510310CD
:10620000002330B5C26883B001931378040001AD58
:10621000002B15D125E04F2B18D02000FFF76AFC8A
:10622000021E1ED000232E212000FFF753F8286005
:10623000002816D0E268103013780500002B08D033
:10624000452B06D02E2B04D0522BE4D15378452B6E
:10625000E3D10198002804D00369002B03D003B0D8
:1062600030BD0020FBE7C26811782729F7D1D2683A
:10627000117C0929F3D1E16A52688A1AE262C3608B
:10628000EDE7C04670B5C36804001A784A2A19D0F1
:1062900000290FD02000FFF72DFC051E10D0200094
:1062A000FFF7AEFF031E0BD02A0029212000FFF7C5
:1062B00011F870BD2000FFF7A3FF0025031EF3D1E6
:1062C0000020F6E70133C360E4E7C046836870B599
:1062D00004005B030DD48023C26B1B019A420CD8CF
:1062E000531CC363C36800201978462907D0E263B2
:1062F00004E0C3681A78462A01D0002070BD5A1CF9
:10630000E2605A78592A01D10233E360012120006A
:10631000FFF7B8FFE5682B78522B1DD04F2B09D023
:10632000452B16D00020A3685B03E7D4E26B013A4B
:10633000E263E3E72021E36A03336E1C0200E362B9
:1063400020000023E660FEF7C5FF6B783500452B83
:10635000E8D10135E560E6E7E36A1F210233ECE7A7
:10636000F0B5C64600B5C36880461E78002E22D020
:106370005A1CC2605A781E789446002A1ED14825BD
:1063800000213D4F6A1AD30F9B185B105B181A014E
:10639000BA1814682078B04207D00AD91D00A94263
:1063A000F0D1002080BCB846F0BD6078604546D092
:1063B000F4D8591CF3E700239C46E0E79A1CC2601E
:1063C0005B789C46762E22D11D00303DEBB2092B26
:1063D000D5D8FFF759FA434642465B6992690100F6
:1063E0009342DEDA40469A000069D2189200801883
:1063F0004446002201334260826063610029D0D0AC
:106400003323426082600370C5600161CAE7632E76
:10641000B5D1762BB3D1036B456B5A4253414363DD
:10642000FFF768FB43465B6B0200002B1DD0002387
:1064300035214046FEF74EFF43465D63B2E74346D3
:1064400041465B6989698B42ABDA40469900006935
:10645000C91889004018002141608160414601331C
:106460004B613223C26003709CE700233421404615
:10647000FEF730FFE0E7C046284B0310F8B5C368CD
:1064800004001A781100303909295ED911006139E8
:10649000192912D8056B6F2A00D19CE02000FFF764
:1064A0005FFF2563061E02D00378322B67D0E368B6
:1064B0001978422950D03000F8BD11004339012924
:1064C00000D891E04C2A78D0552A00D081E05A7843
:1064D0006C2A00D1D0E0742A7BD15A1CC260597852
:1064E000742900D0FEE09D1CC5609B785F2B00D115
:1064F0003BE16E2B6DD0FEF74DFF013000D530E152
:10650000E56829785F2900D03AE16269A1696B1CCE
:10651000E3608A4200DB1DE1910026698918890049
:106520007618002101327160B160626149223270D7
:10653000226A616AF0608A4200DB0BE1E169900047
:106540000132465022626978B3E7FFF79DF9E368AC
:10655000060019784229AED1A56A0133E360200014
:10656000FFF792F9320003004D212000FEF7B2FE42
:10657000E368060019784229EFD0A5629BE7C2685C
:10658000E36A916807335B18E36213681A786C2A30
:1065900000D08CE75A78692A00D088E79B78002BD6
:1065A00000D084E72000FFF76FF9320003003721A5
:1065B0002000FEF78FFE060079E70133C360FFF786
:1065C00063F9061E05D02000FEF74AFF002800D020
:1065D0006DE700266FE75A786E2A00D05EE7023337
:1065E000C3600023036359E7856A002D04D029782E
:1065F00000290CD018290AD0432A76D0597830398E
:10660000C9B2052935D86148890041588F462969A2
:10661000E26A5218E26219780A00432965D04429D7
:10662000ECD0002645E702206269A1699F1CE76063
:106630008A4200DB91E0910026698918890076186A
:10664000002101327160B1606261002D00D184E0EF
:1066500008227160B16032703073356199783B0007
:1066600027E70520E0E70420DEE70320DCE7012040
:10667000DAE7110000261CE75A1CC26059786C2921
:1066800030D10233C360FFF7BBFDE3680500197822
:106690000028C6D04529C4D15F1CE7605B785F2B1A
:1066A00069D06E2B95D02000FEF774FE013058D4CF
:1066B000E76839785F2966D16269A1697B1CE3606C
:1066C0008A425ADA910026698918890076180021D1
:1066D00001327160B16062614722F56032703061F1
:1066E0007978E6E613000026E3E65A78492A20D0B6
:1066F00011003139042900D96BE7303A0233D7B29F
:10670000E3606269A1698A422CDA910026698918DE
:1067100089007618002101327160B1606261002D3C
:1067200020D007227160B1603270377335611978FB
:10673000BFE6581CE0609A7811003139042916D858
:106740000333303AE3602000D7B2FFF7D3F9A56AEC
:10675000E368D6E700266978ABE6997800263B0027
:10676000A7E6E36800261978A3E60020CDE659786D
:10677000002603009DE600209EE70026797898E633
:106780002B00002695E63B00002692E65C3D0310B8
:10679000F8B5C268040013784C2B32D1531CC36087
:1067A00051785F294CD05A2912D15A1CE2605B788B
:1067B000472B3ED0542B3CD00021200001F032F872
:1067C0000500E3681A78452A1BD10133E36019E01C
:1067D000FFF790F9051E14D00378E668272B13D035
:1067E00032783D216E2A52D0452A58D0731C06E0DB
:1067F000E360180001335A1E1278452A27D0002A78
:10680000F6D100252800F8BDC3681A7C002A03D001
:10681000E26A5968521AE2622349186806F0C2FD1A
:1068200032780028DDD1452A3BD06E2A2FD03D2179
:10683000DCE7200000F098FCE36805001A78C2E766
:10684000931CC360927800255A2ABCD1ADE7801B07
:106850006269A3699A4220DA97002369BF18BF00D2
:10686000DB19002701325F609F606261002E14D047
:10687000002812DD5F609F601F70DE6018612A00D3
:106880002000FEF727FDE36805001A789BE7731CDC
:10689000E36072783E211E00A6E70023EFE70020A8
:1068A000D6E70136E660ADE7743D031070B5C26807
:1068B000040013784C2B1DD007D8493B012B15D869
:1068C0000132C26000F01CF870BD582B0ED10132AD
:1068D000573B056BC260036300F0C2F8E3682563B1
:1068E0001A78452A09D10133E360EDE72000FFF76C
:1068F00001F9E9E7FFF74CFFE6E70020E4E7C046CF
:1069000070B5C36804001A78866A82B0452A1ED022
:10691000002301AD01930DE000232F212000FEF79D
:10692000D9FC286000280AD0E36810301A780500E6
:10693000452A07D02000FFF7B9FF021EECD1002046
:1069400002B070BD01330198E360A662F8E701333D
:1069500000222F21C3600023FEF7BCFCF0E7C046F5
:10696000F0B5C64600B5C268050014780F00002CCB
:1069700025D03A4B00269846303CE4B24A2C1ED82B
:106980004346A4001B599F462800FEF709FF030059
:10699000002E2BD11E00EA681478452C10D0002F51
:1069A0000BD0002E0BD02B6A696A8B4207DAE9699B
:1069B0009800013346502B621478002CDCD100265D
:1069C000300080BCB846F0BD2800FFF757FD03003B
:1069D000002EDFD0320001212800FEF77BFC0600EC
:1069E000D9E7FFF787F80300002ED3D0012132004A
:1069F0002800FEF76FFC0600CDE701212800FEF716
:106A0000B9FF0300002E25D0320001212800FEF737
:106A100061FCEA6806001478CFE7002ECFD0531C43
:106A2000EB6054781A00C8E7002EC8D00132280065
:106A3000EA60FFF765FF04210300D8E753782022BE
:106A400028009343542BCCD0FFF718FD0300002EF1
:106A5000CCD19FE7EA681E001478AEE7883D0310AA
:106A6000F0B5C64600B5C268040013784C2B00D1BF
:106A700012E1542B00D113E1732B27D0662B61D088
:106A800019003039092946D96F2B3FD0692B00D026
:106A900059E253786C2B20D100250232C260137862
:106AA000002B00D1F6E05378002B00D1F2E0452115
:106AB000200000F069FA2A00030031212000FEF7CF
:106AC00009FC0500280080BCB846F0BD5378722B45
:106AD00000D140E1702B00D168E12000FFF740FCBD
:106AE000051E00D1D6E00378322B5ED0332B00D1C7
:106AF000C8E0342B00D0CDE0E3681A785F2A00D1DB
:106B000021E12000FFF7ACFF030062E053786E2B19
:106B1000E3D10232C2602000FFF7B0FC051E00D1B5
:106B2000B8E0E3681A78492ACCD10133E360200049
:106B3000FFF7E6FE2A00030004212000FEF7CAFB4F
:106B40000500BFE75378702BC7D1931CC3609378BF
:106B5000542B00D121E15F2B00D1ADE06E2B00D191
:106B600098E0FEF717FC411C00D593E0E3681A7823
:106B70005F2A00D08EE00133E360B84B994200D128
:106B800088E002306369A269934200DB82E09A00E8
:106B90002569D2189200AD18002201336A60AA60FC
:106BA00063610623E8602B708CE7C168E36A8A683A
:106BB0000F68023A9B18E3623B78732B10D17A7806
:106BC000742A0DD1BA78002A0AD12000FEF792FF6C
:106BD00003002A0037212000FEF77CFB050071E747
:106BE000CE68022E77D020DC002E5DD0012E51D150
:106BF0003A78702A64D06D2A62D00026732B00D0B8
:106C0000CFE07B78502B00D0CBE0BB78002B00D0BE
:106C1000C7E02000FFF774FE0300002ED9D01A0051
:106C200039212000FEF756FBD2E7032E32D1712B1B
:106C300000D0E0E07A78752A00D0DCE0BA78002A4B
:106C400000D0D8E02000FFF70BFF06002000FFF780
:106C500007FF07002000FFF703FF031E1AD03A00CA
:106C60003C212000FEF736FB320003003B212000D0
:106C7000FEF730FB2A0003003A212000FEF72AFB32
:106C800005001FE7C368012B00D13AE7022B01D0B2
:106C9000002B09D0002515E7FFF77AFD050011E765
:106CA000FEF77EFD05000DE72A00002336212000B7
:106CB000FEF710FB050005E70332C260012061E723
:106CC0007978914299D1E26811785F2996D10132A1
:106CD000E2603B7891E7EB681B685A78632A00D141
:106CE000F4E03B78662B00D114E1642B00D008E17E
:106CF0007B78692B00D004E1BB78002B00D000E149
:106D00002000FFF7BBFB80463B78632B00D0A9E057
:106D10007A786C2A00D0A5E0BA78002A00D0A1E0E9
:106D20004521200000F030F90600330042463921A9
:106D30002000FEF7CFFA2A00030038212000FEF7DA
:106D4000C9FA0500BEE60133E3604521200000F0EA
:106D50001BF903003DE7931CC3609378826B002A04
:106D600006D0552B43D8422B2CD8303B092B2FD99A
:106D70002000FEF7BFFE06002000FFF77FFBE36860
:106D800005001A78492A00D193E02B003200012136
:106D90002000FEF79FFA050094E60332C26000204F
:106DA000F0E62000FFF75CFE030036E70232C26027
:106DB000FFF756FE002302004C212000FEF78AFA5E
:106DC00005007FE6264A433BDBB2DA40D207CFD547
:106DD00001235B42A36300212000FFF7C1FDE368AC
:106DE00006001A78452AC7D10133E360C4E7613B46
:106DF000192BBDD8ECE7642B06D17B78582B03D137
:106E0000BB78002B00D11DE73B78662B00D186E0D4
:106E10006E2B00D03EE77B78772B02D0612B00D021
:106E200038E75F21200000F0AFF806002000FEF7F1
:106E300061FEE36807001A78452A00D17FE0702AD6
:106E400071D0692A00D025E75B786C2B00D021E750
:106E50002000FFF705FE030001E7C046FFFFFF7FAC
:106E600001020400642B3FD17A78742A3CD1BA78AD
:106E7000002A39D1E3681A78672A47D0732A02D1E9
:106E80005B78722B38D02000FFF7F8FAE368060031
:106E90001A78492A00D048E70133E3602000FFF761
:106EA0002FFD3200030004212000FEF713FA060034
:106EB0003BE70133E3602000FFF722FD2A000300D7
:106EC00004212000FEF706FA05005EE71B781A0091
:106ED000723A012A03D9633B012B00D901E7200054
:106EE000FEF708FE80460FE7702B05D17B78742BE8
:106EF00002D1BB78002BBDD02000FFF7B1FD06000A
:106F000013E72000FFF7ACFD8046FDE65B78732BAE
:106F1000B9D1F1E72000FFF723FA8046F4E620001C
:106F2000FFF71EFA91E65A78692A00D0B2E60233DA
:106F3000E3604521200000F027F803008FE60133CD
:106F4000E36000238BE6742B12D0752B00D0C4E5D0
:106F50000132C260FEF798FC05002000FFF7D0FC6C
:106F60002A0003003F212000FEF7B4F90500A9E53F
:106F700053786C2B00D0B0E50232C260FEF7BAFD48
:106F8000E26805008BE5C046F0B5C646002300B5B3
:106F900082B00193C36804001A780E008A4223D09D
:106FA000036B0127984601AD0DE000232E21200040
:106FB000FEF790F9286000280DD0E36810301A78A9
:106FC0000500B2420CD020002763FFF749FD43467D
:106FD000021E2363E9D1002002B080BCB846F0BD98
:106FE00001330198E360F7E7013300222E21C360EB
:106FF0000023FEF76FF9EFE7F0B5DE4657464E4641
:107000004546E0B5C56804008A4693461B232E78A2
:1070100083B0002A00D01E235A46DBB201931A2304
:10702000002A00D01D235A46DBB299461923002AB4
:1070300000D01C23DBB2984657461DE0562E39D0AF
:107040004B2E3DD06B78002B2BD0AB1CE3606B78C4
:10705000782B3BD06F2B5AD1E36A50210933E3627E
:10706000002300222000FEF735F93860002818D0F0
:107070000C300700E5682E782800FEF7B5FA0028E6
:107080002AD06B1CE360722ED8D1E36A41460933E3
:10709000E362002200232000FEF71CF9386000287C
:1070A000E6D10027380003B0F0BCBB46B246A94683
:1070B000A046F0BDE36A49460933E3620023D0E706
:1070C000E36A01990633E3620023CAE7E36A4E21CB
:1070D0001133E3620023C4E75B46002BE2D1462E66
:1070E000E0D15745DED01D241C211E3006E0192BAF
:1070F00037D00C239A4692445745D3D053461A684A
:1071000013781A2B2BD01B2BF1D11070F1E74F2BDA
:1071100013D1E36A256B0933E36201232000236363
:10712000FFF79EFC2563031EBBD0E268117845295A
:10713000B7D10132E2600B3193E7772BB1D1E36A2B
:1071400020000633E362FFF75BF8031EA9D0E26874
:1071500011784529A5D10132E2600C3181E7147024
:10716000C7E71170C5E7C046C16AF8B50B00143314
:10717000C362C36804001A78542A00D17EE0472A0B
:1071800057D15A1CC2605A78002A52D09A1CC26049
:107190005A78542A00D199E04DD9562A00D18CE072
:1071A000722A46D1FEF7F6F8012842DDE3681A7824
:1071B000002A3ED05D1CE5601A785F2A39D15B78E1
:1071C000461E002B35D000200021242B00D09BE050
:1071D0006B78532B00D194E15F2B00D18FE1242BEE
:1071E00027D12427E5686269A36902359A4200DB4A
:1071F0008FE191002369891889005B180021013211
:1072000059609960626142221A7002001800DF60C2
:10721000023EE560002A06D0030041212000FEF76F
:1072200059F8002805D0002E00DC8EE12B78002BC9
:10723000CAD1002021E0412A30D0522AF9D100F0F1
:107240008DF96369A2690600934200DB81E00022A8
:1072500099002569C91889006D1801336A60AA6010
:107260006361432320002B70FEF794F8E8602B0045
:10727000320016212000FEF72DF8F8BD5A1CC2601E
:107280005A78002AD5D09A1CC2605B78413BDBB2A9
:10729000352BCED8B04A9B00D3589F469B78472BBE
:1072A00001D0542B50D12000FFF75EFF02000023D5
:1072B00017212000FEF70EF8DFE700F04FF900235A
:1072C000020013212000FEF705F8D6E79A78002A7D
:1072D00000D118E1DA1CC2609A78DB786E2A3AD0C5
:1072E000472B02D0542B00D00DE12000FFF73CFFCC
:1072F000020000234A212000FDF7ECFFBDE7242B0C
:1073000005D00131B14202D06B5C002BF7D162692C
:10731000A3699A4200DBFFE097002369BF18BF0012
:10732000DB19002701325F609F606261002900D194
:107330007FE71F70DD60E56802005F6018009F60F6
:1073400019616D18761A64E7002100F06BFA0200EB
:10735000ADE700258BE7472B00D1ECE0542B00D1A3
:10736000E9E0002100F05EFA020000234B2120003A
:10737000FDF7B0FF81E77621FEF74CF8002800D139
:1073800057E7E3681B78472B00D1CFE0542B00D19F
:10739000CCE00021200000F045FA0200002310217B
:1073A0002000FDF797FF68E70A31C162FEF7A2FBF4
:1073B000002302000A212000FDF78CFF5DE7682111
:1073C000FEF728F8002800D133E7E3681B78472B45
:1073D00000D1A6E0542B00D1A3E00021200000F052
:1073E00021FA020000230F212000FDF773FF44E77C
:1073F0000021FEF70FF8002800D11AE70021200035
:10740000FEF708F8002800D113E7E3681B78472B44
:1074100000D195E0542B00D192E00021200000F033
:1074200001FA0200002311212000FDF753FF24E799
:1074300000F094F80023020014212000FDF74AFF19
:107440001BE700F08BF80023020015212000FDF758
:1074500041FF12E70F31C162FEF74CFB002302002F
:1074600009212000FDF736FF07E7FEF743FB002365
:10747000020012212000FDF72DFFFEE6FEF73AFB89
:10748000002302000C212000FDF724FFF5E6FEF7A3
:1074900031FB002302000D212000FDF71BFFECE66D
:1074A000FEF728FB05002000FDF774FF002800DA36
:1074B000BFE6E26813785F2B00D0BAE60132E260E3
:1074C0002000FEF717FBE36A02000533E3620B219D
:1074D0002B002000FDF7FEFECFE6FFF7E7F90023C3
:1074E000020030212000FDF7F5FEC6E6FEF702FBA4
:1074F000002302000E212000FDF7ECFEBDE62E2742
:1075000070E62F276EE60021200000F08BF90200C4
:10751000EFE60020E560B0E6E36800205B18E3607A
:10752000ABE62000FFF720FE02005BE72000FFF73C
:107530001BFE020032E72000FFF716FE020014E7F0
:107540002000FFF711FE02006CE70200002340213B
:107550002000FDF7BFFE90E6B43E0310F0B5C6462E
:1075600000B5C2680400137882B0552B59D01DD8DD
:107570004E2B00D1B1E0532B5BD15378742B00D14B
:1075800070E00021FEF7F6F9E26805001378492B58
:107590004AD101322000E260FFF7B2F903002A006D
:1075A00004212000FDF796FE05003DE05A2B40D156
:1075B000531CC3605378472B02D0542B00D0A9E052
:1075C0002000FFF7D1FD0500002D00D183E0E36826
:1075D0001A78452A00D07EE05A1CE2605A78732A55
:1075E00000D1F9E0642A00D1B2E02000FFF7B6FF35
:1075F000061E00D1EEE0FD220378473B134204D083
:107600002000FDF72DFF002865D02B78032B00D13B
:10761000D8E02A00330002212000FDF75BFE0500C0
:1076200002E0FEF72BFF0500280002B080BCB84640
:10763000F0BD2000FEF722FFE26805001378492B19
:10764000F2D1002847D0236A616A8B4243DAE169AC
:1076500098000133455023621178002349390129EC
:1076600097D99CE70232C26043698269934200DB8A
:10767000CEE09A00D21801334361002305699200DD
:10768000AD186B60AB602B70644BEB6003232B6118
:107690002000FEF7F3FE2A00030001212000FDF781
:1076A00019FEE36AE2680333E36213780500492BAD
:1076B000BAD100280FD0236A616A8B420BDAE169E4
:1076C000980001334550236211780023493901297C
:1076D00000D964E75DE70025A6E70132C26001A991
:1076E0000122FFF789FC051EF5D0E3681A78522ABB
:1076F00064D04F2A13D001212000FFF731F9286010
:107700000028E8D0E3681A78452AE4D10133019DC6
:10771000E36089E7002100F085F8050054E72021A7
:10772000E26A03320133E262E360002200232000B8
:10773000FDF7D0FD012106002000FFF711F92860B8
:107740000028C8D0002EDDD0019B0196F360D9E758
:107750009A1CE2609B785F2B5CD06E2BBBD0200024
:10776000FDF718FE431CB6D4E268984613785F2BE9
:10777000B1D101322000E260FFF7F0FE071E09D010
:10778000FD220378473B134204D02000FDF768FE3A
:107790000028A0D06369A26993421BDA9A00266987
:1077A000D2189200B618002201337260B260636191
:1077B000482333704346F760336126E7E26A1F21AE
:1077C0000232AFE72B691A78292A00D021E700227C
:1077D000DA601EE7002618E702332000E360FDF7B9
:1077E0003FFE002800D176E76369A2699342F1DA8F
:1077F0009A00D21801336361002326699200B618FB
:107800007360B3603370064BF3600E233361FCE6A4
:1078100000253DE700239846ABE7C0469C3F031098
:107820008C3F031070B505000E00FFF797FE041E95
:107830001CD0002E1DD0AB68DB071AD423784E2B4A
:107840003CD038D81A001C3A042A37D9022B0ED162
:107850002269002A0AD013784E2B03D03DD81C3B56
:10786000042B04D8D2682261002AF4D1002420001D
:1078700070BDEB681B78002BF9D0452BF7D02200A8
:107880001378042B2DD01BD8022B02D11269002AA9
:10789000F6D100212800FEF7F5FC031EE6D0002EED
:1078A00002D12278022A30D0220003212800FDF7DD
:1078B00011FD0400DBE7503B012BD8D8E468BDE79D
:1078C0004E2B03D004D9503B012BE2D8D268DEE71F
:1078D0001C3B042BDDD8D268D9E7503B012BC6D81E
:1078E000C0E7D368002B0AD01978082909D80629DF
:1078F000CFD80139012902D81B69002BF4D101210D
:10790000C8E735394B1E9941C4E70278292ACBD103
:10791000C660C9E7F0B54546DE4657464E46E0B577
:107920000400150095B0002A26D08C235B00C758B0
:10793000002F25D11678512E6BD8DC4AB300D358CE
:107940009F462900FDF78AFE021E15D003782F2BD3
:1079500001D001F0D3FEF533E358002B01DA01F03A
:10796000CDFE002B01D101F0C4FE1269013B002ABB
:1079700002D011782F29F4D08C2301225B00E25031
:1079800015B0F0BCBB46B246A946A046F0BD8A235E
:107990005B00C1588A2304AE5B00E65000230491CB
:1079A000B3601133FF33E3587560F360EB689846BA
:1079B00042461121200002F003FCB368002B01D1E4
:1079C00001F0ABFD8A23049A5B00E250002FD7D070
:1079D0005246043BE250D3E78A235B00C15800299A
:1079E00001D102F080FB0B0002E01B68002BD1D01C
:1079F0009A68002AF9D15A681278100019380228BA
:107A0000C8D89642F1D111212000EA6802F0D8FBD3
:107A1000B6E78C2301225B00E250B1E71121EA684E
:107A200002F0CEFB2000A249FDF77EFE2F693B78D5
:107A3000482B01D102F040F83A001121200002F059
:107A4000BFFB9DE7EA681378272B01D001F04EFEBB
:107A5000D3681F7C062F01D901F09DFD002F01D0B6
:107A600002F048F980235B00E358FF2B01D102F0BC
:107A7000DDF8591C80267600A1512821E15482238B
:107A80005B00E1542000173902F09AFBA359FF2B49
:107A900001D102F0F4F8591C80225200A150D73ACB
:107AA000E25482235B00E2542B783E2B01D102F09A
:107AB000E0F8082F01D102F0CDF8112120002A6949
:107AC00002F07EFB5CE7EA68002A02D0112102F096
:107AD00077FB2B69002B00D152E780277F00E65906
:107AE000FD2E01D901F0FDFE724FBB1C994600230B
:107AF0009A460D33FF339B4633002E000EE01A00EA
:107B00000133802149006350A5548222013752007D
:107B10008846A554B94501D101F006FD3D78FF2BFB
:107B2000EDD15246E2545B46E25884235B00E358B1
:107B3000FF212000984794225200A3580133A350FC
:107B400001230022DDE78A2304AE5B00C258C65041
:107B5000002306931133FF33C358049211212A697D
:107B60000793059502F02CFB069B002B01D101F039
:107B700073FE8A23049A5B00E25001E7EB689846A3
:107B800090235B00C3584046994643464A461B78BB
:107B9000002A04D10027052B01D102F0E1F8232BA4
:107BA00001D101F0F3FC8A225200A1589E4201D17A
:107BB00001F0ECFC242B01D101F012FA8A2304AE6F
:107BC0005B00E258E65000230492B3601133FF33A8
:107BD000E3587560F360EBE6EA68112102F0F0FA11
:107BE000354E8023721D9146002293460D325B0074
:107BF000FF329246E3580EE01A000133802149001B
:107C00006350A7548222013652008846A7544E453D
:107C100001D101F06AFB3778FF2BEDD15A46E254CF
:107C20005346E25884235B00E358FF212000984725
:107C300094225200A3580133A35001230022DDE710
:107C4000EB6819009B46FDF729FD0021002808D1AB
:107C500002F0E3F8C368002B06D000690131002868
:107C600005D003782F2BF5D0002900D188E64B1ED4
:107C7000D94600938B4603E001375F4500D17FE68C
:107C800092235B00E7504A461121200002F098FA47
:107C9000009B9F42F0DA074D8023AA1C9046862263
:107CA0005B0052009246E35813E0C046284203109E
:107CB000A83F031048410310A03F031019000133EF
:107CC00080225200A350013504326654A654A845C0
:107CD000D2D02E78FF2BF1D10022E2545346E25845
:107CE00084235B00FF21E358200098479422520030
:107CF000A35800210133A3500123E1E71A22904643
:107D00000022802393460D32FF32E74E92465B00FD
:107D1000043A9146C358B0440DE01A000133802163
:107D200049006350A754822201365200A754B0453F
:107D300001D101F027FB3778FF2BEED15A46E254F0
:107D40005346E2584B46FF21E358200098479422BF
:107D50005200A3580133A35001230022DFE7192268
:107D600090460022802393460D32FF32CF4E92463A
:107D70005B00043A9146C358B0440DE01A00013349
:107D8000802149006350A754822201365200A75433
:107D9000464501D101F0EFFA3778FF2BEED15A4674
:107DA000E2545346E2584B46FF21E35820009847DF
:107DB00094225200A3580133A35001230022DFE78D
:107DC000162290460022802393460D32FF32B84E91
:107DD00092465B00043A9146C358B0440DE01A0045
:107DE0000133802149006350A7548222013652009A
:107DF000A754B04501D101F0B7FA3778FF2BEED187
:107E00005A46E2545346E2584B46FF21E3582000BD
:107E1000984794225200A3580133A3500123002213
:107E2000DFE7132290460022802393460D32FF3273
:107E3000A04E92465B00043A9146C358B0440DE010
:107E40001A000133802149006350A7548222013671
:107E50005200A754B04501D101F07FFA3778FF2BCB
:107E6000EED15A46E2545346E2584B46FF21E358BE
:107E70002000984794225200A3580133A3500123B5
:107E80000022DFE70F2290460022802393460D3226
:107E9000FF32894E92465B00043A9146C358B04483
:107EA0000DE01A000133802149006350A75482225B
:107EB00001365200A754B04501D101F071FA37786C
:107EC000FF2BEED15A46E2545346E2584B46FF216F
:107ED000E3582000984794225200A3580133A3503E
:107EE00001230022DFE71A229046002280239346D6
:107EF0000D32FF32714E92465B00043A9146C358F0
:107F0000B0440DE01A000133802149006350A754AA
:107F1000822201365200A754B04501D101F039FA4E
:107F20003778FF2BEED15A46E2545346E2584B467F
:107F3000FF21E3582000984794225200A3580133B0
:107F4000A35001230022DFE7112290460022802364
:107F500093460D32FF325A4E92465B00043A9146E8
:107F6000C358B0440DE01A0001338021490063502A
:107F7000A754822201365200A754B04501D101F026
:107F800016FA3778FF2BEED15A46E2545346E258A0
:107F90004B46FF21E3582000984794225200A358F3
:107FA0000133A35001230022DFE71522904600226F
:107FB000802393460D32FF32424E92465B00043AD4
:107FC0009146C358B0440DE01A00013380214900A6
:107FD0006350A754822201365200A754B04501D104
:107FE00001F098F93778FF2BEED15A46E254534608
:107FF000E2584B46FF21E358200098479422520054
:10800000A3580133A35001230022DFE78A235B003A
:108010009846C35804AE049399464346C65000237D
:10802000B3601133FF33C3580122F3604B4601277D
:1080300094467560002B01D102F03BF8AB46B24686
:1080400000901CE09A68002A16D1032F01D901F094
:108050007AFD524618003901521870C870C2006883
:10806000544610604246009801378258625042469A
:108070005144815062469A601B68002B04D05A68B4
:108080001278193A022ADDD95D46009C2A6911212D
:10809000200002F095F88A2356464A465B00E250DB
:1080A000B368002B18D06BE414410310CC400310CC
:1080B000B4400310A040031090400310744003101C
:1080C000604003105C400310013F3B01F318112195
:1080D00020005A6802F0A2F8012FF5D18A235B0034
:1080E0002A0011212000E35802F054FE48E48A26B9
:1080F000EA6876008359002A16D004930023069379
:108100001133FF33C35804AF1121875107930595ED
:1081100002F056F8049BA351069B002B00D02FE4DD
:1081200020212000FDF778FA8A235B002A00112124
:108130002000E35802F0C4FB22E41121EA6802F0B7
:108140003FF81DE4112290460022802393460D3211
:10815000FF32ED4E92465B00043A9146C358B0445C
:108160000DE01A000133802149006350A754822298
:1081700001365200A754B04501D101F046F83778D6
:10818000FF2BEED15A46E2545346E2584B46FF21AC
:10819000E3582000984794225200A3580133A3507B
:1081A00001230022DFE71522914600228023934617
:1081B000D64E0D325B00FF329246C358B1440EE0FA
:1081C0001A000133802149006350A75482220136EE
:1081D00052008846A754B14501D101F036F93778ED
:1081E000FF2BEDD15A46E2545346E25884235B00FC
:1081F000E358FF212000984794225200A3580133EE
:10820000A35001230022DDE790235B00C358002B1D
:1082100001D1FFF796FBBE4E8023721D91460022CE
:1082200093460D325B00FF329246C3580EE01A00AF
:108230000133802149006350A75482220136520045
:108240008846A754B14501D101F0C7F93778FF2B13
:10825000EDD15A46E2545346E25884235B00E3587A
:10826000FF212000984794225200A3580133A350C5
:1082700001230022DDE7A4235B00C758C550343B2F
:10828000C258112190460022C250EA6801F098FFBE
:1082900082235B00E35C3C2B01D101F087FC80234F
:1082A0005B00E358FF2B01D101F06DFC591C8022CB
:1082B00082265200A1507600C43AE254A255112100
:1082C00020002A6901F07CFFA35D3E2B01D101F063
:1082D00054FC80235B00E358FF2B01D101F03AFCF2
:1082E000591C80225200A150C23AE25482235B0002
:1082F000E25442461033E2503433E750FFF740FB7C
:108300002F69EA68002F01D1FFF73AFB1500D71952
:108310000022802392460D32FF3291465B00043AE0
:108320009046C3580DE01A00013380214900635084
:10833000A654822201355200A654AF4201D1FFF764
:108340001FFB2E78FF2BEED15246E2544B46E258EB
:108350004346FF21E3582000984794225200A35837
:108360000133A35001230022DFE7EA68112101F065
:1083700027FF112120002A6901F022FFFFF700FBEF
:10838000122290460022802393460D32FF32614E26
:1083900092465B00043A9146C358B0440DE01A007F
:1083A0000133802149006350A754822201365200D4
:1083B000A754464501D101F041F83778FF2BEED1A3
:1083C0005A46E2545346E2584B46FF21E3582000F8
:1083D000984794225200A3580133A350012300224E
:1083E000DFE70D2290460022802393460D32FF32B4
:1083F000494E92465B00043A9146C358B0440DE0A2
:108400001A000133802149006350A75482220136AB
:108410005200A754B04501D101F009F83778FF2B7D
:10842000EED15A46E2545346E2584B46FF21E358F8
:108430002000984794225200A3580133A3500123EF
:108440000022DFE718229146002280239346334E14
:108450000D325B00FF329246C358B1440EE01A0061
:108460000133802149006350A75482220136520013
:108470008846A754B14501D100F0A0FF3778FF2B03
:10848000EDD15A46E2545346E25884235B00E35848
:10849000FF212000984794225200A3580133A35093
:1084A00001230022DDE70822904600228023934624
:1084B0000D32FF321A4E92465B00043A9146C35881
:1084C000B0440DE01A000133802149006350A754E5
:1084D000822201365200A754B04501D101F00FF8B5
:1084E0003778FF2BEED15A46E2545346E2584B46BA
:1084F000FF21E3582000984794225200A3580133EB
:10850000A35001230022DFE700410310E8400310DD
:10851000C03F0310344003102440031000400310F8
:10852000F43F03100B2290460022802393460D3225
:10853000FF32EC4E92465B00043A9146C358B04479
:108540000DE01A000133802149006350A7548222B4
:1085500001365200A754B04501D100F0F7FE37783C
:10856000FF2BEED15A46E2545346E2584B46FF21C8
:10857000E3582000984794225200A3580133A35097
:1085800001230022DFE780235B00C358FF2B01D1CA
:1085900001F0E0F9591C80225200A150823AE254C5
:1085A00082235B00E254112120002A6901F008FEB9
:1085B000FFF7E6F911212A6901F002FEFFF7E0F961
:1085C0008A235B00C258EF6891460022C250002FF8
:1085D00001D101F00AFC88235B00C258002304AEDD
:1085E000310000209C460095086060464F6088601E
:1085F000581C834638788A46CA604E2801D100F05C
:108600000BFD01D900F0FFFC1C256D42A8468044FB
:108610004546042D01D800F0FFFC98468A235B00F4
:10862000009DE150022801D101F0C6FA042805D1CD
:10863000882302925B0002AAE250039711212000D6
:108640002A6901F0BDFD3B78042B03D1029A0D335A
:10865000FF33E2505B461D0180235B0098460433E4
:1086600020279A460C3D75190C3E6B68002B01D1F2
:1086700000F075FF103DAE42F7D18A234A465B00F9
:10868000E250FFF77DF92B691A783B2A01D0FFF7FA
:1086900073F91B691B783C2B01D0FFF76DF92A0099
:1086A000112102F02BFF002801D0FFF769F92A0001
:1086B0001121200003F068F8002801D0FFF760F9CD
:1086C0002B69EE68DF681B698749DA681D69F36802
:1086D0009046186804F066FE002801D001F043FDC2
:1086E0003A002000112102F077FE32002000112113
:1086F00002F04CFC42462000112102F06DFE2000E9
:108700007A49FDF711F82A001121200002F064FED9
:10871000FFF736F90A229146002280239346744ED1
:108720000D325B00FF329246C358B1440EE01A008E
:108730000133802149006350A75482220136520040
:108740008846A754B14501D100F0B3FD3778FF2B1F
:10875000EDD15A46E2545346E25884235B00E35875
:10876000FF212000984794225200A3580133A350C0
:1087700001230022DDE70E2290460022802393464B
:108780000D32FF325B4E92465B00043A9146C3586D
:10879000B0440DE01A000133802149006350A75412
:1087A000822201365200A754B04501D100F07AFD73
:1087B0003778FF2BEED15A46E2545346E2584B46E7
:1087C000FF21E3582000984794225200A358013318
:1087D000A35001230022DFE71121EA6801F0F0FC39
:1087E00080235B00E358FF2B01D101F02DF95A1CC7
:1087F00080267600A2512822E25482235B00E254B4
:10880000112120002A6901F0DBFCA359FF2B01D1C3
:1088100001F007F9591C80225200A150D73AE254C6
:1088200082235B00E254FFF7ABF880235B00C35860
:108830002D7BFF2B01D101F01BF9591C8022520026
:10884000A150E55482235B00E554FFF799F81D22FF
:1088500090460022802393460D32FF32264E9246E8
:108860005B00043A9146C358B0440DE01A0001334E
:10887000802149006350A754822201365200A75438
:10888000B04501D100F02AFD3778FF2BEED15A46D2
:10889000E2545346E2584B46FF21E35820009847E4
:1088A00094225200A3580133A35001230022DFE792
:1088B000EA68124904A8F5F7EBFA04A804F00CFEE4
:1088C000002801D1FFF75CF80022802392460D3288
:1088D000FF3291465B0004AD043A9046E3582F18EE
:1088E0001CE0C046E83F03107041031074410310C0
:1088F0009C4103108C410310BC410310B43B031096
:108900001A000133802149006350A65482220135A8
:108910005200A654BD4201D1FFF732F82E78FF2B4A
:10892000EED15246E2544B46E2584346FF21E3580B
:108930002000984794225200A3580133A3500123EA
:108940000022DFE71222AB5E002B01D000F08BFF8C
:10895000EA68E14BD168994213D01121200001F05F
:108960002FFC80235B00E358FF2B01D101F060FA5C
:108970008022591C5200A150E03AE25482235B004D
:10898000E2541022AB5E002B01D100F061FE20000A
:10899000D249FCF7C9FEFEF7F3FF2B691B78392B90
:1089A00001D0FEF7E9FFEA68D3681B6859786329AC
:1089B00001D101F077F92A001121200002F09EFD7B
:1089C000002801D0FEF7DCFF2A001121200002F070
:1089D000DBFE002801D0FEF7D3FFEB681A78322ABD
:1089E00001D101F053FBBE4ADB68110018689046C4
:1089F00004F0D8FC2B69DA68002804D11378032B23
:108A000001D101F0A1FB1121200002F0E5FCEF688B
:108A1000B449FB681E68300004F0C4FC002801D192
:108A200001F065FB4146300004F0BCFC002801D099
:108A300001F06DFB2B69112120001A6902F0CCFCBA
:108A4000EB681A78322A01D0FEF79AFFDB689A6841
:108A5000012A01D0FEF794FF5B681B783E2B01D002
:108A6000FEF78EFF29212000FCF7D6FDFEF788FFD8
:108A7000EA68112101F0A4FB08229146002280231C
:108A80009346994E0D325B00FF329246E358B14453
:108A90000EE01A000133802149006350A75482225E
:108AA000013652008846A7544E4501D100F039FCEA
:108AB0003778FF2BEDD15A46E2545346E2588423CF
:108AC0005B00E358FF212000984794225200A358EE
:108AD0000133A35001230022DDE70E22914600223C
:108AE00080239346814E0D325B00FF329246C3587D
:108AF000B1440DE01A000133802149006350A754AE
:108B00008222013652008846A754B14500D130E395
:108B10003778FF2BEED15A46E2545346E25884236D
:108B20005B00E358FF212000984794225200A3588D
:108B30000133A35001230022DEE7082291460022E0
:108B4000802393466A4E0D325B00FF329246C35833
:108B5000B1440DE01A000133802149006350A7544D
:108B60008222013652008846A7544E4500D176E253
:108B70003778FF2BEED15A46E2545346E25884230D
:108B80005B00E358FF212000984794225200A3582D
:108B90000133A35001230022DEE71C22904600226D
:108BA000802393460D32FF32524E92465B00043AC8
:108BB0009146C358B0440CE01A00013380214900AB
:108BC0006350A754822201365200A754B04500D109
:108BD0003EE23778FF2BEFD15A46E2545346E25833
:108BE0004B46FF21E3582000984794225200A35897
:108BF0000133A35001230022E0E710229046002217
:108C0000802393460D32FF323B4E92465B00043A7E
:108C10009146C358B0440CE01A000133802149004A
:108C20006350A754822201365200A754B04500D1A8
:108C3000E4E23778FF2BEFD15A46E2545346E2582C
:108C40004B46FF21E3582000984794225200A35836
:108C50000133A35001230022E0E7162290460022B0
:108C6000802393460D32FF32244E92465B00043A35
:108C70009146C358B0440CE01A00013380214900EA
:108C80006350A754822201365200A754B04500D148
:108C9000D7E13778FF2BEFD15A46E2545346E258DA
:108CA0004B46FF21E3582000984794225200A358D6
:108CB0000133A35001230022E0E70922904600225D
:108CC000802393460D32FF320D4E92465B00043AEC
:108CD0009146C358B04422E0585003103841031065
:108CE000684103106C4103101C4203100C42031036
:108CF000FC410310DC4103104840031018410310ED
:108D0000584103101A000133802149006350A754D1
:108D1000822201365200A754464500D18AE13778B5
:108D2000FF2BEFD15A46E2545346E2584B46FF21FF
:108D3000E3582000984794225200A3580133A350CF
:108D400001230022E0E7EB68002298469B68E14D92
:108D5000009380232F0093460D32FF3292465B0032
:108D6000043A9146C35808370CE01A0001338021B9
:108D700049006350A654822201355200A654AF42E6
:108D800000D149E22E78FF2BEFD15A46E2545346E8
:108D9000E2584B46FF21E3582000984794225200A6
:108DA000A3580133A35001230022E0E7EA682E69AB
:108DB000002A02D0112101F003FA80235B00E3585E
:108DC000FF2B01D100F007FE5A1C80256D00625177
:108DD0007B22E25482235B00E25411213200200006
:108DE00001F0EEF96359FF2B01D100F0E1FD591CB0
:108DF00080225200A150833AE25482235B00E25465
:108E0000FEF7BEFD1E2290460022802393460D32BF
:108E1000FF32B14E92465B00043A9146C358B044CB
:108E20000CE01A000133802149006350A7548222CC
:108E300001365200A754B04500D12CE23778FF2B01
:108E4000EFD15A46E2545346E2584B46FF21E358CD
:108E50002000984794225200A3580133A3500123C5
:108E60000022E0E7ED68002D00D0F7E39B49FCF716
:108E70005BFCFEF785FD1121EA6802F087F8FEF73A
:108E80007FFDEE682D693378322B01D100F084FC30
:108E9000342B01D100F002FD3200112102F076F8EE
:108EA0002A001121200002F097FAFEF769FD09223D
:108EB00090460022802393460D32FF32884E924620
:108EC0005B00043A9146C358B0440CE01A000133E9
:108ED000802149006350A754822201365200A754D2
:108EE000B04500D1EAE23778FF2BEFD15A46E25481
:108EF0005346E2584B46FF21E358200098479422FE
:108F00005200A3580133A35001230022E0E7EB688D
:108F1000A0CB002F01D1FEF733FD00228023924623
:108F20000D32FF3291465B00043A9046C358EF1968
:108F30000DE01A000133802149006350A6548222BB
:108F400001355200A654AF4201D1FEF719FD2E782B
:108F5000FF2BEED15246E2544B46E2584346FF21E6
:108F6000E3582000984794225200A3580133A3509D
:108F700001230022DFE72F69EA68002F01D1FEF705
:108F8000FFFC1500D7190022802392460D32FF32D4
:108F900091465B00043A9046C3580DE01A00013335
:108FA000802149006350A654822201355200A65404
:108FB000BD4201D1FEF7E4FC2E78FF2BEED15246E4
:108FC000E2544B46E2584346FF21E35820009847BD
:108FD00094225200A3580133A35001230022DFE75B
:108FE000C36804AE984600230491B3601133FF3385
:108FF000E358A650F36043467560002B01D0FEF79E
:10900000D7FCFEF7D3FC50256D42A8468044454668
:10901000012D01D9FFF701FBFF68002F01D100F0FE
:10902000E1FE5B461031042B01D100F02EFC5046CE
:10903000FFF7DAFA20002A69EF3901F0C1F8FEF7EC
:109040009FFC2000EA68EF3901F0BAF8FEF798FCBF
:109050002000EA68EF3901F0B3F8FEF791FC9026A2
:109060007600A359EA680133A3512000EF3901F0DB
:10907000A7F8A359013BA3511A4E4346B21C91468F
:10908000002293460D32FF329246E3580CE01A005C
:109090000133802149006350A754822201365200D7
:1090A0008846A754B1451FD03778FF2BEFD15A46D9
:1090B000E2545346E25884235B00E358FF2120002A
:1090C000984794225200A3580133A3500123002251
:1090D000DFE7C0464C410310C83F0310AC4103100A
:1090E00058410310084203102A69E149013204A8DB
:1090F000F4F7CEFE04A804F0EFF94346E358002845
:1091000029D0002292460D32FF32914604AD043A36
:1091100090462F180BE01A0001338021490063505C
:10912000A654822201355200A654AF4213D02E78A5
:10913000FF2BF0D15246E2544B46E2584346FF2102
:10914000E3582000984794225200A3580133A350BB
:1091500001230022E1E7FF2B00D1E9E3591C802223
:109160005200A150833AE25482235B00E254FEF79E
:1091700007FCEA68BE49013204A8F4F789FE04A896
:1091800004F0AAF94346E358002829D00022924669
:109190000D32FF32914604AD043A90462F180BE091
:1091A0001A000133802149006350A6548222013500
:1091B0005200A654AF4213D02E78FF2BF0D1524666
:1091C000E2544B46E2584346FF21E35820009847BB
:1091D00094225200A3580133A35001230022E1E757
:1091E000FF2B00D1D2E3591C80225200A150833AB8
:1091F000E25482235B00E254FEF7C2FB2000EA68DF
:10920000EF3900F0DDFFFEF7BBFB2000EA68EF3925
:1092100000F0D6FFFEF7B4FB424655682A78613A63
:10922000192A00D824E3009F7B1EEA5C202A00D183
:109230001F00002F01D1FEF7A3FB002280239246DE
:109240000D32FF3291465B00043A9046E358EF1925
:109250000DE01A000133802149006350A654822298
:1092600001355200A654BD4201D1FEF789FB2E788C
:10927000FF2BEED15246E2544B46E2584346FF21C3
:10928000E3582000984794225200A3580133A3507A
:1092900001230022DFE72000EA68EF3900F090FFA9
:1092A000FEF76EFB2000EA68EF3900F089FFFEF759
:1092B00067FB2000EA68EF3900F082FF4346E3587D
:1092C000FF2B00D1E6E3591C80225200A150D73A6F
:1092D000E25482235B00E254FEF752FB2000EA686E
:1092E000EF3900F06DFFFEF74BFB20002A69EF39E4
:1092F00000F066FF4346E358FF2B00D17FE3591C83
:1093000080225200A150A33AE25482235B00E2542F
:10931000FEF736FB2000EA68EF3900F051FFFEF758
:109320002FFB20002A69EF3900F04AFF4346E3583B
:10933000FF2B00D1EAE2591C80225200A150A33A2F
:10934000E25482235B00E254FEF71AFB2000EA6835
:10935000EF3900F035FFFEF713FB2000EA68EF3924
:1093600000F02EFFFEF70CFB2000EA68EF3900F05A
:1093700027FFFEF705FB2000EA68EF3900F020FF29
:10938000FEF7FEFA2000EA68EF3900F019FFFEF759
:10939000F7FA2000EA68EF3900F012FFFEF7F0FA62
:1093A0002000EA68EF3900F00BFFFEF7E9FA200031
:1093B000EA68EF3900F004FFFEF7E2FAEA682000FD
:1093C000EF3900F0FDFE2B4E4346321D9046002241
:1093D00093460D32FF329246043A9146E3580BE031
:1093E0001A000133802149006350A75482220136BC
:1093F0005200A754B04513D03778FF2BF0D15A460E
:10940000E2545346E2584B46FF21E3582000984768
:1094100094225200A3580133A35001230022E1E714
:1094200020002A69EF3900F0CBFEFEF7A9FA2000F0
:10943000EA68EF3900F0C4FEFEF7A2FA2000EA68FD
:10944000EF3900F0BDFEFEF79BFA2A692000EF39E4
:1094500000F0B6FE084E4346721D90460022934629
:109460000D32FF329246043A9146E35812E0C0466C
:10947000B43B03101C400310E04003101A000133FA
:10948000802149006350A754822201365200A7541C
:10949000B0453BD03778FF2BF0D15A46E2545346C3
:1094A000E2584B46FF21E35820009847942252008F
:1094B000A3580133A35001230022E1E7A4235B005A
:1094C000E358002B05D01031605804AA0490625074
:1094D0000593EA681378042B00D11BE111212000C9
:1094E00000F06EFEA4235B00E358002B01D1FEF7D1
:1094F00047FA8823049A5B00E250FEF741FA200005
:10950000EA68EF3900F05CFEFEF73AFA2000EA68FC
:10951000EF3900F055FEFEF733FA2A001121200042
:1095200000F07CFEFEF74EFA942735007F001E0007
:10953000E359200099462A69EF3900F041FEE359CA
:109540004B4501D0FEF71CFA4346E358B34201D025
:10955000FEF716FA4346023EE650FEF711FA42467F
:10956000A258FF2A01D100F046FC531C414663502B
:109570005346A754112120002A68E75400F04EFEFC
:10958000FFF778F82F2E01D0FEF718FBC36805000F
:109590009846FEF713FB072F01D0FEF763FA2B69FD
:1095A0001978002901D0FEF75DFA1969012901D067
:1095B000FEF758FA3D2E01D0FEF754FADB681B780F
:1095C000302B01D100F0F3FD312B01D0FEF74AFA28
:1095D000E949FCF7A9F8FEF7D3F9EA68E74901324F
:1095E00004A8F4F755FC04A803F076FF002801D185
:1095F000FEF7C6F90022434692460D32FF329146ED
:1096000004AD043A9046E3582F180DE01A000133D8
:10961000802149006350A654822201355200A6548D
:10962000AF4201D1FEF7ACF92E78FF2BEED15246B6
:10963000E2544B46E2584346FF21E3582000984746
:1096400094225200A3580133A35001230022DFE7E4
:109650002000CB49FCF768F8FEF792F9C949FCF7FE
:1096600063F82A00C54904A8F4F712FC04A803F023
:1096700033FF80235B00E358002829D00022924664
:109680000D32FF32914604AD043A90462F180BE09C
:109690001A000133802149006350A654822201350B
:1096A0005200A654AF4213D02E78FF2BF0D1524671
:1096B000E2544B46E2584346FF21E35820009847C6
:1096C00094225200A3580133A35001230022E1E762
:1096D000FF2B00D1D0E38022591C5200A150833AC5
:1096E000E25482235B00E254FEF74AF90027FEF7BA
:1096F000B9F9D268002A01D1FEF73EF988256D003C
:109700006659112133682000635100F059FD6651FC
:10971000FEF736F911212000D26800F051FDA42394
:109720005B00E358002B03D08823049A5B00E250CF
:1097300082235B00E35C3C2B01D100F054FC8023CE
:109740005B00E358FF2B01D100F03BFC8022822616
:10975000591C5200A1507600C43AE254A255EB685D
:1097600011211A69200000F02BFDA35D3E2B01D1D1
:1097700000F021FC80235B00E358FF2B01D100F0B7
:1097800008FC8022591C5200A150C23AE2548223A4
:109790005B00E254FEF7F4F8F3681F6839780B00B9
:1097A000613B612905D17A781300643B642A00D1BA
:1097B000BB782A78002B03D1032A01D100F030FCBA
:1097C000392A01D100F083FC732913D17B785A2BFD
:1097D00000D062E3BB78002B00D05EE329002000BC
:1097E000FBF75CFFFBF7A0FE01002000FCF706F88A
:1097F000FEF7C6F811213200200001F0C7FB3978CE
:1098000067290CD17B78732B09D1BB78002B06D14B
:109810002A001121200000F0D3FCFEF7B1F87329D3
:1098200001D0FFF73DFB7B78742B01D0FFF738FBAD
:10983000BB78002B01D0FFF733FB20004B39FBF73F
:10984000EBFE20002A00112100F0BAFC29212000A3
:10985000FBF7E2FEFEF794F82A001121200000F049
:10986000DDFCFEF786F94849FBF75EFFFFF770F86D
:10987000FF2B00D17AE38022591C5200A150E03A1C
:10988000E25482235B00E254CDE452461133FF33AD
:10989000E25001220433E250FEF772F880235B00AD
:1098A000C358FF2B00D1DBE380275A1C7F00E25115
:1098B0002822E25482235B00E25411212000F26846
:1098C00000F07EFCE359FF2B00D1B8E38022591C45
:1098D0005200A150D73AE25482235B00E254FFF7D2
:1098E000DFFA00239846A3550D33FF33E258043BBB
:1098F0003100E35820009847942243465200E35138
:10990000A35800260133A350FEF7EEF80022E254DC
:1099100086235B00E258043BFF21E3582000984770
:1099200094225200A35801210133A350002303E5E0
:109930000022E25486235B00E258043BFF21E358F7
:109940002000984794225200A35801210133A350CC
:10995000002304E40022C25486235B00C258043B67
:10996000FF21C358984794225200A3580121013384
:10997000A3500023FEF70FFE34F90210B43B03108E
:1099800040410310B4410310304103100022E2545F
:1099900086235B00E258043BFF21E35820009847F0
:1099A00094225200A35801210133A35000231BE449
:1099B0000022E25486235B00E258043BFF21E35877
:1099C0002000984794225200A35801210133A3504C
:1099D0000023FFF70DFA0022E25486235B00E258D1
:1099E000043BE358FF212000984794225200A358DB
:1099F0000133A350283A0023FF3AFFF7E6F900228B
:109A0000E25486235B00E258043BFF21E358200028
:109A1000984794225200A35801210133A3500023F8
:109A20006EE40022E25486235B00E258043BFF21EF
:109A3000E3582000984794225200A3580121013393
:109A4000A3500023FEF7E7FE0022E25486235B00CA
:109A5000E258043BE358FF2120009847942252002B
:109A6000A3580133A350283A0023FF3AFEF7C0FE63
:109A70000022C25486235B00C258043BFF21C35816
:109A8000984794225200A35801210133A350002388
:109A9000FEF7D4FE0022E25486235B00E258043B2A
:109AA000FF21E3582000984794225200A358012137
:109AB0000133A350002307E42000E649FBF734FEFE
:109AC0003A69E549013204A8F4F7E2F904A803F081
:109AD00003FD002830D00022804693460D32FF322D
:109AE00004ADA84480239246043A914642465B0066
:109AF000B846E35817000AE01900013380225200EB
:109B0000A350013504326654A654BD4213D02E78BA
:109B1000FF2BF1D15A46E2545346E2584B46FF21FF
:109B2000E3582000984794225200A35800210133A3
:109B3000A3500123E2E747462000C849FBF7F4FDA4
:109B4000FF68FDF779FF8C23009C5B000132E25037
:109B5000FDF716FF0022E25486235B00E258043B27
:109B6000FF21E3582000984794225200A358012176
:109B70000133A3500023FEF7B4FB20212000FBF7A4
:109B80004BFDFEF7A6FB0022E25486235B00E25861
:109B9000043BFF21E3582000984794225200A35829
:109BA00001210133A3500023FEF781FB2021200077
:109BB000FBF732FDFEF773FB3F693978482900D186
:109BC00028E2434692461B01F318009501964E2960
:109BD0000CD008D81C39042908D95246009D019E92
:109BE0003878FEF723FD50390129F6D85946042963
:109BF00000D1FAE019001D00103145CD45C12D6896
:109C000098460D608A211B6149001033424663501B
:109C1000002191605146D16059465760FF6801317B
:109C20008B46002F00D1E0E03978D0E70022E254E3
:109C300086235B00E258043BFF21E358200098474D
:109C400094225200A35801210133A3500023EA6853
:109C5000FDF710FF20005B21FBF7DEFC2000112147
:109C60002A6900F0ADFA5D212000FBF7D5FCFDF775
:109C700087FE2D212000FBF7CFFCFDF71AFF002205
:109C8000E25486235B00E258043BFF21E3582000A6
:109C9000984794225200A35801210133A350002376
:109CA000FDF7FAFE1B7819007239012904D9633BCC
:109CB000012B01D9FEF77FFE2000112101F066F98A
:109CC00020003C21FBF7A8FC2B692000DA68112159
:109CD00000F076FA20006249FBF726FD2B69200090
:109CE00011211A6900F06CFA29212000FBF794FC7D
:109CF000FDF746FE2B691B78002B01D0FDF7B2FE65
:109D00003E2E00D14FE2023F112120002A69FFB20E
:109D100000F056FA042F01D9FDF732FE514BBF0077
:109D2000DB599F4620005049FBF7FEFCFDF728FE5B
:109D300020004E49FBF7F8FCFDF722FE6C212000C5
:109D4000FBF76AFCFDF71CFE75212000FBF764FCA5
:109D5000FDF716FE20004649FBF7E6FCFDF710FE76
:109D60003033FF33E058002800DCC9E0043BE15801
:109D70004746002304E001330831834200D1BEE0AE
:109D80000A689742F7D196235B00E058B846031E55
:109D900004D12FE15B68002B00D12AE11A68BA4296
:109DA00003D0AA42F6D18342F4D039002000B8464D
:109DB000FBF754FC002801D1FDF7DEFD03784F4688
:109DC0002F2B01D0FDF7EBFEF533E158002901DA26
:109DD000FFF7D8FBFBF7B8FB002800D1AAE1037816
:109DE000FDF7DDFE8A235B00E1508C2301225B003E
:109DF000E250FDF7C5FDA35486235B00E258043B07
:109E0000E358FF212000984794225200A3580133C1
:109E1000A35001230022FFF7A9FB20005A4611316D
:109E200001F0DAFA20001349FBF77EFCFDF7A8FDEC
:109E300000268622E65452000933E358A258FF2137
:109E40002000984794225200A3580133A3503300B6
:109E5000FEF78EFDAC3F0310B43B0310BC3F031074
:109E600064410310704303108441031080410310C8
:109E700088410310A841031000258622E5545200B2
:109E80000933E358A258FF2120009847942252003A
:109E9000A3580133A3502B001DE4732900D0A9E47B
:109EA0007B78502B00D0A5E40022BB78934200D0F1
:109EB000A0E4160004E001362D69002D00D1DFE09A
:109EC0002B782F2B00D0DBE0EB68002B00D1D7E004
:109ED0001A784C2AEFD1D9682000FBF7DFFB00236A
:109EE000984207D109E0C268002A06D00069013310
:109EF000002802D002782F2AF5D0F618DCE7B84601
:109F00009C235B00E35883422ADD98235B00E358DF
:109F1000C2009A219B18424649000130605004C398
:109F200088225200A158002900D1F8E0A02734323D
:109F3000A2587F0094460095E2590FE0D000834676
:109F40009E20400020584D6858440132E25145603F
:109F5000186009680300002900D1DFE06245EDDBED
:109F60008C2301225B00E250FDF70AFD00268622C9
:109F7000E65452000933E358A258200001399847AB
:109F800094225200A3580133A35043465D68330026
:109F900071E400258622E55452000933E358A258A3
:109FA000FF212000984794225200A3580133A35068
:109FB0002B00FFF7E6FB20212000FBF72DFBFFF72E
:109FC000D9FB00268622E65452000933E358A258F2
:109FD000FF212000984794225200A3580133A35038
:109FE0003300FFF7B3FB20212000FBF715FBFFF741
:109FF000A6FBB84688235B00E258200092464A68D8
:10A000004146E250FBF72AFB002800D196E00123ED
:10A010009946D3E6FF68002F00D1E6E63978D0E50F
:10A02000EB681A78012A01D0FFF7CEFB2A69127873
:10A03000292A01D0FFF7C8FB1D00FFF7C5FB00264A
:10A040008622E65452000933E358A258FF2120002B
:10A05000984794225200A3580133A350330035E4AB
:10A0600000278622C75452000933C3588258FF2163
:10A07000984794225200A3580133A3503B0013E4A5
:10A0800031002000FBF7BAFBFDF77AFCDA68916833
:10A09000012901D0FEF7A7FC526812783E2A01D0B0
:10A0A000FEF7A1FC20002731FBF7B6FAEB68FEF7BC
:10A0B0009AFC2A69112100F083F843464A46E2508F
:10A0C000B368002B01D1FEF709F8FDF759FC200019
:10A0D000EA68112101F080F932001121200000F01E
:10A0E00055FFFDF74DFCEB689846FDF767FD200036
:10A0F0005B21FBF791FA2B69200011211A6900F00E
:10A100005FF85D212000FBF787FAFEF799FC3A0023
:10A110001121200000F03AFFFEF78CFC009D002288
:10A12000414620001A60FBF799FA002800D045E666
:10A13000FDF722FC002F01D1FDF71EFC88235246BB
:10A140005B00E250FDF718FC13691B78292B03D044
:10A150008C2301215B00E15011212000D26801F025
:10A160003BF9FEF754FC20001349FBF7DDFAFB68CE
:10A17000002B08D0112120003A0001F02DF92021F8
:10A180002000FBF749FA42461121200000F018F8A0
:10A19000002D01D1FDF7F4FB2A001121200001F070
:10A1A0001BF9FDF7EDFB2D21FBF736FAABE5034973
:10A1B000FBF7BAFAFDF7E4FB784103104CF9021003
:10A1C000F0B50500140083B0002A21D05368012B9C
:10A1D0001EDC8E26802176008259C9008A4217DC57
:10A1E000962701337F006360C359013201936B46A8
:10A1F00082511121C35122000094FDF78BFB019B7A
:10A20000EB516368013B6360AB59013BAB5103E029
:10A210008C2301225B00EA5003B0F0BDF8B545463F
:10A22000DE4657464E461378E0B5033BDBB20400EA
:10A2300015004E2B03D8D64A9B00D3589F462A00C0
:10A2400011212000FFF7BCFFF0BCBB46B246A94677
:10A25000A046F8BD0022CF4D80232F0092460D323C
:10A26000FF3291465B00043A9046C35809370AE032
:10A270001900013380225200A35001350432665484
:10A28000A654AF42E0D02E78FF2BF1D15246E254D3
:10A290004B46E2584346FF21E3582000984794225A
:10A2A0005200A35800210133A3500123E2E700220A
:10A2B000B94D80232F0092460D32FF3291465B004C
:10A2C000043A9046C35809370AE019000133802246
:10A2D0005200A350013504326654A654BD42B3D097
:10A2E0002E78FF2BF1D15246E2544B46E2584346BA
:10A2F000FF21E3582000984794225200A3580021E0
:10A300000133A3500123E2E70022802392460D325D
:10A31000FF32A24D91465B00043A9046C358AF1DF0
:10A320000BE01900013380225200A35001350432A2
:10A330006654A654AF4200D186E72E78FF2BF0D1A9
:10A340005246E2544B46E2584346FF21E358200070
:10A35000984794225200A35800210133A3500123AF
:10A36000E1E78F4E8023B21D9046002293460D32C6
:10A37000FF3292465B00043A9146C3580BE0190045
:10A38000013380225200A350013604326754A7548F
:10A39000B04500D1BAE13778FF2BF0D15A46E254EC
:10A3A0005346E2584B46FF21E35820009847942239
:10A3B0005200A35800210133A3500123E1E780217B
:10A3C00049004258FF2A00D140E2531C4350E03973
:10A3D00081548222520081542CE080235B00C258B9
:10A3E000FF2A00D121E2531C802149006350E0394B
:10A3F000A15482225200A1542CE080235B00C35858
:10A40000FF2B00D100E2591C80225200A150E03AFB
:10A41000E25482235B00E254112120002A69FFF7F5
:10A42000CFFE11E71121EA68FFF7CAFE0CE780238F
:10A430005B00C358FF2B00D1B2E1591C80225200AF
:10A44000A150DA3AE25482235B00E254FCE6802316
:10A450005B00C358002292460D32FF32514D9146A7
:10A46000043A9046AF1C0BE01900013380225200E1
:10A47000A350013504326654A654AF4200D1E3E63E
:10A480002E78FF2BF0D15246E2544B46E258434619
:10A49000FF21E3582000984794225200A35800213E
:10A4A0000133A3500123E1E700223F4D80232F0019
:10A4B00092460D32FF3291465B00043A9046C358F3
:10A4C00009370BE01900013380225200A3500135F7
:10A4D00004326654A654BD4200D1B5E62E78FF2B57
:10A4E000F0D15246E2544B46E2584346FF21E3582E
:10A4F0002000984794225200A35800210133A35012
:10A500000123E1E70022294D80232F0092460D32DE
:10A51000FF3291465B00043A9046C3580B370BE07C
:10A520001900013380225200A350013504326654D1
:10A53000A654AF4200D187E62E78FF2BF0D15246C9
:10A54000E2544B46E2584346FF21E3582000984727
:10A5500094225200A35800210133A3500123E1E7C4
:10A5600082235B00C35C282B00D00AE1EA6811213A
:10A570002000FFF725FE0022802392460D32FF3295
:10A580000B4D91465B00043A9046E358EF1C1DE0EA
:10A59000F843031084430310904303109C430310BB
:10A5A000C4430310CC430310D0430310DC43031017
:10A5B000E84303101900013380225200A3500135F3
:10A5C00004326654A654AF4200D13DE62E78FF2BEC
:10A5D000F0D15246E2544B46E2584346FF21E3583D
:10A5E0002000984794225200A35800210133A35021
:10A5F0000123E1E70A229146002280239346AD4ED3
:10A600000D325B00FF329246C358B1440DE01A0090
:10A610000133802149006350A75482220136520041
:10A620008846A754B14500D198E03778FF2BEED18A
:10A630005A46E2545346E25884235B00E358FF2114
:10A640002000984794225200A3580133A3500123BD
:10A650000022DEE70022984D80232F0092460D3223
:10A66000FF3291465B00043A9046C35811370BE025
:10A670001900013380225200A35001350432665480
:10A68000A654AF4200D1DFE52E78FF2BF0D1524621
:10A69000E2544B46E2584346FF21E35820009847D6
:10A6A00094225200A35800210133A3500123E1E773
:10A6B000092290460022802393460D32FF327F4EBE
:10A6C00092465B00043A9146C358B0440AE0190030
:10A6D000013380225200A350013604326754A7543C
:10A6E000464513D03778FF2BF1D15A46E2545346F2
:10A6F000E2584B46FF21E35820009847942252002D
:10A70000A35800210133A3500123E2E72A69002A5C
:10A7100000D199E5FF2B64D0591C80256D00615153
:10A720002821E15482235B00E15420001739FFF710
:10A7300047FD6359FF2B1AD10022E25486235B00A8
:10A74000E258043BFF21E35820009847942252002E
:10A75000A35801210133A350002309E02000EA6837
:10A76000EF39FFF72DFD4346E358FF2BE4D0591C8A
:10A7700080225200A150D73AE25482235B00E25477
:10A7800062E580235B00C358FF2B71D0591C8022E7
:10A790005200A150E03AE25482235B00E254E5E625
:10A7A0000022E25486235B00E258043BFF21E35879
:10A7B0002000984794225200A35801210133A3504E
:10A7C00000233BE680235B00C358FF2B61D0591C5C
:10A7D00080225200A150D63AE25482235B00E25418
:10A7E00032E50022E25486235B00E258043BFF215D
:10A7F000E3582000984794225200A35801210133C6
:10A80000A35000232A6988E70022C25486235B00F4
:10A81000C258043BFF21C358984794225200A358C2
:10A8200001210133A3500023EEE5002383540D33AF
:10A83000FF33C258043BC358FF219847942252006B
:10A84000A3580133A35001230022CDE500238354F4
:10A850000D33FF33C258043BC358FF21984794225D
:10A860005200A3580133A350202323701F3BE4E57B
:10A870000022C25486235B00C258043BFF21C35808
:10A88000984794225200A35801210133A35000237A
:10A890007DE70022C25486235B00C258043BFF219F
:10A8A000C358984794225200A35801210133A35062
:10A8B00000238DE7EC430310A4430310B8430310B7
:10A8C000F0B54646D6464F460400C0B51D001600FA
:10A8D000002B16D0012782489A68002A11D15A68A5
:10A8E00011781939C9B2122908D83A008A400242AF
:10A8F00056D1E02109010A4200D09DE01B68002BDF
:10A90000EAD18A2300225B00E7581121E25020009F
:10A9100000232A0000F0E6F880235B00E258FF2ABB
:10A920006BD08021531C49006350D839A154822236
:10A930005200A1543269002A06D011212000FFF7ED
:10A940003FFC80235B00E358FF2B17D0591C80226B
:10A950005200A150D73AE25482235B00E254043BF8
:10A960002A0011212000FF3B00F0BCF88A235B0085
:10A97000E750E0BCBA46B146A846F0BD0022E2541A
:10A9800086235B00E258043BFF21E35820009847F0
:10A9900094225200A35801210133A3500023D6E78B
:10A9A00082235B00E25C802149006358202A50D159
:10A9B000FF2B5AD05A1C8021490062502822E254B1
:10A9C00082235B00E2540022884699461033E75800
:10A9D0009246E250200000232A00EF3900F082F86E
:10A9E0004346E358FF2B53D041465A1C6250D73997
:10A9F000E1544B46E154FF2A93D10023A3540D3375
:10AA0000FF33E258043BE358FF212000984794228B
:10AA10005200A3580133A3508023283A5B00FF3A29
:10AA2000E2500432D83BFF322370A3543269002A2B
:10AA300000D082E7012389E782235B00E25C033BCD
:10AA40001100FF3B99432829ADD180235B00E358D7
:10AA5000AEE7FF2B30D05A1C6250E039E15482231C
:10AA60005B00E1541300FF2BA4D10022E2548623A3
:10AA70005B00E258043BE358FF21200098479422F2
:10AA80005200A3580133A350283A0023FF3A92E71B
:10AA90005246E25486235B00E258043BE358FF2110
:10AAA0002000984794225200A3580133A350292331
:10AAB000283A2370FF3A34E70022E25486235B00F1
:10AAC000E258043BE358FF212000984794225200AB
:10AAD000A3580133A350202323701F3B6AE7C046CD
:10AAE00007310400F0B54E46DE4657464546E0B510
:10AAF0000400160099468BB0002A00D181E08C2317
:10AB000088275B009846183BFF3B9A464D467F00DE
:10AB100014E04E2B0FD061D9503B012B0BD953467B
:10AB2000B360E3599946F368E35111212000FFF720
:10AB300075FB4B46E3513668002E62D04346E3581E
:10AB4000002B5ED1B368002BF5D172681378002D0D
:10AB5000DFD05146B160E1598946F168E151292BB6
:10AB600048D02A2B54D0022BDFD18A277F00E3590B
:10AB7000D268984600231121E3512000FFF720FB03
:10AB80004346E3517F4F8023BA1C924682224D46B2
:10AB90005B00520098469146AB46E35809E01A0024
:10ABA000013341466350A5544A460137A5545745E1
:10ABB00036D03D78FF2BF2D10022E25486235B0091
:10ABC000E258043BE358FF212000984794225200AA
:10ABD000A3580133A35001230022E2E719001C39D6
:10ABE0000429A8D95146B160E1598946F168E1517B
:10ABF000292BB6D14D46112120003368FFF760FEA6
:10AC0000E5510BB0F0BCBB46B246A946A046F0BD2C
:10AC10004D4611212000336800F0BCF8E551F0E703
:10AC200072685D4617693A78482A14D04E2A0FD0C8
:10AC30000BD81C3A042A0BD93A0011212000FFF747
:10AC4000BFFA88235B00E550DBE7503A012AF3D8CE
:10AC5000FF683A78EAE73B3A91464B4EFF3293461B
:10AC6000043A9246B14401970CE01A000133802166
:10AC700049006350A7548222013652008846A754E7
:10AC80004E4513D03778FF2BEFD10022E2545B46BC
:10AC9000E2585346FF21E35820009847942252007F
:10ACA000A3580133A35001230022E0E7019F374955
:10ACB0003A6903A80132F3F7EBF803A802F00CFCA1
:10ACC0004346E35800282FD00022804693460D3299
:10ACD000FF3203AEB0449146043A92464246019791
:10ACE000A84615000AE01900013380225200A35043
:10ACF000013604326754A754AE4213D03778FF2B85
:10AD0000F1D15A46E2544B46E2585346FF21E358EC
:10AD10002000984794225200A35800210133A350E9
:10AD20000123E2E74546019F194E0197F21C904628
:10AD3000002293460D32FF329146043A92460AE0D1
:10AD40001900013380225200A350013604326754A7
:10AD5000A754B04513D03778FF2BF1D15A46E254AF
:10AD60004B46E2585346FF21E3582000984794226F
:10AD70005200A35800210133A3500123E2E7019FB1
:10AD800066E7C046A83F0310AC3F0310B43B031076
:10AD9000BC3F0310F0B55746DE464E464546E0B58B
:10ADA0000400170019001A0083B0002B03D150E0F3
:10ADB0000968002948D08B68002BF9D14B681B78B3
:10ADC0002A2B00D073E0002311212000FFF78AFE18
:10ADD00080235B00E258FF2A4BD08021531C49009E
:10ADE0006350A539A15482225200A154FA68002A66
:10ADF00006D011212000FFF7E3F980235B00E35820
:10AE0000FF2B0FD0591C80225200A150A33AE254CC
:10AE100082235B00E25403B0F0BCBB46B246A946B5
:10AE2000A046F0BD0022E25486235B00E258043BBA
:10AE3000FF21E3582000984794225200A358012193
:10AE40000133A3500023DEE7002311212000FFF788
:10AE500049FE80235B00E358FF2B6AD080215A1CF7
:10AE600049006250E039E15482235B00E154FF2A3B
:10AE7000B3D10023A3540D33FF33E258043BE3580E
:10AE8000FF212000984794225200A3580133A35079
:10AE90008023283A5B00FF3AE2500432A53BFF32A0
:10AEA0002370A354FA68002AA3D10123AAE78023C0
:10AEB000344D5B00E158AB1C9A46002301979B463A
:10AEC00017000DE00B00013180225200A150E65422
:10AED000822301355B0090469946E654554514D0CF
:10AEE0002E78FF29EED15B46635486235B00E2583F
:10AEF000043BFF21E3582000984794225200A358B6
:10AF000001210133A3500023DEE73A000023112181
:10AF10002000019FFFF7E6FD4346E258FF2A1CD0C0
:10AF20004146531C63502921A1544A46A154FF2B8A
:10AF300094D10022E25486235B00E258043BE3589C
:10AF4000FF212000984794225200A3580133A350B8
:10AF50002023283A2370FF3A3FE70023A3540D3300
:10AF6000FF33E258043BE358FF2120009847942226
:10AF70005200A3580133A350034B273A2380FF3AD2
:10AF80002BE7C046A441031029200000F0B5D646A7
:10AF90004F46464613780400C0B5322B07D0112126
:10AFA000FFF70EF9E0BCBA46B146A846F0BDD3683B
:10AFB0009F685D68002FF5D00022802392460D32F5
:10AFC000FF3291465B00043A9046C358EF190AE0FD
:10AFD0001900013380225200A35001350432665417
:10AFE000A654BD42DED02E78FF2BF1D15246E2545A
:10AFF0004B46E2584346FF21E358200098479422ED
:10B000005200A35800210133A3500123E2E7C046B8
:10B01000F0B5DE46574645464E46E0B5EBB0037800
:10B0200000AF05008B46FA605F2B00D13AE1A149E1
:10B030000822280002F0D0F80021002800D1FFE00B
:10B0400001233B658B1E1A00501E8241DBB2453244
:10B050003A617B6111225B4692468B46BB6039E0C8
:10B060007B69012B00D99CE02C00EB7A0B347C62CD
:10B070005F2B03D12B7B5A2B00D19AE0200002F0EA
:10B080002BFA4346002B00D100E10023012273601C
:10B09000B360FA62002800D1F8E03370F4603061E8
:10B0A00018200023320039693818FAF713F906001E
:10B0B000200002F011FA24187C622378002B02D1C0
:10B0C000002E00D0F8E03B6D013300D0E0E000231B
:10B0D0003B65CD46280002F0FFF92B18FB61534673
:10B0E0003B62430098463B630023FB62BB633B64C7
:10B0F0007B64BB64FB647B658023BD617D62F86318
:10B100001B01984500D9D3E06A4683001818C00097
:10B11000121AE94695460733DB08DB00D31A6E4660
:10B120007B639D465B46BE62012B99D12B785F2BDA
:10B13000C9D16B1C7B626B785A2BC4D1AB1C7B6270
:10B14000AB78472B00D199E0542B00D196E018231F
:10B150000121F818FCF766FB06007A6A396A137851
:10B16000C907ABD5002188462E2BA7D1110032008C
:10B170007D604B7818006138192805D95F2B03D002
:10B18000303B092B00D915E18C1C2378180061385D
:10B19000192804D93130092801D95F2B18D101347D
:10B1A000F3E71823F818FAF7A5FC7B6A06001B786A
:10B1B00084E72B000D337B626B7B472B01D0542B34
:10B1C00054D11823F818FBF7CFFF7C6A060067E715
:10B1D0002E2B12D16378303B092B0ED8A378A51CF7
:10B1E000180030382C000928F2D863780134180090
:10B1F00030380928F9D92E2BECD0F86A3B6B661A47
:10B200007C62984240DA83001B189D00BB6A0130C3
:10B210005B1945465D609D60F862002E34DD5D601F
:10B220009D601D70D9601E6118204F213818FAF7F3
:10B2300051F8237802002E2B00D0C0E0210098E7BF
:10B240002B7A2E2B04D05F2B02D0242B00D0F7E6D4
:10B250006B7A442B00D1B5E00021492B00D0EFE6FA
:10B26000A97A5F394B4259414900E9E61823002188
:10B27000F818FCF7D7FA7C6A060011E71823F818CB
:10B28000FBF772FF060068E70023CDE7002607E71B
:10B290000020CD46BD466BB0F0BCBB46B246A946C9
:10B2A000A046F0BD43785A2B00D0C0E60121C7E686
:10B2B0000020EFE7B83B03109846BB6818209B4678
:10B2C000402342461B18DC19E8331B18DB191A60AF
:10B2D00082235B00E2540C33E2500433E25010331B
:10B2E000E2500433E2505A46203BE250FA680433FD
:10B2F000E25042460C33E25090238E255B00E25030
:10B30000C0210C33E2500833E2506D000433E250A8
:10B3100062510023002249000918C9190A604B60D4
:10B3200020003100FAF7C2F8802362591B019A42CB
:10B3300001DA434663519C23A221002049005B00AF
:10B34000E25863586D465343635004316050002AFD
:10B3500027DD6946D2008A1A9546002B28DD69460A
:10B36000DB00CB1A9D4698235B00E2506A460C3303
:10B37000E250112132002000FEF722FF80235B0003
:10B38000E158002363540D33FF33E258043B20009F
:10B39000E358AD4698478C235B00E0584342584140
:10B3A00077E701226946D2008A1A9546002BD6DC3F
:10B3B0000123D4E77B6A16007D681B787EE60600D1
:10B3C0007D687BE6A97A5F394B1E99410223494289
:10B3D0009943033134E6C046F0B5C64600B513784C
:10B3E0000400150082B0012B03D9312B01D0062BAC
:10B3F00040D16B68012B35DC8E225200A15880228F
:10B400000127D20091422DDC01336B6096235B0053
:10B410009846E3588E266A460193434676000131EA
:10B42000A1512000E25011212A000095FCF772FA88
:10B430004246019BA3506B68013B6B60A359013BE3
:10B44000A351002F12D180235B00E258FF2A2ED097
:10B45000511C80235B00E150D73BA3548222520051
:10B46000A35403E08C2301225B00E25002B080BCB5
:10B47000B846F0BD80235B00C358FF2B29D05A1C6F
:10B48000802149006250D839E15482235B00E154A5
:10B490006B68012B06DC8E21802049006158C000BA
:10B4A000814228DD8C2301215B00E150CEE700239F
:10B4B000A3540D33FF33E258043BFF21E35820002F
:10B4C000984794225200A35801210133A35000222F
:10B4D000BFE70022C25486235B00C258043BC35816
:10B4E000FF21984794225200A3580133A350283AD1
:10B4F0000023FF3AC4E7002786E7C046F0B5DE46E2
:10B5000057464E464546D368E0B5DB6804001B68E5
:10B510000020197883B0662974D11269D168166940
:10B520008A460021327888463C2A00D1B6E0922231
:10B530005200A158894601214942A1505B786C2BE9
:10B5400000D1AFE065D84C2B01D0522B55D18023D0
:10B550005B00E358FF2B00D1FCE05A1C80256D00F6
:10B5600062512822E25482235B00E254112132000E
:10B570002000FFF731FF524611212000FFF706FDA2
:10B5800063597E4DEA1C93460BE01A000133802775
:10B590007F00E351A654822201355200A6545D4536
:10B5A00014D02E78FF2BF0D10022E25486235B00CA
:10B5B000E258043BE358FF212000984794225200B0
:10B5C000A3580133A35001230022E0E75246112182
:10B5D0002000FFF7DBFC424611212000FFF7FCFEB4
:10B5E000E359FF2B00D190E0591C80225200A1505A
:10B5F000D73AE25482235B00E25492234A46012068
:10B600005B00E25003B0F0BCBB46B246A946A04680
:10B61000F0BD722BF1D180235B00E358FF2B00D1EA
:10B6200085E05A1C80256D0062512822E254822355
:10B630005B00E254112132002000FFF7CDFE52469C
:10B6400011212000FFF7A2FC002293460D32FF32A9
:10B6500063594B4D9246043A90462F1D0AE019005B
:10B66000013380225200A350013504326654A6549F
:10B67000BD42C2D02E78FF2BF1D15A46E254534638
:10B68000E2584346FF21E358200098479422520095
:10B69000A35800210133A3500123E2E73269F66881
:10B6A000904644E7374D80232A1D904600225B00D8
:10B6B0009346E35801960BE01A00013380277F0080
:10B6C000E351A654822201355200A654A84514D055
:10B6D0002E78FF2BF0D15A46E25486235B00E258C5
:10B6E000043BE358FF212000984794225200A358BE
:10B6F0000133A35001230022E0E7019E52461121AD
:10B700002000FFF743FC320066E70022E254862364
:10B710005B00E258043BFF21E35820009847942245
:10B720005200A35801210133A35000235DE70022FA
:10B73000E25486235B00E258043BE358FF212000DB
:10B74000984794225200A3580133A350283A00236B
:10B75000FF3A67E70022E25486235B00E258043B8D
:10B76000E358FF212000984794225200A358013348
:10B77000A350283A0023FF3AF0E6C046A841031040
:10B780003C45031034450310F0B5DE4657464E469F
:10B7900045460221E0B51378040083B000208B43B6
:10B7A000382B06D003B0F0BCBB46B246A946A04633
:10B7B000F0BDD368DB681E683378642BF2D17378F0
:10B7C000692B13D01E318B43582BEBD11369DD68E5
:10B7D0001F6980235B00E358FF2B00D195E05A1CC2
:10B7E0008021490062505B22E2540EE01369DD685B
:10B7F0001F6980235B00E358FF2B00D1BBE05A1C7C
:10B800008021490062502E22E25482235B00E254E0
:10B8100011212A002000FEF7D3FC7378582B3ED06C
:10B82000692B0ED080235B00E358FF2B00D190E002
:10B83000591C80225200A150A33AE25482235B009B
:10B84000E25402223B789343382B14D080235B00D0
:10B85000E358FF2B6BD0591C80225200A150C33AF1
:10B86000E25482235B002000E25411213A00FFF7EA
:10B87000B3FD012096E7FB68DB681B681A78642A31
:10B88000E4D15B78692B03D0443A9343582BDDD144
:10B8900020003A001121FEF793FC012082E73F4D82
:10B8A000A8336A1D9046002292460D32FF3291461F
:10B8B000043A9346E35801960AE0190001338022C6
:10B8C0005200A350013504326654A654A84513D043
:10B8D0002E78FF2BF1D15246E2544B46E2585B469C
:10B8E000FF21E3582000984794225200A3580021DA
:10B8F0000133A3500123E2E7019EFA6811212000E1
:10B90000FEF75EFC3F6973788AE7E05486235B00AC
:10B91000E258043BE358FF2120009847942252004C
:10B92000A3580133A350283A0023FF3A58E70022D6
:10B93000E25486235B00E258043BFF21E3582000D9
:10B94000984794225200A35801210133A3500023A9
:10B9500082E70022E25486235B00E258043BFF2189
:10B96000E3582000984794225200A3580121013344
:10B97000A35000235DE7E05486235B00E258043BBC
:10B98000E358FF212000984794225200A358013326
:10B99000A350283A0023FF3A32E7C046444503103B
:10B9A000F0B5C64600B50C0015001E0084B0002896
:10B9B00046D0002901D0002A42D000236A462B49F4
:10B9C0000093019302930393FFF722FB00283ED0DC
:10B9D000039B009F002B1DD001239846002F40D0D1
:10B9E000002C2AD0380001F077FD2B6898421ED237
:10B9F0003900421C2000F3F737FB3800F3F722FB35
:10BA00002700002E01D000233360380004B080BC32
:10BA1000B846F0BD029B9846002FE1D1002E04D01D
:10BA2000012B19D101235B4233600027EDE7200091
:10BA3000F3F708FB43462B60E3E7002DFAD1E0E77C
:10BA4000002EF2D003235B4200273360DDE700982D
:10BA5000F3F7F8FA002EE8D002235B4200273360A8
:10BA6000D3E7002EDED10027CFE7C046695502108C
:10BA700010B5F3F7E7FA10BD027803000020472A5B
:10BA800000D070475A784E2AFBD19A78552AF8D1BF
:10BA9000DA78432AF5D11A79432AF2D15A792B2A36
:10BAA000EFD19A792B2AECD1DB792A3A9A4240419C
:10BAB000C0B2E6E710B5041E06D0F7F7E1FD20009E
:10BAC000FFF7DAFF002801D1F8F7CAF9203CE06857
:10BAD000F8F7BEF9F0B5DE4657464E464546E0B5A6
:10BAE00085B00400FFF7C8FF00280ED02300203BDC
:10BAF0009E68DB6820009946A36A256B9A46676BAF
:10BB0000F7F7BEFD3000F8F7B3F92000F7F7B8FDFE
:10BB1000F8F7B2F9F7F7B4FDF7F752FE27220368FA
:10BB20009A5C012A05D11A6805E0F7F7A9FDF8F734
:10BB300097F91A0078320026B046AD0820330292F9
:10BB4000AD000193D0451FDA3C68002C00D0E41909
:10BB500000222100019802ABF7F7BCFC002801D0BD
:10BB6000F8F7F8F9236803901B6920009B461049F9
:10BB7000012303AAD847002800D1300001239C46A6
:10BB80000600E0447F19DDE7002E08D00420F7F717
:10BB90005FFC084B084A06490360F8F7C1F94846BC
:10BBA000F8F756F9F7F7A6FDF7F7A4FDF7F78CFCC1
:10BBB0002C310310A83103108937021010B5F7F7A4
:10BBC00003FE0068002804D02723C35C012B01D0AA
:10BBD000006810BD00687838FAE7C04610B5040068
:10BBE000024B0360F8F734FB200010BDA452031091
:10BBF00010B50400044B0360F8F72AFB200008216D
:10BC0000F7F7C4FB200010BDA4520310014B1868C5
:10BC10007047C046941C002010B5C068C96804680D
:10BC200002332469A04710BD10B50400024B036025
:10BC3000F8F70EFB200010BD0453031010B50400EC
:10BC4000044B0360F8F704FB20001021F7F79EFB7C
:10BC5000200010BD04530310F8B5CE46474680B50A
:10BC600006000D0091469846F8F710FB0400071EE9
:10BC700005D001273800C0BCB946B046F8BD280041
:10BC80003049F8F703FB00280BD033682E49043BFA
:10BC90001868F8F7FBFA002833D04B4601271C60E0
:10BCA000E8E72B68043B19683368043B1868F8F729
:10BCB000EDFA002838D04346DB07DBD560231800B7
:10BCC000AA68B168104004000B409C4300D01A40A1
:10BCD00083438A431343CDD101330B4202D1424601
:10BCE0009A43904633689C69184B9C4223D1434643
:10BCF000F068E9680268023314694A46A047070001
:10BD0000B8E733681249043B1868F8F7BFFA00280F
:10BD1000C7D0F0680368DB689847002806D04A4619
:10BD20000C4B01271360A5E70027A3E74A460A4BFF
:10BD3000012713609EE743464A4629003000A0478A
:10BD4000070097E7BC5203106032031019BC0210C1
:10BD50005C530310245303102053031040687047B2
:10BD60000D4B10B503604368040018000B4A0C38F3
:10BD700082B0904205D12000F7F704FD200002B008
:10BD800010BD043B1A68511E1960002AF3DC01A99A
:10BD900000F032F9EFE7C046CC530310302C0020FE
:10BDA0000D4B10B503604368040018000B4A0C38B3
:10BDB00082B0904205D12000F7F7E4FC200002B0E9
:10BDC00010BD043B1A68511E1960002AF3DC01A95A
:10BDD00000F012F9EFE7C046CC530310302C0020DE
:10BDE0000D4B10B503604368040018000B4A0C3873
:10BDF00082B0904205D12000F7F7C4FC200002B0C9
:10BE000010BD043B1A68511E1960002AF3DC01A919
:10BE100000F0F2F8EFE7C046CC530310302C0020BE
:10BE20000E4B10B503604368040018000C4A0C3830
:10BE300082B0904208D12000F7F7A4FC2000FFF761
:10BE400017FE200002B010BD043B1A68511E196095
:10BE5000002AF0DC01A900F0CFF8ECE7CC53031086
:10BE6000302C00200E4B10B503604368040018000E
:10BE70000C4A0C3882B0904208D12000F7F782FCBF
:10BE80002000FFF7F5FD200002B010BD043B1A684A
:10BE9000511E1960002AF0DC01A900F0ADF8ECE7B2
:10BEA000CC530310302C00200E4B10B503604368B8
:10BEB000040018000C4A0C3882B0904208D12000CF
:10BEC000F7F760FC2000FFF7D3FD200002B010BDA3
:10BED000043B1A68511E1960002AF0DC01A900F029
:10BEE0008BF8ECE7CC530310302C0020F0B5C6469D
:10BEF00000B51C4B04000D0082B00360002929D05E
:10BF0000080001F0E9FA061E02D1174B984611E02D
:10BF1000002101AA00F042F80C2398460700804453
:10BF2000012E0ED0320029004046F3F79DF80F4B4A
:10BF30009F4209D143462000636002B080BCB846EE
:10BF4000F0BD2B780373F2E700233E60BB60BF199E
:10BF50003B73EFE70648F8F74FFB2000F7F712FCBA
:10BF6000F7F7B2FACC5303103C2C0020302C002001
:10BF70000054031010B50400FFF7B8FF014B200078
:10BF8000236010BDE053031010B50400FFF7AEFFAF
:10BF9000014B2000236010BDF4530310144B10B567
:10BFA0000400984221D8884215D94B00984200D20B
:10BFB0001C002300802220001D3352010D309342CB
:10BFC0000BD9A14209D294461B051B0D6444E41A07
:10BFD000074B9C4207D820000D30F8F751F800239A
:10BFE0004460836010BD1C00F5E70248F8F71CFBB5
:10BFF000FCFFFF3F2C54031010B5FFF739FD10BDB7
:10C00000062010B501F05AF90120F0F775FBC04683
:10C01000024B1B1858786823984370474454031008
:10C02000024B1B1808205B781840704744540310DB
:10C0300010B5010000230022002001F07BFA10BDA2
:10C0400010B50A22002100F071FD10BD034B1A5CEF
:10C0500003231340012B00D12030704745540310B7
:10C0600010B5034B0100186800F00EF810BDC04673
:10C070007819002010B5034B0100186801F014FB7B
:10C0800010BDC04678190020F0B54E464546DE4644
:10C090005746E0B50D000B35060085B0162D27D8A4
:10C0A000102900D9DAE000F0D1FA10251823022176
:10C0B000C74FFB181A005C68083A944200D146E169
:10C0C00003226368A1689343E268CA60916001211A
:10C0D000E3185A6830000A435A6000F0BFFA2000A3
:10C0E000083005B0F0BCBB46B246A946A046F0BD3C
:10C0F00007239D4300D5B1E0A94200D9AEE000F08E
:10C10000A5FAFC235B009D4200D29AE1690A00D1A6
:10C11000A8E0042900D94FE138239846A9098844AA
:10C120003931CB00082252429446A94FFB189C4457
:10C130006346DC68A44514D0032399460B0061468E
:10C140009C4607E0E068002A00DBFAE0814200D16B
:10C15000FBE004004A46636893435A1B0F2AF1DD53
:10C1600041463A003C690832944200D1D8E00320AD
:10C1700063688343581B0F2800DD66E13A617A61EA
:10C180000028A4DA7A68904680229200934200D375
:10C19000E3E0DA085809012383404046184380460B
:10C1A000D300DB199A687860E360A2609C60D46079
:10C1B00001208B10984040455CD8434603420AD189
:10C1C00003239943434640000431034203D1400016
:10C1D00004310342FBD00323B3469C460E00B8460D
:10C1E0000190F00040440100B246CB680BE0644689
:10C1F0005A681F00A243DB68541B0F2C00DDF3E0DC
:10C20000002C00DB0DE19942F1D101239946CA448B
:10C21000534608319B07E8D1032205E0036808383C
:10C22000013E834200D00AE23242F7D14346019AEE
:10C230005B68934342465360019A520001929A42CE
:10C2400016D8002A06D113E004229146019ACA4466
:10C25000520001921342F7D05646C2E70C23002049
:10C2600033603EE780233F22402190469B0059E700
:10C270005E4647460322BC68636893439946AB42D7
:10C2800002D35B1B0F2B4EDC23004B440293514B1C
:10C2900008201B6810335B19019301F075F84E49B3
:10C2A00003900B688B46013306D08446019B4242C3
:10C2B000013B6344134001933000019901F04CF8B5
:10C2C00003008046013300D1DDE0029B834200D9A8
:10C2D000D7E0019A414B944619689A466144039A03
:10C2E0001960029B0800013A434500D0EAE043464A
:10C2F000134200D0E6E0BB68984663464B441A0000
:10C3000001231A4343465A60354B1868884200D2CD
:10C310001960344B1868884200D219604446B4E072
:10C320007B68984644E701222900134311436519AD
:10C3300061603000BD606B6000F090F92000083053
:10C34000CFE6A268D0608260C1E6614609E7DC689A
:10C350000231A34200D104E7B2E65A0A042A00D807
:10C3600088E0142A00D90FE110005B3082465C326D
:10C37000D200082040428446BA189444624692682B
:10C380000B308146944500D1E5E00800A2466146A5
:10C39000844602E09268914204D04C465068A04323
:10C3A0009842F7D8D368614654469C466346A260DB
:10C3B000E3609C60D460FBE6142973D9542900D94A
:10C3C000EBE06E239846290B88446F31CB00A9E639
:10C3D00070150020102E002068150020E02D002090
:10C3E000082E00200C2E0020BA460120514684461B
:10C3F0004919054350464560856847466046EB60ED
:10C400005E469D6053463961796120430837486034
:10C41000CF6030008F609C5000F020F9504608300B
:10C420005FE6BA4601205E465244516801435160BE
:10C43000BA683000D3609A6000F010F93800083014
:10C440004FE62B00E908083332E6611988460121DE
:10C450008C460D434146656039617961CA608A60E6
:10C46000624602434A60E050300000F0F7F82000D6
:10C47000083036E69A091000393238308246D20048
:10C4800077E7BC4214D0BC68626803239A43531B0D
:10C49000AA4202D30F2B00DD45E7300000F0DEF8A2
:10C4A00000201EE65B23984688445C31CB0039E6C9
:10C4B000644B9A461868019B9C465346604418603A
:10C4C000039B5A1E5B461B68013371D04346029999
:10C4D0005B1A51461B180B60072341464046194022
:10C4E0000291184240D00398013384465B1A0199A7
:10C4F000984441440191634411405B1A1A40110071
:10C500003000934600F028FF431C78D04346C01A01
:10C5100003005B4401935346196801205944196094
:10C520004346019ABB6002435A60BC4200D1EBE62D
:10C530004B460F2B40D907220C3B934362680240C5
:10C5400005201A436260E218506090600F2B4BD8B0
:10C5500043465A68D8E65346981001238340404624
:10C5600018438046786021E7019B039943441340B8
:10C57000CB1A1A4011003000934600F0EDFE431C28
:10C58000C4D100239B46C6E7542A18D81A0B1000C2
:10C590006F326E308246D200EBE6AA235B009942EE
:10C5A00018D8DD3B9846E90B88447831CB00B9E5D3
:10C5B0005B46414619608FE7434658606DE7AA2005
:10C5C0004000824226D8DA0B10007832773082465B
:10C5D000D200CEE61C4B994226D87C239846A90C63
:10C5E00088447D31CB009DE521003000083101F009
:10C5F0005BF853461968BB6898465A6884E6019A06
:10C60000029B94464246083B63449B1A01930023D5
:10C610009B4680E70C4882420CD89A0C10007D3271
:10C620007C308246D200A4E6FE237E227F21904603
:10C630009B0077E5FE227E209200824699E64346E3
:10C640005B68F9E5E02D00205405000010B50248B4
:10C6500000F004FF10BDC046D82D002010B50248E0
:10C6600000F0FEFE10BDC046D82D0020030010B51E
:10C670000A0003490868190000F004F810BDC0461C
:10C6800078190020F0B557464E46DE464546E0B5DF
:10C690000C000600170083B0002900D1ACE0FFF7C2
:10C6A000D5FF08235B429946A1444B465B680322B1
:10C6B00019003D0091430B35CA468846162D67D8B0
:10C6C0001025AF4267D8A8456EDA4946C0484144B4
:10C6D0004A68009080689346884200D1A0E001201B
:10C6E000844610006246904308184068104200D00B
:10C6F00077E05A46032082439346C3445D454EDDAE
:10C700006046184212D14B4648461B68C31A0320A4
:10C710009B465B688343D21842440092954200DCFA
:10C72000CCE0434400939D4200DCCBE03900300074
:10C73000FFF7AAFC071E00D11EE14B4601225B68F1
:10C74000934302004B44083A934200D1E3E042464F
:10C75000043A242A00D9E3E003002100132A09D96E
:10C7600023680360636843601B2A00D9DCE0030090
:10C77000083108330A681A604A685A608A689A6001
:10C780003000210000F090FF3000FFF767FF20E04D
:10C790000432954395D50C230027336019E0D84621
:10C7A000CB688A68D3609A6043465F1B5346012278
:10C7B00050465B68404413400F2F22D841460B433C
:10C7C00051464B604368134343603000FFF746FF18
:10C7D0002700380003B0F0BCBB46B246A946A046CD
:10C7E000F0BD1A42A2D14B464A461B68D31A032217
:10C7F0009B465B68934394E71100FFF745FC0700F5
:10C80000E7E751462B434919554617436B604F6084
:10C810004368083113434360300000F045FFD4E71C
:10C8200003218A4394462900C44410318C4500DB1F
:10C8300084E0DB0700D579E74B4648461B68C31AFE
:10C8400003209B465B688343D21842440192914285
:10C8500000DD66E75B465A46DB6892685F46D36058
:10C860009A604246043A0837242A00D999E03B00EE
:10C87000132A0AD9594623688B606368CB601B2A48
:10C8800000D993E05B460834103322681A6062686E
:10C890005A60A2689A605B4601225919009B3000D9
:10C8A0009960019B5B1B13434B605B465B681340C5
:10C8B0005A462B435360FFF7D1FE8AE7CB688A685C
:10C8C000D3609A605B465A46DB6892685F46D360E5
:10C8D0009A604246043A0837242A17D83B00132AA4
:10C8E00009D9594623688B606368CB601B2A39D805
:10C8F0005B460834103322681A6062685A60A26886
:10C900009A60009B3C009846DA464DE721003800CB
:10C9100000F00AFCF5E703225B689343984443E781
:10C92000210000F001FC2BE7A3688360E368C3608B
:10C93000242A26D00300103110331BE74B46591927
:10C94000009B0122996063465B1B13434B604B467F
:10C950005B68300013404A462B435360FFF77EFE6E
:10C96000270036E7A3680B61E3684B61242A10D0E7
:10C970005B4610341833BEE73000FFF76FFE002728
:10C9800027E72369183103610300626918334261A4
:10C99000F0E623698B615B4662692033CA61183413
:10C9A000A9E72100380000F0BFFB74E7A3680B6122
:10C9B000E3684B61242A03D05B461034183364E7E4
:10C9C00023698B615B4662692033CA6118345CE776
:10C9D00070150020F0B557464E464546DE46E0B598
:10C9E00082460F0090461E00994683B0242B43D800
:10C9F000012B41D00B0008204A4D1A001478013356
:10CA0000295D0842F9D11D002D2C00D176E02B2C98
:10CA10003ED0454B9B4600230193002E53D1302C32
:10CA200000D173E00A2399460A3649465846F1F781
:10CA3000B1FA2B008C463D000200270000214C4635
:10CA40000020E146AC463D00303D092D07D9113D9F
:10CA5000192D03D93D00613D192D20D80A35AE426C
:10CA60001DDD4F1C05D082422AD327D0012160430F
:10CA700028181F780133E6E700F080FC16230360D6
:10CA8000002003B0F0BCBB46B246A946A046F0BDAC
:10CA90001C78254B951C9B4600230193BDE76746F8
:10CAA0004A1C21D0019A002A00D040424246002A66
:10CAB000E7D0002933D143461F60E2E7A945D5DA24
:10CAC00001214942D5E7102EAFD110239946302CD1
:10CAD000ABD120222B789343582BA6D110236C780E
:10CAE000994610260235A0E7222251460A604246A6
:10CAF0005846002AC5D058465F1EDCE71C788023C4
:10CB00001B069B460123951C019386E720222B7868
:10CB10009343582BE2D008230826994685E783469D
:10CB2000E9E7C04645540310FFFFFF7F10B504003E
:10CB30001300034A10680A002100FFF74BFF10BDE5
:10CB400078190020144B70B51E6805000C00002EEB
:10CB500002D0736B002B1BD0636EDB0702D4A3895A
:10CB60009B0511D529002200300000F0F7FE636E0E
:10CB70000500DB0702D4A3899B0501D5280070BD01
:10CB8000A06D00F06DFCF9E7A06D00F067FCE9E72F
:10CB9000300001F0ADF8DFE77819002070B505002E
:10CBA00086B008001400019100F096FC012301AE4C
:10CBB0000590029003960493002D02D06B6B002B1E
:10CBC00029D00C23E25E636EDB0701D493051CD5EC
:10CBD00080239B011A4205D11343A381104A636E3F
:10CBE000134063662800210003AA00F027F8636E53
:10CBF0000500DB0702D4A3899B0502D5280006B0F7
:10CC000070BDA06D00F02CFCF8E7A06D00F026FCD4
:10CC10000C23E25EDCE7280001F06AF8D1E7C046A9
:10CC2000FFDFFFFF030010B50A0003490868190081
:10CC3000FFF7B4FF10BDC04678190020F0B54E468E
:10CC4000DE4657464546E0B5936883B00C009146F2
:10CC50000090002B5FD00C23CA5E130763D50B69CD
:10CC6000002B60D04B461F68930723D5636A0026CC
:10CC70009A46B34B00259846E169002D16D02B004B
:10CC8000454500D9AE4B32000098D047002859DD09
:10CC90004B464A469B6836181B1A2D1A9360002B88
:10CCA00039D0636AE1699A46002DE8D13E687D6813
:10CCB0000837E2E7D30762D50023B84600209A463A
:10CCC00000261F00002E45D000284CD03B00B34664
:10CCD0009E4200D99B4620682269A56863699042FC
:10CCE00003D9ED18AB4500DDFEE05B4500DDEEE06D
:10CCF000656A5246E1690098A847051E22DD0120B9
:10CD00007F1B19D04B464A469B68AA445B1B761B87
:10CD10009360002BD6D1002003B0F0BCBB46B246D6
:10CD2000A946A046F0BD2100009800F077F9002840
:10CD30000DD10C23E25E95E72100009800F0ECFE97
:10CD40000028DFD00C22A35E40221343A3810120E0
:10CD50004042E1E70822434694465E68E044002EE4
:10CD6000F8D01B689A4632000A21504600F07AFB40
:10CD7000002800D1DBE053460130C71AA6E70023A4
:10CD800080219A4689008B46564655462068A368FE
:10CD900084469846002D5CD059460A425DD09A469A
:10CDA000AB4200D990E09023DB001A4232D02169D7
:10CDB000431A6069019343001B18D80FC318581019
:10CDC000019B824601335B19834201D99A461800C0
:10CDD000520500D497E001000098FFF755F980460E
:10CDE000031E00D1A6E0019A2169F2F73DF9A3895B
:10CDF000544A134080221343A38143462361019B7D
:10CE00001A004244944622605246A846AA46D31AC3
:10CE10006261A36052463100604600F085F94246E7
:10CE2000A8460025A36820689B1A5044A360206090
:10CE30004B4642469B6846449B1A4A46936000D143
:10CE400069E70C23E25E2068A36884469846002DBB
:10CE5000A2D13E687D6808379AE7226982421BD3D7
:10CE600062699046AA4217D8802328001B069D427B
:10CE700000D335484146F1F765F84346626A4343BB
:10CE80009046E16932000098C047002800DC59E76D
:10CE900080464346ED1ACBE79846AB4200D9A846F8
:10CEA0004246310000F040F94246A36820689B1AD0
:10CEB0004044A3602060002BEBD12100009800F0DB
:10CEC0002BFE0028E5D03DE7A846AA46A2E75A4631
:10CED000514600F029F95A46A3685D469B1AA360A3
:10CEE00023685B4423600AE751462A0000F01CF9DE
:10CEF000236821005B190098236000F00DFE0028D4
:10CF000000D1FCE61EE702000098FFF7BBFB80465D
:10CF1000002800D071E7009D2169280000F0C4FBC3
:10CF20008022A3899343743A1BB22A600CE7731CD6
:10CF30001F00CCE6009A0C3313600C22A35E03E7BB
:10CF400000FCFF7F7FFBFFFFFFFFFF7FF0B5C646C2
:10CF500000B51D00170086B001AB039301236F439A
:10CF6000061E90460C9C019102970597049302D0EF
:10CF7000436B002B3CD00C23E25E636EDB0701D4D5
:10CF800093052AD580239B011A4205D11343A3811F
:10CF9000194A636E134063662100300003AAFFF74D
:10CFA0004DFE636E002811D0DB0708D50598414679
:10CFB000381AF0F7EFFF06B080BCB846F0BDA38981
:10CFC0009B05F3D4A06D00F04BFAEFE7DB0702D42A
:10CFD000A3899B0507D52800EDE7A06D00F03EFA78
:10CFE0000C23E25ECEE7A06D00F03AFA2800E2E7FB
:10CFF00000F07EFEBFE7C046FFDFFFFF10B5040074
:10D00000054882B00068009313000A002100FFF772
:10D010009DFF02B010BDC04678190020304B70B59E
:10D02000050018680C00002802D0426B002A4FD07F
:10D030000C22A35E1A071DD52269002A24D0D90725
:10D0400008D50021A160616900204942A161002A40
:10D0500008D070BD0021980700D461690020A1604C
:10D06000002AF6D11A06F4D5402213430120A381E9
:10D070004042EEE7DA062ED55A0714D42269082179
:10D080000B43A381002ADAD1A021802089008000EF
:10D0900019408142D3D02100280000F0EFFB0C2280
:10D0A000A35E2269CBE7216B00290AD0220040321F
:10D0B000914204D0280000F0F7FA0C22A35E00226F
:10D0C0002263242293430022626022692260D6E711
:10D0D00000F00EFEACE709222A6037321343C5E7A1
:10D0E0007819002030B5032A19D903000B43551EC7
:10D0F0009B0710D0002303E05A1C9D4212D013005E
:10D10000C25CCC5CA242F7D0101B0CE0043A0430A5
:10D110000431032A03D904680B689C42F6D0551EDB
:10D12000002AE7D1002030BDF0B588420AD98B181B
:10D13000984207D2531E002A03D0CA5CC254013B56
:10D14000FBD2F0BD05000F2A0AD8561E002AF8D0DF
:10D150000023CC5C1A00EC5401339642F9D1F0E77D
:10D160000324030026000B431E401C4230D115004F
:10D17000103D2D0903000C00AC462F013F18256817
:10D180001D6065685D60A5689D60E5681034DD60C0
:10D190001D001033BD42F2D165460F230C2401352A
:10D1A0002D01491913404519144213D08C59AC5123
:10D1B00004369C1B032CF9D8043B9B0801339B00CD
:10D1C000ED18C91803231A40561E002AC0D1B8E72B
:10D1D000561EBDE71A00B8E730B5002A28D0030074
:10D1E0000B439B0713D1032A11D9134D0BE0043ACB
:10D1F000002A1DD0114C1C199C432C4218D104301C
:10D200000431032A03D903680C68A342EFD00478E1
:10D210000D78A5420ED1012A0AD0012306E0C45C94
:10D22000CD5CAC4206D101339A4201D0002CF6D13C
:10D23000002030BD601BFCE780808080FFFEFEFE8A
:10D24000034B10B51A680123503200F003F810BDEB
:10D2500078190020F0B5002828D0070038000C000D
:10D260000678013702E00134AE4213D02578002D54
:10D27000F9D1002E1FD00B003D787E1C02E0013357
:10D28000002C0CD01C78A542F9D10023002D08D128
:10D290001360F0BD002BE1D117600370F9E7370090
:10D2A000E9E70024711E33000C70F1E710680028D4
:10D2B000D3D10020EDE700201660EAE7154B70B5EA
:10D2C00004001D681F281FD88C235B00EB58002B1F
:10D2D0000DD082009B181A68002A08D0012A04D0B9
:10D2E000511C0DD0002119609047002070BD28000E
:10D2F00000F02EF822000100280000F015F8F5E7F4
:10D30000162301202B60F1E7162301202B604042F9
:10D31000ECE7C0467819002010B513000A000100A0
:10D32000022000F007F910BD002370B5074D04007E
:10D33000080011002B6000F0D9FE431C00D070BD26
:10D340002B68002BFBD02360F9E7C046583500203E
:10D3500010B500F0BBFE10BD002370B5064C0500F3
:10D3600008002360EFF7CAF9431C00D070BD2368A2
:10D37000002BFBD02B60F9E758350020014B1868D3
:10D380007047C04678190020802310B55B0108283B
:10D3900001D1180010BDFFF7F1FF16230360173B02
:10D3A000F7E7C046024670B50A4392072AD11E4DE0
:10D3B000EE0104C808C9541B9443344017D0D0B2BE
:10D3C000D9B2401A2106014310D190B299B2401A45
:10D3D000210401430AD110021902000A090A401A65
:10D3E0002102014302D1100E190E401A70BD9A425B
:10D3F000DFD010BA19BA884201D9012070BD0020CF
:10D40000C04370BD02780B7801300131002A09D089
:10D410009A4207D102780B7801300131002A01D0FD
:10D420009A42EFD0D01A70BD0101010170B5074CCE
:10D43000074D641BA41005D0013CA300EB5898478E
:10D44000002CF9D100F062FE70BDC046301B0020F8
:10D45000301B00207047C0467047C0467047C0462A
:10D460007047C04670B5CCB283070FD0531E002A58
:10D470000AD0032504E00130284208D0013B03D341
:10D480000278A242F7D170BD0020FCE71300032B05
:10D4900012D9FF220A401502AD182A040C4EAD180D
:10D4A00003E0043B0430032B06D9026809496A40B3
:10D4B000511891433142F4D0C218002B03D1E3E755
:10D4C00001309042E0D00378A342F9D1DBE7C046B7
:10D4D00080808080FFFEFEFE10B583070AD0030027
:10D4E000032102E001330B4205D01A78002AF9D15A
:10D4F000181A10BD030019680C4A0D4C8A188A438B
:10D5000022420FD15968094A04338A188A432242B9
:10D5100008D15968054A04338A188A432242F1D057
:10D5200000E001331A78002AFBD1E1E7FFFEFEFE9E
:10D5300080808080F0B5D6464F4646469846244BBC
:10D54000C0B5060018689A460F009146FFF786FF9F
:10D55000204B1D68002D32D053466C6818681F2C74
:10D5600030DC002E0CD1631C0234A4006B606751C8
:10D57000FFF776FF0020E0BCBA46B146A846F0BDF2
:10D5800049468822A300EB189950C42149008C46D3
:10D59000AC446146873AA24009689146114362460D
:10D5A00011608421424649005A50022EDBD12900E5
:10D5B0004A468D31FF310B6813430B60D3E7064DAC
:10D5C0001D60C9E7FFF74CFF01204042D3E7C0468A
:10D5D000A01A0020402C0020442C0020034B10B542
:10D5E000002B02D00248FEF723FD10BD0000000012
:10D5F0002DD40210F0B5C646060000B508200D0077
:10D60000FFF7C2FE04003000FFF720F8234B210093
:10D6100098469B685F6803239F4338001138401B7E
:10D620000019F0F7B7FC451E6543AC4208DC002149
:10D630003000FFF791FE43469B68DB19984206D005
:10D640003000FFF70BF8002080BCB846F0BD30007A
:10D650006942FFF781FE01300ED0012243467F1B55
:10D660009B6817430E4A5F60136830005B1B1360B2
:10D67000FEF7F4FF0120E7E700213000FFF76CFE22
:10D6800043469A68831A0F2BDADD064C0449246856
:10D69000001B086001210B435360D1E77015002087
:10D6A000E02D002068150020F8B5CE46474605005D
:10D6B0000C0080B5002957D0FEF7C8FF01232100D8
:10D6C0009C46083948686246030003249343CF18F8
:10D6D0007A68654EA243B468BC4200D170E0BC18C1
:10D6E000A14664467A60044221D10868091A1B18D1
:10D6F00088688046484640682040340008348146A7
:10D70000A04551D04046CC68C460A060484600287F
:10D7100011D19B185548BA68824200D17FE0F86861
:10D72000D060826001221A434A60CB5007E048462D
:10D7300040682042EDD062461A434A603B60802236
:10D740009200934214D2DA0858090123834070688A
:10D7500003437360D3009B199A68CB608A60996019
:10D76000D1602800FEF77AFFC0BCB946B046F8BDCC
:10D770005C0A042C3DD89C09200039343830E40080
:10D7800034192268083C0327944203D140E0926890
:10D79000944203D05068B8439842F8D8D468CC601B
:10D7A0008A60A160D160DCE7002858D1B868D2183F
:10D7B000FB68C3609860634613434B608A50D0E7B0
:10D7C0009A186346034206D10B68C91A8868D218B2
:10D7D000CB68C3609860012313434B60244BB16056
:10D7E0001B689342BDD8234B28001968FFF702FF3E
:10D7F000B7E7142C07D9542C1AD81C0B20006F340F
:10D800006E30E400BCE720005C345B30E400B7E736
:10D81000012380108340706803437360BFE7D160C9
:10D820009160CA608A6001221A434A60CB5098E72F
:10D83000AA225200944205D8DC0B200078347730BD
:10D84000E4009DE70C4A944205D89C0C20007D34EE
:10D850007C30E40094E7FE247E20A40090E762463A
:10D860001A434A603B607CE7701500207815002061
:10D870006C150020102E002054050000F0B5C6469F
:10D8800000B50C228B5E05000C0096B09A0709D5F6
:10D8900023004333236023610123636116B080BCFE
:10D8A000B846F0BD0E22895E002928DB6A4600F0EA
:10D8B000CFFA002821DBF023019F1B021F40264BDB
:10D8C00080269C4667447B425F418023DB0098466C
:10D8D000360141462800FEF7D7FB00281BD08022E6
:10D8E000A3892060134342461BB2A3812061626179
:10D8F000002F1FD13343A381D0E70C22A35E002762
:10D900001B0612D540239846280041460026FEF704
:10D91000BBFB0028E3D10C22A35E9A05BED40322F0
:10D92000934302221343A381B2E78023DB0098468E
:10D930000026CEE728000E23E15E00F09DFA0028C5
:10D9400002D10C22A35ED5E70322A38993430122CF
:10D9500013431BB2CEE7C04600E0FFFF70B50600E0
:10D960000D001400002802D0436B002B2DD0636EF5
:10D97000DB0702D4A3899B051FD5A368013BA360E5
:10D98000002B05DAA269934210DBEBB20A2B0DD013
:10D99000FF2023685A1C22601D700540636EDB0760
:10D9A00002D4A3899B050CD5280070BD2900220054
:10D9B000300000F0C9F90500F0E7A06DFFF74EFD5B
:10D9C000DBE7A06DFFF74CFDEEE700F091F9CEE745
:10D9D000F0B5C64600B50C228B5E07000C001A0796
:10D9E00032D480254A682D011D438D81002A4EDDE9
:10D9F000A66A002E4ED03A68E169904600223A604D
:10DA0000DB044BD4002201233800B0470200431C42
:10DA100000D172E00C23E55EA66AE1696D0706D5C8
:10DA20006368D21A236B002B01D0E36BD21A002358
:10DA30003800B047431C33D139680C23E25E1D29FE
:10DA400049D9402313431EE00E69002E22D00D68F1
:10DA50000022AD1B0E609B0700D14A69A260002D19
:10DA600004DC17E036182D1A002D13DD636A32002E
:10DA7000984638002B00E169C0470028F2DC4022BC
:10DA8000A38913431BB20120A381404203E0CA6B68
:10DA9000002AADDC002080BCB846F0BD226DBDE799
:10DAA0000C22A35E1A4A1A40A281002262602269F7
:10DAB0002260DB0400D520654346216B3B600029D2
:10DAC000E8D023004033994202D03800FFF7ECFD44
:10DAD00000232363DEE701260E4B35000B411D407A
:10DAE0001E42AED10A4B65601340A38123692360B7
:10DAF000D204E1D50029DFD1DDE73B68002B00D15E
:10DB000088E71D2B01D0162BB9D143463B60C1E7F6
:10DB1000FFF7FFFFFEFFBFDF70B505000C00002818
:10DB200002D0436B002B27D00C22A35E002B11D018
:10DB3000626ED20701D49B050ED528002100FFF7A5
:10DB400047FF636E0500DB0702D4A3899B050FD551
:10DB5000280070BD0025FBE7A06DFFF77FFC2800C3
:10DB60002100FFF735FF636E0500DB07F0D4ECE71B
:10DB7000A06DFFF775FCEBE700F0BAF8D4E7C046FC
:10DB800010B5034A0349044800F040F910BDC046EF
:10DB9000A41A00209DDE02108019002041680B4B62
:10DBA00010B50400994201D000F078F9A168084B43
:10DBB000994202D0200000F071F9E168054B9942CA
:10DBC00002D0200000F06AF910BDC046142E0020DB
:10DBD0007C2E0020E42E0020F8B5CE4647463B4C74
:10DBE0003B4B3C4A2000002580B51A6004230822E4
:10DBF00000215C3025606560A56065662561656112
:10DC0000A561E360F1F72AFA2000334B334F344E1D
:10DC100099462362334B58309846A762E6626362A6
:10DC2000E461FFF717FCCC23E5502F4B200063671E
:10DC3000802300210822C430E550A566E5662567EB
:10DC4000A567E567F1F70AFA220084236832E250FB
:10DC50004A460433E250424620000433E250043383
:10DC6000E750C0300433E650FFF7F4FBD023200028
:10DC7000E5500433E5500433E5501C4A5C33E5506D
:10DC8000583BE2500433E5502D300433E550002179
:10DC900004330822FF30E550F1F7E0F92200EC23CD
:10DCA000D032E2504A460433E25020004246043368
:10DCB000E25029300433E750FF300433E650FFF7D9
:10DCC000C9FBC0BCB946B046F8BDC046142E002002
:10DCD0004C2F002081DB02106DDF0210D5DF021017
:10DCE00005E0021095DF0210090001001200020099
:10DCF00070B50400094D2800FFF7B0FB636B002BE3
:10DD000005D1074B6363074B1B68002B03D028002A
:10DD1000FFF7A6FB70BDFFF75FFFF8E7DC2D0020E3
:10DD20009DDB02104C2F002010B50248FFF796FB38
:10DD300010BDC046DC2D002010B50248FFF790FB57
:10DD400010BDC046DC2D0020F8B505000E00140003
:10DD5000002802D0436B002B52D0A369A3600C2390
:10DD6000E25E13071FD52369002B1CD0FF21F7B2F9
:10DD70000E40802189010A4225D022686169D31AA8
:10DD800099422BDD0133A1680139A160511C21604A
:10DD9000177062699A422AD0A389DB0701D50A2E3F
:10DDA00025D03000F8BD21002800FFF737F9002802
:10DDB00023D1FF21F7B20E4080210C23E25E8901BE
:10DDC00023690A42D9D11143A181626E0E490A40EA
:10DDD000626661692268D31A9942D3DC2100280067
:10DDE000FFF79AFE002808D101232268CBE7210023
:10DDF0002800FFF791FE0028D3D001267642D0E715
:10DE0000FFF776FFA9E7C046FFDFFFFFF8B54746FB
:10DE1000CE46884680B58146170000267D68BC68DE
:10DE2000013D0DD4A389012B07D90E22A35E013336
:10DE300003D021004846C04706436834013DF1D273
:10DE40003F68002FEAD13000C0BCB946B046F8BDEB
:10DE5000002370B5074D0400080011002B6000F08E
:10DE60002DF9431C00D070BD2B68002BFBD0236024
:10DE7000F9E7C04658350020002370B5064C050070
:10DE80000800236000F02AF9431C00D070BD23680D
:10DE9000002BFBD02B60F9E75835002070B5060049
:10DEA0000C1E40D0002802D0436B002B47D0012528
:10DEB0000C22A35E626E2A4233D19B0542D521001B
:10DEC0003000FFF785FDE36A0500002B04D0300029
:10DED000E1699847002828DBA3891B062AD4216B17
:10DEE000002908D023004033994202D03000FFF7C8
:10DEF000DBFB00232363616C002904D03000FFF7B3
:10DF0000D3FB00236364FFF70FFF0023A381636E3D
:10DF1000DB0726D5A06DFFF79FFAFFF70DFF28005E
:10DF200070BD002BCBD10025F9E70125A3896D42F7
:10DF30001B06D4D530002169FFF7B6FBCFE7FFF70A
:10DF4000D7FEB4E7A06DFFF789FA0C22A35E002B81
:10DF5000B5D1636E2B42E6D1A06DFFF781FA0025A3
:10DF6000DDE7A06DFFF77CFAD4E7C04670B50C0082
:10DF70000E25495F00F072F8002803DB236D1B18A3
:10DF8000236570BDA389024A1340A381F9E7C04607
:10DF9000FFEFFFFFF8B50C001F000C23C95E050062
:10DFA0001600CB050AD40A4B320019402800A18183
:10DFB0000E23E15E3B0000F065F8F8BD0E23E15E44
:10DFC0000022022300F036F80C23E15EEBE7C046A6
:10DFD000FFEFFFFF70B50C000E25495F00F02AF837
:10DFE000431C07D08023A2895B0113431BB2206529
:10DFF000A38170BDA389024A13401BB2F8E7C04653
:10E00000FFEFFFFF10B50E23C95E00F001F810BD51
:10E01000002370B5064C05000800236000F046F8A8
:10E02000431C00D070BD2368002BFBD02B60F9E7A8
:10E030005835002070B50400080011001A000023B4
:10E04000054D2B6000F05AF8431C00D070BD2B68C2
:10E05000002BFBD02360F9E75835002070B5040091
:10E06000080011001A000023054D2B60F1F78CF910
:10E07000431C00D070BD2B68002BFBD02360F9E758
:10E080005835002070B50400080011001A00002364
:10E09000054D2B60F1F78AF9431C00D070BD2B6849
:10E0A000002BFBD02360F9E75835002058220120CF
:10E0B000014B40421A607047583500205822012019
:10E0C000014B40421A607047583500205822012009
:10E0D000014B40421A607047583500205822024BCD
:10E0E00000201A607047C046583500205822012091
:10E0F000014B40421A6070475835002058220120D9
:10E10000014B40421A60704758350020F8B5C046B0
:10E1100001B40248844601BC604700BFDF13002001
:10E1200001B40248844601BC604700BF19040020C6
:10E1300001B40248844601BC604700BFF9010020D9
:10E1400001B40248844601BC604700BFF1040020CE
:10E1500001B40248844601BC604700BFC9080020E2
:10E1600001B40248844601BC604700BF91130020FF
:10E1700001B40248844601BC604700BF610300202F
:10E1800001B40248844601BC604700BF6D0800200E
:10E1900001B40248844601BC604700BFD913002087
:10E1A00001B40248844601BC604700BFF10400206E
:10E1B00001B40248844601BC604700BFB10F002093
:10E1C00001B40248844601BC604700BF0901002039
:10E1D00001B40248844601BC604700BF69080020C2
:10E1E00001B40248844601BC604700BFA902002078
:10E1F00001B40248844601BC604700BFDD01002035
:10E2000001B40248844601BC604700BFB913002036
:10E2100001B40248844601BC604700BF7D0800206D
:10E2200001B40248844601BC604700BFE10F0020F2
:10E2300001B40248844601BC604700BF810F002042
:10E2400001B40248844601BC604700BFC100002001
:10E2500001B40248844601BC604700BFC5130020DA
:10E260003133616D6269656E745F6C6967687400F3
:10E27000B830031060E202100000000070E20210EB
:10E28000E5020010FF020010F1020010F50200107C
:10E29000FD0200103230616D6269656E745F6C69F9
:10E2A0006768745F6268313735300000CC32031024
:10E2B00094E2021070E2021000000000ACE20210D2
:10E2C0002103001035030010A1030010F503001016
:10E2D0004903001062617369635F737472696E67EA
:10E2E0003A20636F6E737472756374696F6E206623
:10E2F000726F6D206E756C6C206973206E6F742068
:10E3000076616C696400000063616E6E6F742063F7
:10E310007265617465207374643A3A766563746FEC
:10E3200072206C6172676572207468616E206D6125
:10E33000785F73697A652829000000004745524DCF
:10E34000414E0000454E474C495348004954414C0A
:10E3500049414E0042454C4749414E0042494E41D9
:10E3600052590000444F5453000000006C6F670086
:10E370004C4F47005345542054494D450000000080
:10E3800073620000534554204252494748544E4559
:10E390005353000073667000534554204641434573
:10E3A000504C41544500000073646F00524F54417B
:10E3B000544520444953504C415900007362630056
:10E3C0004252494748544E455353204355525645AF
:10E3D0000000000073640000646C73004441594CF9
:10E3E00049474854534156494E470000636F6C00FB
:10E3F000434F4C4F524D4F44450000005241494E4F
:10E40000424F5720534550455241544500000000AB
:10E410005241494E424F5720455155414C00000052
:10E420005741524D2057484954450000434F4C44F2
:10E4300020574849544500007265730052455354B3
:10E440004F524520434C4F434B2053455454494E63
:10E4500047530000646F6200444F542042524947C2
:10E4600048544E4553530000626C6400424C494E80
:10E470004B454E444F54530069777400747A000042
:10E480007379737363000000737973636D646465FB
:10E490006600000046764E5374375F5F63787831CC
:10E4A00031313262617369635F737472696E674997
:10E4B0006353743131636861725F7472616974733C
:10E4C000496345536149634545454500243203107E
:10E4D00094E40210313673657474696E67735F7308
:10E4E000746F726167650000B8300310D4E40210E5
:10E4F0005046764E5374375F5F63787831313132EE
:10E5000062617369635F737472696E6749635374A0
:10E510003131636861725F74726169747349634514
:10E5200053614963454545450000000074320310BE
:10E53000F0E4021000000000CCE402100000000033
:10E54000E8E4021031040010770400104F040010BA
:10E550003D040010590400105F040010323273654E
:10E560007474696E67735F73746F726167655F66F9
:10E570006C61736800000000CC3203105CE502108F
:10E58000E8E402100000000078E5021059230010B2
:10E590006D2300105523001081230010F323001079
:10E5A000032400109E4C0010CE4C0010EE4C0010C6
:10E5B000FC4C00100A4D0010184D0010264D0010A4
:10E5C000344D0010424D0010504D00105E4D0010B3
:10E5D0006C4D0010924C0010CE4C0010EE4C001010
:10E5E000FC4C00100A4D0010184D0010264D001074
:10E5F000344D0010424D0010504D00105E4D001083
:10E600006C4D0010D64D0010D64D0010D64D0010A8
:10E61000D64D0010D64D0010E44D0010E44D001012
:10E62000E44D0010E44D0010E44D0010F24D0010D8
:10E63000F24D0010F24D0010F24D0010F24D00109E
:10E64000004E0010004E0010004E0010004E001052
:10E65000004E00101A4E00101A4E00101A4E0010F4
:10E660001A4E00101A4E0010284E0010284E0010AE
:10E67000284E0010284E0010284E0010424E001068
:10E68000424E0010424E0010424E0010424E00100A
:10E69000504E0010504E0010504E0010504E0010C2
:10E6A000504E00105E4E00105E4E00105E4E001088
:10E6B0005E4E00105E4E00106C4E00106C4E00104E
:10E6C0006C4E00106C4E00106C4E00103236776F9E
:10E6D0007264636C6F636B5F66616365706C6174B9
:10E6E000655F6765726D616E00000000CC320310DB
:10E6F000CCE6021008F6021000000000ECE6021062
:10E70000C14B00106D4A0010814A00100300000048
:10E7100000000000040000000000000005000000F0
:10E7200000000000080000000900000009000000CF
:10E73000090000000A0000000900000003000000BA
:10E7400003000000040000000300000005000000BA
:10E7500003000000060000000300000007000000A6
:10E760000000000008000000000000000900000098
:10E77000000000000A00000000000000000000008F
:10E780000100000001000000010000000200000084
:10E790000100000003000000010000000400000070
:10E7A000010000000500000001000000060000005C
:10E7B0000100000007000000010000000800000048
:10E7C0000100000009000000010000000A00000034
:10E7D000010000000400000002000000050000002D
:10E7E0000200000006000000020000000700000018
:10E7F0000200000008000000020000000900000004
:10E80000020000000A0000000200000000000000FA
:10E8100003000000010000000300000002000000EF
:10E8200003000000070000000300000008000000D3
:10E830000300000009000000030000000A000000BF
:10E8400003000000000000000400000001000000C0
:10E8500004000000020000000400000003000000AB
:10E8600004000000000000000200000001000000A1
:10E87000020000000200000002000000030000008F
:10E880000200000000000000050000000100000080
:10E890000500000002000000050000000300000069
:10E8A000050000000700000005000000080000004F
:10E8B0000500000009000000050000000A0000003B
:10E8C000050000000000000006000000010000003C
:10E8D0000600000002000000060000000300000027
:10E8E000060000000700000006000000080000000D
:10E8F0000600000009000000060000000A000000F9
:10E9000006000000070000000400000008000000EE
:10E910000400000009000000040000000A000000DC
:10E9200004000000000000000700000001000000DB
:10E9300007000000020000000700000003000000C4
:10E9400007000000040000000700000000000000B5
:10E9500008000000010000000800000002000000A4
:10E960000800000003000000080000000400000090
:10E97000080000000500000008000000070000007B
:10E980000700000008000000070000000900000068
:10E99000070000000A00000007000000030000005C
:10E9A000090000000400000009000000050000004C
:10E9B000090000000600000009000000000000003F
:10E9C0000900000001000000090000000200000032
:10E9D000090000000300000009000000050000001D
:10E9E0000400000006000000040000000700000012
:10E9F00004000000060000000800000007000000FE
:10EA000008000000080000000800000009000000E5
:10EA1000080000000A0000000800000000000000DC
:10EA200005000000010000000500000002000000D9
:10EA300005000000E46F0010087000101670001050
:10EA40002470001032700010407000104E700010E2
:10EA50005C7000106A7000107870001086700010F2
:10EA600094700010D86F001008700010167000101D
:10EA70002470001032700010407000104E700010B2
:10EA80005C7000106A7000107870001086700010C2
:10EA900094700010D2700010D2700010D27000106C
:10EAA000D2700010D2700010E0700010E070001002
:10EAB000E0700010E0700010E0700010FA700010BC
:10EAC000FA700010FA700010FA700010FA7000105E
:10EAD0000871001008710010087100100871001012
:10EAE00008710010167100101671001016710010D8
:10EAF000167100101671001024710010247100109E
:10EB00002471001024710010247100103271001063
:10EB10003271001032710010327100103271001029
:10EB200040710010407100104071001040710010E1
:10EB3000407100105A7100105A7100105A71001083
:10EB40005A7100105A71001068710010687100103D
:10EB50006871001068710010687100103237776FAB
:10EB60007264636C6F636B5F66616365706C617424
:10EB7000655F6974616C69616E000000CC320310DE
:10EB80005CEB021008F60210000000007CEB0210A3
:10EB9000116F0010616E0010756E00100000000013
:10EBA0000000000001000000000000000200000062
:10EBB000000000000300000000000000050000004D
:10EBC0000000000006000000000000000800000037
:10EBD0000000000009000000000000000A00000022
:10EBE0000000000007000000060000000800000010
:10EBF0000600000009000000060000000A000000F6
:10EC000006000000050000000800000006000000EB
:10EC100008000000070000000800000008000000D5
:10EC20000800000009000000080000000A000000C1
:10EC300008000000000000000900000001000000C2
:10EC400009000000020000000900000003000000AD
:10EC5000090000000400000009000000000000009E
:10EC60000800000001000000080000000200000091
:10EC7000080000000300000008000000040000007D
:10EC80000800000002000000070000000300000070
:10EC90000700000006000000090000000700000057
:10ECA0000900000008000000090000000900000041
:10ECB000090000000A000000090000000500000033
:10ECC0000700000006000000070000000700000029
:10ECD0000700000008000000070000000900000015
:10ECE000070000000A000000070000000300000009
:10ECF0000100000004000000010000000500000009
:10ED000001000000070000000100000008000000F2
:10ED100001000000090000000100000000000000E8
:10ED200002000000010000000200000002000000DC
:10ED300002000000000000000500000001000000CB
:10ED400005000000020000000500000003000000B4
:10ED500005000000040000000500000005000000A0
:10ED60000500000006000000050000000000000093
:10ED70000600000001000000060000000200000084
:10ED80000600000003000000060000000400000070
:10ED9000060000000500000006000000080000005A
:10EDA0000500000009000000050000000A00000046
:10EDB000050000000600000004000000070000003D
:10EDC000040000000800000004000000090000002A
:10EDD000040000000A00000004000000030000001E
:10EDE0000200000004000000020000000500000016
:10EDF0000200000006000000020000000700000002
:10EE000002000000080000000200000009000000ED
:10EE1000020000000A0000000200000000000000E4
:10EE200003000000010000000300000002000000D9
:10EE300003000000030000000300000004000000C5
:10EE400003000000050000000300000006000000B1
:10EE5000030000000700000003000000080000009D
:10EE60000300000009000000030000000A00000089
:10EE7000030000000000000004000000010000008A
:10EE80000400000002000000040000000300000075
:10EE90000400000004000000040000000500000061
:10EEA000040000006492001094920010A2920010DE
:10EEB000B0920010BE920010CC920010DA920010B6
:10EEC000E8920010F69200100493001012930010C4
:10EED000209300105892001094920010A2920010FB
:10EEE000B0920010BE920010CC920010DA92001086
:10EEF000E8920010F6920010049300101293001094
:10EF0000209300108A9300108A9300108A930010B7
:10EF10008A9300108A930010989300109893001021
:10EF2000989300109893001098930010A6930010E7
:10EF3000A6930010A6930010A6930010A6930010AD
:10EF4000B4930010B4930010B4930010B493001065
:10EF5000B4930010CE930010CE930010CE93001007
:10EF6000CE930010CE930010DC930010DC930010C1
:10EF7000DC930010DC930010DC930010F69300107B
:10EF8000F6930010F6930010F6930010F69300101D
:10EF900004940010049400100494001004940010D1
:10EFA0000494001012940010129400101294001097
:10EFB000129400101294001020940010209400105D
:10EFC0002094001020940010209400103237776FA6
:10EFD0007264636C6F636B5F66616365706C6174B0
:10EFE000655F656E676C697368000000CC32031062
:10EFF000CCEF021008F6021000000000ECEF021047
:10F0000069910010B9900010CD900010030000002D
:10F0100000000000040000000000000005000000E7
:10F0200009000000060000000900000007000000C1
:10F0300009000000080000000900000009000000AD
:10F04000090000000A0000000900000001000000A3
:10F0500001000000020000000100000003000000A9
:10F060000100000004000000010000000500000095
:10F070000100000006000000010000000700000081
:10F08000010000000000000002000000010000007C
:10F090000200000002000000020000000300000067
:10F0A0000200000004000000020000000500000053
:10F0B000020000000700000002000000080000003D
:10F0C0000200000009000000020000000A00000029
:10F0D0000200000005000000030000000600000020
:10F0E000030000000700000003000000090000000A
:10F0F000030000000A000000030000000000000000
:10F1000003000000010000000300000002000000F6
:10F1100003000000030000000300000000000000E6
:10F1200004000000010000000400000002000000D4
:10F1300004000000030000000400000000000000C4
:10F1400005000000010000000500000002000000B2
:10F15000050000000300000005000000040000009E
:10F16000050000000500000005000000060000008A
:10F170000500000007000000050000000800000076
:10F180000500000009000000050000000A00000062
:10F190000500000000000000060000000100000063
:10F1A000060000000200000006000000030000004E
:10F1B000060000000400000006000000050000003A
:10F1C0000600000006000000060000000700000026
:10F1D0000600000008000000060000000900000012
:10F1E000060000000A000000060000000500000004
:10F1F00004000000060000000400000007000000FA
:10F2000004000000080000000400000009000000E5
:10F2100004000000000000000800000001000000E1
:10F2200008000000020000000800000003000000C9
:10F2300008000000040000000800000000000000BA
:10F2400007000000010000000700000002000000AD
:10F25000070000000300000007000000000000009D
:10F260000900000001000000090000000200000089
:10F270000900000005000000070000000600000073
:10F280000700000007000000070000000800000061
:10F290000700000009000000070000000A0000004D
:10F2A0000700000005000000080000000600000044
:10F2B000080000000700000008000000080000002F
:10F2C0000800000009000000080000000A0000001B
:10F2D000080000003236776F7264636C6F636B5F97
:10F2E00066616365706C6174655F62696E61727995
:10F2F00000000000CC320310D4F2021008F6021015
:10F3000000000000F4F20210A9B3001061B2001076
:10F3100075B2001009000000080000000A0000009B
:10F320000800000009000000070000000A000000BB
:10F330000700000009000000060000000A000000AD
:10F340000600000009000000050000000A0000009F
:10F350000500000009000000040000000A00000091
:10F360000400000009000000030000000A00000083
:10F370000300000009000000020000000A00000075
:10F380000200000009000000010000000A00000067
:10F390000100000006000000080000000700000057
:10F3A0000800000006000000070000000700000041
:10F3B0000700000006000000060000000700000033
:10F3C0000600000006000000050000000700000025
:10F3D0000500000006000000040000000700000017
:10F3E0000400000006000000030000000700000009
:10F3F00003000000060000000200000007000000FB
:10F4000002000000060000000100000007000000EC
:10F4100001000000030000000800000004000000DC
:10F4200008000000030000000700000004000000C6
:10F4300007000000030000000600000004000000B8
:10F4400006000000030000000500000004000000AA
:10F45000050000000300000004000000040000009C
:10F46000040000000300000003000000040000008E
:10F470000300000003000000020000000400000080
:10F480000200000003000000010000000400000072
:10F490000100000000000000080000000100000062
:10F4A000080000000000000007000000010000004C
:10F4B000070000000000000006000000010000003E
:10F4C0000600000000000000050000000100000030
:10F4D0000500000000000000040000000100000022
:10F4E0000400000000000000030000000100000014
:10F4F0000300000000000000020000000100000006
:10F5000002000000000000000100000001000000F7
:10F51000010000003234776F7264636C6F636B5F5D
:10F5200066616365706C6174655F646F747300001D
:10F53000CC32031014F5021008F60210000000008F
:10F5400030F5021005D30010C9D20010DDD2001032
:10F550000C000000FFFFFFFF65000000FFFFFFFF42
:10F5600071000000FFFFFFFFDEE80010FCE8001064
:10F570001AE9001038E9001056E9001078795F7434
:10F580006F5F6C65645F696E646578206F75742069
:10F590006F662072616E67650000000076656374B7
:10F5A0006F723A3A5F4D5F72616E67655F6368655F
:10F5B000636B3A205F5F6E20287768696368206913
:10F5C0007320257A7529203E3D20746869732D3E8D
:10F5D00073697A65282920287768696368206973C8
:10F5E00020257A7529000000342E302E30000000CE
:10F5F0003139776F7264636C6F636B5F66616365EB
:10F60000706C617465000000B8300310F0F50210F2
:10F610000000000008F6021019EE0010CDEA0010FC
:10F62000D9EA0010000000000C0000006500000096
:10F63000710000000A000000090000000A0000003C
:10F6400000000000000000000900000000000000B1
:10F650000000000000000000FFFFFFFF0C000000A2
:10F66000FFFFFFFF65000000FFFFFFFF71000000CC
:10F67000FFFFFFFF0100000001000000010000008B
:10F680000200000001000000030000000100000073
:10F690000700000001000000080000005365702012
:10F6A00020322032303236004A616E0046656200F8
:10F6B0004D617200417072004D6179004A756E00B3
:10F6C0004A756C0041756700536570004F637400A4
:10F6D0004E6F760044656300313A313A313930304B
:10F6E0000000000031323A32373A32340000000074
:10F6F0003372746300000000B8300310F0F602109B
:10F7000000000000F8F6021045040110AF040110DB
:10F710004508011051040110D9080110B505011068
:10F72000B50B0110A1060110650B0110303030310E
:10F73000303230333034303530363037303830399D
:10F740003130313131323133313431353136313795
:10F75000313831393230323132323233323432357B
:10F760003236323732383239333033313332333361
:10F770003334333533363337333833393430343147
:10F78000343234333434343534363437343834392D
:10F790003530353135323533353435353536353725
:10F7A000353835393630363136323633363436350B
:10F7B00036363637363836393730373137323733F1
:10F7C00037343735373637373738373938303831D7
:10F7D00038323833383438353836383738383839BD
:10F7E00039303931393239333934393539363937B5
:10F7F000393839390000000000001F003B005A0072
:10F8000078009700B500D400F300110130014E01DB
:10F810006D01000031307274635F727032303430C9
:10F8200000000000CC32031014F80210F8F60210A9
:10F830000000000024F80210BD0B0110D10B0110D4
:10F840001D0D0110050C0110B10D01108F0C0110E0
:10F85000850E0110D10C0110350E01107665637410
:10F860006F723A3A5F4D5F7265616C6C6F635F698E
:10F870006E73657274000000766563746F723C622B
:10F880006F6F6C3E3A3A5F4D5F696E736572745F7D
:10F89000617578005F0000005F343234320A000086
:10F8A00025730000656C656D746E206D69736D6104
:10F8B00074636820666F722025732020676F743A26
:10F8C0002569206578703A33200A000070617273F0
:10F8D00065636D642063616C6C6261636B2025738A
:10F8E000206E6F7420666F756E64000063616E6ECB
:10F8F0006F7420637265617465207374643A3A644E
:10F9000065717565206C6172676572207468616EDF
:10F91000206D61785F73697A652829000000000016
:10F920002563253032643A2530326400656E6162A9
:10F930006C656400747275650000000031000000A1
:10F9400064697361626C65640000000066616C73D9
:10F9500065000000436F6D6D616E64732028576908
:10F960002D46692070726F746F636F6C20616C69D3
:10F9700061736573206172652073686F776E2061B3
:10F980006674657220277C27293A0000202074695C
:10F990006D657C73742048483A4D4D3A535320208E
:10F9A000202020202020202020202020536574208B
:10F9B0006C6F63616C20636C6F636B2074696D6541
:10F9C000000000002020646174657C73642044445E
:10F9D0002E4D4D2E595959592020202020202020CD
:10F9E0002020202020536574206C6F63616C20639D
:10F9F0006C6F636B20646174650000002020746983
:10FA00006D657A6F6E657C747A205B2B48483A4D41
:10FA10004D5D2020202020202020202020536574B0
:10FA20002F73686F772057692D46692074696D655B
:10FA3000206F666673657420282D31323A30302E7F
:10FA40002E2B31343A303029000000002020776915
:10FA500066692D74696D652D69676E6F72657C6965
:10FA60007774205B6F6E7C6F66665D2020536574D3
:10FA70002F73686F7720776865746865722057699F
:10FA80002D46692074696D652069732069676E6F02
:10FA90007265640020206272696768746E657373B2
:10FAA0007C7362206175746F7C31302E2E32353557
:10FAB0002020202020536574206175746F6D61745F
:10FAC0006963206F72206D616E75616C206272696E
:10FAD0006768746E6573730020206272696768746A
:10FAE0006E6573732D63757276657C736263203106
:10FAF000302E2E31303020202053657420617574F3
:10FB00006F6D61746963206272696768746E657392
:10FB10007320637572766500202066616365706C82
:10FB20006174657C736670204E414D457C302E2E8D
:10FB3000362020202020202020536574206C616E08
:10FB400067756167652F66616365706C61746500D8
:10FB500020206F7269656E746174696F6E7C736466
:10FB60006F206E6F726D616C7C726F74617465640E
:10FB70002053657420646973706C6179206F7269B9
:10FB8000656E746174696F6E00000000202064610E
:10FB9000796C696768742D736176696E677C646CD3
:10FBA00073206F6E7C6F6666202020202053657462
:10FBB000204555206461796C696768742D7361769E
:10FBC000696E672061646A7573746D656E74000098
:10FBD0002020636F6C6F722D6D6F64657C636F6C3A
:10FBE000204E414D457C302E2E33202020202020D9
:10FBF0002053657420646973706C617920636F6C45
:10FC00006F72206D6F6465002020646F742D6272C6
:10FC1000696768746E6573737C646F6220302E2E22
:10FC2000313030202020202020536574206D696EF3
:10FC30007574652D646F74206272696768746E658F
:10FC4000737300002020626C696E6B2D646F747397
:10FC50007C626C64206F6E7C6F66662020202020A2
:10FC6000202020202053657420626C696E6B696EC1
:10FC700067206D696E75746520646F747300000091
:10FC80002020646973706C61792D69707C697020C3
:10FC9000412E422E432E44202020202020202020B0
:10FCA0002020446973706C617920616E2049507620
:10FCB00034206164647265737300000020207265F3
:10FCC00073746F72652D73657474696E67737C727B
:10FCD000657320636F6E6669726D202020526573B4
:10FCE000746F726520616C6C20636C6F636B206451
:10FCF000656661756C747300202068656C702020E7
:10FD000020202020202020202020202020202020F3
:10FD10002020202020202020202053686F7720746E
:10FD20006869732068656C7000000000757463007A
:10FD30007A0000006175746F00000000726F7461DA
:10FD4000746564006E6F726D616C000020090000C4
:10FD500064617465000000004552524F5220757373
:10FD60006167653A2074696D652048483A4D4D3A9F
:10FD70005353202830303A30303A303020746F20DE
:10FD800032333A35393A3539290000004552524F5D
:10FD9000522074696D65207365747465722069738F
:10FDA00020756E617661696C61626C6500000000AF
:10FDB0004F4B2074696D653A20253032643A253006
:10FDC00032643A253032640A000000004552524F36
:10FDD000522075736167653A2064617465204444FC
:10FDE0002E4D4D2E5959595920283230303020741B
:10FDF0006F203230393929004552524F5220646108
:10FE000074652073657474657220697320756E6102
:10FE10007661696C61626C65000000004F4B206484
:10FE20006174653A20253032642E253032642E25E7
:10FE30003034640A00000000646973706C61792DCD
:10FE4000697000004552524F522075736167653AE0
:10FE5000206272696768746E657373206175746F70
:10FE60007C307C31302E2E32353500004552524FD9
:10FE700052206272696768746E657373207365746B
:10FE800074657220697320756E617661696C616258
:10FE90006C6500004F4B206272696768746E657311
:10FEA000733A2025730A000066616365706C6174A3
:10FEB000650000004552524F522075736167653AE4
:10FEC00020646973706C61792D697020412E422E17
:10FED000432E44004552524F5220495020646973CA
:10FEE000706C617920697320756E617661696C61EF
:10FEF000626C65004F4B20646973706C61792D6989
:10FF0000703A2025730A00006F7269656E7461741F
:10FF1000696F6E004552524F522075736167653AA2
:10FF20002066616365706C617465206765726D61E0
:10FF30006E7C656E676C6973687C6974616C6961FD
:10FF40006E7C62656C6769616E7C62696E617279F4
:10FF50007C646F74737C746573747C302E2E3600F1
:10FF60004552524F522066616365706C6174652022
:10FF700073657474657220697320756E617661694A
:10FF80006C61626C650000004F4B206661636570B8
:10FF90006C6174653A2025730A000000627269671B
:10FFA00068746E6573732D6375727665000000006A
:10FFB0004552524F522075736167653A206F7269DE
:10FFC000656E746174696F6E206E6F726D616C7CAA
:10FFD000726F74617465647C307C31004552524F9D
:10FFE00052206F7269656E746174696F6E207365FB
:10FFF0007474657220697320756E617661696C61D5
:020000041003E7
:10000000626C65004F4B206F7269656E7461746934
:100010006F6E3A2025730A006461796C69676874B1
:100020002D736176696E67004552524F5220757389
:100030006167653A206272696768746E6573732DD3
:1000400063757276652031302E2E3130300000001D
:100050004552524F52206272696768746E657373BD
:100060002063757276652073657474657220697398
:1000700020756E617661696C61626C6500000000DC
:100080004F4B206272696768746E6573732D637578
:100090007276653A2025640A00000000636F6C6F79
:1000A000722D6D6F646500004552524F522075737A
:1000B0006167653A206461796C696768742D736162
:1000C00076696E67206F6E7C6F6666004552524F90
:1000D00052206461796C696768742D736176696E0A
:1000E000672073657474657220697320756E61761C
:1000F00061696C61626C65004F4B206461796C6969
:100100006768742D736176696E673A2025730A00FB
:10011000646F742D6272696768746E657373000032
:100120004552524F522075736167653A20636F6C78
:100130006F722D6D6F6465207261696E626F772DCD
:1001400073657061726174657C7261696E626F77EC
:100150002D73616D657C636F6C642D776869746560
:100160007C7761726D2D77686974657C302E2E33D3
:10017000000000004552524F5220636F6C6F722096
:100180006D6F646520736574746572206973207582
:100190006E617661696C61626C6500004F4B206333
:1001A0006F6C6F722D6D6F64653A2025730A0000C5
:1001B000626C696E6B2D646F747300004552524F10
:1001C000522075736167653A20646F742D6272699D
:1001D0006768746E65737320302E2E3130300000E6
:1001E0004552524F5220646F74206272696768747E
:1001F0006E657373207365747465722069732075FE
:100200006E617661696C61626C6500004F4B2064C1
:100210006F742D6272696768746E6573733A202516
:10022000640A0000776966692D74696D652D6967D8
:100230006E6F7265000000004552524F5220757378
:100240006167653A20626C696E6B2D646F74732010
:100250006F6E7C6F666600004552524F5220626C92
:10026000696E6B696E672D646F7420736574746555
:100270007220697320756E617661696C61626C656C
:10028000000000004F4B20626C696E6B2D646F7430
:10029000733A2025730A000074696D657A6F6E6584
:1002A000000000004552524F522057692D466920E8
:1002B00074696D652073657474696E672069732055
:1002C000756E617661696C61626C650077696669FB
:1002D0002D74696D652D69676E6F72653A2025739F
:1002E0000A0000004552524F522075736167653A0B
:1002F00020776966692D74696D652D69676E6F7207
:1003000065206F6E7C6F6666000000004F4B2077A3
:100310006966692D74696D652D69676E6F72653ADE
:100320002025730A00000000726573746F72652DDA
:1003300073657474696E6773000000004552524F14
:10034000522074696D657A6F6E6520736574746987
:100350006E6720697320756E617661696C61626C8D
:100360006500000074696D657A6F6E653A20000063
:100370004552524F522075736167653A2074696D1A
:10038000657A6F6E65205554437C5B2D31323A306F
:10039000302E2E2B31343A30305D20696E203135CD
:1003A0002D6D696E7574652073746570730000003F
:1003B0004552524F522074696D657A6F6E65207395
:1003C000657474657220697320756E617661696CFD
:1003D00061626C65000000004F4B2074696D657AA6
:1003E0006F6E653A20000000636F6E6669726D0083
:1003F0004552524F522075736167653A207265739A
:10040000746F72652D73657474696E677320636FA2
:100410006E6669726D0000004552524F522073653E
:100420007474696E677320726573746F7265206986
:100430007320756E617661696C61626C65000000A5
:100440004F4B2073657474696E67732072657374A3
:100450006F72656420746F2064656661756C747377
:10046000000000004552524F5220756E6B6E6F7740
:100470006E20636F6D6D616E6420272573273B20AE
:10048000656E746572202768656C70270A0000002D
:100490004552524F5220636F6D6D616E64206973D7
:1004A00020746F6F206C6F6E670000005553422000
:1004B000636F6D6D616E64206C696E65207265613D
:1004C00064793B20656E746572202768656C7027BF
:1004D00020666F7220636F6D6D616E64732E000015
:1004E0007261696E626F772D736570617261746598
:1004F000000000007261696E626F772D73616D6537
:1005000000000000636F6C642D77686974650000FB
:100510007761726D2D776869746500006765726D2B
:10052000616E0000656E676C697368006974616C68
:1005300069616E0062656C6769616E0062696E6117
:1005400072790000646F7473000000007465737446
:1005500000000000E0040310F4040310040503107D
:10056000100503101C050310240503102C050310AF
:10057000340503103C050310440503104C0503101B
:100580001F0000001C0000001F0000001E000000F3
:100590001F0000001E0000001F0000001F000000E0
:1005A0001E0000001F0000001E0000001F000000D1
:1005B000776966692074696D65207570646174651A
:1005C0002069676E6F72656400000000696E766175
:1005D0006C696420776966692074696D653A2025C5
:1005E000730A0000696E76616C69642077696669D8
:1005F00020646174653A2025730A0000AE5D011025
:10060000CE5D0110DE5D0110FE5D0110BE5D0110CA
:10061000EE5D01109E5D0110696E69745F62683164
:10062000373530206661696C65640000696E6974F5
:100630005F6D3234633032206661696C656400003E
:10064000696E69745F70636638353236332066616F
:10065000696C656400000000693263206465766936
:1006600063652061742025303278200A0000000084
:10067000696E6974206661696C65643A207365749B
:1006800074696E67735F25692074696D656B656554
:100690007065725F2569206C6967687473656E7335
:1006A0006F725F25690A0000682569206D25692041
:1006B0007325692062256920642569206D256920DC
:1006C0007925690A000000004676694500000000AF
:1006D00024320310C8060310466976450000000066
:1006E00024320310D8060310537431315F4D7574F2
:1006F00065785F62617365494C4E395F5F676E75FF
:100700005F63787831325F4C6F636B5F706F6C69D9
:100710006379453045450000B8300310E806031002
:1007200046766969694500002432031020070310EA
:1007300046766245000000002432031030070310A3
:100740004662764500000000243203104007031083
:10075000537431365F53705F636F756E7465645F99
:1007600062617365494C4E395F5F676E755F637890
:100770007831325F4C6F636B5F706F6C6963794582
:1007800030454500CC320310500703101807031002
:100790004E375069636F4C65643135496E76616CD4
:1007A000696450696F426C6F636B4500CC32031013
:1007B00090070310103103104E375069636F4C657A
:1007C00064313753746174654D616368696E65495E
:1007D0006E55736545000000CC320310B807031056
:1007E00010310310504E375069636F4C65643135DA
:1007F000496E76616C696450696F426C6F636B45DA
:100800000000000074320310E40703100000000031
:10081000AC070310504E375069636F4C6564313735
:1008200053746174654D616368696E65496E557393
:100830006545000074320310140803100000000026
:10084000D807031050467669696945007432031071
:100850004408031000000000280703105046766289
:1008600045000000743203105C0803100000000013
:1008700038070310504662764500000074320310BA
:100880007408031000000000480703105046766902
:1008900045000000743203108C08031000000000B3
:1008A000D0060310504669764500000074320310EC
:1008B000A408031000000000E00603105374313553
:1008C0005F53705F636F756E7465645F70747249B7
:1008D000504E375069636F4C656437575332383127
:1008E0003242454C4E395F5F676E755F6378783191
:1008F000325F4C6F636B5F706F6C69637945304535
:1009000045000000CC320310BC080310840703101C
:100910000000000084070310000000000000000039
:1009200000000000895701100000000000000000D6
:10093000AC0703101D5D0110315D01108D370210F1
:1009400000000000D80703104D5D0110615D01102B
:100950008D37021000000000040903100D5801102B
:100960003558011021580110555801103158011007
:100970001F0000001C0000001F0000001E000000FF
:100980001F0000001E0000001F0000001F000000EC
:100990001E0000001F0000001E0000001F000000DD
:1009A0000300000000000000040000000000000040
:1009B0000500000000000000080000000900000021
:1009C00009000000090000000A0000000900000002
:1009D000030000000300000004000000030000000A
:1009E00005000000030000000600000003000000F6
:1009F00007000000000000000800000000000000E8
:100A000009000000000000000A00000000000000D3
:100A100000000000010000000100000001000000D3
:100A200002000000010000000300000001000000BF
:100A300004000000010000000500000001000000AB
:100A40000600000001000000070000000100000097
:100A50000800000001000000090000000100000083
:100A60000A00000001000000040000000200000075
:100A70000500000002000000060000000200000067
:100A80000700000002000000080000000200000053
:100A900009000000020000000A000000020000003F
:100AA000000000000300000001000000030000003F
:100AB0000200000003000000070000000300000027
:100AC000080000000300000009000000030000000F
:100AD0000A00000003000000000000000400000005
:100AE00001000000040000000200000004000000FB
:100AF00003000000040000000000000002000000ED
:100B000001000000020000000200000002000000DE
:100B100003000000020000000000000005000000CB
:100B200001000000050000000200000005000000B8
:100B300003000000050000000700000005000000A1
:100B4000080000000500000009000000050000008A
:100B50000A00000005000000000000000600000080
:100B60000100000006000000020000000600000076
:100B7000030000000600000007000000060000005F
:100B80000800000006000000090000000600000048
:100B90000A0000000600000007000000040000003A
:100BA000080000000400000009000000040000002C
:100BB0000A00000004000000000000000700000020
:100BC0000100000007000000020000000700000014
:100BD0000300000007000000040000000700000000
:100BE00000000000080000000100000008000000F4
:100BF00002000000080000000300000008000000E0
:100C000004000000080000000500000008000000CB
:100C100007000000070000000800000007000000B7
:100C200009000000070000000A00000007000000A3
:100C3000030000000900000004000000090000009B
:100C40000500000009000000060000000900000087
:100C50000000000009000000010000000900000081
:100C6000020000000900000003000000090000006D
:100C70000500000004000000060000000400000061
:100C8000070000000400000006000000080000004B
:100C90000700000008000000080000000800000035
:100CA00009000000080000000A0000000800000021
:100CB0000000000005000000010000000500000029
:100CC000020000000500000000000000000000001D
:100CD0000100000000000000020000000000000011
:100CE00003000000000000000500000000000000FC
:100CF00006000000000000000800000000000000E6
:100D000009000000000000000A00000000000000D0
:100D100005000000080000000600000008000000B8
:100D200007000000080000000800000008000000A4
:100D300009000000080000000A0000000800000090
:100D40000000000009000000010000000900000090
:100D5000020000000900000003000000090000007C
:100D6000040000000900000000000000080000006E
:100D70000100000008000000020000000800000060
:100D8000030000000800000004000000080000004C
:100D90000200000007000000030000000700000040
:100DA0000600000009000000070000000900000024
:100DB0000800000009000000090000000900000010
:100DC0000A00000009000000050000000700000004
:100DD00006000000070000000700000007000000F8
:100DE00008000000070000000900000007000000E4
:100DF0000A000000070000000300000001000000DE
:100E000004000000010000000500000001000000D7
:100E100007000000010000000800000001000000C1
:100E200009000000010000000000000002000000B6
:100E300001000000020000000200000002000000AB
:100E40000000000005000000010000000500000097
:100E50000200000005000000030000000500000083
:100E6000040000000500000005000000050000006F
:100E70000600000005000000000000000600000061
:100E80000100000006000000020000000600000053
:100E9000030000000600000004000000060000003F
:100EA000050000000600000008000000050000002A
:100EB00009000000050000000A0000000500000015
:100EC000060000000400000007000000040000000D
:100ED00008000000040000000900000004000000F9
:100EE0000A000000040000000300000002000000EF
:100EF00004000000020000000500000002000000E5
:100F000006000000020000000700000002000000D0
:100F100008000000020000000900000002000000BC
:100F20000A000000020000000000000003000000B2
:100F300001000000030000000200000003000000A8
:100F40000300000003000000040000000300000094
:100F50000500000003000000060000000300000080
:100F6000070000000300000008000000030000006C
:100F700009000000030000000A0000000300000058
:100F80000000000004000000010000000400000058
:100F90000200000004000000030000000400000044
:100FA0000400000004000000050000000400000030
:100FB000030000000000000004000000000000002A
:100FC0000500000009000000060000000900000004
:100FD00007000000090000000800000009000000F0
:100FE00009000000090000000A00000009000000DC
:100FF00001000000010000000200000001000000EC
:1010000003000000010000000400000001000000D7
:1010100005000000010000000600000001000000C3
:1010200007000000010000000000000002000000B6
:1010300001000000020000000200000002000000A9
:101040000300000002000000040000000200000095
:101050000500000002000000050000000300000081
:10106000060000000300000007000000030000006D
:1010700009000000030000000A0000000300000057
:101080000000000003000000010000000300000059
:101090000200000003000000030000000300000045
:1010A000030000000500000004000000050000002F
:1010B000050000000500000006000000050000001B
:1010C0000700000005000000080000000500000007
:1010D00009000000050000000A00000005000000F3
:1010E00004000000060000000500000006000000EB
:1010F00006000000060000000700000006000000D7
:1011000008000000060000000900000006000000C2
:101110000A000000060000000500000004000000B6
:1011200006000000040000000700000004000000AA
:101130000800000004000000090000000400000096
:101140000000000007000000010000000700000090
:10115000020000000700000003000000070000007C
:10116000000000000900000001000000090000006C
:101170000200000009000000090000000800000053
:101180000A0000000800000009000000070000003D
:101190000A0000000700000009000000060000002F
:1011A0000A00000006000000090000000500000021
:1011B0000A00000005000000090000000400000013
:1011C0000A00000004000000090000000300000005
:1011D0000A000000030000000900000002000000F7
:1011E0000A000000020000000900000001000000E9
:1011F0000A000000010000000600000008000000D6
:1012000007000000080000000600000007000000C2
:1012100007000000070000000600000006000000B4
:1012200007000000060000000600000005000000A6
:101230000700000005000000060000000400000098
:10124000070000000400000006000000030000008A
:10125000070000000300000006000000020000007C
:10126000070000000200000006000000010000006E
:10127000070000000100000003000000080000005B
:101280000400000008000000030000000700000048
:10129000040000000700000003000000060000003A
:1012A000040000000600000003000000050000002C
:1012B000040000000500000003000000040000001E
:1012C0000400000004000000030000000300000010
:1012D0000400000003000000030000000200000002
:1012E00004000000020000000300000001000000F4
:1012F00004000000010000000000000008000000E1
:1013000001000000080000000000000007000000CD
:1013100001000000070000000000000006000000BF
:1013200001000000060000000000000005000000B1
:1013300001000000050000000000000004000000A3
:101340000100000004000000000000000300000095
:101350000100000003000000000000000200000087
:101360000100000002000000000000000100000079
:1013700001000000010000004E6F207370696E6C68
:101380006F636B732061726520617661696C616265
:101390006C65000030783163203D3D20282A696E5D
:1013A0007374293E3E313175000000002F5573657E
:1013B00072732F6D617263656C6F636873656E64C1
:1013C0006F72662F446F776E6C6F6164732F576F07
:1013D0007264436C6F636B2F7372632F626173650A
:1013E0002F7069636F2D73646B2F7372632F72702C
:1013F000325F636F6D6D6F6E2F68617264776172BB
:10140000655F6972712F6972712E630064656C7417
:1014100061203E3D202D3230343820262620646560
:101420006C7461203C3D2032303436202626202149
:101430002864656C746120262031290021286465A8
:101440006C7461203E3E20313175290063757272E3
:10145000656E74203D3D205F5F756E68616E646CE3
:1014600065645F757365725F697271207C7C20634F
:10147000757272656E74203D3D2068616E646C65A6
:10148000720000006972715F68616E6465725F630B
:101490006861696E5F667265655F736C6F745F68C3
:1014A000656164203E3D203000000000767461627A
:1014B0006C655F68616E646C6572203D3D205F5FA6
:1014C000756E68616E646C65645F757365725F6983
:1014D00072710000212828282875696E7470747252
:1014E0005F7429767461626C655F68616E646C65B7
:1014F0007229202D20282875696E747074725F74AB
:10150000296972715F68616E646C65725F6368619E
:10151000696E5F736C6F747329202D2031292573D8
:10152000697A656F66287374727563742069727165
:101530005F68616E646C65725F636861696E5F733A
:101540006C6F7429290000002165786365707469E7
:101550006F6E207C7C20657863657074696F6E2087
:101560003D3D206E756D202B2031360069735F7311
:1015700068617265645F6972715F7261775F6861EB
:101580006E646C657228736C6F745F68616E646CF6
:1015900065722900657863657074696F6E0000007C
:1015A000666F756E640000004E6F20757365722063
:1015B000495251732061726520617661696C616284
:1015C0006C6500006972715F6164645F7461696C6D
:1015D0005F746F5F667265655F6C697374000000AD
:1015E000696E736572745F6272616E63685F616E6B
:1015F000645F6C696E6B00006972715F72656D6F1C
:1016000076655F68616E646C657200006D616B6524
:101610005F6272616E6368007265736F6C76655F9E
:101620006272616E636800006972715F6164645F19
:101630007368617265645F68616E646C65720000F6
:101640006972715F7365745F6578636C75736976D1
:10165000655F68616E646C657200000069642026D5
:1016600026206964203C3D20706F6F6C2D3E6865BC
:1016700061702D3E6D61785F6E6F64657300000070
:101680002F55736572732F6D617263656C6F63683C
:1016900073656E646F72662F446F776E6C6F6164F2
:1016A000732F576F7264436C6F636B2F7372632F6A
:1016B000626173652F7069636F2D73646B2F737232
:1016C000632F636F6D6D6F6E2F7069636F5F7469E9
:1016D0006D652F74696D652E6300000075735F730F
:1016E000696E63655F626F6F74203C3D20494E54A4
:1016F00036345F4D415800002F55736572732F6D5E
:10170000617263656C6F636873656E646F72662F78
:10171000446F776E6C6F6164732F576F7264436CA4
:101720006F636B2F7372632F626173652F706963D0
:101730006F2D73646B2F7372632F636F6D6D6F6E9C
:101740002F7069636F5F626173652F696E636C757B
:1017500064652F7069636F2F74797065732E6800EC
:101760006964202626206964203C3D2068656170FC
:101770002D3E6D61785F6E6F646573002F557365E4
:1017800072732F6D617263656C6F636873656E64ED
:101790006F72662F446F776E6C6F6164732F576F33
:1017A0007264436C6F636B2F7372632F6261736536
:1017B0002F7069636F2D73646B2F7372632F636F68
:1017C0006D6D6F6E2F7069636F5F7574696C2F69D3
:1017D0006E636C7564652F7069636F2F7574696CC7
:1017E0002F70686561702E6800000000706172657E
:1017F0006E745F69640000006368696C645F6964AB
:1018000000000000706172656E745F696420213DA4
:10181000206368696C645F696400000069640000AB
:101820006964202626202170685F636F6E74616989
:101830006E735F6E6F646528686561702C206964E3
:10184000290000002170685F636F6E7461696E73B8
:101850005F6E6F646528706F6F6C2D3E6865617098
:101860002C2072657573655F6964290072656D6F00
:101870007665645F6964203D3D206E6578745F69BC
:101880006400000063616C6C6261636B00000000C7
:10189000706F6F6C2D3E616C61726D5F696E5F7011
:1018A000726F6772657373203D3D206D616B655F7C
:1018B0007075626C69635F69642869645F686967F1
:1018C000682C206E6578745F6964290064656661C0
:1018D000756C745F616C61726D5F706F6F6C5F6966
:1018E0006E697469616C697A65642829000000007A
:1018F000616C61726D5F696420213D20706F6F6C57
:101900002D3E616C61726D5F696E5F70726F6772A0
:101910006573730072630000417474656D70746563
:101920006420746F20736C65657020696E736964E0
:1019300065206F6620616E20657863657074696FDD
:101940006E2068616E646C65723B20757365206201
:101950007573795F7761697420696620796F752086
:101960006D75737400000000616C61726D5F706F63
:101970006F6C5F63616E63656C5F616C61726D005B
:10198000616C61726D5F706F6F6C5F6765745F64CF
:10199000656661756C7400006765745F656E74726E
:1019A000795F69645F6869676800000070685F66F6
:1019B0007265655F6E6F64650000000070685F614E
:1019C00064645F6368696C645F6E6F6465000000E7
:1019D00070685F696E736572745F6E6F6465000036
:1019E00070685F6765745F6E6F6465006164645FF3
:1019F000616C61726D5F756E6465725F6C6F636B55
:101A0000000000007570646174655F75735F7369D1
:101A10006E63655F626F6F7400000000616C6172DD
:101A20006D5F706F6F6C5F616C61726D5F63616C35
:101A30006C6261636B0000006765745F656E747251
:101A40007900000000000000FFFFFFFFFFFFFF7FA5
:101A5000486172647761726520616C61726D2025E6
:101A60006420616C726561647920636C61696D6585
:101A70006400000074696D65725F68772D3E696E61
:101A800074732026203175203C3C20616C61726D9E
:101A90005F6E756D000000002F55736572732F6DBA
:101AA000617263656C6F636873656E646F72662FD5
:101AB000446F776E6C6F6164732F576F7264436C01
:101AC0006F636B2F7372632F626173652F7069632D
:101AD0006F2D73646B2F7372632F7270325F636F3D
:101AE0006D6D6F6E2F68617264776172655F746986
:101AF0006D65722F74696D65722E63006861726422
:101B0000776172655F616C61726D5F7365745F743C
:101B100061726765740000007570646174655F755B
:101B2000735F73696E63655F626F6F7400000000BE
:101B3000726F6F745F6964002F55736572732F6DD8
:101B4000617263656C6F636873656E646F72662F34
:101B5000446F776E6C6F6164732F576F7264436C60
:101B60006F636B2F7372632F626173652F7069638C
:101B70006F2D73646B2F7372632F636F6D6D6F6E58
:101B80002F7069636F5F7574696C2F706865617021
:101B90002E6300002170685F6765745F6E6F646517
:101BA00028686561702C20726F6F745F6964292DDD
:101BB0003E7369626C696E67000000002170685FA7
:101BC0006765745F6E6F646528686561702C20724C
:101BD0006F6F745F6964292D3E706172656E740069
:101BE0006E65775F7375625F7472656520213D2055
:101BF000686561702D3E726F6F745F6964000000EC
:101C000070685F72656D6F76655F616E645F667246
:101C100065655F6E6F64650070685F72656D6F7695
:101C2000655F616E795F68656164000070685F611F
:101C300064645F6368696C645F6E6F646500000074
:101C400070685F6765745F6E6F646500746F746160
:101C50006C0000002F55736572732F6D61726365A0
:101C60006C6F636873656E646F72662F446F776E16
:101C70006C6F6164732F576F7264436C6F636B2F6B
:101C80007372632F626173652F7069636F2D736464
:101C90006B2F7372632F636F6D6D6F6E2F7069633F
:101CA0006F5F73796E632F6D757465782E630000B6
:101CB0006D74782D3E636F72652E7370696E5F6C04
:101CC0006F636B006C6F636B5F69735F6F776E65DB
:101CD000725F69645F76616C6964286D74782D3E0B
:101CE0006F776E65722900006D74782D3E656E7495
:101CF00065725F636F756E74000000006D757465CA
:101D0000785F6578697400006D757465785F656EDD
:101D10007465725F626C6F636B5F756E74696C0083
:101D20007570646174655F75735F73696E63655F19
:101D3000626F6F74000000002C2066756E6374691A
:101D40006F6E3A2000000000617373657274696FF2
:101D50006E2022257322206661696C65643A2066D4
:101D6000696C6520222573222C206C696E65202504
:101D700064257325730A000031203D3D20287569D4
:101D80006E747074725F74296C2D3E7370696E5F2F
:101D90006C6F636B000000002F55736572732F6DBD
:101DA000617263656C6F636873656E646F72662FD2
:101DB000446F776E6C6F6164732F576F7264436CFE
:101DC0006F636B2F7372632F626173652F7069632A
:101DD0006F2D73646B2F7372632F7270325F636F3A
:101DE0006D6D6F6E2F7069636F5F72756E74696D64
:101DF000652F72756E74696D652E63000A2A2A2A32
:101E00002050414E4943202A2A2A0A0072756E74D6
:101E1000696D655F696E6974000000007372635FCD
:101E200066726571203E3D2066726571000000009B
:101E30002F55736572732F6D617263656C6F636884
:101E400073656E646F72662F446F776E6C6F61643A
:101E5000732F576F7264436C6F636B2F7372632FB2
:101E6000626173652F7069636F2D73646B2F73727A
:101E7000632F7270325F636F6D6D6F6E2F6861726A
:101E800064776172655F636C6F636B732F636C6FF4
:101E9000636B732E63000000636C6F636B5F636F33
:101EA0006E6669677572650076636F5F66726571ED
:101EB000203E3D20285049434F5F504C4C5F5643D5
:101EC0004F5F4D494E5F465245515F4D485A202A5B
:101ED000204D485A292026262076636F5F6672655A
:101EE00071203C3D20285049434F5F504C4C5F5679
:101EF000434F5F4D41585F465245515F4D485A2010
:101F00002A204D485A2900002F55736572732F6D92
:101F1000617263656C6F636873656E646F72662F60
:101F2000446F776E6C6F6164732F576F7264436C8C
:101F30006F636B2F7372632F626173652F706963B8
:101F40006F2D73646B2F7372632F7270325F636FC8
:101F50006D6D6F6E2F68617264776172655F706C12
:101F60006C2F706C6C2E63006662646976203E3D57
:101F7000203136202626206662646976203C3D208A
:101F80003332300028706F73745F64697631203E9D
:101F90003D203120262620706F73745F646976318E
:101FA000203C3D2037292026262028706F73745F3F
:101FB00064697632203E3D203120262620706F73E2
:101FC000745F64697632203C3D20372900000000B0
:101FD000706F73745F64697632203C3D20706F735C
:101FE000745F6469763100007265665F6D687A209F
:101FF0003C3D202876636F5F66726571202F20312B
:1020000036290000706C6C5F696E69740000000016
:10201000666E692B00000000666E69006E616E00DE
:10202000666E692D00000000A2D80110BAD8011018
:10203000BAD80110AED80110BAD80110BAD8011020
:10204000BAD80110BAD80110BAD80110BAD8011004
:10205000BAD8011096D80110BAD801108AD8011048
:10206000BAD80110BAD801107ED801108AD901104F
:10207000B0D90110CED90110B0D901106AD9011020
:10208000B0D90110B0D90110B0D90110B0D90110E8
:10209000B0D90110B0D90110B0D90110A6D90110E2
:1020A000B0D90110B0D90110B0D90110B0D90110C8
:1020B000B0D90110DAD9011048DE01100ADA011096
:1020C0000ADA01100ADA01100ADA01100ADA01103C
:1020D0000ADA01100ADA01100ADA01100ADA01102C
:1020E0000ADA01100ADA01100ADA01100ADA01101C
:1020F0000ADA01100ADA01100ADA01100ADA01100C
:102100000ADA01100ADA01100ADA01100ADA0110FB
:102110000ADA01100ADA01100ADA01100ADA0110EB
:102120000ADA01100ADA01100ADA01100ADA0110DB
:102130000ADA01100ADA011074DC011036DC011031
:1021400074DC01100ADA01100ADA01100ADA01104F
:102150000ADA01100ADA01100ADA01100ADA0110AB
:102160000ADA01100ADA01100ADA01100ADA01109B
:102170000ADA01100ADA01100ADA01100ADA01108B
:102180000ADA01101EDA01100ADA01100ADA011067
:102190000ADA01100ADA01100ADA01100ADA01106B
:1021A0000ADA01100ADA01100ADA01101EDA011047
:1021B000C2DC01101EDA011074DC011036DC0110E3
:1021C00074DC011000000000000000000000F03F7F
:1021D0000000000000002440000000000000594002
:1021E0000000000000408F40000000000088C34055
:1021F00000000000006AF8400000000080842E41CA
:1022000000000000D01263410000000084D7974115
:102210000000000065CDCD416D697373696E672064
:10222000646F75626C652066756E6374696F6E00AD
:102230002A282875696E74385F74202A292828286E
:10224000766F6964202A29726F6D5F646174615FC3
:102250006C6F6F6B757028726F6D5F7461626C6507
:102260005F636F6465282753272C20274627292979
:10227000292D322929202A2034203E3D2053465F33
:102280005441424C455F56325F53495A4500000065
:102290002F55736572732F6D617263656C6F636820
:1022A00073656E646F72662F446F776E6C6F6164D6
:1022B000732F576F7264436C6F636B2F7372632F4E
:1022C000626173652F7069636F2D73646B2F737216
:1022D000632F7270325F636F6D6D6F6E2F70696305
:1022E0006F5F646F75626C652F646F75626C655F9C
:1022F000696E69745F726F6D2E6300005F5F616568
:102300006162695F646F75626C655F696E697400B4
:102310002A282875696E74385F74202A2928726FFC
:102320006D5F7461626C652D322929202A2034206A
:102330003E3D2053465F5441424C455F56325F5309
:10234000495A45002F55736572732F6D617263652D
:102350006C6F636873656E646F72662F446F776E1F
:102360006C6F6164732F576F7264436C6F636B2F74
:102370007372632F626173652F7069636F2D73646D
:102380006B2F7372632F7270325F636F6D6D6F6E40
:102390002F7069636F5F666C6F61742F666C6F611D
:1023A000745F696E69745F726F6D2E630000000068
:1023B0005F5F61656162695F666C6F61745F696EC2
:1023C000697400004F7574206F66206D656D6F72C3
:1023D00079000000626F6F74325F67656E657269C5
:1023E000635F30336800000068747470733A2F2F95
:1023F0006D617263656C6F636873656E646F72663E
:102400002E636F6D00000000736F667477617265F4
:1024100020666F7220612072703230343020626129
:10242000736520313078313120776F7264636C6F5F
:10243000636B0000312E342E30000000574F5244A1
:10244000434C4F434B5F56315F5250323034300073
:10245000574F5244434C4F434B5F56315F525032BB
:102460003034305F446562756700000006005250EA
:10247000D3F075426424031006005250E182887F35
:10248000D4230310060052509A235618E823031051
:1024900006005250197CA0B60824031006005250C2
:1024A0003ABCA911E8F5021006005250BBFF3CB639
:1024B0003C2403106C656E203D3D2031000000007F
:1024C0002F55736572732F6D617263656C6F6368EE
:1024D00073656E646F72662F446F776E6C6F6164A4
:1024E000732F576F7264436C6F636B2F7372632F1C
:1024F000626173652F7069636F2D73646B2F7372E4
:10250000632F7270325F636F6D6D6F6E2F706963D2
:102510006F5F737464696F2F737464696F2E6300E7
:102520007570646174655F75735F73696E63655F11
:10253000626F6F7400000000676574636861725FAA
:1025400074696D656F75745F757300000D0A000026
:10255000E5F40110E9F40110F5F4011045F501105E
:1025600029F5011000000000737464696F5F7573D2
:10257000625F636F72655F6E756D203D3D206765BC
:10258000745F636F72655F6E756D282900000000CF
:102590002F55736572732F6D617263656C6F63681D
:1025A00073656E646F72662F446F776E6C6F6164D3
:1025B000732F576F7264436C6F636B2F7372632F4B
:1025C000626173652F7069636F2D73646B2F737213
:1025D000632F7270325F636F6D6D6F6E2F70696302
:1025E0006F5F737464696F5F7573622F737464696E
:1025F0006F5F7573622E63007570646174655F75DB
:10260000735F73696E63655F626F6F7400000000D3
:1026100074696D65725F7461736B0000555342207D
:10262000737464696E202F207374646F7574000076
:102630000600525053B4F4A11C260310526173706B
:102640006265727279205069000000005069636F02
:1026500000000000426F61726420434443000000A8
:102660005265736574000000000000003C260310F2
:102670004C260310D83B002054260310602603107C
:1026800009025400030100807D080B0002020200D1
:1026900000090400000102020004052400200105D5
:1026A000240100010424020205240600010705811B
:1026B0000308001009040100020A000000070502D7
:1026C00002400000070582024000000904020000E9
:1026D000FF00010512010002EF0201408A2E0A00EC
:1026E0000001010203010000282875696E747074EE
:1026F000725F7420296E6578745F627566666572B4
:102700005F70747220262030623131313131317581
:1027100029203D3D203000002F55736572732F6DC9
:10272000617263656C6F636873656E646F72662F48
:10273000446F776E6C6F6164732F576F7264436C74
:102740006F636B2F7372632F626173652F706963A0
:102750006F2D73646B2F6C69622F74696E7975735A
:10276000622F7372632F706F727461626C652F7267
:10277000617370626572727970692F727032303471
:10278000302F6463645F7270323034302E63000027
:1027900068775F646174615F6F6666736574286EE5
:1027A0006578745F6275666665725F707472292001
:1027B0003C3D205553425F445052414D5F4D41587E
:1027C00000000000556E68616E646C6564204952BB
:1027D0005120307825780A007268706F7274203D3D
:1027E0003D2030006463645F656470745F78666583
:1027F000720000006463645F656470745F6F70658D
:102800006E0000006463645F7365745F616464728A
:10281000657373006463645F696E745F656E6162A3
:102820006C6500005F68775F656E64706F696E74D9
:102830005F616C6C6F6300006463645F696E6974F0
:102840000000000021286275665F6374726C2026A8
:10285000205553425F4255465F4354524C5F4655A4
:102860004C4C29002F55736572732F6D617263652F
:102870006C6F636873656E646F72662F446F776EFA
:102880006C6F6164732F576F7264436C6F636B2F4F
:102890007372632F626173652F7069636F2D736448
:1028A0006B2F6C69622F74696E797573622F737206
:1028B000632F706F727461626C652F7261737062E6
:1028C0006572727970692F7270323034302F727085
:1028D000323034305F7573622E6300006275665F5C
:1028E0006374726C2026205553425F4255465F4305
:1028F00054524C5F46554C4C00000000657020253A
:10290000642025732077617320616C72656164793E
:1029100020617661696C61626C6500005741524EBE
:102920003A207374617274696E67206E65772074E3
:1029300072616E73666572206F6E20616C72656184
:102940006479206163746976652065702025642050
:1029500025730A0043616E277420636F6E74696E7D
:1029600075652078666572206F6E20696E6163748C
:1029700069766520657020256420257300000000BD
:1029800073796E635F65705F62756666657200007D
:102990006F757400696E000025732025643A20412C
:1029A0005353455254204641494C45440D0A0000BA
:1029B000100402106E0302109E030210DA030210CC
:1029C0001004021010040210F60302109E030210FD
:1029D000100402101004021010040210100402105F
:1029E00010040210100402101004021080030210E0
:1029F000CA0B0210A40B02107A0D02107E0B0210FB
:102A00007A0D0210E60A0210720B02107A0D021003
:102A1000020B02101A0B0210DE0D0210D00D021074
:102A2000FC0D02106A0F0210E60E0210060F0210D3
:102A3000100E02105C0E02106E0F021075736264AD
:102A40005F656470745F78666572000075736264B8
:102A50005F656470745F6F70656E000075736264AB
:102A60005F6F70656E5F656470745F70616972003E
:102A70006F73616C5F71756575655F73656E64001A
:102A800070726F636573735F6765745F64657363AA
:102A9000726970746F72000070726F636573735F38
:102AA0007365745F636F6E666967000070726F6351
:102AB0006573735F636F6E74726F6C5F726571754F
:102AC000657374007475645F7461736B000000005B
:102AD000E9130210A5140210E9140210D91502100E
:102AE0000D17021000000000757362645F636F6E63
:102AF00074726F6C5F786665725F636200000000DD
:102B00007475645F636F6E74726F6C5F7866657204
:102B100000000000636463645F786665725F6362EF
:102B200000000000636463645F6F70656E00000006
:102B30007475645F6364635F6E5F77726974655F09
:102B4000666C75736800000074755F656470745F0F
:102B500076616C696461746500000000747573626D
:102B60005F696E69740000006C656E203E20300065
:102B70002F55736572732F6D617263656C6F636837
:102B800073656E646F72662F446F776E6C6F6164ED
:102B9000732F576F7264436C6F636B2F7372632F65
:102BA000626173652F7069636F2D73646B2F73722D
:102BB000632F7270325F636F6D6D6F6E2F7069631C
:102BC0006F5F756E697175655F69642F756E697188
:102BD00075655F69642E63007069636F5F67657414
:102BE0005F756E697175655F626F6172645F69645C
:102BF0005F737472696E6700666C6173685F6F669D
:102C00006673202B20636F756E74203C3D20504905
:102C1000434F5F464C4153485F53495A455F4259C1
:102C2000544553002F55736572732F6D6172636540
:102C30006C6F636873656E646F72662F446F776E36
:102C40006C6F6164732F576F7264436C6F636B2F8B
:102C50007372632F626173652F7069636F2D736484
:102C60006B2F7372632F7270325F636F6D6D6F6E57
:102C70002F68617264776172655F666C6173682F3B
:102C8000666C6173682E6300636F6E6E6563745F5C
:102C9000696E7465726E616C5F666C617368202624
:102CA0002620666C6173685F657869745F78697007
:102CB00020262620666C6173685F72616E67655FAF
:102CC000657261736520262620666C6173685F6695
:102CD0006C7573685F63616368650000636F6E6E37
:102CE0006563745F696E7465726E616C5F666C615A
:102CF000736820262620666C6173685F6578697446
:102D00005F78697020262620666C6173685F726147
:102D10006E67655F70726F6772616D202626206630
:102D20006C6173685F666C7573685F636163686527
:102D300000000000636F6E6E6563745F696E74659A
:102D4000726E616C5F666C61736820262620666C0B
:102D50006173685F657869745F78697020262620E2
:102D6000666C6173685F666C7573685F63616368E6
:102D700065000000666C6173685F646F5F636D641B
:102D800000000000666C6173685F72616E67655F6A
:102D900070726F6772616D00666C6173685F7261FB
:102DA0006E67655F657261736500000070726F67C2
:102DB00072616D2D3E6C656E677468203C3D2050DD
:102DC000494F5F494E535452554354494F4E5F4308
:102DD0004F554E54000000002F55736572732F6DD0
:102DE000617263656C6F636873656E646F72662F82
:102DF000446F776E6C6F6164732F576F7264436CAE
:102E00006F636B2F7372632F626173652F706963D9
:102E10006F2D73646B2F7372632F7270325F636FE9
:102E20006D6D6F6E2F68617264776172655F706936
:102E30006F2F70696F2E63004E6F2070726F677214
:102E4000616D207370616365000000005F70696FE1
:102E50005F66696E645F6F66667365745F666F72E6
:102E60005F70726F6772616D000000007274635F63
:102E70006672657120213D20300000002F5573657A
:102E800072732F6D617263656C6F636873656E64D6
:102E90006F72662F446F776E6C6F6164732F576F1C
:102EA0007264436C6F636B2F7372632F626173651F
:102EB0002F7069636F2D73646B2F7372632F727041
:102EC000325F636F6D6D6F6E2F68617264776172D0
:102ED000655F7274632F7274632E63007274635F34
:102EE00066726571203C3D205254435F434C4B4415
:102EF00049565F4D315F4249545300007274635F1D
:102F0000696E6974000000007364615F74785F68C3
:102F10006F6C645F636F756E74203C3D206C636EF4
:102F200074202D20320000002F55736572732F6DB1
:102F3000617263656C6F636873656E646F72662F30
:102F4000446F776E6C6F6164732F576F7264436C5C
:102F50006F636B2F7372632F626173652F70696388
:102F60006F2D73646B2F7372632F7270325F636F98
:102F70006D6D6F6E2F68617264776172655F693223
:102F8000632F6932632E63006932635F7365745F18
:102F90006261756472617465000000004E375069AB
:102FA000636F4C656431335069636F4C6564546181
:102FB0007267657445000000B83003109C2F031041
:102FC00000000000B82F0310C5280210C928021005
:102FD000CD280210D1280210D5280210D7280210BF
:102FE0004E375069636F4C65643850696F53747223
:102FF00069704500CC320310E02F0310B82F031086
:1030000000000000F42F0310C5280210C928021088
:10301000CD280210612D0210692D0210A92D021079
:10302000712D0210952D02104E375069636F4C655B
:10303000643757533238313242450000CC320310E6
:1030400028300310F42F0310000000003C30031060
:10305000C5280210C9280210CD280210612D0210C7
:10306000692D0210A92D0210352F0210492F0210D0
:103070007830031004FF000021622311001442A4E1
:103080004E31305F5F637878616269763131375FE6
:103090005F636C6173735F747970655F696E666F8F
:1030A00045000000CC3203108030031000330310C1
:1030B00000000000A4300310DD320210F1320210D3
:1030C0005542021055420210693302109532021027
:1030D0004D3302100D330210C93202107374643A7A
:1030E0003A657863657074696F6E00007374643A52
:1030F0003A6261645F657863657074696F6E000041
:10310000537439657863657074696F6E00000000F0
:10311000B830031000310310537431336261645FBF
:10312000657863657074696F6E000000CC320310BF
:1031300018310310103103104E31305F5F6378781F
:10314000616269763131355F5F666F726365645FB6
:10315000756E77696E644500B8300310383103101E
:103160004E31305F5F637878616269763131395F03
:103170005F666F726569676E5F65786365707469B5
:103180006F6E4500B830031060310310000000007E
:1031900010310310853702109D3702108D37021051
:1031A000000000002C31031089370210AD370210E7
:1031B0009537021010380210BE3802107038021015
:1031C0001038021056380210E8380210E8380210A1
:1031D000E8380210E83802108C3802107C380210EF
:1031E00010380210563802104E31305F5F63787825
:1031F000616269763132305F5F66756E6374696FE4
:103200006E5F747970655F696E666F4500000000DF
:10321000CC320310E831031000330310000000002B
:1032200010320310C93F0210DD3F02105542021058
:10323000C53F02105D420210594202104E31305F0C
:103240005F637878616269763131395F5F706F6989
:103250006E7465725F747970655F696E666F450044
:10326000CC3203103C320310F05203100000000077
:1032700060320310CD400210E1400210C94002103C
:103280005542021059BC021059420210FD40021072
:103290004E31305F5F637878616269763132305FDA
:1032A0005F73695F636C6173735F747970655F6985
:1032B0006E666F4500000000CC32031090320310A0
:1032C000A430031000000000B83203103D4102108A
:1032D000514102105542021055420210693302104A
:1032E000953202102D420210A54102106D410210CC
:1032F000537439747970655F696E666F0000000001
:10330000B8300310F03203107465726D696E617429
:10331000652063616C6C65642072656375727369A6
:1033200076656C790A0000007465726D696E61746F
:10333000652063616C6C65642061667465722074DD
:1033400068726F77696E6720616E20696E73746151
:103350006E6365206F66202700000000270A0000CA
:103360007465726D696E6174652063616C6C65640F
:1033700020776974686F757420616E206163746969
:10338000766520657863657074696F6E0A00000069
:1033900020207768617428293A2020006261645FE8
:1033A00066756E6374696F6E5F63616C6C000000BC
:1033B000537431376261645F66756E6374696F6EF2
:1033C0005F63616C6C000000CC320310B0330310FB
:1033D0001031031000000000C8330310C94602106A
:1033E000DD460210C146021002020203050507076E
:1033F0000B0B0B0B0D0D0000020000000300000082
:1034000005000000070000000B0000000D00000098
:103410001100000013000000170000001D00000054
:103420001F00000025000000290000002B00000004
:103430002F000000350000003B0000003D000000B0
:103440004300000047000000490000004F0000005A
:1034500053000000590000006100000067000000F8
:103460006D000000710000007F0000008900000076
:103470008B000000950000009D000000A7000000E8
:10348000B3000000C1000000C7000000D30000002E
:10349000E3000000F1000000010100001501000040
:1034A0002501000039010000510100006701000002
:1034B0007F01000099010000B7010000D301000066
:1034C000F70100001D020000410200006B02000035
:1034D00095020000C5020000F90200003703000059
:1034E00077030000B9030000070400005504000042
:1034F000A90400000905000065050000D5050000CD
:103500004D060000CD06000057070000ED07000043
:103510008308000035090000F5090000C10A000019
:103520009B0B0000890C00008D0D00009B0E00001D
:10353000BB0F0000FD1000005F120000DF13000051
:103540007F150000411700001B190000251B00001B
:103550005D1D0000BB1F00004F2200001925000068
:1035600021280000692B0000EB2E0000B73200007C
:10357000D1360000453B00001B40000055450000CF
:10358000EF4A000011510000AF570000D95E000063
:103590009B660000FB6E000007780000C7810000FA
:1035A0005D8C0000D99700003BA40000A9B1000089
:1035B00031C00000D1CF0000D5E0000019F30000B9
:1035C000EB060100711C0100BB330100ED4C010052
:1035D0002B6801009585010079A50100FBC701005A
:1035E0003FED01009F150200514102007F70020073
:1035F00085A30200D3DA0200A91603005B5703007B
:10360000619D030017E903000D3B0400AF93040024
:1036100097F30400555B05008BCB0500E9440600D9
:1036200047C806007156070031F007009996080058
:10363000874A0900410D0A00F9DF0A00E9C30B00BF
:1036400085BA0C0053C50D00F1E50E00431E1000B5
:1036500025701100ADDD12001D691400F114160073
:10366000DBE31700A3D8190071F61B00A3401E006E
:10367000D1BA2000F36823003D4F2600597229007B
:1036800037D72C0027833000237C340057C83800FC
:10369000AF6E3D007B764200BDE7470013CB4D0087
:1036A000D1295400F30D5B00C7826200B5936A0014
:1036B000E34D730017BF7C003BF686007703920052
:1036C0004DF89D00E9E7AA00B9E6B800DF0AC80096
:1036D000736CD8006F25EA00F951FD0077101201D4
:1036E000DB812801B9C940018D0E5B010B7A77019E
:1036F0006D399601617DB701957ADB01596A020245
:10370000638A2C02871D5A02136C8B0235C4C002D7
:10371000B77AFA0219EB38036F787C03E18DC503A1
:10372000679F1404752A6A04EBB6C60487D72A0576
:103730002D2B9705B55D0C0629298B069556140788
:10374000DDBFA80751504908BB06F708F9F6B209D2
:103750000D4B7E0A93455A0BC343480C31BF490DAC
:103760005D50600E5BB18D0F5FC0D310BD8234120F
:103770004D28B213890E4F15A5C40D17850FF118EA
:1037800009EEFB1AC99D311D75A0951F11C12B2291
:103790005D1AF824F11CFF27A596452BB7B9D02E4A
:1037A000E725A6324BF0CB36D5AD483B217D2340F3
:1037B000691264451FC3124B75933851D744DF57C4
:1037C000D164115FAD5EDA66AF8C466F434C6378AF
:1037D000D9123F822985E98CBD8F7398F781EFA4B8
:1037E0000F2B71B251F90DC1AF1CDDD04BABF7E11E
:1037F000AFC878F4FBFFFFFFFBFFFFFF6E6F742085
:10380000656E6F75676820737061636520666F729F
:1038100020666F726D617420657870616E73696F78
:103820006E2028506C65617365207375626D6974D4
:103830002066756C6C20627567207265706F72749B
:103840002061742068747470733A2F2F6763632E3D
:10385000676E752E6F72672F627567732F293A0A2C
:10386000202020200000000030313233343536373C
:103870003839000062617369635F737472696E67DF
:103880003A3A5F4D5F6372656174650025733A2053
:103890005F5F706F732028776869636820697320A1
:1038A000257A7529203E20746869732D3E73697AE4
:1038B0006528292028776869636820697320257A3C
:1038C0007529000062617369635F737472696E6762
:1038D0003A3A61743A205F5F6E20287768696368BE
:1038E00020697320257A7529203E3D20746869730C
:1038F0002D3E73697A6528292028776869636820D6
:10390000697320257A75290062617369635F737436
:1039100072696E673A3A5F4D5F7265706C6163659C
:103920005F6175780000000062617369635F7374A2
:1039300072696E673A3A7265706C61636500000087
:1039400062617369635F737472696E673A3A5F4D5F
:103950005F7265706C61636500000000626173698D
:10396000635F737472696E673A3A617070656E6412
:103970000000000062617369635F737472696E674F
:103980003A3A737562737472000000007374643A9B
:103990003A6261645F616C6C6F63000053743962FA
:1039A00061645F616C6C6F6300000000CC320310D7
:1039B0009C3903101031031000000000AC390310D3
:1039C0006D52021081520210655202107374643AF3
:1039D0003A6261645F61727261795F6E65775F6C94
:1039E000656E677468000000537432306261645F12
:1039F00061727261795F6E65775F6C656E6774681E
:103A000000000000CC320310E8390310AC39031079
:103A100000000000043A0310A5520210B95202102F
:103A20009D520210F8520210785302107453021083
:103A30004053021074530210F8520210F852021050
:103A4000F452021078530210E0540210F0540210A5
:103A5000F0540210F0540210E6540210E054021028
:103A6000E0540210E2540210E2540210F05402102A
:103A7000F0540210F0540210F0540210F0540210EE
:103A8000F0540210F0540210F0540210F0540210DE
:103A9000F0540210F0540210F0540210F0540210CE
:103AA000F0540210F0540210E0540210F0540210CE
:103AB000F0540210F0540210F0540210F0540210AE
:103AC000F0540210F0540210F0540210F05402109E
:103AD000F05402101055021010550210F05402104C
:103AE000F0540210E0540210F0540210F05402108E
:103AF000F0540210F0540210DA540210F054021084
:103B0000F0540210F0540210F0540210F05402105D
:103B1000E0540210E2540210F0540210F05402106B
:103B2000F0540210F0540210F0540210F05402103D
:103B3000F0540210F0540210F0540210F05402102D
:103B4000F0540210F0540210F0540210F05402101D
:103B5000E0540210E0540210F0540210DA54021043
:103B6000DA540210DA540210DA540210E05402104F
:103B7000F0540210F0540210F0540210F0540210ED
:103B8000F0540210F0540210F0540210F0540210DD
:103B9000EA560210D8560210D8560210D856021013
:103BA000D856021006570210EA560210E4560210C8
:103BB000E4560210256400005F474C4F42414C5FC1
:103BC0000000000028616E6F6E796D6F7573206E56
:103BD000616D657370616365290000006465636CE5
:103BE00074797065286175746F290000DA5B0210C2
:103BF000DA5B0210DA5B0210DA5B0210DA5B0210A9
:103C0000DA5B0210DA5B0210DA5B0210DA5B021098
:103C1000DA5B0210D65B0210D65B0210D65B021094
:103C2000D65B0210D65B0210D65B0210D65B021088
:103C30008A5D0210D65B0210465C0210265C021000
:103C4000D65B02101A5C02103E5D0210D65B0210B9
:103C5000D65B0210D65B0210D65B0210D65B021058
:103C6000045E0210DA5B0210225D0210065D021093
:103C7000D65B0210EA5C0210B85C0210625C0210B3
:103C80005A5D0210D65B0210D65B0210D65B0210A2
:103C9000D65B0210DA5B02107C5E0210D65B02106B
:103CA000D65B0210D65B0210D65B0210D65B021008
:103CB000D65B0210D65B0210D65B0210D65B0210F8
:103CC000D65B0210D65B0210D65B0210D65B0210E8
:103CD000405E0210D65B0210D65B0210D65B02106B
:103CE000D65B0210D65B0210D65B0210D65B0210C8
:103CF000D65B0210D65B0210D65B0210D65B0210B8
:103D0000D65B02100E5F0210D65B0210E45E02105A
:103D1000EA600210BC600210665F0210D65B0210FF
:103D2000385F02108E600210D65B0210D65B021064
:103D3000D65B0210D65B021060600210D65B0210E8
:103D400048600210D65B0210D65B02101A600210A7
:103D5000405E0210EC5F0210945F02106E6602106B
:103D6000266602106A66021072660210666602100B
:103D7000626602106465636C74797065286E756C98
:103D80006C70747229000000C8690210C8690210C2
:103D9000C8690210C8690210C8690210C869021017
:103DA000C8690210C8690210C8690210C869021007
:103DB000BE690210BE690210BE690210BE6902101F
:103DC000BE690210BE690210BE690210BE6902100F
:103DD000BE690210C86902103C6A0210C069021074
:103DE000BE690210BE690210BE690210286A021084
:103DF000BE690210BE690210C86902101A6A021078
:103E0000BE690210BE690210BE690210BE690210CE
:103E1000BE690210FA69021088690210C8690210AE
:103E2000BE690210BE690210BE690210BE690210AE
:103E3000BE690210BE690210BE690210BE6902109E
:103E4000BE690210BE690210BE690210C869021084
:103E5000C8690210C8690210C8690210C869021056
:103E6000C8690210C8690210C8690210C869021046
:103E7000C8690210C8690210C8690210C869021036
:103E8000C8690210C8690210C8690210C869021026
:103E9000C8690210C8690210C8690210C869021016
:103EA000C8690210C8690210C8690210C869021006
:103EB000C8690210DA74021032720210A074021083
:103EC0003272021032720210EC740210327202105E
:103ED000307402107C7402106A7402103272021084
:103EE00032720210327202103272021032720210FA
:103EF0003272021032720210327202108E7402108C
:103F0000A87302103272021054740210427402102C
:103F100032720210327202103272021032720210C9
:103F200032720210327202103272021032720210B9
:103F3000327202103272021032720210F0730210EA
:103F40003272021032720210327202103272021099
:103F5000BE730210327202103272021032720210FC
:103F60003272021032720210327202103272021079
:103F70003272021032720210327202103272021069
:103F80003272021032720210767302107374726908
:103F90006E67206C69746572616C000073746400F4
:103FA0005B6162693A0000003A3A00007B64656632
:103FB00061756C7420617267230000007D3A3A00DD
:103FC0006175746F3A00000074656D706C617465A2
:103FD00020706172616D65746572206F626A6563DD
:103FE0007420666F72200000767461626C652066D2
:103FF0006F72200056545420666F7220000000003B
:10400000636F6E737472756374696F6E207674611A
:10401000626C6520666F7220000000002D696E2DB5
:104020000000000074797065696E666F20666F72BB
:104030002000000074797065696E666F206E616D96
:104040006520666F7220000074797065696E666F16
:1040500020666E20666F7220000000006E6F6E2D6D
:104060007669727475616C207468756E6B20746FFC
:1040700020000000636F76617269616E7420726562
:104080007475726E207468756E6B20746F200000FA
:104090006A61766120436C61737320666F722000E1
:1040A0006775617264207661726961626C65206611
:1040B0006F722000544C5320696E69742066756ECF
:1040C0006374696F6E20666F72200000544C532039
:1040D000777261707065722066756E6374696F6E59
:1040E00020666F72200000007265666572656E63FF
:1040F000652074656D706F72617279202300000015
:1041000068696464656E20616C69617320666F72B2
:10411000200000006E6F6E2D7472616E73616374A7
:10412000696F6E20636C6F6E6520666F7220000091
:104130005F536174200000005F416363756D000090
:104140005F467261637400002C2000006F7065721E
:1041500061746F72000000006F70657261746F723D
:10416000200000003E280000636C00006978000019
:1041700071750000203A20006E6577200000000075
:10418000756C00006C6C0000756C6C006A61766187
:10419000207265736F757263652000006465636CDF
:1041A00074797065202800002E2E2E0074686973C3
:1041B000000000007B7061726D230000676C6F620D
:1041C000616C20636F6E7374727563746F727320A9
:1041D0006B6579656420746F20000000676C6F6206
:1041E000616C2064657374727563746F7273206B95
:1041F0006579656420746F20000000007B6C616D40
:104200006264612800000000292300007B756E6E47
:10421000616D65642074797065230000205B636CB8
:104220006F6E652000000000768F02101C7A02106D
:104230001C7A0210C08502107682021008820210D9
:10424000648E0210B4850210868502102485021047
:10425000A684021044840210E283021080830210BC
:10426000FA8B0210AA7F0210487F0210E67E02102D
:10427000847E0210227E0210C07D02105E7D02103C
:10428000A68102104481021000830210D879021026
:10429000D8790210D87902108E7902108E79021026
:1042A0008E7902108E7902108E7902108E790210AA
:1042B0008E7902107C7B02107C7B02108E790210BA
:1042C0008E7902100E8F02103A810210EE800210D9
:1042D0000C800210467B021044890210467B0210BB
:1042E000C67A0210C67A0210048E0210AC8D02103B
:1042F000468D0210BA8C0210127A0210AE8E021095
:10430000768E0210828E02109A890210127A0210A2
:1043100086860210127A0210127A0210447A021073
:10432000447A0210D8870210768702106A8302103E
:104330002A880210B0880210148702104E880210DA
:104340009A8B02103A8B0210127A0210DA8A02104B
:104350005A8C0210FC7C0210407C0210D87B0210A8
:104360008E790210708A02108E7902108E790210F6
:10437000489D02103C9D0210309D0210249D0210A9
:10438000549D02102072657374726963740000009A
:1043900020766F6C6174696C6500000020636F6E3D
:1043A00073740000207472616E73616374696F6E60
:1043B0005F73616665000000206E6F6578636570ED
:1043C00074000000207468726F77000026260000D9
:1043D000205F436F6D706C6578000000205F496D51
:1043E0006167696E617279003A3A2A00205F5F76F0
:1043F0006563746F7228000024A402103EA20210AC
:104400003EA202103EA202103EA202103EA20210E4
:104410003EA202103EA202103EA202103EA20210D4
:104420003EA202103EA202103EA202103EA20210C4
:104430003EA202103EA202103EA202103EA20210B4
:104440003EA202103EA202103EA202103EA20210A4
:1044500054A20210AEA2021008A3021054A202102D
:10446000AEA2021008A30210BEA30210DAA302102B
:10447000FAA30210C4A702102EA402104EA4021028
:10448000A8A4021004A502103EA202103EA202102F
:104490003EA202103EA2021060A502103EA202102F
:1044A000F4A502103EA202103EA202103EA202108B
:1044B0003EA202103EA202103EA202103EA2021034
:1044C0003EA202103EA202103EA202103EA2021024
:1044D0003EA202103EA202103EA202103EA2021014
:1044E0003EA202103EA202103EA202103EA2021004
:1044F0003EA202103EA202103EA202103EA20210F4
:104500003EA202103EA202103EA202103EA20210E3
:104510003EA202103EA202103EA202103EA20210D3
:104520003EA2021054A602103EA20210B0A6021033
:1045300062A30210282E2E2E000000002E2E2E29FF
:1045400000000000202E2E2E200000007374643A1C
:104550003A616C6C6F6361746F720000616C6C6FB8
:104560006361746F720000007374643A3A6261733D
:1045700069635F737472696E6700000062617369DA
:10458000635F737472696E67000000007374643A4D
:104590003A737472696E67007374643A3A62617355
:1045A00069635F737472696E673C636861722C2023
:1045B0007374643A3A636861725F747261697473A8
:1045C0003C636861723E2C207374643A3A616C6C8F
:1045D0006F6361746F723C636861723E203E0000DD
:1045E0007374643A3A6973747265616D0000000017
:1045F0007374643A3A62617369635F697374726574
:10460000616D3C636861722C207374643A3A63682C
:1046100061725F7472616974733C636861723E2099
:104620003E00000062617369635F69737472656163
:104630006D0000007374643A3A6F73747265616D53
:10464000000000007374643A3A62617369635F6FDB
:1046500073747265616D3C636861722C207374645D
:104660003A3A636861725F7472616974733C63683B
:1046700061723E203E00000062617369635F6F7388
:10468000747265616D0000007374643A3A696F7307
:10469000747265616D0000007374643A3A6261730C
:1046A00069635F696F73747265616D3C63686172A1
:1046B0002C207374643A3A636861725F7472616942
:1046C00074733C636861723E203E000062617369EE
:1046D000635F696F73747265616D0000614E000005
:1046E000263D0000615300003D00000061610000B4
:1046F000616400002600000061740000616C69675D
:104700006E6F66200000000061770000636F5F61DC
:104710007761697420000000617A00006363000023
:10472000636F6E73745F6361737400002829000007
:10473000636D00002C000000636F00007E0000002D
:10474000645600002F3D0000645800005B2E2E2EA2
:104750005D3D00006461000064656C6574655B5DCF
:10476000200000006463000064796E616D69635F1E
:1047700063617374000000002A0000006469000097
:10478000646C000064656C657465200064730000EF
:104790002E2A000064740000647600002F000000E0
:1047A00064780000654F00005E3D0000656F00000A
:1047B0005E000000657100003D3D0000664C000099
:1047C00066520000666C00006672000067650000BB
:1047D0003E3D000067730000677400005B5D0000F1
:1047E0006C5300003C3C3D003C3D00006C69000007
:1047F0006F70657261746F72222220006C7300000A
:104800003C3C00006C7400003C0000006D4900005E
:104810002D3D00006D4C00002A3D00006D69000038
:104820002D0000006D6C00006D6D00002D2D00004E
:104830006E6100006E65775B5D0000006E650000D4
:10484000213D0000210000006E7700006E657700BA
:104850006F5200007C3D00006F6F00007C7C000008
:104860007C000000704C00002B3D0000706C0000CC
:104870002B000000706D00002D3E2A0070700000BB
:104880002B2B000070730000707400002D3E0000A0
:104890003F000000724D0000253D000072530000F3
:1048A0003E3E3D007265696E746572707265745F3C
:1048B0006361737400000000726D00002500000049
:1048C000727300003E3E00007350000073697A6509
:1048D0006F662E2E2E000000735A000073630000D6
:1048E0007374617469635F63617374003C3D3E007F
:1048F00073697A656F662000737A00007472000035
:104900007468726F77000000747700007468726FCB
:10491000772000007369676E6564206368617200C8
:10492000626F6F6C00000000626F6F6C65616E00FB
:104930006368617200000000627974650000000025
:10494000646F75626C6500006C6F6E6720646F75D4
:10495000626C6500666C6F61740000005F5F666C7E
:104960006F61743132380000756E7369676E65640B
:104970002063686172000000696E7400756E73696F
:10498000676E656420696E7400000000756E73695F
:10499000676E6564000000006C6F6E6700000000C9
:1049A000756E7369676E6564206C6F6E67000000DA
:1049B0005F5F696E7431323800000000756E736994
:1049C000676E6564205F5F696E7431323800000085
:1049D00073686F7274000000756E7369676E65644A
:1049E0002073686F72740000766F696400000000C5
:1049F00077636861725F74006C6F6E67206C6F6EB6
:104A000067000000756E7369676E6564206C6F6E79
:104A100067206C6F6E670000646563696D616C335D
:104A200032000000646563696D616C36340000001B
:104A3000646563696D616C313238000068616C6671
:104A40000000000063686172385F7400636861721F
:104A500031365F74000000006368617233325F7446
:104A600000000000740000009C3F031003000000E1
:104A70009C3F031003000000000000000000000045
:104A8000610000004C4503100E0000004C4503106F
:104A90000E0000005C4503100900000062000000E9
:104AA0006845031011000000684503101100000064
:104AB0007C4503100C000000730000008C450310BF
:104AC0000B00000098450310460000007C450310D1
:104AD0000C00000069000000E04503100C0000001D
:104AE000F045031031000000244603100D000000C3
:104AF0006F000000344603100C0000004446031011
:104B000031000000784603100D0000006400000032
:104B1000884603100D000000984603103200000084
:104B2000CC4603100E000000DC460310E0460310E4
:104B30000200000002000000E4460310E8460310F3
:104B40000100000002000000EC460310CC430310FB
:104B50000200000002000000F0460310F4460310BB
:104B6000010000000100000020050310F4460310BE
:104B70000100000002000000F8460310FC4603108C
:104B80000800000001000000084703100C47031054
:104B9000090000000100000018470310FC46031044
:104BA00008000000010000001C470310204703100C
:104BB0000A00000002000000684103102C470310A7
:104BC00002000000020000003047031034470310C9
:104BD0000100000002000000384703103C470310AA
:104BE000010000000100000040470310444703108B
:104BF0000200000002000000484703104C47031069
:104C0000060000000300000054470310584703103B
:104C1000090000000100000064470310684703100A
:104C20000C00000002000000A400031078470310ED
:104C300001000000010000007C470310E84603105B
:104C400001000000020000008047031084470310A9
:104C500007000000010000008C470310904703107C
:104C6000020000000200000094470310D448031023
:104C70000100000002000000984703109C47031049
:104C80000100000002000000A0470310504703107D
:104C90000200000002000000A4470310A847031010
:104CA0000200000002000000AC470310B0470310F0
:104CB0000100000002000000B4470310B8470310D1
:104CC0000200000002000000BC470310A8410310CE
:104CD0000300000003000000C0470310A8410310B8
:104CE0000300000003000000C4470310A8410310A4
:104CF0000300000002000000C8470310A841031091
:104D00000300000002000000CC470310D04703104E
:104D10000200000002000000D4470310A83F031067
:104D20000200000001000000D847031020460310D5
:104D300001000000020000006C410310DC4703107A
:104D40000200000002000000E0470310E4470310E7
:104D50000300000002000000C0150310E847031024
:104D60000200000002000000EC470310F0470310AF
:104D70000B00000001000000FC4703100048031076
:104D8000020000000200000004480310084803105D
:104D900001000000020000000C480310104803103E
:104DA000020000000200000014480310184803101D
:104DB00002000000020000001C48031020480310FD
:104DC000010000000200000024480310784703108F
:104DD0000100000002000000284803102C480310C6
:104DE00002000000010000003048031034480310A6
:104DF00005000000030000003C4803104048031079
:104E00000200000002000000144A031020480310B2
:104E10000100000001000000CCFB02104448031018
:104E20000100000001000000484803104C48031036
:104E30000300000003000000504803105448031012
:104E40000200000002000000584803105C480310F4
:104E500002000000020000005845031060480310E3
:104E600001000000020000006448031068480310BD
:104E700002000000020000006C480310704803109C
:104E8000010000000200000074480310784803107D
:104E900003000000020000007C480310804803105B
:104EA0000200000001000000844803107048031055
:104EB0000100000001000000884803108C48031026
:104EC000020000000200000070410310904803102F
:104ED00001000000030000009448031098480310EC
:104EE00002000000020000009C480310A0480310CC
:104EF000030000000200000014190310A44803106E
:104F00001000000002000000B8480310BC48031065
:104F10000100000002000000C0480310C448031054
:104F20000200000002000000C8480310CC48031033
:104F30000900000001000000D8480310CC4803100D
:104F40000900000001000000DC480310E0480310E5
:104F50000B0000000200000040FC0210EC480310AF
:104F6000030000000200000028470310F04803106F
:104F70000700000001000000F8480310F04803108B
:104F80000700000001000000FC4803100049031066
:104F90000500000000000000084903100C49031040
:104FA00006000000010000000000000000000000FA
:104FB0000000000000000000144903100B00000076
:104FC000144903100B0000000000000020490310EA
:104FD000040000002849031007000000070000003B
:104FE0003049031004000000384903100400000099
:104FF0000000000040490310060000004049031073
:105000000600000008000000484903100B000000E3
:10501000484903100B000000080000005449031029
:1050200005000000544903100500000008000000BE
:105030005C4903100A0000005C4903100A000000EC
:1050400008000000684903100D00000068490310C3
:105050000D0000000000000078490310030000006C
:105060007849031003000000010000007C49031090
:105070000C0000008C490310080000000200000032
:105080000000000000000000000000000000000020
:105090000000000098490310040000009849031024
:1050A0000400000003000000A04903100D000000F0
:1050B000A04903100D00000004000000B0490310D7
:1050C00008000000B04903100800000000000000C4
:1050D000BC49031011000000BC490310110000007E
:1050E00000000000000000000000000000000000C0
:1050F00000000000000000000000000000000000B0
:10510000000000000000000000000000000000009F
:10511000000000000000000000000000000000008F
:10512000D049031005000000D0490310050000001D
:1051300000000000D84903100E000000D8490310F9
:105140000E00000000000000000000000000000051
:10515000000000000000000000000000E84903100B
:1051600004000000E84903100400000009000000EA
:10517000F04903100700000030490310040000004C
:1051800000000000F84903100900000098490310CE
:105190000400000005000000044A03101200000093
:1051A000044A03101200000006000000A84103108A
:1051B00003000000A84103100300000000000000ED
:1051C000184A031009000000184A031009000000E3
:1051D00000000000244A031009000000244A0310C4
:1051E0000900000000000000304A03100A0000001F
:1051F000304A03100A000000000000003C4A03107F
:10520000040000003C4A03100400000008000000F5
:10521000444A031007000000444A0310070000003E
:10522000000000004C4A0310080000004C4A031024
:105230000800000000000000584A031008000000A9
:10524000584A03100800000000000000743D0310DD
:1052500011000000743D0310110000000000000068
:105260004E31305F5F637878616269763132335FE7
:105270005F66756E64616D656E74616C5F74797084
:10528000655F696E666F4500CC3203106052031093
:105290000033031076000000446E000000000000A0
:1052A00088520310DDBB0210F1BB02105542021000
:1052B000554202105D42021059420210A4520310DE
:1052C00098520310A4520310945203104E31305FD1
:1052D0005F637878616269763131375F5F706261F0
:1052E00073655F747970655F696E666F4500000075
:1052F000CC320310CC520310003303100000000026
:10530000F052031029BC02103DBC0210554202109D
:105310005542021059BC02105942021019BC021029
:10532000FFFFFFFF00000000000000004E31305F73
:105330005F637878616269763132395F5F706F6977
:105340006E7465725F746F5F6D656D6265725F74B8
:105350007970655F696E666F45000000CC3203109E
:105360002C530310F0520310537431316C6F676982
:10537000635F6572726F7200CC3203106853031062
:1053800010310310537431326C656E6774685F6559
:1053900072726F7200000000CC320310845303104D
:1053A00078530310537431326F75745F6F665F7298
:1053B000616E676500000000CC320310A453031037
:1053C00078530310000000007853031061BD0210F1
:1053D00021BE02105DBD02100000000098530310B2
:1053E000A1BD0210A9BE02105DBD021000000000A8
:1053F000B8530310E1BD021065BE02105DBD02107E
:1054000062617369635F737472696E673A3A5F537E
:105410005F636F6E737472756374206E756C6C204D
:105420006E6F742076616C6964000000626173695C
:10543000635F737472696E673A3A5F535F63726554
:1054400061746500002020202020202020202828B2
:105450002828282020202020202020202020202034
:105460002020202020881010101010101010101074
:1054700010101010100404040404040404040410A4
:105480001010101010104141414141410101010132
:1054900001010101010101010101010101010101FC
:1054A0001010101010104242424242420202020208
:1054B00002020202020202020202020202020202CC
:1054C000101010102000000000000000000000007C
:1054D00000000000000000000000000000000000CC
:1054E00000000000000000000000000000000000BC
:1054F00000000000000000000000000000000000AC
:10550000000000000000000000000000000000009B
:10551000000000000000000000000000000000008B
:10552000000000000000000000000000000000007B
:10553000000000000000000000000000000000006B
:08554000000000000000000063
:105548007DE4FE7FB0B0A800FFFF010071E4FE7F9C
:10555800B0A80500FFFF010810021C00220400008B
:105568005DE4FE7FAB08B100FF1015010C18041EA6
:10557800012C043000340400000100000000000089
:105588003DE4FE7FAB08B100FF1015010C18041EA6
:105598000126042A002E040000010000000000007B
:1055A8001DE4FE7FB0A80100FFFF01081E042400CF
:1055B8002A04000009E4FE7FB0AB0400FF101D01BF
:1055C800142804000042048201019601049A010093
:1055D8009E0104000001000000000000E1E3FE7FDE
:1055E800B0B0AA00FFFF010820184A0050040000CC
:1055F80030800181B0AB08B100000000C1E3FE7F3C
:10560800B0B0AA00FF1015010C08040E0116041A08
:10561800001E040000010000000000008005018158
:10562800B0B0AB100000000095E3FE7FB0B0AA0058
:10563800FFFF0108280236003C04000081E3FE7FDA
:10564800B0B0AA00FFFF010C060400001004160009
:105658001C04000069E3FE7FB0B0AA00FF10190126
:10566800100A04000018041E012A042E0032040047
:10567800000100000000000045E3FE7F10800501E6
:10568800B0B0B0ABFFFF010F780400008E0104AC8E
:105698000100B2010400000025E3FE7FB0AA050066
:1056A800FFFF010C140400002E0434003A0400002B
:1056B8000DE3FE7FAB08B100FF1015010C1A0420A2
:1056C8000128042C00300400000100000000000044
:1056D800EDE2FE7FB0B0AA00FFFF010C2A04000033
:1056E80034043A0040040000D5E2FE7FAB08B10064
:1056F800FFFF010C0C0400002A04300036040000EF
:10570800BDE2FE7FB0A90400FFFF010C1A040000EF
:1057180024042A0038040000A5E2FE7F02D8B20162
:10572800B0AB3080FFFF01C603AC01040000B80134
:10573800048A2400C20104C80100F00104F6010033
:105748008002048602009002049024009A0204A0B9
:105758000200BE0204C40200EC0204F20200BC0310
:1057680004C20300D80304DE0300E80304EE0300C8
:10577800B80404BE0400D40404DA0400E40404EA0F
:105788000400B00504B60500CC0504D20500DC050C
:1057980004E20500AA0604B00600C60604CC06000A
:1057A800D60604DC0600C80804CE0800E40804EAAB
:1057B8000800F40804FA08009E0904A40900CE09A8
:1057C80004D40900E00904E60900F20904F8090014
:1057D800840A048A0A00940A049A0A00AC0A04B2E9
:1057E8000A00E40A04EA0A00FA0A04800B008A0B99
:1057F80004900B00D80B04DE0B00F40B04FA0B002A
:10580800840C048A0C00D20C04D80C00EE0C04F4AE
:105818000C00800D04860D00EE0D04F40D00900EB2
:1058280004960E00A40E04AA0E009A0F04A00F00FE
:10583800A61004AC1000BA1004C01000F41004FA4A
:105848001000A61104AC1100BA1104C01100CC114B
:1058580004D21100F01104F61100B41204BA1200B7
:10586800D21204D81200E61204EC1200EE1304F46B
:1058780013009414049A1400AC1404B21400AA156A
:1058880004B01500D41504DA1500E81504EE150067
:10589800F41604FA16009A1704A01700B21704B8F1
:1058A8001700C41904CA1900EE1904F41900821A61
:1058B80004881A00FE1A04841B00A61B04BE2400D8
:1058C800B81B04BC2400A01C04BA2400B21C04B8F1
:1058D8001C00E01C04B82400C41D0498240086227F
:1058E800040000B42204E62400D822AC0200000020
:1058F80001970181B0AB108000000000C1E0FE7F7D
:1059080002D8B201B0AB3080FFFF01C603AC01047E
:105918000000B801048A2400C20104C80100F00193
:1059280004F601008002048602009002049024001C
:105938009A0204A00200BE0204C40200EC0204F2AF
:105948000200BC0304C20300D80304DE0300E8031A
:1059580004EE0300B80404BE0400D40404DA04000E
:10596800E40404EA0400B00504B60500CC0504D23A
:105978000500DC0504E20500AA0604B00600C60618
:1059880004CC0600D60604DC0600C80804CE0800CD
:10599800E40804EA0800F40804FA08009E0904A4CC
:1059A8000900CE0904D40900E00904E60900F20957
:1059B80004F80900840A048A0A00940A049A0A006E
:1059C800AC0A04B20A00E40A04EA0A00FA0A0480EB
:1059D8000B008A0B04900B00D80B04DE0B00F40BB1
:1059E80004FA0B00840C048A0C00D20C04D80C00B6
:1059F800EE0C04F40C00800D04860D00EE0D04F48A
:105A08000D00900E04960E00A40E04AA0E009A0F24
:105A180004A00F00A61004AC1000BA1004C01000B7
:105A2800F41004FA1000A61104AC1100BA1104C055
:105A38001100CC1104D21100F01104F61100B412B7
:105A480004BA1200D21204D81200E61204EC1200B2
:105A5800EE1304F413009414049A1400AC1404B262
:105A68001400AA1504B01500D41504DA1500E815B9
:105A780004EE1500F41604FA16009A1704A017008D
:105A8800B21704B81700C41904CA1900EE1904F4AF
:105A98001900821A04881A00FE1A04841B00A61B27
:105AA80004BE2400B81B04BC2400A01C04BA2400B3
:105AB800B21C04B81C00E01C04B82400C41D0498DF
:105AC80024008622040000B42204E62400D822AC74
:105AD80002000000E9DEFE7F02D8B201B0AB3080E0
:105AE800FFFF01C603AC01040000B801048A2400CA
:105AF800C20104C80100F00104F601008002048616
:105B080002009002049024009A0204A00200BE023F
:105B180004C40200EC0204F20200BC0304C2030045
:105B2800D80304DE0300E80304EE0300B80404BE4F
:105B38000400D40404DA0400E40404EA0400B00510
:105B480004B60500CC0504D20500DC0504E2050016
:105B5800AA0604B00600C60604CC0600D60604DC75
:105B68000600C80804CE0800E40804EA0800F4089F
:105B780004FA08009E0904A40900CE0904D4090007
:105B8800E00904E60900F20904F80900840A048A15
:105B98000A00940A049A0A00AC0A04B20A00E40A49
:105BA80004EA0A00FA0A04800B008A0B04900B002E
:105BB800D80B04DE0B00F40B04FA0B00840C048AE7
:105BC8000C00D20C04D80C00EE0C04F40C00800D70
:105BD80004860D00EE0D04F40D00900E04960E00E0
:105BE800A40E04AA0E009A0F04A00F00A61004AC7D
:105BF8001000BA1004C01000F41004FA1000A61126
:105C080004AC1100BA1104C01100CC1104D2110067
:105C1800F01104F61100B41204BA1200D21204D81A
:105C28001200E61204EC1200EE1304F413009414AC
:105C3800049A1400AC1404B21400AA1504B0150098
:105C4800D41504DA1500E81504EE1500F41604FA64
:105C580016009A1704A01700B21704B81700C41941
:105C680004CA1900EE1904F41900821A04881A00EB
:105C7800FE1A04841B00A61B04BE2400B81B04BC27
:105C88002400A01C04BA2400B21C04B81C00E01CA8
:105C980004B82400C41D049824008622040000B41B
:105CA8002204E62400D822AC0200000011DDFE7FA9
:105CB80010800501B0B0B0ABFFFF010C3604000046
:105CC800440464006A04000030800181B0AB08B16C
:105CD80000000000E9DCFE7FB0A80100FFFF01081A
:105CE80016041C0022040000D5DCFE7F04E8B20183
:105CF800B0AB3080FFFF01F404F60104B23E00842B
:105D080002048A0200B20204B80200FE02048403FC
:105D1800009A0304A00300AA0304B00300F60304D6
:105D2800FC03009404049A0400A80404AE04009838
:105D380005049E0500BC0504C20500D00504D6056F
:105D480000C60604CC0600EA0604F00600FE0604B7
:105D5800840700F20804F808009609049C0900AEBC
:105D68000904B40900EC0904F209009E0A04A40A13
:105D780000B40A04BA0A00C80A04CE0A00DE0A04FB
:105D8800E40A00F00A04F60A00980B049E0B00E0EF
:105D98000B04E60B00FC0B04820C00940C049A0C18
:105DA80000940D049A0D00BE0D04C40D00D20D041C
:105DB800D80D00DE0E04E40E00840F048A0F009C48
:105DC8000F04A20F00C01104C61100EA1104F0115B
:105DD80000FE11048412008A1304901300B0130407
:105DE800B61300C81304CE13008614048C1400B82C
:105DF8001404BE1400CE1404D41400E01404E614F1
:105E0800008815048E1500D01504D61500EC15046D
:105E1800F215008416048A16008417048A1700AE47
:105E28001704B41700C21704C81700821A04881A86
:105E380000A81A04AE1A00C01A04C61A00C01B042F
:105E4800C61B00E81B04EE1B00FC1B04821C00FCA4
:105E58001C04821D00A21D04A81D00B81D04BE1D3F
:105E680000AE1E04B41E00D61E04C03B00E41E048F
:105E7800BC3B00D41F04B83B00E21F04E81F00E04D
:105E88002104B63B00D02204963B00C4260400003F
:105E9800F02604F03B009427260000C62704A43E01
:105EA80000D22704D82700822804882800962804CE
:105EB8009C2800A82804AA3E00B42804BC28008214
:105EC8002904882900DA2B04E02B008E2C04942C5A
:105ED80000F02C04F62C00A42D04AA2D00CE2D04CD
:105EE800D42D00FA2D04802E00AE2E04B42E00E22C
:105EF8002E04E82E00962F049C2F00CA2F04D02FC2
:105F080000FE2F04843000B43004BA3000EC3004B2
:105F1800F23000A63104AC31009432049A3200C841
:105F28003204CE3200A63504AC3500DA3504E0354B
:105F3800008C3604923600C43604CA3600FC360497
:105F4800823700B03704B63700E23704E8370096E6
:105F580038049C3800CC3804D238008439048A3993
:105F680000BC3904B83E00EC3BD40200000000003D
:105F78004DDAFE7F10800501B0B0B0ABFFFF010C19
:105F880036040000440464006A0400003080018183
:105F9800B0AB08B10000000025DAFE7F04E0B201D2
:105FA800B0AB3080FFFF01ED04FA01048A3E00889F
:105FB80002048E0200B60204BC02008203048803B5
:105FC800009E0304A40300AE0304B40300FA030410
:105FD8008004009604049C0400A60404AC0400FA9F
:105FE80004048005009A0504A00500AE0504B40564
:105FF80000A40604AA0600C80604CE0600DC0604AF
:10600800E20600D60804DC0800FA08048009008EBD
:106018000904940900C80904CE0900FC0904820A8D
:1060280000900A04960A00A60A04AC0A00BA0A04F8
:10603800C00A00CE0A04D40A00F40A04FA0A00B816
:106048000B04BE0B00D80B04DE0B00EC0B04F20BA8
:1060580000F80C04FE0C009E0D04A40D00B60D04FF
:10606800BC0D00B60E04BC0E00E00E04E60E00F4F3
:106078000E04FA0E00921104981100B81104BE1112
:1060880000D01104D61100D01204D61200FA12045E
:106098008013008E1304941300CE1304D4130082CB
:1060A80014048814009614049C1400AA1404B01450
:1060B80000D21404D814009E1504A41500C01504B9
:1060C800C61500D41504DA1500E01604E616008695
:1060D80017048C17009E1704A41700C41904CA19C2
:1060E80000EE1904F41900821A04881A008E1B04A1
:1060F800941B00B41B04BA1B00CA1B04D01B00C8A5
:106108001C04CE1C00F01C04F61C00841D048A1D0F
:1061180000841E048A1E00AC1E04B23D00BC1E048E
:10612800AE3D00A41F04AA3D00B41F04BA1F00AA74
:106138002104A83D009A2204883D008C2604000012
:10614800B82604DE3D00DC262400008E2704FC3D32
:10615800009A2704A02700CA2704D02700DC2704B8
:10616800E22700F02704823E00FC2704842800C4AC
:106178002804CA2800942B049A2B00C82B04CE2B81
:1061880000AC2C04B22C00E02C04E62C00982D0462
:106198009E2D00CE2D04D42D00A02E04A62E00EC9A
:1061A8002E04F22E00A42F04AA2F00DA2F04E02FC9
:1061B80000903004963000C43004CA3000FA30042D
:1061C800803100B23104B83100BA3404C03400EE72
:1061D8003404F43400A43504AA3500D03504D63587
:1061E800008836048E3600BC3604C23600F4360405
:1061F800FA3600A63704AC3700DA3704E0370092E5
:106208003804983800CA3804D03800823904903EDF
:1062180000DA3D3E00000000A5D7FE7F1080050192
:10622800B0B0B0ABFFFF010C3604000044046400BA
:106238006A04000030800181B0AB08B100000000A2
:106248007DD7FE7F04C9B201B0AB1080FFFF01E12A
:1062580004F40104A03A00820204880200B0020497
:10626800B60200FC02048203009803049E0300A8FF
:106278000304AE0300F40304FA0300900404960434
:1062880000A00404A60400EC0404F2040088050439
:106298008E05009805049E05008806048E0600AA4F
:1062A8000604B00600BE0604C40600B20804B80816
:1062B80000D60804DC0800EA0804F00800A4090471
:1062C800AA0900D60904DC0900EA0904F00900FE5D
:1062D8000904840A00920A04980A00A40A04AA0A73
:1062E80000C80A04CE0A008C0B04920B00AA0B0407
:1062F800B00B00BE0B04C40B00C60C04CC0C00ECA5
:106308000C04F20C00840D048A0D00840E048A0E1D
:1063180000AE0E04B40E00C20E04C80E00CE100467
:10632800D41000F41004FA10008C11049211008C9F
:106338001204921200B61204BC1200CA1204D0123F
:10634800008A1304901300BE1304C41300D213046C
:10635800D81300E61304EC13008E1404941400DA26
:106368001404E01400FC140482150090150496151A
:10637800009C1604A21600C21604C81600DA1604F9
:10638800E01600801904861900AA1904B01900BE85
:106398001904C41900CA1A04D01A00F01A04F61A0B
:1063A80000881B048E1B00861C048C1C00B01C0477
:1063B800B61C00C41C04CA1C00C81D04CE1D00F075
:1063C8001D04C83900801E04C43900E81E04C03901
:1063D80000F81E04FE1E00E62004BE3900D6210483
:1063E8009E3900C425040000F02504F439009426E1
:1063F800240000C62604923A00D22604D826008239
:1064080027048827009427049A2700A82704983A85
:1064180000B42704BC2700FC2704822800CA2A04E9
:10642800D02A00A02B04A62B00D82B04DE2B008A30
:106438002C04902C00C02C04C62C00F02C04F62C44
:1064480000A42D04AA2D00D82D04DE2D008E2E04C4
:10645800942E00C22E04C82E00F82E04FE2E00B082
:106468002F04B62F009630049C3000C63004CC3080
:1064780000FE3004843100B23104B8310092340493
:10648800983400C03404C63400F83404FE3400AE36
:106498003504B43500E23504E83500923604983600
:1064A80000CA3604D03600823704883700F0393AFB
:1064B8000000000009D5FE7F10800501B0B0B0AB28
:1064C800FFFF010C36040000440464006A04000065
:1064D800EDD4FE7F10803301B0B0B0ABFFFF0125D3
:1064E800240400003C04E005004632000084010456
:1064F800DE05009C0104DC0500BC01E403C00500C6
:10650800D805040000000000B5D4FE7F048CB20159
:10651800B0AB3080FFFF01BD04FA0104A437008846
:1065280002048E0200B60204BC020082030488033F
:10653800009E0304A40300AE0304B40300FA03049A
:106548008004009604049C0400A60404AC0400F231
:106558000404F804008E05049405009E0504A405AF
:1065680000820604880600A40604AA0600B80604E9
:10657800BE0600B20804B80800D60804DC0800EA21
:106588000804F00800A40904AA0900D60904DC09D3
:1065980000EA0904F00900FE0904840A00920A04CA
:1065A800980A00A40A04AA0A00C80A04CE0A008CA1
:1065B8000B04920B00A80B04AE0B00BC0B04C20B1F
:1065C80000C40C04CA0C00EA0C04F00C00820D0490
:1065D800880D00820E04880E00AC0E04B20E00C0B6
:1065E8000E04C60E00CA1004D01000F01004F610F5
:1065F800008811048E11008812048E1200B2120451
:10660800B81200C61204CC12008613048C1300BA08
:106618001304C01300CE1304D41300E21304E813C8
:10662800008A1404901400D61404DC1400F814042E
:10663800FE14008C15049215009816049E1600BED0
:106648001604C41600D61604DC1600FC18048219B9
:1066580000A61904AC1900BA1904C01900C61A0416
:10666800CC1A00EC1A04F21A00841B048A1B00825C
:106678001C04881C00AA1C04B01C00BE1C04C41CFA
:1066880000BE1D04C41D00E41D04CC3600F41D0426
:10669800C83600E41E04C43600F41E04FA1E00DEE8
:1066A8002004C23600D02104A23600BE2504000012
:1066B800EA2504F836008E26260000C02604963700
:1066C80000CC2604D22600FE260484270090270446
:1066D800962700A227049C3700AE2704B62700FEA1
:1066E8002704842800CE2A04D42A00862B048C2B65
:1066F80000E82B04EE2B009C2C04A22C00D02C04C8
:10670800D62C00822D04882D00B62D04BC2D00EA5D
:106718002D04F02D009E2E04A42E00D02E04D62E7B
:1067280000C02F04C62F00F42F04FA2F00A830044D
:10673800AE3000DA3004E030008E3104943100C20B
:106748003104C831009634049C3400C83404A83796
:1067580000F4363A0000000065D2FE7FF080320176
:10676800B0B0B0ABFFFF0144400400004E0480030A
:1067780000720400008001048A0300A201040000E2
:10678800B00104940300D401040000E201049E0354
:10679800009C02040000AA0204A80300EC02040002
:1067A80000FA0204B20300860336000011D2FE7F0D
:1067B80002D8B201B0AB3080FFFF01C503C60104A7
:1067C800CC0100F40104FA0100C40204CA0200E08A
:1067D8000204E60200F00204F60200C00304C60345
:1067E80000DC0304E20300EC0304F20300BC04042D
:1067F800C20400D80404DE0400E80404EE0400B671
:106808000504BC0500D20504D80500E20504E80526
:1068180000AE0604B40600CA0604D00600DA060470
:10682800E00600FE0704840800AE0804B40800C0AF
:106838000804C60800D20804D80800E40804EA08D6
:1068480000F40804FA08008C0904920900C4090439
:10685800CA0900DA0904E00900EA0904F00900B8E5
:106868000A04BE0A00D40A04DA0A00E40A04EA0A9E
:1068780000B20B04B80B00CE0B04D40B00DE0B04E3
:10688800E40B00CC0C04D20C00EE0C04F40C0082D7
:106898000D04880D00F80D04FE0D009C0E04A20ED8
:1068A80000B00E04B60E00EA0E04D40F00801004E7
:1068B8008610009410049A1000A61004AC1000CAA8
:1068C8001004D010008E1104941100AA1104B01104
:1068D80000BE1104C41100C61204CC1200EC12044C
:1068E800F212008413048A1300821404881400AC82
:1068F8001404B21400C01404C61400CC1504D21534
:1069080000F21504F815008A16049016008817047A
:106918008E1700D21804D81800E61804EC1800E204
:106928001904E819008A1A049224009C1A04902475
:1069380000841B048E2400961B049C1B00C41B04AB
:106948008C2400A81C04EC2300D42004000082211D
:1069580004BA2400A621260000DA2104D82400E67F
:106968002104EC21009622049C2200A82204AE22D5
:1069780000BC2204DC2400C82204D02200B6242C47
:106988000000000080010181B0B0AB1000000000E1
:106998002DD0FE7F30800C01B0B0B0ABFFFF010EF0
:1069A800360400003C049601009C0104000000002D
:1069B800800A0181B0B0AB300000000001D0FE7F3A
:1069C800AB3F2A00FFFF019B012A0400003204FEAE
:1069D80005004004EE04006A04FE05007204FC058C
:1069E80000800104FE0400A00104FC0500A80104C5
:1069F800FA0500B601048C0500D60104FA0500DE8C
:106A08000104F80500EC01049A05008C0204F8055D
:106A180000940204F60500A20204A80500BA0204C4
:106A2800F40500C40204B60500DC0250F40500B009
:106A38000304D20500BE0304C40500E40304F405FE
:106A480000EC0304F20500FA0304D405009A0404D8
:106A5800F20500A20404F00500B00404E20500FAFF
:106A68000404000059CFFE7F02D8B201B0AB3080D9
:106A7800FFFF01C503C60104CC0100F40104FA01BB
:106A880000C40204CA0200E00204E60200F00204A4
:106A9800F60200C00304C60300DC0304E20300ECB2
:106AA8000304F20300BC0404C20400D80404DE0496
:106AB80000E80404EE0400B60504BC0500D2050491
:106AC800D80500E20504E80500AE0604B40600CACD
:106AD8000604D00600DA0604E00600FE070484086F
:106AE80000AE0804B40800C00804C60800D20804B0
:106AF800D80800E40804EA0800F40804FA08008C3E
:106B08000904920900C40904CA0900DA0904E00961
:106B180000EA0904F00900B80A04BE0A00D40A040D
:106B2800DA0A00E40A04EA0A00B20B04B80B00CE41
:106B38000B04D40B00DE0B04E40B00CC0C04D20CC9
:106B480000EE0C04F40C00820D04880D00F80D040E
:106B5800FE0D009C0E04A20E00B00E04B60E00EA54
:106B68000E04D40F008010048610009410049A10AC
:106B780000A61004AC1000CA1004D010008E110436
:106B8800941100AA1104B01100BE1104C41100C66A
:106B98001204CC1200EC1204F212008413048A13BB
:106BA80000821404881400AC1404B21400C0140445
:106BB800C61400CC1504D21500F21504F815008A85
:106BC80016049016008817048E1700D21804D818D7
:106BD80000E61804EC1800E21904E819008A1A04FF
:106BE8009224009C1A04902400841B048E2400968E
:106BF8001B049C1B00C41B048C2400A81C04EC234D
:106C080000D420040000822104BA2400A621260012
:106C180000DA2104D82400E62104EC21009622049D
:106C28009C2200A82204AE2200BC2204DC2400C856
:106C38002204D02200B6242C0000000081CDFE7F63
:106C4800AB08B100FFFF010075CDFE7FB0B0AA0010
:106C5800FFFF010C060400000E0414001A040000D3
:106C68005DCDFE7F10800501B0B0B0ABFFFF010A1B
:106C780028548401008A01040000000041CDFE7FF1
:106C8800B0AB0400FFFF01081E5076007C04000032
:106C98002DCDFE7FB0A92A00FFFF012C0C040000B7
:106CA8001E20C4030050C601C20300A40204C0038E
:106CB80000AC0204BE0300BC02109003008A030467
:106CC800C40300BA03040000F5CCFE7FB0A80D0091
:106CD800FFFF01140C040000160438002204000011
:106CE8002A0442003E0E0000D5CCFE7F108005012C
:106CF800B0B0B0ABFFFF010A28548401008A010438
:106D080000000000B9CCFE7FB0AB0400FFFF010813
:106D18001E5076007C040000A5CCFE7FB0A80D00B4
:106D2800FFFF01140C0400001604380022040000C0
:106D38002A0442003E0E000085CCFE7FB0B0AA00B7
:106D4800FFFF010C06040000100416001C040000DC
:106D5800F0800181B0AB08B10000000061CCFE7F7B
:106D6800B0A90800FFFF010C2A0400003204380013
:106D78003E04000049CCFE7FB0A80F00FFFF010EC3
:106D8800102C8C010040107C0088010400000000D9
:106D9800801E0181B0B0AB300000000021CCFE7F26
:106DA800B0B0AA00FFFF010828042E003404000038
:106DB8000DCCFE7FB0B0AA00FFFF01081A04200026
:106DC80026040000F9CBFE7FB0B0AA00FFFF010C3B
:106DD80006040000100416001C040000E1CBFE7F2E
:106DE800B0B0AA00FFFF01081818320038040000EC
:106DF800CDCBFE7FB0A81D00FFFF01221A040000C2
:106E08002404B201002C04A801003E04A601004E8F
:106E1800048A01007004AA0100A201040000000015
:106E28009DCBFE7F00840800FFFF010C0A040000D0
:106E3800120420002604000085CBFE7FB0A92200A2
:106E4800FFFF0129080400001604A602002E34A43E
:106E58000200660EA20200780EA00200B80110F629
:106E68000100F00104A402009C02040000000000DC
:106E78004DCBFE7FB0B0AA00FFFF010041CBFE7FE3
:106E8800B0B0AA00FFFF010C0604000012041800AD
:106E98001E04000029CBFE7FB0B0AA00FFFF010C42
:106EA80006040000120418002604000011CBFE7F1F
:106EB800AA09B200FFFF01681004F403002204F2DB
:106EC80003003404F003003E04EE03005004EC0316
:106ED800005A04EA03006C04E803007604E60300A1
:106EE8008A0104E40300940104860300F20104A467
:106EF8000400FA0104A204008A0204960400940221
:106F080004F60300B00210A00400C40204980400B0
:106F1800F602040000800304A60400E00304000055
:106F28009DCAFE7FB0A90400FF101901100A0400D1
:106F38000024042A0136043A003E0400000100003F
:106F48000000000079CAFE7FB0AB0600FFFF010C0D
:106F58004604000058046C007204000061CAFE7FF9
:106F6800B0A92600FFFF01290804000010049601BB
:106F7800003C04C201005010C001006404A00100DC
:106F8800820104C001008A0104B801009C011C00B0
:106F98000000000029CAFE7FB0A81700FFFF0110FB
:106FA8002A04000038046800400458006404000003
:106FB80080030181B0B0AB700000000001CAFE7F01
:106FC800B0B0AA00FF101D01141A100000300452BE
:106FD8000138040000620466006A04000001000031
:106FE80000000000D9C9FE7F02D8B201B0AB3080E2
:106FF800FFFF01C603AC01040000B801048A2400A5
:10700800C20104C80100F00104F6010080020486F0
:1070180002009002049024009A0204A00200BE021A
:1070280004C40200EC0204F20200BC0304C2030020
:10703800D80304DE0300E80304EE0300B80404BE2A
:107048000400D40404DA0400E40404EA0400B005EB
:1070580004B60500CC0504D20500DC0504E20500F1
:10706800AA0604B00600C60604CC0600D60604DC50
:107078000600C80804CE0800E40804EA0800F4087A
:1070880004FA08009E0904A40900CE0904D40900E2
:10709800E00904E60900F20904F80900840A048AF0
:1070A8000A00940A049A0A00AC0A04B20A00E40A24
:1070B80004EA0A00FA0A04800B008A0B04900B0009
:1070C800D80B04DE0B00F40B04FA0B00840C048AC2
:1070D8000C00D20C04D80C00EE0C04F40C00800D4B
:1070E80004860D00EE0D04F40D00900E04960E00BB
:1070F800A40E04AA0E009A0F04A00F00A61004AC58
:107108001000BA1004C01000F41004FA1000A61100
:1071180004AC1100BA1104C01100CC1104D2110042
:10712800F01104F61100B41204BA1200D21204D8F5
:107138001200E61204EC1200EE1304F41300941487
:10714800049A1400AC1404B21400AA1504B0150073
:10715800D41504DA1500E81504EE1500F41604FA3F
:1071680016009A1704A01700B21704B81700C4191C
:1071780004CA1900EE1904F41900821A04881A00C6
:10718800FE1A04841B00A61B04BE2400B81B04BC02
:107198002400A01C04BA2400B21C04B81C00E01C83
:1071A80004B82400C41D049824008622040000B4F6
:1071B8002204E62400D822AC0200000001C8FE7FA9
:1071C80030801601B0B0B0ABFFFF01165A0486023A
:1071D80000900104960100AE01040000D20104D819
:1071E80001000000D9C7FE7FF0801401B0B0B0AB39
:1071F800FFFF0117BC0104FE0200EA0104F00100D0
:107208008802040000B00204B6020000B1C7FE7F85
:10721800B0B0AA00FFFF0108280236003C040000B5
:107228009DC7FE7FB0B0AA00FFFF01082802360004
:107238003C04000089C7FE7FB0B0AA00FFFF010828
:10724800280236003C04000075C7FE7FB0B0AA00D3
:10725800FFFF0108280236003C04000061C7FE7FDA
:10726800B0B0AA00FFFF0108280236003C04000065
:107278004DC7FE7FB0B0AA00FFFF01082802360004
:107288003C04000039C7FE7FB0AB2000FFFF011BA4
:107298000A040000DC0104860300820204EE0200F6
:1072A800A8020484030080030400000011C7FE7FC5
:1072B800B0AB0C00FFFF010C220400002A045800A8
:1072C8005E040000F9C6FE7FB0AB0C00FFFF010CA6
:1072D800220400002A0458005E040000E1C6FE7F74
:1072E800B13F3E01B0B0A801FFFF018D01080400C5
:1072F800002004EC12004010EA12005604FC1100B1
:107308006CF402E81200EE03049212008A04880169
:10731800E81200AC0504A01200B40522E812009E91
:107328000604B81200FE074CB61200D40804A812CE
:1073380000EA0804B61200B2097CE81200B80A0490
:10734800C01200CE0A04E81200980B04D01200B84C
:107358000B04C81200C00BC601E81200900D04D837
:107368001200A60DC004E81200EA1104E01200F6AB
:107378001104E812008E12040000000041C6FE7FCE
:10738800B0A90600FFFF010C1004000018022A0033
:107398003004000029C6FE7F30801601B0B0B0ABC3
:1073A800FFFF01165A04860200900104960100AE00
:1073B80001040000D20104D80100000001C6FE7FCC
:1073C80030801601B0B0B0ABFFFF01165A04880236
:1073D80000900104960100AE01040000D20104D817
:1073E80001000000D9C5FE7FB0B0AA00FFFF01462A
:1073F800240400002A04980100340400003A04A47C
:107408000100440400004A04B00100540400005A7A
:1074180004BC0100640400006A04C801007404008C
:10742800007A04D4010084010400008A0104E00108
:1074380000A0014C0000000085C5FE7FB0B0A80088
:10744800FFFF010C160400001C0430002418000083
:107458006DC5FE7FB0AA0900FFFF010E080E0000EF
:107468001804AC030046F0020000000051C5FE7F7E
:1074780030800601B0B0B0ABFFFF010B1AC201ECBF
:107488000100F2010400000035C5FE7FB0A8050028
:10749800FFFF010C0A04000010021C002204000077
:1074A8001DC5FE7FB0B0AA00FF1015010C0C041218
:1074B80001220426002A0400000100000000000048
:1074C800FDC4FE7FF0801001B0B0B0ABFFFF01310A
:1074D80046220000820104CA0200980104B6020094
:1074E800AE01040000BC0104C00200D2010E00007D
:1074F800E4010AEE02008E0204D60200BC02320049
:1075080000000000B9C4FE7F8005B201B0B0AB70C6
:10751800FFFF019E010E94010000A40104E40D0088
:10752800AC01040000B20104C80C00C00104000052
:10753800C60104D40C00D401040000DA0104E00CF4
:1075480000FE01160000CA0228E40D009A0304ECAC
:107558000C00CC0304FC0C00FE0304840D00B004F2
:10756800048C0D00E20404940D009405049C0D00A5
:10757800C60504A40D00FC0504AC0D00AE0604B459
:107588000D00E00604BC0D00960704C40D00C807F2
:1075980004CC0D00D40704E40D00E0089401E20DCA
:1075A80000F80904D40D00860AC002E20D00D00CD0
:1075B8002C00000009C4FE7F07C6B201B0AB3080C2
:1075C800FFFF01BB0884020A00009002048A7000D1
:1075D8009E0204D06E00A80204AE0200D60204DCAB
:1075E8000200E60204EC0200F60204D66E008003F4
:1075F80004860300A40304AA0300D20304D80300EA
:107608009E0404A40400BC0404C20400D00404D6EC
:107618000400C00504C60500E40504EA0500F805F1
:1076280004FE0500EC0604F20600B60804BC0800D7
:10763800CA0804D00800C00904C60900E60904EC19
:107648000900FA0904800A00800B04860B00A60BC7
:1076580004AC0B00BE0B04C40B00FC0B04820C0032
:10766800AE0C04B40C00C40C04CA0C00D80C04DE24
:107678000C00EE0C04F40C00800D04860D00A80D1F
:1076880004AE0D00F00D04F60D008C0E04920E00F1
:10769800A40E04AA0E00A40F04AA0F00CE0F04F82B
:1076A80010008611048C1100921204981200B8126E
:1076B80004BE1200D01204D61200CE1304D4130054
:1076C800F81304FE13008C14049214009815049EF9
:1076D8001500BE1504C41500D61504DC1500941653
:1076E800049A1600C61604CC1600DC1604E216002E
:1076F800EE1604F416009617049C1700DE1704E42F
:107708001700FA1704801800921804981800C61A6F
:1077180004CC1A00F01A04F61A00841B048A1B0011
:10772800841C048A1C00A81C04AE1C00BE1C04C4D3
:107738001C00BE1D04C41D00E61D04EC1D00FA1D3E
:1077480004801E00FA1E04801F00A01F04A61F004C
:10775800B61F04BC1F00AC2004B22000A02204887D
:107768006F00AE2204846F009E2304806F00AC2358
:1077780004B22300DC2304FE6E00CC2404DE6E0079
:10778800C628040000F22804B86F009629360000C5
:10779800E82B04D66F00942C049A2C00E82C04EEF5
:1077A8002C009C2D04A22D00FE2D04842E00B02E4A
:1077B80004B62E00DC2E04E22E00882F048E2F0043
:1077C800BE2F04C42F00F22F04F82F00A63004ACFB
:1077D8003000D83004DE30008E3104943100C231DC
:1077E80004C83100F83104FE3100AC3204B2320072
:1077F800C63504CC3500FA3504803600AE3604B4FC
:107808003600E03604E636009437049A3700CC3761
:1078180004D237008438048A3800B63804BC3800EB
:10782800EA3804F038009E3904A43900D43904DA5F
:1078380039008C3A04923A00C23A04DC6F00A43B47
:1078480004E46F00D43B04DA3B00B43E04BA3E00C3
:10785800EA3E04F03E00CC3F04D23F00804004865C
:107868004000B84004BE4000F04004F64000C0416B
:1078780004C641008C4204924200C44204CA420039
:10788800FC4204824300B04304B64300E64304ECE0
:1078980043009A4404A04400D04404D64400C2459E
:1078A80004F84700A84804AE4800DC4804E2480051
:1078B8008849048E4900C04904C64900F64904FCB9
:1078C8004900AE4A04B44A00E24A04E84A00944B2C
:1078D800049A4B00CC4B04D24B00864C048C4C00D1
:1078E800C04C04EA6F009C4D04F26F00C84D04CEF2
:1078F8004D009E4E04A44E00F44E04FA4E00AA4FCA
:1079080004B04F008A5204905200BE5204C4520080
:10791800F05204F65200A45304AA5300D85304DECC
:1079280053008C5404925400C25404C85400F654B2
:1079380004FC5400AC5504B255009456049A560001
:10794800CA5604D05600825704885700B65704BC5C
:107958005700E85704EE57009E5804A45800D4581E
:1079680004DA58008C5904925900825C04885C003F
:10797800B85C04BE5C00F05C04F65C00A85D04AE74
:107988005D00C85E04FC6F00FE5E04845F00D25F89
:1079980004D85F008A6004906000EA6004F0600028
:1079A8009E6104A46100D06104D661008462048AE7
:1079B8006200B66204BC6200E86204EE6200BA6566
:1079C80004C06500EC6504F26500DA6604E0660050
:1079D8008E6704946700C06704C66700F46704FAFA
:1079E8006700A66804AC6800D86804DE68008C6983
:1079F80004926900BE6904827000DA6EBC0100005E
:107A0800BDBFFE7F10800301B0B0B0ABFFFF010C1B
:107A18002A040000422466006C04000080050181ED
:107A2800B0B0AB100000000095BFFE7F30800601AB
:107A3800B0B0B0ABFFFF010C3C040000481E6C0066
:107A48007204000080010181B0B0AB10000000009A
:107A58006DBFFE7FB0B0AA00FFFF010061BFFE7FCF
:107A6800F0801401B0B0B0ABFF1015010B269608DA
:107A78000000FE0804820901010000000000000067
:107A88003DBFFE7FB0B0A800FF100D01040206083C
:107A9800010100000000000025BFFE7FB0AA010020
:107AA800FF10290118323400007204AA01037C2E49
:107AB8000000C60118EE0100E8010E0000020001F6
:107AC8007D0000000000000040B6FFFFF1BEFE7F11
:107AD800B0B0AA00FFFF01080E041C00180E000039
:107AE800DDBEFE7FB0B0AA00FFFF01080E041C0037
:107AF800180E0000C9BEFE7FAB029701B0B0B003FC
:107B0800FFFF010C34040000420450004C0E00003A
:107B180080010181B0B0AB1000000000800101813C
:107B2800B0B0ABB00000000095BEFE7FB0B0A800BA
:107B3800FFFF010080020181B0B0AB3000000000FF
:107B480080040181B0B0ABF00000000071BEFE7F80
:107B5800F0800401B0B0B0ABFF101D011332044037
:107B6800013C045601840146D00100D801040000FC
:107B7800010000000000000030800181B0AB08B1B6
:107B88000000000039BEFE7F10800101B0B0B0AB2C
:107B9800FFFF010828466E007404000072B20181DC
:107BA800B0AB308000000000800A0181B0B0ABF0BB
:107BB800000000003F020181B0AB308000000000EF
:0C7BC80080040181B0B0ABF000000000B0
:107BD4001087FC7F010000006C87FC7FB0AB048041
:107BE400BC87FC7FB0A803800888FC7FB0A8018014
:107BF4002088FC7FB0B0A8803488FC7F010000009E
:107C04004A88FC7FB0B0A8804C88FC7F010000004B
:107C14007688FC7F30D9FF7F8288FC7F01000000DA
:107C24000289FC7FB0AA01803889FC7FB0B0AA80A9
:107C34006089FC7FB0AA01809C89FC7F0100000060
:107C4400128AFC7F0CD9FF7F308AFC7FB0B0A880F9
:107C5400368AFC7F01000000148BFC7FB0B0A88042
:107C6400388BFC7F00D9FF7F6A8BFC7F010000000A
:107C7400828BFC7F10D9FF7FBC8BFC7FAB08B1806B
:107C84000C8CFC7F20D9FF7F388CFC7F0100000026
:107C9400A08CFC7FB0B0A880C08CFC7F1CD9FF7F77
:107CA4005A8DFC7FB0B0A8808C8DFC7F0100000051
:107CB400988DFC7FB0B0A880B88DFC7FB0A90280FD
:107CC400CE8DFC7F1CD9FF7F1A8EFC7F0100000043
:107CD4004A8FFC7F20D9FF7FC68FFC7F24D9FF7F8A
:107CE400E28FFC7F3CD9FF7F3C90FC7FB0B0A88042
:107CF4006090FC7FB0B0AA807A90FC7F30D9FF7F7F
:107D0400B290FC7F3CD9FF7FCE90FC7F4CD9FF7FA3
:107D14000091FC7F68D9FF7FB491FC7F80D9FF7FFD
:107D2400F091FC7FB0AA07802692FC7F88D9FF7F60
:107D34006092FC7FB0B0A8806092FC7F98D9FF7FEE
:107D4400A292FC7FA8D9FF7FD892FC7FB8D9FF7F8D
:107D54001493FC7FC8D9FF7FE8A5FC7F01000000D5
:107D64001CA6FC7FB0B0AA8040A6FC7FB0B0A8805F
:107D740070A6FC7F0100000086A6FC7F78DBFF7FF5
:107D840010A7FC7F7CDBFF7FE4B9FC7F01000000CF
:107D9400ECB9FC7F44DDFF7FC0CCFC7F0100000018
:107DA400F0CCFC7FB0B0A880FCCCFC7F01000000CC
:107DB4000ACDFC7FB0B0A8802ACDFC7FB0B0AA80E9
:107DC40040CDFC7F0100000056CDFC7FB0B0AA80FE
:107DD40078CDFC7FDCDEFF7FE4CDFC7FF0DEFF7F2F
:107DE400A4D0FC7F01000000B4D0FC7FAB08B180BC
:107DF400F0D0FC7FE4DEFF7F14D1FC7FF0DEFF7F58
:107E04004CF0FC7F010000007CF0FC7FB0B0A88047
:107E140088F0FC7F60E1FF7FF4F0FC7F74E1FF7F7A
:107E240060F3FC7F78E1FF7F7C12FD7F010000009E
:107E3400AC12FD7FB0B0A880B812FD7FE0E3FF7FF5
:107E44002413FD7FF4E3FF7FF015FD7FF8E3FF7F4C
:107E5400FC33FD7F010000008834FD7FB0B0A880B2
:107E64009434FD7F01000000C834FD7F4CE6FF7FA1
:107E74003435FD7F60E6FF7F1038FD7F90E6FF7F9D
:107E84003454FD7F010000006454FD7FB0B0A8802D
:107E94007054FD7FC8E8FF7F4056FD7F14E9FF7FE3
:107EA4003069FD7F01000000506DFD7FDCEAFF7F3B
:107EB4007E6DFD7F00840280886DFD7F01000000DF
:107EC400906DFD7FD0EAFF7F306EFD7FB0B0A8805B
:107ED400746EFD7FE0EAFF7F3C6FFD7FE4EAFF7F85
:107EE4005872FD7F84EBFF7F4885FD7F0100000011
:107EF4009088FD7F4CEDFF7FC288FD7F50EDFF7FB2
:107F0400DC88FD7FB0AB02803889FD7F58EDFF7FB0
:107F1400C489FD7F6CEDFF7F408AFD7F78EDFF7F94
:107F2400408CFD7FA8EDFF7F888CFD7FB0B0A880DA
:107F3400888CFD7F01000000A88CFD7FB0B0A88074
:107F4400C08CFD7FB0AB0480428DFD7FB0AB02805E
:107F54007C8DFD7FB0B0A880C08DFD7F90EDFF7F4C
:107F64004C8EFD7FA4EDFF7FC88EFD7FB0EDFF7FBB
:107F7400108FFD7FB0B0A880188FFD7F0100000036
:107F8400928FFD7FB8EDFF7FAE8FFD7F0100000073
:107F9400AC8FFD7FB0AB14802090FD7FB0AA03802E
:107FA4009090FD7FB0B0A880B090FD7F01000000EC
:107FB400CC90FD7FA0EDFF7F5891FD7FB0B0A880ED
:107FC4007A91FD7F9CEDFF7FB891FD7FACEDFF7F43
:107FD4004492FD7F010000006C97FD7FB8EDFF7FA8
:107FE400AC98FD7FB0AB0680F898FD7FB4EDFF7FC1
:107FF4002C99FD7F01000000F899FD7FB8EDFF7F0B
:10800400289AFD7FB0B0A880669AFD7FBCEDFF7F03
:10801400829AFD7FCCEDFF7FBC9AFD7FD8EDFF7F78
:108024007C9BFD7FB0A80180969BFD7FF8EDFF7FD0
:10803400B89BFD7F08EEFF7FE49CFD7F01000000FC
:10804400149DFD7FB0A803802C9DFD7F01000000DE
:10805400249EFD7F20EEFF7F709EFD7FB0B0AA803E
:10806400869EFD7F1CEEFF7FA49EFD7F2CEEFF7F8E
:10807400CC9EFD7F3CEEFF7F00A1FD7F0100000050
:1080840010A1FD7FB0B0AA8032A1FD7F98EEFF7FE2
:1080940074A1FD7FB4EEFF7FECA1FD7FB0B0A8809A
:1080A40028A2FD7FBCEEFF7FF4A2FD7FECEEFF7FF4
:1080B40060A3FD7F0100000072A3FD7FF8EEFF7F47
:1080C40044A4FD7FB0B0AA805CA4FD7FF4EEFF7FE2
:1080D400CCA4FD7FB0B0A88078A5FD7F0CEFFF7F16
:1080E4004CB8FD7F010000001CB9FD7FB0B0AA8030
:1080F4004CB9FD7F01000000F8B9FD7FC4F0FF7F9B
:10810400FCBAFD7FE4F0FF7F7CBCFD7FB0AB088050
:10811400DEBCFD7F0100000014BDFD7FB0A80B8014
:10812400C8BDFD7F0100000048BFFD7FB0B0A8803E
:10813400E4BFFD7F01000000F8BFFD7FB0A803800D
:1081440012C0FD7FB0B0A8802EC0FD7F00840280E5
:1081540044C0FD7FB0B0A8804EC0FD7F0084028083
:1081640060C0FD7FB0AA018098C0FD7FA4F0FF7FAE
:10817400D0C0FD7FB0F0FF7F08C1FD7FBCF0FF7F62
:1081840040C1FD7FC8F0FF7F78C1FD7FD4F0FF7F41
:10819400B0C1FD7FE0F0FF7FE8C1FD7F010000007A
:1081A40028C3FD7FB0AA038080C3FD7FDCF0FF7F7E
:1081B4000CC5FD7FB0AA0D806CC5FD7FF4F0FF7F78
:1081C400C6C5FD7F04F1FF7F20C6FD7F14F1FF7F4C
:1081D400F4CFFD7FB0B0AA8078D0FD7F010000000D
:1081E4008CD0FD7FB0A80380A4D0FD7F01000000E7
:1081F400B8D0FD7FB0A80380D0D0FD7F010000007F
:10820400E4D0FD7FB0A80380FCD0FD7F0100000016
:1082140010D1FD7FB0A8038028D1FD7F01000000AC
:108224003CD1FD7FB0A8038054D1FD7F0100000044
:1082340068D1FD7FB0A8038080D1FD7FB0B0AA8053
:108244003CD2FD7FB0B0A88060D2FD7F0100000069
:1082540090D4FD7FB0A90280B4D4FD7FB0B0A880D3
:10826400CCD4FD7F01000000D0D4FD7FB0B0AA8043
:1082740008D5FD7F0100000018D5FD7F04F1FF7FC4
:108284004CD5FD7FB0B0A88080D5FD7F01000000F3
:10829400DCD5FD7FB0B0A880B0D6FD7FFCF0FF7FB9
:1082A400B4D7FD7FB0AA058074D8FD7F14F1FF7F99
:1082B40080D9FD7FB0A80380E0D9FD7FB0B0A8804D
:1082C40058DAFD7F01000000B0DAFD7F1CF1FF7F6A
:1082D4009CDBFD7F68F1FF7FD8DBFD7FB0B0A88019
:1082E400F8DBFD7FB0A803808CDCFD7FB0A80180A3
:1082F400A8DCFD7FB0B0A880E0DCFD7FB00D8480F9
:108304002CDDFD7F50F1FF7F00DFFD7FB0B0AA8040
:1083140014DFFD7F5CF1FF7F10E0FD7F01000000B2
:108324009CE3FD7F68F1FF7FBAE3FD7FB0B0A880D6
:10833400C0E3FD7F0100000060E5FD7F68F1FF7F81
:10834400A4E5FD7F0100000040E7FD7FB0B0A880F8
:1083540060E7FD7FB0A9028090E7FD7FB0A90480AB
:1083640008E8FD7FB0B0A8802CE8FD7FB0A80180AC
:1083740044E8FD7FB0A90480BCE8FD7F48F1FF7F9D
:1083840044EAFD7FB0A90680A4EAFD7F7CF1FF7F6B
:108394009CF1FD7F24F2FF7FB829FE7F01000000DD
:1083A40064A5FE7FB0A90280E0A5FE7F0100000065
:1083B40026A6FE7FB0AA01803EA6FE7FB0AB028057
:1083C4006CA6FE7F0100000036A7FE7FB0B0A88037
:1083D4003AA7FE7FB0A9048078A8FE7F00840280BB
:1083E40080A8FE7FB0A80180B8A8FE7FB0B0A880A6
:1083F400BCA8FE7F01000000ACA9FE7FAB08B180E1
:10840400DCA9FE7F00F6FF7F58AAFE7F0100000072
:1084140050ABFE7F0CF6FF7F08ACFE7F10F6FF7FAB
:1084240090ACFE7F0100000068AEFE7FB0A904801E
:1084340094AEFE7F010000002CAFFE7FAB08B1803C
:1084440048AFFE7F0100000088B0FE7FFCF5FF7F8F
:108454003CB1FE7F0100000004B2FE7FB0B0A880F2
:108464001CB2FE7FF0F5FF7F88B2FE7FB0B0A8801B
:1084740010B3FE7F0100000070B3FE7FAB708080FC
:108484006CB4FE7FB0B0A880A4B4FE7FAB08B1800A
:1084940030B5FE7FCCF5FF7FB4B9FE7FE8F5FF7FF2
:1084A400BCB9FE7F01000000C4B9FE7FB0B0A88053
:1084B400D4B9FE7F01000000E4B9FE7FB0B0A8800B
:1084C40010BAFE7F0100000054BAFE7FB0B0AA804B
:1084D40080BAFE7FB0B0A880E8BAFE7F0100000039
:1084E4009CBBFE7FB0B0A880DCBBFE7F0100000017
:1084F40008BCFE7FAB08B18040BCFE7F01000000D9
:1085040068BCFE7FB0AB028098BCFE7FB0AB048039
:1085140018BDFE7FAB08B18034BDFE7F01000000B2
:1085240098BDFE7F78F5FF7FA4BEFE7F01000000AA
:1085340084C0FE7FB0B0A880BCC0FE7F94F5FF7FEE
:10854400E4C0FE7FA0F5FF7F0CC1FE7FACF5FF7F8A
:108554006CC1FE7F010000009CC1FE7FB0B0A8800A
:10856400B4C1FE7F010000002CC3FE7FAB1C9780CA
:1085740074C3FE7F01000000E4C3FE7FAB10808063
:1085840084C4FE7FB0B0A880B8C4FE7F01000000A0
:10859400C4C4FE7FB0A9028004C5FE7F01000000B0
:1085A40014C5FE7F70F5FF7F7CC5FE7F74F5FF7FE9
:1085B40028C6FE7F0100000018C7FE7FB0AA018014
:1085C4006CC7FE7FB0B0A8807CC7FE7FB0AB0280D2
:1085D400B8C7FE7F58F5FF7FC0C7FE7F5CF5FF7FFD
:1085E4006CC8FE7F0084028078C8FE7F58F5FF7F48
:1085F40014CAFE7FB0A902802CCAFE7F02840180C7
:108604005CCAFE7FB0AA0180A8CAFE7FB0B0A88071
:10861400C0CAFE7FB0B0AA80E8CAFE7F0100000095
:108624008CCBFE7FB0AA0180D0CBFE7FB0B0A880F7
:10863400E4CBFE7FB0B0AA8018CCFE7F010000001E
:108644009034FF7F0CF5FF7F7035FF7F0100000041
:10865400C435FF7FB0B0A880CC35FF7F0100000097
:10866400F435FF7F18F5FF7FF036FF7F010000002F
:108674007838FF7F14F5FF7FF838FF7FB0B0A8800B
:108684007439FF7F010000001C7FFC0FB0A9028039
:10869400A07FFC0FB0B0A880F07FFC0F01000000A9
:1086A400F87FFC0FB0B0AA802C80FC0FF4F4FF7F9D
:1086B400EC80FC0FAA3F37803481FC0FB0B0A88057
:1086C4004081FC0FB0B0AA808081FC0FB0B0A880BC
:1086D4009481FC0F010000009081FC0FB0B0A880D1
:1086E4009881FC0F010000002882FC0FAA0DB280C3
:1086F4008C82FC0FB8F4FF7F6085FC0FB0B0A880BB
:108704007C85FC0FB4F4FF7F2088FC0F010000007F
:108714009089FC0F00840480A089FC0FB0B0A8806D
:10872400A089FC0FA0F4FF7F648CFC0F00840480FC
:10873400848CFC0FB0B0A8809C8CFC0F010000005E
:108744006C24031078240310842403109024031051
:108754009C24031090020010A82403109C02001013
:0C876400A8020010B40200103026031020
:1087700010B5D0231B0600241C570268EFF31081AC
:1087800072B61368002BFCD0BFF35F8F0423C3566F
:10879000002B08DB0368BFF35F8F00221A6081F3B0
:1087A000108820BFE9E704710368BFF35F8F0022E0
:1087B0001A6081F3108810BD03000068EFF3108C7D
:1087C00072B60268002AFCD0BFF35F8F04229A566B
:1087D000002A0BDB002910D00A6000201B68BFF3C1
:1087E0005F8F00221A608CF310887047D022120627
:1087F000127852B21A710120F0E70020EEE7000073
:10880000F8B5CE46474680B5040017009846036881
:10881000002B20D0D0231B061B785BB2994626681C
:10882000EFF3108C72B63568002DFCD0BFF35F8F6C
:1088300004256557002D14DB2368BFF35F8F0022EA
:108840001A608CF310883800414601F04DF9002879
:10885000E5D000200FE00A4B0A4A0B487A2101F0CC
:108860001BF94B4623712368BFF35F8F00221A6008
:108870008CF310880120C0BCB946B046F8BDC04694
:10888000B01C0310081D0310541C031010B582B057
:108890000400684601F010F9009A019B2000FFF7E0
:1088A000AFFF02B010BD000010B50268EFF31081F9
:1088B00072B61368002BFCD0BFF35F8F0423C3563E
:1088C000002B0ADBFF2303710368BFF35F8F0022D5
:1088D0001A6081F3108840BF10BD034B034A04485F
:1088E000A92101F0D9F8C046C41C0310FC1C0310D8
:1088F000541C0310094B1B78002B08D00CE09A0085
:1089000080214905511808680549505001333F2B13
:10891000F5DD024B01221A707047C046F93B00207A
:10892000BC33002010B5014B984710BDBD3300206B
:1089300000280AD003231B02054A12685340C022B4
:1089400092001340034A136070470223F3E7C046C6
:108950000C8001400C900140F0B5D6464F4646468B
:10896000C0B504000D000A1880231B049A4232D8B7
:1089700018273B88142630881D49984781463B8834
:1089800030881C49984780463B8830881A49984768
:1089900082463B8830881949984706004B46002B91
:1089A0001FD04346002B1CD05346002B19D0002863
:1089B00017D0FFF79FFFC847C0478022D823520235
:1089C00029002000D047B047FFF7ACFFE0BCBA4613
:1089D000B146A846F0BD0A4B0A4A0B48412101F0B6
:1089E0005BF80A4B074A0848492101F055F8C04690
:1089F000494600004558000052450000464300002B
:108A0000F82B0310982D0310242C0310882C03102E
:108A1000F8B5DE4657464E464546E0B504008B465F
:108A20001500121880231B049A4231D818273B885E
:108A3000142630881C49984781463B8830881B495A
:108A4000984780463B8830881949984782463B883A
:108A500030881849984706004B46002B1ED04346E5
:108A6000002B1BD05346002B18D0002816D0FFF740
:108A700041FFC847C0472A0059462000D047B047A9
:108A8000FFF750FFF0BCBB46B246A946A046F8BD72
:108A9000094B0A4A0A48582100F0FEFF094B074AD1
:108AA0000748602100F0F8FF4946000045580000E3
:108AB0005250000046430000F82B0310842D031091
:108AC000242C0310DC2C0310F0B5D6464F46464646
:108AD000C0B507000E00150018239A461B88142203
:108AE0009046108828499847814653461B8842463D
:108AF000108826499847040053461B884246108830
:108B00002349984780464B46002B0CD0002C0AD0B6
:108B1000002808D0FFF7EEFEC847A0470020FFF767
:108B200007FF2A000FE01B4B1B4A1C48802100F066
:108B3000B3FF002B07D0002A05D0C0235B051B6EB6
:108B40003370013A01362B00134312D0C0235B056A
:108B50009C6A08232340A407EBD5002DE9D0511BC4
:108B60000D29E6D83878C02149050866013D01374E
:108B7000DFE70120FFF7DCFEC047FFF7D3FEE0BCD4
:108B8000BA46B146A846F0BD494600004558000027
:108B900046430000342D0310742D0310242C0310C1
:108BA0007047C04603685A0004D58022120613435A
:108BB000C01870475B005B08FAE7C046F8B54E4640
:108BC0004546DE46574680469146E0B500292AD004
:108BD0004B1E9B469A4600275346FB18DC0FE418B1
:108BE00043466410E5005E193000FFF7DBFFA34544
:108BF00010D0484509D8083528004044FFF7D2FF77
:108C00000138484508D2671CE6E7A7420BD0631E2F
:108C10009A46E1E74845F8D83000F0BCBB46B2467A
:108C2000A946A046F8BD0026F6E7C0460300012885
:108C300005D0022807D00020002B02D0704703483F
:108C4000FCE70348FAE70348F8E7C046690C002050
:108C50005D0C0020750C002030B51F4B050083B063
:108C60008C1E002B24D0200001A900E000BF0028AA
:108C70002CD001992200FFF7A1FF041E26D0FFF798
:108C800091FF6368A864012B23D00122201D002BD3
:108C900002DBFFF787FF00222A650368E864002BE8
:108CA0000CDBFFF77FFF030000202B6103B030BD1A
:108CB0000A4B0B481B1AD9100191DBE71801000F72
:108CC000FFF7B4FF03000020002BEED100230920A2
:108CD000EBE700230520E8E70000000044870310CD
:108CE000D47B0310036810B50400DA0705D44830BC
:108CF0009B0709D500F08CFC23685A0709D51A0791
:108D00000ED5DB0614D510BD00F07EFC23685A0793
:108D1000F5D42000D03000F07FFC23681A07F0D48F
:108D200020005130FF3000F07BFC2368DB06EAD4E2
:108D30002000D130FF3000F077FCE4E7030000684A
:108D4000002800D0C01870477047C04670B50400B6
:108D50000D002000296CFFF77FFF002811D12B6C3C
:108D60002A00636121000120236998470828F0D078
:108D7000072806D10020296CFFF7E6FF281D00F028
:108D80002DFC00F0A1FEC046F0B54746CE4680B5AA
:108D90002E4C8369A544C7680400150004314022A5
:108DA00003A8984600F098FE0023029323E0F022E7
:108DB000129B5200636102A97AA800F08DFE210087
:108DC000300023697AAA9847889B0600139343468C
:108DD000019302AB00932200230029000120B84731
:108DE000002829D1F0227AA9520002A800F074FECE
:108DF0000025082E1ED120001299FFF72DFF0935FE
:108E00008146EEB20028D2D0109B10211393434626
:108E1000019302AB00932200230001203143B847A5
:108E2000002809D14846F3239B009D44C0BCB946A5
:108E3000B046F0BD072E02D009239946F2E728007C
:108E40001299FFF781FF03A800F0C8FB34FCFFFF75
:108E500070B5CB6BF8B00B6405000E0040220431F6
:108E600001A800F039FE01235B42009306E06A4648
:108E700029002B6998470400082808D12800109978
:108E8000FFF7EAFE0028F2D0092078B070BD6846EE
:108E9000FFF728FF062CF7D131002800FFF756FF17
:108EA00010B58261DA6BC1601A6419000022FFF705
:108EB0006BFF10BD436970B50B64C36804000D00FF
:108EC000002B13D10A0003690100022098470728EC
:108ED00005D008280FD129002000FFF737FF002018
:108EE000296CFFF731FF281D00F078FB0122FFF706
:108EF0004BFF00F0E9FD00F0E7FDC046C36810B588
:108F0000002B05D0CB6B00220B64FFF73DFF10BD9B
:108F1000FFF79EFFFBE7C0467047C046836801002D
:108F200010B5002B01D00120984710BD012913D0A6
:108F30000AD8002B12D10F2A10D89200801843684B
:108F4000009A0020136006E001200339C9B288426C
:108F500080414042013070470120FCE70220FAE7DF
:108F600000B585B003AB0A00009300210023FFF792
:108F7000DDFF039805B000BD012913D00AD8002BEE
:108F800012D10F2A10D8009B92001B6880184360F2
:108F9000002006E001200339C9B2884280414042E6
:108FA000013070470120FCE70220FAE700B585B0E8
:108FB00003AB039200930A0000230021FFF7DCFFBC
:108FC00005B000BD70B5194CD36BA5441364050002
:108FD0000C0017A8111D402200F07EFD01235B420A
:108FE000169313E00C2116A86A46FFF7DFFF210055
:108FF00016A8A84700280FD16946049B16AA083076
:1090000098470600052808D0092805D06846269903
:10901000FFF722FE0028E5D0092616A8FFF762FE1A
:1090200030008E239B009D4470BDC046C8FDFFFFED
:10903000F0B54E464546DE465746E0B50D000321E5
:10904000EC6C160004CC8BB0944601400894002BC5
:1090500000D17FE0170C06AA5773624612040792EC
:10906000FF223A409200A418022206AF3A73022966
:1090700000D1AC6B2A6DD2070FD5300007A900F0E4
:1090800079FB002801D1082000E009200BB0F0BCDA
:10909000BB46B246A946A046F0BD22689346002AC8
:1090A000EBD00822024003920022049202320127F0
:1090B0009046AA46B14602910193019B022B46D0ED
:1090C000238865889B46043453462E009B6C0F21F1
:1090D0004846BE43F618FFF743FF0023864205D8F3
:1090E0005B46BB439B1998429B415B4242466D00E5
:1090F00015405A463A401543012D31D0022D4ED02D
:10910000002DC2D1029A002A02D0002B00D0BDE06F
:10911000043423689B46002BCFD14E4607A930006C
:1091200000F028FB0028B0D1049B002BABD00F210E
:109130003000FFF715FF0E2102003000FFF736FF69
:1091400030000F21704AFFF731FF07209EE7656866
:109150000834B9E71202079206AA5373032284E780
:10916000029A002A4ED1002B17D025686368ED0FB4
:109170009A1C00D189E7524658320692013300D139
:10918000B1E0201DFFF7DAFD2A00010006AB5046D2
:1091900000F08AFC002800D08DE00834B9E725688B
:1091A0006A0052089346029A002A0FD1002B05D07C
:1091B000039B002B43D05B46002B40D0002D00DAF0
:1091C00004345B4601339B00E418A2E753460D21AB
:1091D00048461E6AFFF7C4FE8642EFD153469B6A9B
:1091E0009C42EBD153465A469A6252460023D362C0
:1091F00004331363231D53632368002B7DDB01239A
:109200000493DEE753460D2148461D6AFFF7A8FE8A
:109210008542C2D153469B6A9C42BED155464E46BA
:109220002000FFF7BFFC0F2102003000FFF7BEFE59
:1092300030002A000021FFF7B9FE072026E7582357
:10924000534405935B46251DA34600261C000EE0F3
:10925000059B28000693FFF771FD0022010006AB75
:10926000504600F021FC01360435002836D1A642D4
:10927000EED14E460D213000FFF772FE55465C469A
:10928000069B28626B620620AC62FFE62000FFF7B7
:1092900089FC554604340700AC6328004E4600F0B4
:1092A0002BFC002800D1F0E630003A000F21FFF738
:1092B0007DFE0720EAE64E4681460D213000FFF78D
:1092C0004FFE55464B46069F2862022B02D1EF62A5
:1092D0002F002C3706206F62AC62D7E623005C4675
:1092E0009B4625686AE74E460D213000554692465A
:1092F000FFF736FE57462862ECE7584601308000FB
:1093000055464E4620188CE7D5BA021010B50023FA
:10931000FFF78EFE10BDC04610B50123FFF788FE93
:1093200010BDC04610B50223FFF782FE10BDC04637
:10933000F0B5CE46474680B5060014001D00C3B008
:10934000032900D1B3E000D979E0002900D198E0E9
:10935000012900D0D5E0130C14049846240C012DEB
:1093600000D1C8E0052D00D0CBE0A146C1444B465A
:10937000202B00D9C5E043460F2B00D9C3E04B4654
:10938000102B00D8FEE00368194208D00122934355
:10939000013213430360483000F03CF93368042283
:1093A0001A4205D0300093433360D03000F036F9D4
:1093B00020AF380000F02EF9684600F02FF9434640
:1093C0001021C91A10235B424B449C464346490076
:1093D000DC00B06B3C19013900220131890083584F
:1093E000A35004328A42FAD163468018002B00D180
:1093F000DFE044466F465B00102C00D21024103C86
:10940000E4003C19013B002201339B008158A1502C
:1094100004329A42FAD18018012D00D1ABE04346C4
:10942000B0630F2B02D820A800F0F2F8380000F04B
:10943000F3F8002043B0C0BCB946B046F0BD0429E3
:109440005FD1002B5DD1102A5BD8102203681A422D
:1094500000D082E020AF380000F0E8F801253900A4
:109460000023B26B28009840044201D001CA086072
:1094700001330431042BF5D13800B26300F0D4F885
:10948000D7E7002B3DD1002301271004B26B000C5D
:10949000311D3D009D40284201D020CA0D6001339E
:1094A0000431102BF5D1A404C3D4B263C1E7032B5C
:1094B00027D11404150C240C2B19102B21D80822A9
:1094C00003681A4250D120AF380000F0ABF8ED002D
:1094D000B36B002C0AD0ED1AE400043D1C197D1971
:1094E0001900096804335951A342F9D13800B36314
:1094F00000F096F89DE71B19102B02D84346102B5D
:1095000012D1022096E7002C93D003685A0758D452
:109510006F46380000F082F8B06B63004446103CA0
:10952000E4003C19013B6EE703682B4206D003229E
:10953000300093433360483000F068F820AF3800C3
:1095400000F064F8B06B002C16D043466100DC00DC
:1095500000233C199C4601393EE793430360D13018
:10956000FF3000F063F875E7934303605130FF303C
:1095700000F058F8A7E720AF0430B063380000F0DF
:1095800043F856E70368194208D00122300093439C
:10959000013213433360483000F03CF820AF38000C
:1095A00000F038F8B06B002CCFD1380000F030F864
:1095B0003FE7012DE0D04346B0630F2B00D938E7D9
:1095C000F3E704226F4693430360D03000F026F89F
:1095D000380000F023F8B06B9FE7C046010034313B
:1095E00038C9043B9C461D60A646010020313CC999
:1095F00090469946A246AB4601000831FCC9416835
:109600000068E54600BDC0467047C0467047C0468A
:109610007047C0467047C0467047C0467047C04656
:109620007047C0467047C0467047C0467047C04646
:1096300001B401A801B585B0FFB408A841464A4667
:1096400053465C4665463EC001A83EC80F98009050
:1096500000230CB401A9FFF7FBFB109B12B01847C5
:1096600001B401A801B585B0FFB408A841464A4637
:1096700053465C4665463EC001A83EC80F98009020
:1096800000230CB401A9FFF715FC109B12B018477A
:1096900001B401A801B585B0FFB408A841464A4607
:1096A00053465C4665463EC001A83EC80F980090F0
:1096B00000230CB401A9FFF721FC109B12B018473E
:1096C00001B401A801B585B0FFB408A841464A46D7
:1096D00053465C4665463EC001A83EC80F980090C0
:1096E00000230CB401ABFFF7DBFB109B12B0184753
:1096F00001B401A801B585B0FFB408A841464A46A7
:1097000053465C4665463EC001A83EC80F9800908F
:1097100000230CB401AAFFF755FC109B12B01847A8
:10972000027A0300002A0BD1427A002A0FD0013AB4
:1097300042724268111D416003211268017202E009
:10974000013A02720268100E12021A607047B020CD
:10975000FCE7C04600B585B003AB00930C220023A4
:109760000021FFF7E3FB039805B000BD10B5FFF73C
:10977000F1FF10BDF0B50023454657464E46DE4684
:109780009846E0B505000E000F2785B03000FFF7C2
:10979000C7FF0400B02800D1C1E0030628D50300AC
:1097A000BB43DBB2802B54D0902B3DD0A02B6ED08E
:1097B000B02B00D180E0C02B00D198E0072203003D
:1097C0009343DBB2D02B0BD18023024001321B0329
:1097D0001A43012105232800FFF7AAFD0028D5D050
:1097E000092005B0F0BCBB46B246A946A046F0BD74
:1097F000FF23820013400433994603AB00939A463B
:109800000D22002300212800FFF790FB039B640634
:109810003AD44B4403935346009300230D22002176
:109820002800FFF7A9FBB1E7833B03400D2BD7D0FE
:109830000F2203AC02400023002128000094FFF710
:1098400075FB00230D22002128000094FFF794FBF4
:109850009CE704023000FFF763FF204380242402CA
:10986000A042BDD0030100059946020C002300214F
:109870002800FFF75DFD0028B2D14B46234200D1FE
:1098800084E70123984681E74A469B1AC2E7FF21F5
:1098900009010A00993B83431A410A40240702D573
:1098A0008023DB011A43002300212800FFF740FD3D
:1098B000002800D16AE793E7B12835D0B22800D15B
:1098C0008EE0B32839D0FC230340B42B00D187E7C6
:1098D000072380220340013312031A43012101238D
:1098E0002800FFF725FD002800D14FE778E7C628BC
:1098F0003ED0C72850D0F8230340C02B5ED0C828E4
:1099000062D0C92800D06BE73000FFF709FFF022D2
:109910000303120313400F220240013258E743466B
:10992000002B15D000205CE73000FFF7F9FE431E46
:10993000DBB202000E2BB6D952E73000FFF7F0FE83
:10994000F0220303120313400F2202400132C4E746
:1099500003AC0E22002128000094FFF7E7FA002351
:109960000F22002128000094FFF706FB002038E7B3
:109970003000FFF7D5FEF0220303120313400F223D
:10998000024001321A43032103232800FFF7D0FCD1
:10999000002800D1FAE623E73000FFF7C1FE431E9E
:1099A000DBB202000E2B00D91AE7002304212800A5
:1099B000FFF7BEFC002800D1E8E611E7A022B13B8A
:1099C000034001331203DDE73000FFF7A9FE0F2348
:1099D00002009A43D2B21032034012030133F7E679
:1099E00003AB0D22002100939A4628000023FFF7C5
:1099F0009DFA3000FFF794FE039C03061CD502235A
:109A000099467D339B465B4618404B46984007235A
:109A10009C46241830000394E144FFF781FE0306BE
:109A2000F1D44B46984081239B009C4653466444A6
:109A3000001903900093F0E602239946F1E7C0462F
:109A4000030000B5DA6C85B05368080008321902CB
:109A500001910292694603221B0E0A734B7301A9FE
:109A6000FFF788FE05B000BD10B5FFF77FFE806CE4
:109A700010BDC04610B5FFF779FEC06CC379023344
:109A80009B00C01810BDC04610B500F01DF810B501
:109A9000FFF7FAFF0000000001B40248844601BC51
:109AA000604700BF3DC7011001B40248844601BCB5
:109AB000604700BFD534021001B40248844601BC9F
:109AC000604700BF75C5011001B40248844601BC5F
:109AD000604700BF01C0021001B40248844601BCC7
:109AE000604700BF69F0011001B40248844601BC20
:109AF000604700BFE9BE011001B40248844601BCC2
:109B0000604700BF91350210000000000100000016
:109B10000A00000001000000FFFFFFFF0A00000034
:109B20001000000000000000000001000000000024
:109B30000000000000000200000000000000000023
:109B40000000030000000000000000000000FF0013
:109B50000000000000B5486801318E46004770469D
:109B600009380149884700BD5DB40110D4140020B4
:109B700000000000301B0020EC340020000000003A
:109B800000000000FC340020000000000000000085
:109B900010000000000000000000000000000000B5
:109BA000503300004C3300005433000052330000A7
:109BB0004D5300004D430000533400004334000077
:109BC00065F6011000000000D5F50110000000004E
:109BD000000100009029031094290310E4320020B2
:109BE00010000C000000E0FF1F000000000000005B
:109BF0000000000000000000000000000000000065
:109C0000008004400000000000400440000000000C
:109C1000613E0210BD420210FFFFFFFF0000020084
:109C200000000000000000007015002070150020EA
:109C30007815002078150020801500208015002060
:109C40008815002088150020901500209015002010
:109C50009815002098150020A0150020A0150020C0
:109C6000A8150020A8150020B0150020B015002070
:109C7000B8150020B8150020C0150020C015002020
:109C8000C8150020C8150020D0150020D0150020D0
:109C9000D8150020D8150020E0150020E015002080
:109CA000E8150020E8150020F0150020F015002030
:109CB000F8150020F81500200016002000160020DE
:109CC000081600200816002010160020101600208C
:109CD000181600201816002020160020201600203C
:109CE00028160020281600203016002030160020EC
:109CF000381600203816002040160020401600209C
:109D0000481600204816002050160020501600204B
:109D100058160020581600206016002060160020FB
:109D200068160020681600207016002070160020AB
:109D3000781600207816002080160020801600205B
:109D4000881600208816002090160020901600200B
:109D50009816002098160020A0160020A0160020BB
:109D6000A8160020A8160020B0160020B01600206B
:109D7000B8160020B8160020C0160020C01600201B
:109D8000C8160020C8160020D0160020D0160020CB
:109D9000D8160020D8160020E0160020E01600207B
:109DA000E8160020E8160020F0160020F01600202B
:109DB000F8160020F81600200017002000170020D9
:109DC0000817002008170020101700201017002087
:109DD0001817002018170020201700202017002037
:109DE00028170020281700203017002030170020E7
:109DF0003817002038170020401700204017002097
:109E00004817002048170020501700205017002046
:109E100058170020581700206017002060170020F6
:109E200068170020681700207017002070170020A6
:109E30007817002078170020801700208017002056
:109E40008817002088170020901700209017002006
:109E50009817002098170020A0170020A0170020B6
:109E6000A8170020A8170020B0170020B017002066
:109E7000B8170020B8170020C0170020C017002016
:109E8000C8170020C8170020D0170020D0170020C6
:109E9000D8170020D8170020E0170020E017002076
:109EA000E8170020E8170020F0170020F017002026
:109EB000F8170020F81700200018002000180020D4
:109EC0000818002008180020101800201018002082
:109ED0001818002018180020201800202018002032
:109EE00028180020281800203018002030180020E2
:109EF0003818002038180020401800204018002092
:109F00004818002048180020501800205018002041
:109F100058180020581800206018002060180020F1
:109F200068180020681800207018002070180020A1
:109F30007818002078180020801800208018002051
:109F40008818002088180020901800209018002001
:109F50009818002098180020A0180020A0180020B1
:109F6000A8180020A8180020B0180020B018002061
:109F7000B8180020B8180020C0180020C018002011
:109F8000C8180020C8180020D0180020D0180020C1
:109F9000D8180020D8180020E0180020E018002071
:109FA000E8180020E8180020F0180020F018002021
:109FB000F8180020F81800200019002000190020CF
:109FC000081900200819002010190020101900207D
:109FD000181900201819002020190020201900202D
:109FE00028190020281900203019002030190020DD
:109FF000381900203819002040190020401900208D
:10A00000481900204819002050190020501900203C
:10A0100058190020581900206019002060190020EC
:10A020006819002068190020801900200000000035
:10A0300000000000142E00207C2E0020E42E0020C2
:10A040000000000000000000000000000000000010
:10A050000000000000000000000000000000000000
:10A0600000000000000000000000000000000000F0
:10A0700000000000000000000000000000000000E0
:10A0800000000000000000000000000000000000D0
:10A0900000000000000000000000000000000000C0
:10A0A00000000000000000000000000000000000B0
:10A0B00000000000000000000000000000000000A0
:10A0C000000000000000000001000000000000008F
:10A0D0000E33CDAB34126DE6ECDE05000B00000054
:10A0E0000000000000000000000000000000000070
:10A0F0000000000000000000000000000000000060
:10A10000000000000000000000000000000000004F
:10A11000000000000000000000000000000000003F
:10A12000000000000000000000000000000000002F
:10A13000000000000000000000000000000000001F
:10A14000000000000000000000000000000000000F
:10A15000D42D00200000000003000000142E002079
:10A1600000000000000000004DF00110DDDE0110D5
:10A1700001E6011075EF0110DDD50210C5020010D7
:10A1800045230010713700105D4A0010516E001019
:10A19000A990001051B20010B9D20010D5E70010FC
:10A1A0003504011031390110A155011055AD0110D0
:10A1B000E51F0210952A0210F12C0210A52E0210A4
:10A1C000F53002104531021095310210E5310210D0
:10A1D0003532021085320210A1340210D13702103C
:04000005100001E9FD
:00000001FF
